<?xml version="1.0" encoding="UTF-8"?>
<TransXChange CreationDateTime="2010-10-28T09:11:07" ModificationDateTime="2010-10-28T09:11:07" Modification="new" FileName="G:\mentzdv\Datastore\output_txc_49696b.xml" RevisionNumber="0" SchemaVersion="2.1" xmlns:xsi="http://www.w3.org/2001/XMLSchema-instance" xsi:schemaLocation="http://www.transxchange.org.uk/ http://www.transxchange.org.uk/schema/2.1/TransXChange_general.xsd" xmlns="http://www.transxchange.org.uk/" xmlns:n1="http://www.transxchange.org.uk/" xmlns:n2="http://www.govtalk.gov.uk/people/AddressAndPersonalDetails" xmlns:n3="http://www.govtalk.gov.uk/core" xmlns:n4="http://www.govtalk.gov.uk/people/bs7666"><StopPoints><AnnotatedStopPointRef><StopPointRef>490013465E</StopPointRef><CommonName>Bourne Avenue / Carnavon Drive</CommonName><Indicator>stop E</Indicator><LocalityName>Hayes Town</LocalityName><LocalityQualifier>Greater London</LocalityQualifier></AnnotatedStopPointRef><AnnotatedStopPointRef><StopPointRef>490007206S</StopPointRef><CommonName>Glamis Crescent (UB3)</CommonName><Indicator>stop S</Indicator><LocalityName>Hayes Town</LocalityName><LocalityQualifier>Greater London</LocalityQualifier></AnnotatedStopPointRef><AnnotatedStopPointRef><StopPointRef>490011015S</StopPointRef><CommonName>Pinkwell Park</CommonName><Indicator>stop S</Indicator><LocalityName>Harlington</LocalityName><LocalityQualifier>Greater London</LocalityQualifier></AnnotatedStopPointRef><AnnotatedStopPointRef><StopPointRef>490011012E</StopPointRef><CommonName>Pinkwell Infant School</CommonName><Indicator>stop E</Indicator><LocalityName>Harlington</LocalityName><LocalityQualifier>Greater London</LocalityQualifier></AnnotatedStopPointRef><AnnotatedStopPointRef><StopPointRef>490011013E</StopPointRef><CommonName>Pinkwell Junior School</CommonName><Indicator>stop E</Indicator><LocalityName>Harlington</LocalityName><LocalityQualifier>Greater London</LocalityQualifier></AnnotatedStopPointRef><AnnotatedStopPointRef><StopPointRef>490011709N</StopPointRef><CommonName>Ross Close</CommonName><Indicator>stop N</Indicator><LocalityName>Harlington</LocalityName><LocalityQualifier>Greater London</LocalityQualifier></AnnotatedStopPointRef><AnnotatedStopPointRef><StopPointRef>490014153N</StopPointRef><CommonName>Waltham Avenue</CommonName><Indicator>stop N</Indicator><LocalityName>Hayes Town</LocalityName><LocalityQualifier>Greater London</LocalityQualifier></AnnotatedStopPointRef><AnnotatedStopPointRef><StopPointRef>490004200E</StopPointRef><CommonName>Guinness Close (UB3)</CommonName><Indicator>stop E</Indicator><LocalityName>Hayes Town</LocalityName><LocalityQualifier>Greater London</LocalityQualifier></AnnotatedStopPointRef><AnnotatedStopPointRef><StopPointRef>490011489S2</StopPointRef><CommonName>Pinkwell Lane (UB3)</CommonName><Indicator>stop S2</Indicator><LocalityName>Hayes Town</LocalityName><LocalityQualifier>Greater London</LocalityQualifier></AnnotatedStopPointRef><AnnotatedStopPointRef><StopPointRef>490005989E</StopPointRef><CommonName>Clement Gardens (UB3)</CommonName><Indicator>stop X</Indicator><LocalityName>Harlington</LocalityName><LocalityQualifier>Greater London</LocalityQualifier></AnnotatedStopPointRef><AnnotatedStopPointRef><StopPointRef>490011489N</StopPointRef><CommonName>Redmead Road (UB3)</CommonName><Indicator>stop U</Indicator><LocalityName>Hayes Town</LocalityName><LocalityQualifier>Greater London</LocalityQualifier></AnnotatedStopPointRef><AnnotatedStopPointRef><StopPointRef>490006702N</StopPointRef><CommonName>Fairey Corner (UB3)</CommonName><Indicator>stop K</Indicator><LocalityName>Hayes Town</LocalityName><LocalityQualifier>Greater London</LocalityQualifier></AnnotatedStopPointRef><AnnotatedStopPointRef><StopPointRef>490001144N</StopPointRef><CommonName>Hayes &amp; Harlington</CommonName><Indicator>stop L</Indicator><LocalityName>Hayes Town</LocalityName><LocalityQualifier>Greater London</LocalityQualifier></AnnotatedStopPointRef><AnnotatedStopPointRef><StopPointRef>490007942K</StopPointRef><CommonName>Clayton Road (UB3)</CommonName><Indicator>stop M</Indicator><LocalityName>Hayes Town</LocalityName><LocalityQualifier>Greater London</LocalityQualifier></AnnotatedStopPointRef><AnnotatedStopPointRef><StopPointRef>490010095C</StopPointRef><CommonName>Mount Road / Coldharbour Lane</CommonName><Indicator>stop Y</Indicator><LocalityName>Hayes Town</LocalityName><LocalityQualifier>Greater London</LocalityQualifier></AnnotatedStopPointRef><AnnotatedStopPointRef><StopPointRef>490006384N</StopPointRef><CommonName>East Way (UB3)</CommonName><Indicator>stop W</Indicator><LocalityName>Hayes Town</LocalityName><LocalityQualifier>Greater London</LocalityQualifier></AnnotatedStopPointRef><AnnotatedStopPointRef><StopPointRef>490003512N</StopPointRef><CommonName>Avondale Drive (UB3)</CommonName><Indicator>stop V</Indicator><LocalityName>Hayes Town</LocalityName><LocalityQualifier>Greater London</LocalityQualifier></AnnotatedStopPointRef><AnnotatedStopPointRef><StopPointRef>490011170N</StopPointRef><CommonName>Precinct Road</CommonName><Indicator>stop U</Indicator><LocalityName>Hayes Town</LocalityName><LocalityQualifier>Greater London</LocalityQualifier></AnnotatedStopPointRef><AnnotatedStopPointRef><StopPointRef>490008109T</StopPointRef><CommonName>Hesa Road (UB3)</CommonName><Indicator>stop T</Indicator><LocalityName>Wood End (London)</LocalityName><LocalityQualifier>Greater London</LocalityQualifier></AnnotatedStopPointRef><AnnotatedStopPointRef><StopPointRef>490004920O</StopPointRef><CommonName>Central Avenue (UB3)</CommonName><Indicator>stop O</Indicator><LocalityName>Wood End (London)</LocalityName><LocalityQualifier>Greater London</LocalityQualifier></AnnotatedStopPointRef><AnnotatedStopPointRef><StopPointRef>490003873M</StopPointRef><CommonName>Belmore Parade</CommonName><Indicator>stop M</Indicator><LocalityName>Wood End (London)</LocalityName><LocalityQualifier>Greater London</LocalityQualifier></AnnotatedStopPointRef><AnnotatedStopPointRef><StopPointRef>490005294K</StopPointRef><CommonName>Church Road / Uxbridge Road</CommonName><Indicator>stop K</Indicator><LocalityName>Wood End (London)</LocalityName><LocalityQualifier>Greater London</LocalityQualifier></AnnotatedStopPointRef><AnnotatedStopPointRef><StopPointRef>490015587E</StopPointRef><CommonName>Grange Road (UB4)</CommonName><Indicator>stop FF</Indicator><LocalityName>Wood End (London)</LocalityName><LocalityQualifier>Greater London</LocalityQualifier></AnnotatedStopPointRef><AnnotatedStopPointRef><StopPointRef>490013978C</StopPointRef><CommonName>Hayes / Lansbury Drive</CommonName><Indicator>stop C</Indicator><LocalityName>Wood End (London)</LocalityName><LocalityQualifier>Greater London</LocalityQualifier></AnnotatedStopPointRef><AnnotatedStopPointRef><StopPointRef>490003572N</StopPointRef><CommonName>Balmoral Drive</CommonName><Indicator>stop N</Indicator><LocalityName>Wood End (London)</LocalityName><LocalityQualifier>Greater London</LocalityQualifier></AnnotatedStopPointRef><AnnotatedStopPointRef><StopPointRef>490007002N</StopPointRef><CommonName>Fredora Avenue (UB4)</CommonName><Indicator>stop P</Indicator><LocalityName>Wood End (London)</LocalityName><LocalityQualifier>Greater London</LocalityQualifier></AnnotatedStopPointRef><AnnotatedStopPointRef><StopPointRef>490006715N</StopPointRef><CommonName>Fairholme Crescent (UB4)</CommonName><Indicator>stop Q</Indicator><LocalityName>Wood End (London)</LocalityName><LocalityQualifier>Greater London</LocalityQualifier></AnnotatedStopPointRef><AnnotatedStopPointRef><StopPointRef>490008963E</StopPointRef><CommonName>The Brook House (UB4)</CommonName><Indicator>stop G</Indicator><LocalityName>Wood End (London)</LocalityName><LocalityQualifier>Greater London</LocalityQualifier></AnnotatedStopPointRef><AnnotatedStopPointRef><StopPointRef>490016772E</StopPointRef><CommonName>Kingshill Close</CommonName><Indicator>stop H</Indicator><LocalityName>Hayes End (London)</LocalityName><LocalityQualifier>Greater London</LocalityQualifier></AnnotatedStopPointRef><AnnotatedStopPointRef><StopPointRef>490013757E</StopPointRef><CommonName>Townsend Avenue</CommonName><Indicator>stop J</Indicator><LocalityName>Northolt</LocalityName><LocalityQualifier>Greater London</LocalityQualifier></AnnotatedStopPointRef><AnnotatedStopPointRef><StopPointRef>490007610E</StopPointRef><CommonName>Gurney Road (UB5)</CommonName><Indicator>stop E</Indicator><LocalityName>Northolt</LocalityName><LocalityQualifier>Greater London</LocalityQualifier></AnnotatedStopPointRef><AnnotatedStopPointRef><StopPointRef>490008784S</StopPointRef><CommonName>Kingshill Avenue/Yeading Lane</CommonName><Indicator>stop J</Indicator><LocalityName>Northolt</LocalityName><LocalityQualifier>Greater London</LocalityQualifier></AnnotatedStopPointRef><AnnotatedStopPointRef><StopPointRef>490003647S</StopPointRef><CommonName>Barnhill Community High School</CommonName><Indicator>stop G</Indicator><LocalityName>Yeading</LocalityName><LocalityQualifier>Greater London</LocalityQualifier></AnnotatedStopPointRef><AnnotatedStopPointRef><StopPointRef>490014993E</StopPointRef><CommonName>Reynolds Road</CommonName><Indicator>stop D</Indicator><LocalityName>Yeading</LocalityName><LocalityQualifier>Greater London</LocalityQualifier></AnnotatedStopPointRef><AnnotatedStopPointRef><StopPointRef>490013587E</StopPointRef><CommonName>Homefield Close</CommonName><Indicator>stop E</Indicator><LocalityName>Yeading</LocalityName><LocalityQualifier>Greater London</LocalityQualifier></AnnotatedStopPointRef><AnnotatedStopPointRef><StopPointRef>490010903N</StopPointRef><CommonName>Pendula Drive</CommonName><Indicator>stop N</Indicator><LocalityName>Yeading</LocalityName><LocalityQualifier>Greater London</LocalityQualifier></AnnotatedStopPointRef><AnnotatedStopPointRef><StopPointRef>490010712N</StopPointRef><CommonName>Paddington Close</CommonName><Indicator>stop N</Indicator><LocalityName>Yeading</LocalityName><LocalityQualifier>Greater London</LocalityQualifier></AnnotatedStopPointRef><AnnotatedStopPointRef><StopPointRef>490008754E2</StopPointRef><CommonName>Kingsash Drive (UB4)</CommonName><Indicator>stop E</Indicator><LocalityName>Yeading</LocalityName><LocalityQualifier>Greater London</LocalityQualifier></AnnotatedStopPointRef><AnnotatedStopPointRef><StopPointRef>490003930N</StopPointRef><CommonName>Berrydale Road</CommonName><Indicator>stop N</Indicator><LocalityName>Yeading</LocalityName><LocalityQualifier>Greater London</LocalityQualifier></AnnotatedStopPointRef><AnnotatedStopPointRef><StopPointRef>490011995N</StopPointRef><CommonName>Aspen Lane (UB5)</CommonName><Indicator>stop WA</Indicator><LocalityName>Northolt</LocalityName><LocalityQualifier>Greater London</LocalityQualifier></AnnotatedStopPointRef><AnnotatedStopPointRef><StopPointRef>490004373W</StopPointRef><CommonName>Broadmead Road (UB5)</CommonName><Indicator>stop WT</Indicator><LocalityName>Northolt</LocalityName><LocalityQualifier>Greater London</LocalityQualifier></AnnotatedStopPointRef><AnnotatedStopPointRef><StopPointRef>490008596W</StopPointRef><CommonName>Wayfarer Road (UB5)</CommonName><Indicator>stop W</Indicator><LocalityName>Northolt</LocalityName><LocalityQualifier>Greater London</LocalityQualifier></AnnotatedStopPointRef><AnnotatedStopPointRef><StopPointRef>490015551W1</StopPointRef><CommonName>Northolt Ruislip Road</CommonName><Indicator>stop S</Indicator><LocalityName>Northolt</LocalityName><LocalityQualifier>Greater London</LocalityQualifier></AnnotatedStopPointRef><AnnotatedStopPointRef><StopPointRef>490010582N</StopPointRef><CommonName>Old Ruislip Rd / Henson Place</CommonName><Indicator>stop M</Indicator><LocalityName>Northolt</LocalityName><LocalityQualifier>Greater London</LocalityQualifier></AnnotatedStopPointRef><AnnotatedStopPointRef><StopPointRef>490007881N</StopPointRef><CommonName>Harvey Road (UB5)</CommonName><Indicator>stop N</Indicator><LocalityName>South Ruislip</LocalityName><LocalityQualifier>Greater London</LocalityQualifier></AnnotatedStopPointRef><AnnotatedStopPointRef><StopPointRef>490011084N</StopPointRef><CommonName>Polish War Memorial</CommonName><Indicator>stop E</Indicator><LocalityName>South Ruislip</LocalityName><LocalityQualifier>Greater London</LocalityQualifier></AnnotatedStopPointRef><AnnotatedStopPointRef><StopPointRef>490012605D</StopPointRef><CommonName>Station Approach / West End Rd</CommonName><Indicator>stop D</Indicator><LocalityName>South Ruislip</LocalityName><LocalityQualifier>Greater London</LocalityQualifier></AnnotatedStopPointRef><AnnotatedStopPointRef><StopPointRef>490011380N</StopPointRef><CommonName>R.A.F. Northolt</CommonName><Indicator>stop G</Indicator><LocalityName>Ruislip Gardens</LocalityName><LocalityQualifier>Greater London</LocalityQualifier></AnnotatedStopPointRef><AnnotatedStopPointRef><StopPointRef>490000198B</StopPointRef><CommonName>Ruislip Gardens</CommonName><Indicator>stop B</Indicator><LocalityName>Ruislip Gardens</LocalityName><LocalityQualifier>Greater London</LocalityQualifier></AnnotatedStopPointRef><AnnotatedStopPointRef><StopPointRef>490003920N</StopPointRef><CommonName>Berkeley Close (HA4)</CommonName><Indicator>stop C</Indicator><LocalityName>Ruislip Gardens</LocalityName><LocalityQualifier>Greater London</LocalityQualifier></AnnotatedStopPointRef><AnnotatedStopPointRef><StopPointRef>490010348N</StopPointRef><CommonName>Northdown Close</CommonName><Indicator>stop E</Indicator><LocalityName>Ruislip Gardens</LocalityName><LocalityQualifier>Greater London</LocalityQualifier></AnnotatedStopPointRef><AnnotatedStopPointRef><StopPointRef>490007555N</StopPointRef><CommonName>Grosvenor Vale (HA4)</CommonName><Indicator>stop N</Indicator><LocalityName>Ruislip Manor</LocalityName><LocalityQualifier>Greater London</LocalityQualifier></AnnotatedStopPointRef><AnnotatedStopPointRef><StopPointRef>490011785N</StopPointRef><CommonName>Ruislip R.F.C.</CommonName><Indicator>stop K</Indicator><LocalityName>Ruislip Manor</LocalityName><LocalityQualifier>Greater London</LocalityQualifier></AnnotatedStopPointRef><AnnotatedStopPointRef><StopPointRef>490000199C</StopPointRef><CommonName>Ruislip Manor</CommonName><Indicator>stop C</Indicator><LocalityName>Ruislip Manor</LocalityName><LocalityQualifier>Greater London</LocalityQualifier></AnnotatedStopPointRef><AnnotatedStopPointRef><StopPointRef>490014761N</StopPointRef><CommonName>Windmill Hill (HGDN)</CommonName><Indicator>stop N</Indicator><LocalityName>Ruislip</LocalityName><LocalityQualifier>Greater London</LocalityQualifier></AnnotatedStopPointRef><AnnotatedStopPointRef><StopPointRef>490008164E</StopPointRef><CommonName>Hume Way (HA4)</CommonName><Indicator>stop E</Indicator><LocalityName>Eastcote Village</LocalityName><LocalityQualifier>Greater London</LocalityQualifier></AnnotatedStopPointRef><AnnotatedStopPointRef><StopPointRef>490014761S</StopPointRef><CommonName>Windmill Hill (HGDN)</CommonName><Indicator>stop S</Indicator><LocalityName>Ruislip</LocalityName><LocalityQualifier>Greater London</LocalityQualifier></AnnotatedStopPointRef><AnnotatedStopPointRef><StopPointRef>490000199D</StopPointRef><CommonName>Ruislip Manor</CommonName><Indicator>stop D</Indicator><LocalityName>Ruislip Manor</LocalityName><LocalityQualifier>Greater London</LocalityQualifier></AnnotatedStopPointRef><AnnotatedStopPointRef><StopPointRef>490007555S</StopPointRef><CommonName>Grosvenor Vale (HA4)</CommonName><Indicator>stop S</Indicator><LocalityName>Ruislip Manor</LocalityName><LocalityQualifier>Greater London</LocalityQualifier></AnnotatedStopPointRef><AnnotatedStopPointRef><StopPointRef>490010348S</StopPointRef><CommonName>Northdown Close</CommonName><Indicator>stop F</Indicator><LocalityName>Ruislip Gardens</LocalityName><LocalityQualifier>Greater London</LocalityQualifier></AnnotatedStopPointRef><AnnotatedStopPointRef><StopPointRef>490003920S</StopPointRef><CommonName>Berkeley Close (HA4)</CommonName><Indicator>stop D</Indicator><LocalityName>Ruislip Gardens</LocalityName><LocalityQualifier>Greater London</LocalityQualifier></AnnotatedStopPointRef><AnnotatedStopPointRef><StopPointRef>490000198A</StopPointRef><CommonName>Ruislip Gardens</CommonName><Indicator>stop A</Indicator><LocalityName>Ruislip Gardens</LocalityName><LocalityQualifier>Greater London</LocalityQualifier></AnnotatedStopPointRef><AnnotatedStopPointRef><StopPointRef>490011380S</StopPointRef><CommonName>R.A.F. Northolt</CommonName><Indicator>stop H</Indicator><LocalityName>Ruislip Gardens</LocalityName><LocalityQualifier>Greater London</LocalityQualifier></AnnotatedStopPointRef><AnnotatedStopPointRef><StopPointRef>490012605C</StopPointRef><CommonName>Station Approach / West End Rd</CommonName><Indicator>stop C</Indicator><LocalityName>South Ruislip</LocalityName><LocalityQualifier>Greater London</LocalityQualifier></AnnotatedStopPointRef><AnnotatedStopPointRef><StopPointRef>490011084S</StopPointRef><CommonName>Polish War Memorial</CommonName><Indicator>stop F</Indicator><LocalityName>South Ruislip</LocalityName><LocalityQualifier>Greater London</LocalityQualifier></AnnotatedStopPointRef><AnnotatedStopPointRef><StopPointRef>490007881S</StopPointRef><CommonName>Harvey Road (UB5)</CommonName><Indicator>stop S</Indicator><LocalityName>South Ruislip</LocalityName><LocalityQualifier>Greater London</LocalityQualifier></AnnotatedStopPointRef><AnnotatedStopPointRef><StopPointRef>490010582S</StopPointRef><CommonName>Old Ruislip Rd / Henson Place</CommonName><Indicator>stop S</Indicator><LocalityName>Northolt</LocalityName><LocalityQualifier>Greater London</LocalityQualifier></AnnotatedStopPointRef><AnnotatedStopPointRef><StopPointRef>490015409E</StopPointRef><CommonName>Yeading/White Hart Ruislip Rd</CommonName><Indicator>stop T</Indicator><LocalityName>Northolt</LocalityName><LocalityQualifier>Greater London</LocalityQualifier></AnnotatedStopPointRef><AnnotatedStopPointRef><StopPointRef>490015479E</StopPointRef><CommonName>Yeading Church Road</CommonName><Indicator>stop Y</Indicator><LocalityName>Northolt</LocalityName><LocalityQualifier>Greater London</LocalityQualifier></AnnotatedStopPointRef><AnnotatedStopPointRef><StopPointRef>490008596E</StopPointRef><CommonName>Wayfarer Road (UB5)</CommonName><Indicator>stop E</Indicator><LocalityName>Northolt</LocalityName><LocalityQualifier>Greater London</LocalityQualifier></AnnotatedStopPointRef><AnnotatedStopPointRef><StopPointRef>490004373S</StopPointRef><CommonName>Broadmead Road / Ruislip Road</CommonName><Indicator>stop WP</Indicator><LocalityName>Northolt</LocalityName><LocalityQualifier>Greater London</LocalityQualifier></AnnotatedStopPointRef><AnnotatedStopPointRef><StopPointRef>490011995S</StopPointRef><CommonName>Sentinel Close (UB5)</CommonName><Indicator>stop WR</Indicator><LocalityName>Northolt</LocalityName><LocalityQualifier>Greater London</LocalityQualifier></AnnotatedStopPointRef><AnnotatedStopPointRef><StopPointRef>490003930S</StopPointRef><CommonName>Berrydale Road</CommonName><Indicator>stop S</Indicator><LocalityName>Yeading</LocalityName><LocalityQualifier>Greater London</LocalityQualifier></AnnotatedStopPointRef><AnnotatedStopPointRef><StopPointRef>490008754E1</StopPointRef><CommonName>Kingsash Drive (UB4)</CommonName><Indicator>stop W</Indicator><LocalityName>Yeading</LocalityName><LocalityQualifier>Greater London</LocalityQualifier></AnnotatedStopPointRef><AnnotatedStopPointRef><StopPointRef>490010903S</StopPointRef><CommonName>Pendula Drive</CommonName><Indicator>stop S</Indicator><LocalityName>Yeading</LocalityName><LocalityQualifier>Greater London</LocalityQualifier></AnnotatedStopPointRef><AnnotatedStopPointRef><StopPointRef>490008576S</StopPointRef><CommonName>Jollys Lane (UB4)</CommonName><Indicator>stop E</Indicator><LocalityName>Yeading</LocalityName><LocalityQualifier>Greater London</LocalityQualifier></AnnotatedStopPointRef><AnnotatedStopPointRef><StopPointRef>490013587W</StopPointRef><CommonName>Homefield Close</CommonName><Indicator>stop W</Indicator><LocalityName>Yeading</LocalityName><LocalityQualifier>Greater London</LocalityQualifier></AnnotatedStopPointRef><AnnotatedStopPointRef><StopPointRef>490014711N</StopPointRef><CommonName>Willow Tree Lane</CommonName><Indicator>stop E</Indicator><LocalityName>Yeading</LocalityName><LocalityQualifier>Greater London</LocalityQualifier></AnnotatedStopPointRef><AnnotatedStopPointRef><StopPointRef>490003647N</StopPointRef><CommonName>Barnhill Community High School</CommonName><Indicator>stop F</Indicator><LocalityName>Yeading</LocalityName><LocalityQualifier>Greater London</LocalityQualifier></AnnotatedStopPointRef><AnnotatedStopPointRef><StopPointRef>490008417W</StopPointRef><CommonName>Hughenden Gardens (UB5)</CommonName><Indicator>stop H</Indicator><LocalityName>Northolt</LocalityName><LocalityQualifier>Greater London</LocalityQualifier></AnnotatedStopPointRef><AnnotatedStopPointRef><StopPointRef>490007610W</StopPointRef><CommonName>Gurney Road (UB5)</CommonName><Indicator>stop W</Indicator><LocalityName>Northolt</LocalityName><LocalityQualifier>Greater London</LocalityQualifier></AnnotatedStopPointRef><AnnotatedStopPointRef><StopPointRef>490013757W</StopPointRef><CommonName>Townsend Avenue</CommonName><Indicator>stop R</Indicator><LocalityName>Northolt</LocalityName><LocalityQualifier>Greater London</LocalityQualifier></AnnotatedStopPointRef><AnnotatedStopPointRef><StopPointRef>490016772W</StopPointRef><CommonName>Kingshill Close</CommonName><Indicator>stop S</Indicator><LocalityName>Hayes End (London)</LocalityName><LocalityQualifier>Greater London</LocalityQualifier></AnnotatedStopPointRef><AnnotatedStopPointRef><StopPointRef>490007536W</StopPointRef><CommonName>Grosvenor Avenue/Raynton Drive</CommonName><Indicator>stop T</Indicator><LocalityName>Wood End (London)</LocalityName><LocalityQualifier>Greater London</LocalityQualifier></AnnotatedStopPointRef><AnnotatedStopPointRef><StopPointRef>490008783S</StopPointRef><CommonName>The Brook House (UB4)</CommonName><Indicator>stop K</Indicator><LocalityName>Wood End (London)</LocalityName><LocalityQualifier>Greater London</LocalityQualifier></AnnotatedStopPointRef><AnnotatedStopPointRef><StopPointRef>490006715S</StopPointRef><CommonName>Fairholme Crescent (UB4)</CommonName><Indicator>stop L</Indicator><LocalityName>Wood End (London)</LocalityName><LocalityQualifier>Greater London</LocalityQualifier></AnnotatedStopPointRef><AnnotatedStopPointRef><StopPointRef>490007003S</StopPointRef><CommonName>Fredora Avenue (UB4)</CommonName><Indicator>stop M</Indicator><LocalityName>Wood End (London)</LocalityName><LocalityQualifier>Greater London</LocalityQualifier></AnnotatedStopPointRef><AnnotatedStopPointRef><StopPointRef>490003572D</StopPointRef><CommonName>Balmoral Drive</CommonName><Indicator>stop D</Indicator><LocalityName>Wood End (London)</LocalityName><LocalityQualifier>Greater London</LocalityQualifier></AnnotatedStopPointRef><AnnotatedStopPointRef><StopPointRef>490008962E</StopPointRef><CommonName>Uxbridge County Court (UB4)</CommonName><Indicator>stop E</Indicator><LocalityName>Wood End (London)</LocalityName><LocalityQualifier>Greater London</LocalityQualifier></AnnotatedStopPointRef><AnnotatedStopPointRef><StopPointRef>490005294J</StopPointRef><CommonName>Church Road / Uxbridge Road</CommonName><Indicator>stop J</Indicator><LocalityName>Wood End (London)</LocalityName><LocalityQualifier>Greater London</LocalityQualifier></AnnotatedStopPointRef><AnnotatedStopPointRef><StopPointRef>490003873L</StopPointRef><CommonName>Belmore Parade</CommonName><Indicator>stop L</Indicator><LocalityName>Wood End (London)</LocalityName><LocalityQualifier>Greater London</LocalityQualifier></AnnotatedStopPointRef><AnnotatedStopPointRef><StopPointRef>490014994N</StopPointRef><CommonName>Craven Close</CommonName><Indicator>stop N</Indicator><LocalityName>Wood End (London)</LocalityName><LocalityQualifier>Greater London</LocalityQualifier></AnnotatedStopPointRef><AnnotatedStopPointRef><StopPointRef>490008109U</StopPointRef><CommonName>Hesa Road (UB3)</CommonName><Indicator>stop U</Indicator><LocalityName>Wood End (London)</LocalityName><LocalityQualifier>Greater London</LocalityQualifier></AnnotatedStopPointRef><AnnotatedStopPointRef><StopPointRef>490011170S</StopPointRef><CommonName>Precinct Road</CommonName><Indicator>stop SU</Indicator><LocalityName>Hayes Town</LocalityName><LocalityQualifier>Greater London</LocalityQualifier></AnnotatedStopPointRef><AnnotatedStopPointRef><StopPointRef>490003512S</StopPointRef><CommonName>Avondale Drive (UB3)</CommonName><Indicator>stop SV</Indicator><LocalityName>Hayes Town</LocalityName><LocalityQualifier>Greater London</LocalityQualifier></AnnotatedStopPointRef><AnnotatedStopPointRef><StopPointRef>490006384S</StopPointRef><CommonName>East Way (UB3)</CommonName><Indicator>stop SW</Indicator><LocalityName>Hayes Town</LocalityName><LocalityQualifier>Greater London</LocalityQualifier></AnnotatedStopPointRef><AnnotatedStopPointRef><StopPointRef>490006701B</StopPointRef><CommonName>Fairdale Gardens (UB3)</CommonName><Indicator>stop SX</Indicator><LocalityName>Hayes Town</LocalityName><LocalityQualifier>Greater London</LocalityQualifier></AnnotatedStopPointRef><AnnotatedStopPointRef><StopPointRef>490010095D</StopPointRef><CommonName>Mount Road / Coldharbour Lane</CommonName><Indicator>stop SY</Indicator><LocalityName>Hayes Town</LocalityName><LocalityQualifier>Greater London</LocalityQualifier></AnnotatedStopPointRef><AnnotatedStopPointRef><StopPointRef>490007955H</StopPointRef><CommonName>Clayton Road (UB3)</CommonName><Indicator>stop D</Indicator><LocalityName>Hayes Town</LocalityName><LocalityQualifier>Greater London</LocalityQualifier></AnnotatedStopPointRef><AnnotatedStopPointRef><StopPointRef>490001144M</StopPointRef><CommonName>Hayes &amp; Harlington</CommonName><Indicator>stop E</Indicator><LocalityName>Hayes Town</LocalityName><LocalityQualifier>Greater London</LocalityQualifier></AnnotatedStopPointRef><AnnotatedStopPointRef><StopPointRef>490006702S1</StopPointRef><CommonName>Fairey Corner (UB3)</CommonName><Indicator>stop F</Indicator><LocalityName>Hayes Town</LocalityName><LocalityQualifier>Greater London</LocalityQualifier></AnnotatedStopPointRef><AnnotatedStopPointRef><StopPointRef>490011489S1</StopPointRef><CommonName>Redmead Road (UB3)</CommonName><Indicator>stop R</Indicator><LocalityName>Hayes Town</LocalityName><LocalityQualifier>Greater London</LocalityQualifier></AnnotatedStopPointRef><AnnotatedStopPointRef><StopPointRef>490005989W</StopPointRef><CommonName>Clement Gardens (UB3)</CommonName><Indicator>stop W</Indicator><LocalityName>Harlington</LocalityName><LocalityQualifier>Greater London</LocalityQualifier></AnnotatedStopPointRef><AnnotatedStopPointRef><StopPointRef>490005989N</StopPointRef><CommonName>Pinkwell Lane (UB3)</CommonName><Indicator>stop N</Indicator><LocalityName>Hayes Town</LocalityName><LocalityQualifier>Greater London</LocalityQualifier></AnnotatedStopPointRef><AnnotatedStopPointRef><StopPointRef>490004200W</StopPointRef><CommonName>Guinness Close (UB3)</CommonName><Indicator>stop W</Indicator><LocalityName>Hayes Town</LocalityName><LocalityQualifier>Greater London</LocalityQualifier></AnnotatedStopPointRef><AnnotatedStopPointRef><StopPointRef>490005458S</StopPointRef><CommonName>Colbrook Avenue (UB3)</CommonName><Indicator>stop S</Indicator><LocalityName>Hayes Town</LocalityName><LocalityQualifier>Greater London</LocalityQualifier></AnnotatedStopPointRef><AnnotatedStopPointRef><StopPointRef>490006469S</StopPointRef><CommonName>Elers Road (UB3)</CommonName><Indicator>stop S</Indicator><LocalityName>Harlington</LocalityName><LocalityQualifier>Greater London</LocalityQualifier></AnnotatedStopPointRef><AnnotatedStopPointRef><StopPointRef>490007810W</StopPointRef><CommonName>Harlington Community School</CommonName><Indicator>stop W</Indicator><LocalityName>Harlington</LocalityName><LocalityQualifier>Greater London</LocalityQualifier></AnnotatedStopPointRef><AnnotatedStopPointRef><StopPointRef>490011013W</StopPointRef><CommonName>Pinkwell Junior School</CommonName><Indicator>stop W</Indicator><LocalityName>Harlington</LocalityName><LocalityQualifier>Greater London</LocalityQualifier></AnnotatedStopPointRef><AnnotatedStopPointRef><StopPointRef>490011015N</StopPointRef><CommonName>Pinkwell Park</CommonName><Indicator>stop N</Indicator><LocalityName>Harlington</LocalityName><LocalityQualifier>Greater London</LocalityQualifier></AnnotatedStopPointRef><AnnotatedStopPointRef><StopPointRef>490007206N</StopPointRef><CommonName>Glamis Crescent (UB3)</CommonName><Indicator>stop N</Indicator><LocalityName>Hayes Town</LocalityName><LocalityQualifier>Greater London</LocalityQualifier></AnnotatedStopPointRef></StopPoints><RouteSections><RouteSection id="RS_49696b_H_1"><RouteLink id="RL_RS_49696b_H_1_0"><From><StopPointRef>490013465E</StopPointRef></From><To><StopPointRef>490007206S</StopPointRef></To><Direction>outbound</Direction></RouteLink><RouteLink id="RL_RS_49696b_H_1_1"><From><StopPointRef>490007206S</StopPointRef></From><To><StopPointRef>490011015S</StopPointRef></To><Direction>outbound</Direction></RouteLink><RouteLink id="RL_RS_49696b_H_1_2"><From><StopPointRef>490011015S</StopPointRef></From><To><StopPointRef>490011012E</StopPointRef></To><Direction>outbound</Direction></RouteLink><RouteLink id="RL_RS_49696b_H_1_3"><From><StopPointRef>490011012E</StopPointRef></From><To><StopPointRef>490011013E</StopPointRef></To><Direction>outbound</Direction></RouteLink><RouteLink id="RL_RS_49696b_H_1_4"><From><StopPointRef>490011013E</StopPointRef></From><To><StopPointRef>490011709N</StopPointRef></To><Direction>outbound</Direction></RouteLink><RouteLink id="RL_RS_49696b_H_1_5"><From><StopPointRef>490011709N</StopPointRef></From><To><StopPointRef>490014153N</StopPointRef></To><Direction>outbound</Direction></RouteLink><RouteLink id="RL_RS_49696b_H_1_6"><From><StopPointRef>490014153N</StopPointRef></From><To><StopPointRef>490004200E</StopPointRef></To><Direction>outbound</Direction></RouteLink><RouteLink id="RL_RS_49696b_H_1_7"><From><StopPointRef>490004200E</StopPointRef></From><To><StopPointRef>490011489S2</StopPointRef></To><Direction>outbound</Direction></RouteLink><RouteLink id="RL_RS_49696b_H_1_8"><From><StopPointRef>490011489S2</StopPointRef></From><To><StopPointRef>490005989E</StopPointRef></To><Direction>outbound</Direction></RouteLink><RouteLink id="RL_RS_49696b_H_1_9"><From><StopPointRef>490005989E</StopPointRef></From><To><StopPointRef>490011489N</StopPointRef></To><Direction>outbound</Direction></RouteLink><RouteLink id="RL_RS_49696b_H_1_10"><From><StopPointRef>490011489N</StopPointRef></From><To><StopPointRef>490006702N</StopPointRef></To><Direction>outbound</Direction></RouteLink><RouteLink id="RL_RS_49696b_H_1_11"><From><StopPointRef>490006702N</StopPointRef></From><To><StopPointRef>490001144N</StopPointRef></To><Direction>outbound</Direction></RouteLink><RouteLink id="RL_RS_49696b_H_1_12"><From><StopPointRef>490001144N</StopPointRef></From><To><StopPointRef>490007942K</StopPointRef></To><Direction>outbound</Direction></RouteLink><RouteLink id="RL_RS_49696b_H_1_13"><From><StopPointRef>490007942K</StopPointRef></From><To><StopPointRef>490010095C</StopPointRef></To><Direction>outbound</Direction></RouteLink><RouteLink id="RL_RS_49696b_H_1_14"><From><StopPointRef>490010095C</StopPointRef></From><To><StopPointRef>490006384N</StopPointRef></To><Direction>outbound</Direction></RouteLink><RouteLink id="RL_RS_49696b_H_1_15"><From><StopPointRef>490006384N</StopPointRef></From><To><StopPointRef>490003512N</StopPointRef></To><Direction>outbound</Direction></RouteLink><RouteLink id="RL_RS_49696b_H_1_16"><From><StopPointRef>490003512N</StopPointRef></From><To><StopPointRef>490011170N</StopPointRef></To><Direction>outbound</Direction></RouteLink><RouteLink id="RL_RS_49696b_H_1_17"><From><StopPointRef>490011170N</StopPointRef></From><To><StopPointRef>490008109T</StopPointRef></To><Direction>outbound</Direction></RouteLink><RouteLink id="RL_RS_49696b_H_1_18"><From><StopPointRef>490008109T</StopPointRef></From><To><StopPointRef>490004920O</StopPointRef></To><Direction>outbound</Direction></RouteLink><RouteLink id="RL_RS_49696b_H_1_19"><From><StopPointRef>490004920O</StopPointRef></From><To><StopPointRef>490003873M</StopPointRef></To><Direction>outbound</Direction></RouteLink><RouteLink id="RL_RS_49696b_H_1_20"><From><StopPointRef>490003873M</StopPointRef></From><To><StopPointRef>490005294K</StopPointRef></To><Direction>outbound</Direction></RouteLink><RouteLink id="RL_RS_49696b_H_1_21"><From><StopPointRef>490005294K</StopPointRef></From><To><StopPointRef>490015587E</StopPointRef></To><Direction>outbound</Direction></RouteLink><RouteLink id="RL_RS_49696b_H_1_22"><From><StopPointRef>490015587E</StopPointRef></From><To><StopPointRef>490013978C</StopPointRef></To><Direction>outbound</Direction></RouteLink><RouteLink id="RL_RS_49696b_H_1_23"><From><StopPointRef>490013978C</StopPointRef></From><To><StopPointRef>490003572N</StopPointRef></To><Direction>outbound</Direction></RouteLink><RouteLink id="RL_RS_49696b_H_1_24"><From><StopPointRef>490003572N</StopPointRef></From><To><StopPointRef>490007002N</StopPointRef></To><Direction>outbound</Direction></RouteLink><RouteLink id="RL_RS_49696b_H_1_25"><From><StopPointRef>490007002N</StopPointRef></From><To><StopPointRef>490006715N</StopPointRef></To><Direction>outbound</Direction></RouteLink><RouteLink id="RL_RS_49696b_H_1_26"><From><StopPointRef>490006715N</StopPointRef></From><To><StopPointRef>490008963E</StopPointRef></To><Direction>outbound</Direction></RouteLink><RouteLink id="RL_RS_49696b_H_1_27"><From><StopPointRef>490008963E</StopPointRef></From><To><StopPointRef>490016772E</StopPointRef></To><Direction>outbound</Direction></RouteLink><RouteLink id="RL_RS_49696b_H_1_28"><From><StopPointRef>490016772E</StopPointRef></From><To><StopPointRef>490013757E</StopPointRef></To><Direction>outbound</Direction></RouteLink><RouteLink id="RL_RS_49696b_H_1_29"><From><StopPointRef>490013757E</StopPointRef></From><To><StopPointRef>490007610E</StopPointRef></To><Direction>outbound</Direction></RouteLink><RouteLink id="RL_RS_49696b_H_1_30"><From><StopPointRef>490007610E</StopPointRef></From><To><StopPointRef>490008784S</StopPointRef></To><Direction>outbound</Direction></RouteLink><RouteLink id="RL_RS_49696b_H_1_31"><From><StopPointRef>490008784S</StopPointRef></From><To><StopPointRef>490003647S</StopPointRef></To><Direction>outbound</Direction></RouteLink><RouteLink id="RL_RS_49696b_H_1_32"><From><StopPointRef>490003647S</StopPointRef></From><To><StopPointRef>490014993E</StopPointRef></To><Direction>outbound</Direction></RouteLink><RouteLink id="RL_RS_49696b_H_1_33"><From><StopPointRef>490014993E</StopPointRef></From><To><StopPointRef>490013587E</StopPointRef></To><Direction>outbound</Direction></RouteLink><RouteLink id="RL_RS_49696b_H_1_34"><From><StopPointRef>490013587E</StopPointRef></From><To><StopPointRef>490010903N</StopPointRef></To><Direction>outbound</Direction></RouteLink><RouteLink id="RL_RS_49696b_H_1_35"><From><StopPointRef>490010903N</StopPointRef></From><To><StopPointRef>490010712N</StopPointRef></To><Direction>outbound</Direction></RouteLink><RouteLink id="RL_RS_49696b_H_1_36"><From><StopPointRef>490010712N</StopPointRef></From><To><StopPointRef>490008754E2</StopPointRef></To><Direction>outbound</Direction></RouteLink><RouteLink id="RL_RS_49696b_H_1_37"><From><StopPointRef>490008754E2</StopPointRef></From><To><StopPointRef>490003930N</StopPointRef></To><Direction>outbound</Direction></RouteLink><RouteLink id="RL_RS_49696b_H_1_38"><From><StopPointRef>490003930N</StopPointRef></From><To><StopPointRef>490011995N</StopPointRef></To><Direction>outbound</Direction></RouteLink><RouteLink id="RL_RS_49696b_H_1_39"><From><StopPointRef>490011995N</StopPointRef></From><To><StopPointRef>490004373W</StopPointRef></To><Direction>outbound</Direction></RouteLink><RouteLink id="RL_RS_49696b_H_1_40"><From><StopPointRef>490004373W</StopPointRef></From><To><StopPointRef>490008596W</StopPointRef></To><Direction>outbound</Direction></RouteLink><RouteLink id="RL_RS_49696b_H_1_41"><From><StopPointRef>490008596W</StopPointRef></From><To><StopPointRef>490015551W1</StopPointRef></To><Direction>outbound</Direction></RouteLink><RouteLink id="RL_RS_49696b_H_1_42"><From><StopPointRef>490015551W1</StopPointRef></From><To><StopPointRef>490010582N</StopPointRef></To><Direction>outbound</Direction></RouteLink><RouteLink id="RL_RS_49696b_H_1_43"><From><StopPointRef>490010582N</StopPointRef></From><To><StopPointRef>490007881N</StopPointRef></To><Direction>outbound</Direction></RouteLink><RouteLink id="RL_RS_49696b_H_1_44"><From><StopPointRef>490007881N</StopPointRef></From><To><StopPointRef>490011084N</StopPointRef></To><Direction>outbound</Direction></RouteLink><RouteLink id="RL_RS_49696b_H_1_45"><From><StopPointRef>490011084N</StopPointRef></From><To><StopPointRef>490012605D</StopPointRef></To><Direction>outbound</Direction></RouteLink><RouteLink id="RL_RS_49696b_H_1_46"><From><StopPointRef>490012605D</StopPointRef></From><To><StopPointRef>490011380N</StopPointRef></To><Direction>outbound</Direction></RouteLink><RouteLink id="RL_RS_49696b_H_1_47"><From><StopPointRef>490011380N</StopPointRef></From><To><StopPointRef>490000198B</StopPointRef></To><Direction>outbound</Direction></RouteLink><RouteLink id="RL_RS_49696b_H_1_48"><From><StopPointRef>490000198B</StopPointRef></From><To><StopPointRef>490003920N</StopPointRef></To><Direction>outbound</Direction></RouteLink><RouteLink id="RL_RS_49696b_H_1_49"><From><StopPointRef>490003920N</StopPointRef></From><To><StopPointRef>490010348N</StopPointRef></To><Direction>outbound</Direction></RouteLink><RouteLink id="RL_RS_49696b_H_1_50"><From><StopPointRef>490010348N</StopPointRef></From><To><StopPointRef>490007555N</StopPointRef></To><Direction>outbound</Direction></RouteLink><RouteLink id="RL_RS_49696b_H_1_51"><From><StopPointRef>490007555N</StopPointRef></From><To><StopPointRef>490011785N</StopPointRef></To><Direction>outbound</Direction></RouteLink><RouteLink id="RL_RS_49696b_H_1_52"><From><StopPointRef>490011785N</StopPointRef></From><To><StopPointRef>490000199C</StopPointRef></To><Direction>outbound</Direction></RouteLink><RouteLink id="RL_RS_49696b_H_1_53"><From><StopPointRef>490000199C</StopPointRef></From><To><StopPointRef>490014761N</StopPointRef></To><Direction>outbound</Direction></RouteLink><RouteLink id="RL_RS_49696b_H_1_54"><From><StopPointRef>490014761N</StopPointRef></From><To><StopPointRef>490008164E</StopPointRef></To><Direction>outbound</Direction></RouteLink></RouteSection><RouteSection id="RS_49696b_R_2"><RouteLink id="RL_RS_49696b_R_2_0"><From><StopPointRef>490008164E</StopPointRef></From><To><StopPointRef>490014761S</StopPointRef></To><Direction>inbound</Direction></RouteLink><RouteLink id="RL_RS_49696b_R_2_1"><From><StopPointRef>490014761S</StopPointRef></From><To><StopPointRef>490000199D</StopPointRef></To><Direction>inbound</Direction></RouteLink><RouteLink id="RL_RS_49696b_R_2_2"><From><StopPointRef>490000199D</StopPointRef></From><To><StopPointRef>490007555S</StopPointRef></To><Direction>inbound</Direction></RouteLink><RouteLink id="RL_RS_49696b_R_2_3"><From><StopPointRef>490007555S</StopPointRef></From><To><StopPointRef>490010348S</StopPointRef></To><Direction>inbound</Direction></RouteLink><RouteLink id="RL_RS_49696b_R_2_4"><From><StopPointRef>490010348S</StopPointRef></From><To><StopPointRef>490003920S</StopPointRef></To><Direction>inbound</Direction></RouteLink><RouteLink id="RL_RS_49696b_R_2_5"><From><StopPointRef>490003920S</StopPointRef></From><To><StopPointRef>490000198A</StopPointRef></To><Direction>inbound</Direction></RouteLink><RouteLink id="RL_RS_49696b_R_2_6"><From><StopPointRef>490000198A</StopPointRef></From><To><StopPointRef>490011380S</StopPointRef></To><Direction>inbound</Direction></RouteLink><RouteLink id="RL_RS_49696b_R_2_7"><From><StopPointRef>490011380S</StopPointRef></From><To><StopPointRef>490012605C</StopPointRef></To><Direction>inbound</Direction></RouteLink><RouteLink id="RL_RS_49696b_R_2_8"><From><StopPointRef>490012605C</StopPointRef></From><To><StopPointRef>490011084S</StopPointRef></To><Direction>inbound</Direction></RouteLink><RouteLink id="RL_RS_49696b_R_2_9"><From><StopPointRef>490011084S</StopPointRef></From><To><StopPointRef>490007881S</StopPointRef></To><Direction>inbound</Direction></RouteLink><RouteLink id="RL_RS_49696b_R_2_10"><From><StopPointRef>490007881S</StopPointRef></From><To><StopPointRef>490010582S</StopPointRef></To><Direction>inbound</Direction></RouteLink><RouteLink id="RL_RS_49696b_R_2_11"><From><StopPointRef>490010582S</StopPointRef></From><To><StopPointRef>490015409E</StopPointRef></To><Direction>inbound</Direction></RouteLink><RouteLink id="RL_RS_49696b_R_2_12"><From><StopPointRef>490015409E</StopPointRef></From><To><StopPointRef>490015479E</StopPointRef></To><Direction>inbound</Direction></RouteLink><RouteLink id="RL_RS_49696b_R_2_13"><From><StopPointRef>490015479E</StopPointRef></From><To><StopPointRef>490008596E</StopPointRef></To><Direction>inbound</Direction></RouteLink><RouteLink id="RL_RS_49696b_R_2_14"><From><StopPointRef>490008596E</StopPointRef></From><To><StopPointRef>490004373S</StopPointRef></To><Direction>inbound</Direction></RouteLink><RouteLink id="RL_RS_49696b_R_2_15"><From><StopPointRef>490004373S</StopPointRef></From><To><StopPointRef>490011995S</StopPointRef></To><Direction>inbound</Direction></RouteLink><RouteLink id="RL_RS_49696b_R_2_16"><From><StopPointRef>490011995S</StopPointRef></From><To><StopPointRef>490003930S</StopPointRef></To><Direction>inbound</Direction></RouteLink><RouteLink id="RL_RS_49696b_R_2_17"><From><StopPointRef>490003930S</StopPointRef></From><To><StopPointRef>490008754E1</StopPointRef></To><Direction>inbound</Direction></RouteLink><RouteLink id="RL_RS_49696b_R_2_18"><From><StopPointRef>490008754E1</StopPointRef></From><To><StopPointRef>490010903S</StopPointRef></To><Direction>inbound</Direction></RouteLink><RouteLink id="RL_RS_49696b_R_2_19"><From><StopPointRef>490010903S</StopPointRef></From><To><StopPointRef>490008576S</StopPointRef></To><Direction>inbound</Direction></RouteLink><RouteLink id="RL_RS_49696b_R_2_20"><From><StopPointRef>490008576S</StopPointRef></From><To><StopPointRef>490013587W</StopPointRef></To><Direction>inbound</Direction></RouteLink><RouteLink id="RL_RS_49696b_R_2_21"><From><StopPointRef>490013587W</StopPointRef></From><To><StopPointRef>490014711N</StopPointRef></To><Direction>inbound</Direction></RouteLink><RouteLink id="RL_RS_49696b_R_2_22"><From><StopPointRef>490014711N</StopPointRef></From><To><StopPointRef>490003647N</StopPointRef></To><Direction>inbound</Direction></RouteLink><RouteLink id="RL_RS_49696b_R_2_23"><From><StopPointRef>490003647N</StopPointRef></From><To><StopPointRef>490008417W</StopPointRef></To><Direction>inbound</Direction></RouteLink><RouteLink id="RL_RS_49696b_R_2_24"><From><StopPointRef>490008417W</StopPointRef></From><To><StopPointRef>490007610W</StopPointRef></To><Direction>inbound</Direction></RouteLink><RouteLink id="RL_RS_49696b_R_2_25"><From><StopPointRef>490007610W</StopPointRef></From><To><StopPointRef>490013757W</StopPointRef></To><Direction>inbound</Direction></RouteLink><RouteLink id="RL_RS_49696b_R_2_26"><From><StopPointRef>490013757W</StopPointRef></From><To><StopPointRef>490016772W</StopPointRef></To><Direction>inbound</Direction></RouteLink><RouteLink id="RL_RS_49696b_R_2_27"><From><StopPointRef>490016772W</StopPointRef></From><To><StopPointRef>490007536W</StopPointRef></To><Direction>inbound</Direction></RouteLink><RouteLink id="RL_RS_49696b_R_2_28"><From><StopPointRef>490007536W</StopPointRef></From><To><StopPointRef>490008783S</StopPointRef></To><Direction>inbound</Direction></RouteLink><RouteLink id="RL_RS_49696b_R_2_29"><From><StopPointRef>490008783S</StopPointRef></From><To><StopPointRef>490006715S</StopPointRef></To><Direction>inbound</Direction></RouteLink><RouteLink id="RL_RS_49696b_R_2_30"><From><StopPointRef>490006715S</StopPointRef></From><To><StopPointRef>490007003S</StopPointRef></To><Direction>inbound</Direction></RouteLink><RouteLink id="RL_RS_49696b_R_2_31"><From><StopPointRef>490007003S</StopPointRef></From><To><StopPointRef>490003572D</StopPointRef></To><Direction>inbound</Direction></RouteLink><RouteLink id="RL_RS_49696b_R_2_32"><From><StopPointRef>490003572D</StopPointRef></From><To><StopPointRef>490008962E</StopPointRef></To><Direction>inbound</Direction></RouteLink><RouteLink id="RL_RS_49696b_R_2_33"><From><StopPointRef>490008962E</StopPointRef></From><To><StopPointRef>490005294J</StopPointRef></To><Direction>inbound</Direction></RouteLink><RouteLink id="RL_RS_49696b_R_2_34"><From><StopPointRef>490005294J</StopPointRef></From><To><StopPointRef>490003873L</StopPointRef></To><Direction>inbound</Direction></RouteLink><RouteLink id="RL_RS_49696b_R_2_35"><From><StopPointRef>490003873L</StopPointRef></From><To><StopPointRef>490014994N</StopPointRef></To><Direction>inbound</Direction></RouteLink><RouteLink id="RL_RS_49696b_R_2_36"><From><StopPointRef>490014994N</StopPointRef></From><To><StopPointRef>490008109U</StopPointRef></To><Direction>inbound</Direction></RouteLink><RouteLink id="RL_RS_49696b_R_2_37"><From><StopPointRef>490008109U</StopPointRef></From><To><StopPointRef>490011170S</StopPointRef></To><Direction>inbound</Direction></RouteLink><RouteLink id="RL_RS_49696b_R_2_38"><From><StopPointRef>490011170S</StopPointRef></From><To><StopPointRef>490003512S</StopPointRef></To><Direction>inbound</Direction></RouteLink><RouteLink id="RL_RS_49696b_R_2_39"><From><StopPointRef>490003512S</StopPointRef></From><To><StopPointRef>490006384S</StopPointRef></To><Direction>inbound</Direction></RouteLink><RouteLink id="RL_RS_49696b_R_2_40"><From><StopPointRef>490006384S</StopPointRef></From><To><StopPointRef>490006701B</StopPointRef></To><Direction>inbound</Direction></RouteLink><RouteLink id="RL_RS_49696b_R_2_41"><From><StopPointRef>490006701B</StopPointRef></From><To><StopPointRef>490010095D</StopPointRef></To><Direction>inbound</Direction></RouteLink><RouteLink id="RL_RS_49696b_R_2_42"><From><StopPointRef>490010095D</StopPointRef></From><To><StopPointRef>490007955H</StopPointRef></To><Direction>inbound</Direction></RouteLink><RouteLink id="RL_RS_49696b_R_2_43"><From><StopPointRef>490007955H</StopPointRef></From><To><StopPointRef>490001144M</StopPointRef></To><Direction>inbound</Direction></RouteLink><RouteLink id="RL_RS_49696b_R_2_44"><From><StopPointRef>490001144M</StopPointRef></From><To><StopPointRef>490006702S1</StopPointRef></To><Direction>inbound</Direction></RouteLink><RouteLink id="RL_RS_49696b_R_2_45"><From><StopPointRef>490006702S1</StopPointRef></From><To><StopPointRef>490011489S1</StopPointRef></To><Direction>inbound</Direction></RouteLink><RouteLink id="RL_RS_49696b_R_2_46"><From><StopPointRef>490011489S1</StopPointRef></From><To><StopPointRef>490005989W</StopPointRef></To><Direction>inbound</Direction></RouteLink><RouteLink id="RL_RS_49696b_R_2_47"><From><StopPointRef>490005989W</StopPointRef></From><To><StopPointRef>490005989N</StopPointRef></To><Direction>inbound</Direction></RouteLink><RouteLink id="RL_RS_49696b_R_2_48"><From><StopPointRef>490005989N</StopPointRef></From><To><StopPointRef>490004200W</StopPointRef></To><Direction>inbound</Direction></RouteLink><RouteLink id="RL_RS_49696b_R_2_49"><From><StopPointRef>490004200W</StopPointRef></From><To><StopPointRef>490005458S</StopPointRef></To><Direction>inbound</Direction></RouteLink><RouteLink id="RL_RS_49696b_R_2_50"><From><StopPointRef>490005458S</StopPointRef></From><To><StopPointRef>490006469S</StopPointRef></To><Direction>inbound</Direction></RouteLink><RouteLink id="RL_RS_49696b_R_2_51"><From><StopPointRef>490006469S</StopPointRef></From><To><StopPointRef>490007810W</StopPointRef></To><Direction>inbound</Direction></RouteLink><RouteLink id="RL_RS_49696b_R_2_52"><From><StopPointRef>490007810W</StopPointRef></From><To><StopPointRef>490011013W</StopPointRef></To><Direction>inbound</Direction></RouteLink><RouteLink id="RL_RS_49696b_R_2_53"><From><StopPointRef>490011013W</StopPointRef></From><To><StopPointRef>490011015N</StopPointRef></To><Direction>inbound</Direction></RouteLink><RouteLink id="RL_RS_49696b_R_2_54"><From><StopPointRef>490011015N</StopPointRef></From><To><StopPointRef>490007206N</StopPointRef></To><Direction>inbound</Direction></RouteLink><RouteLink id="RL_RS_49696b_R_2_55"><From><StopPointRef>490007206N</StopPointRef></From><To><StopPointRef>490013465E</StopPointRef></To><Direction>inbound</Direction></RouteLink></RouteSection></RouteSections><Routes><Route id="R_49696b_H_1"><PrivateCode>R_49696b_H_1</PrivateCode><Description>Bourne Avenue / Carnavon Drive - Hume Way (HA4)</Description><RouteSectionRef>RS_49696b_H_1</RouteSectionRef></Route><Route id="R_49696b_R_2"><PrivateCode>R_49696b_R_2</PrivateCode><Description>Hume Way (HA4) - Bourne Avenue / Carnavon Drive</Description><RouteSectionRef>RS_49696b_R_2</RouteSectionRef></Route></Routes><JourneyPatternSections><JourneyPatternSection id="JPS_49696b_H_1"><JourneyPatternTimingLink id="JPL_49696b_H_1_0"><From SequenceNumber="1"><StopPointRef>490013465E</StopPointRef><TimingStatus>PTP</TimingStatus></From><To SequenceNumber="2"><StopPointRef>490007206S</StopPointRef><TimingStatus>PTP</TimingStatus></To><RunTime>PT48S</RunTime></JourneyPatternTimingLink><JourneyPatternTimingLink id="JPL_49696b_H_1_1"><From SequenceNumber="2"><StopPointRef>490007206S</StopPointRef><TimingStatus>PTP</TimingStatus></From><To SequenceNumber="3"><StopPointRef>490011015S</StopPointRef><TimingStatus>PTP</TimingStatus></To><RunTime>PT48S</RunTime></JourneyPatternTimingLink><JourneyPatternTimingLink id="JPL_49696b_H_1_2"><From SequenceNumber="3"><StopPointRef>490011015S</StopPointRef><TimingStatus>PTP</TimingStatus></From><To SequenceNumber="4"><StopPointRef>490011012E</StopPointRef><TimingStatus>PTP</TimingStatus></To><RunTime>PT48S</RunTime></JourneyPatternTimingLink><JourneyPatternTimingLink id="JPL_49696b_H_1_3"><From SequenceNumber="4"><StopPointRef>490011012E</StopPointRef><TimingStatus>PTP</TimingStatus></From><To SequenceNumber="5"><StopPointRef>490011013E</StopPointRef><TimingStatus>PTP</TimingStatus></To><RunTime>PT48S</RunTime></JourneyPatternTimingLink><JourneyPatternTimingLink id="JPL_49696b_H_1_4"><From SequenceNumber="5"><StopPointRef>490011013E</StopPointRef><TimingStatus>PTP</TimingStatus></From><To SequenceNumber="6"><StopPointRef>490011709N</StopPointRef><TimingStatus>PTP</TimingStatus></To><RunTime>PT48S</RunTime></JourneyPatternTimingLink><JourneyPatternTimingLink id="JPL_49696b_H_1_5"><From SequenceNumber="6"><StopPointRef>490011709N</StopPointRef><TimingStatus>PTP</TimingStatus></From><To SequenceNumber="7"><StopPointRef>490014153N</StopPointRef><TimingStatus>PTP</TimingStatus></To><RunTime>PT48S</RunTime></JourneyPatternTimingLink><JourneyPatternTimingLink id="JPL_49696b_H_1_6"><From SequenceNumber="7"><StopPointRef>490014153N</StopPointRef><TimingStatus>PTP</TimingStatus></From><To SequenceNumber="8"><StopPointRef>490004200E</StopPointRef><TimingStatus>PTP</TimingStatus></To><RunTime>PT48S</RunTime></JourneyPatternTimingLink><JourneyPatternTimingLink id="JPL_49696b_H_1_7"><From SequenceNumber="8"><StopPointRef>490004200E</StopPointRef><TimingStatus>PTP</TimingStatus></From><To SequenceNumber="9"><StopPointRef>490011489S2</StopPointRef><TimingStatus>PTP</TimingStatus></To><RunTime>PT48S</RunTime></JourneyPatternTimingLink><JourneyPatternTimingLink id="JPL_49696b_H_1_8"><From SequenceNumber="9"><StopPointRef>490011489S2</StopPointRef><TimingStatus>PTP</TimingStatus></From><To SequenceNumber="10"><StopPointRef>490005989E</StopPointRef><TimingStatus>PTP</TimingStatus></To><RunTime>PT48S</RunTime></JourneyPatternTimingLink><JourneyPatternTimingLink id="JPL_49696b_H_1_9"><From SequenceNumber="10"><StopPointRef>490005989E</StopPointRef><TimingStatus>PTP</TimingStatus></From><To SequenceNumber="11"><StopPointRef>490011489N</StopPointRef><TimingStatus>PTP</TimingStatus></To><RunTime>PT48S</RunTime></JourneyPatternTimingLink><JourneyPatternTimingLink id="JPL_49696b_H_1_10"><From SequenceNumber="11"><StopPointRef>490011489N</StopPointRef><TimingStatus>PTP</TimingStatus></From><To SequenceNumber="12"><StopPointRef>490006702N</StopPointRef><TimingStatus>PTP</TimingStatus></To><RunTime>PT48S</RunTime></JourneyPatternTimingLink><JourneyPatternTimingLink id="JPL_49696b_H_1_11"><From SequenceNumber="12"><StopPointRef>490006702N</StopPointRef><TimingStatus>PTP</TimingStatus></From><To SequenceNumber="13"><StopPointRef>490001144N</StopPointRef><TimingStatus>PTP</TimingStatus></To><RunTime>PT72S</RunTime></JourneyPatternTimingLink><JourneyPatternTimingLink id="JPL_49696b_H_1_12"><From SequenceNumber="13"><StopPointRef>490001144N</StopPointRef><TimingStatus>PTP</TimingStatus></From><To SequenceNumber="14"><StopPointRef>490007942K</StopPointRef><TimingStatus>PTP</TimingStatus></To><RunTime>PT84S</RunTime></JourneyPatternTimingLink><JourneyPatternTimingLink id="JPL_49696b_H_1_13"><From SequenceNumber="14"><StopPointRef>490007942K</StopPointRef><TimingStatus>PTP</TimingStatus></From><To SequenceNumber="15"><StopPointRef>490010095C</StopPointRef><TimingStatus>PTP</TimingStatus></To><RunTime>PT84S</RunTime></JourneyPatternTimingLink><JourneyPatternTimingLink id="JPL_49696b_H_1_14"><From SequenceNumber="15"><StopPointRef>490010095C</StopPointRef><TimingStatus>PTP</TimingStatus></From><To SequenceNumber="16"><StopPointRef>490006384N</StopPointRef><TimingStatus>PTP</TimingStatus></To><RunTime>PT84S</RunTime></JourneyPatternTimingLink><JourneyPatternTimingLink id="JPL_49696b_H_1_15"><From SequenceNumber="16"><StopPointRef>490006384N</StopPointRef><TimingStatus>PTP</TimingStatus></From><To SequenceNumber="17"><StopPointRef>490003512N</StopPointRef><TimingStatus>PTP</TimingStatus></To><RunTime>PT84S</RunTime></JourneyPatternTimingLink><JourneyPatternTimingLink id="JPL_49696b_H_1_16"><From SequenceNumber="17"><StopPointRef>490003512N</StopPointRef><TimingStatus>PTP</TimingStatus></From><To SequenceNumber="18"><StopPointRef>490011170N</StopPointRef><TimingStatus>PTP</TimingStatus></To><RunTime>PT84S</RunTime></JourneyPatternTimingLink><JourneyPatternTimingLink id="JPL_49696b_H_1_17"><From SequenceNumber="18"><StopPointRef>490011170N</StopPointRef><TimingStatus>PTP</TimingStatus></From><To SequenceNumber="19"><StopPointRef>490008109T</StopPointRef><TimingStatus>PTP</TimingStatus></To><RunTime>PT84S</RunTime></JourneyPatternTimingLink><JourneyPatternTimingLink id="JPL_49696b_H_1_18"><From SequenceNumber="19"><StopPointRef>490008109T</StopPointRef><TimingStatus>PTP</TimingStatus></From><To SequenceNumber="20"><StopPointRef>490004920O</StopPointRef><TimingStatus>PTP</TimingStatus></To><RunTime>PT84S</RunTime></JourneyPatternTimingLink><JourneyPatternTimingLink id="JPL_49696b_H_1_19"><From SequenceNumber="20"><StopPointRef>490004920O</StopPointRef><TimingStatus>PTP</TimingStatus></From><To SequenceNumber="21"><StopPointRef>490003873M</StopPointRef><TimingStatus>PTP</TimingStatus></To><RunTime>PT84S</RunTime></JourneyPatternTimingLink><JourneyPatternTimingLink id="JPL_49696b_H_1_20"><From SequenceNumber="21"><StopPointRef>490003873M</StopPointRef><TimingStatus>PTP</TimingStatus></From><To SequenceNumber="22"><StopPointRef>490005294K</StopPointRef><TimingStatus>PTP</TimingStatus></To><RunTime>PT84S</RunTime></JourneyPatternTimingLink><JourneyPatternTimingLink id="JPL_49696b_H_1_21"><From SequenceNumber="22"><StopPointRef>490005294K</StopPointRef><TimingStatus>PTP</TimingStatus></From><To SequenceNumber="23"><StopPointRef>490015587E</StopPointRef><TimingStatus>PTP</TimingStatus></To><RunTime>PT84S</RunTime></JourneyPatternTimingLink><JourneyPatternTimingLink id="JPL_49696b_H_1_22"><From SequenceNumber="23"><StopPointRef>490015587E</StopPointRef><TimingStatus>PTP</TimingStatus></From><To SequenceNumber="24"><StopPointRef>490013978C</StopPointRef><TimingStatus>PTP</TimingStatus></To><RunTime>PT60S</RunTime></JourneyPatternTimingLink><JourneyPatternTimingLink id="JPL_49696b_H_1_23"><From SequenceNumber="24"><StopPointRef>490013978C</StopPointRef><TimingStatus>PTP</TimingStatus></From><To SequenceNumber="25"><StopPointRef>490003572N</StopPointRef><TimingStatus>PTP</TimingStatus></To><RunTime>PT60S</RunTime></JourneyPatternTimingLink><JourneyPatternTimingLink id="JPL_49696b_H_1_24"><From SequenceNumber="25"><StopPointRef>490003572N</StopPointRef><TimingStatus>PTP</TimingStatus></From><To SequenceNumber="26"><StopPointRef>490007002N</StopPointRef><TimingStatus>PTP</TimingStatus></To><RunTime>PT60S</RunTime></JourneyPatternTimingLink><JourneyPatternTimingLink id="JPL_49696b_H_1_25"><From SequenceNumber="26"><StopPointRef>490007002N</StopPointRef><TimingStatus>PTP</TimingStatus></From><To SequenceNumber="27"><StopPointRef>490006715N</StopPointRef><TimingStatus>PTP</TimingStatus></To><RunTime>PT60S</RunTime></JourneyPatternTimingLink><JourneyPatternTimingLink id="JPL_49696b_H_1_26"><From SequenceNumber="27"><StopPointRef>490006715N</StopPointRef><TimingStatus>PTP</TimingStatus></From><To SequenceNumber="28"><StopPointRef>490008963E</StopPointRef><TimingStatus>PTP</TimingStatus></To><RunTime>PT60S</RunTime></JourneyPatternTimingLink><JourneyPatternTimingLink id="JPL_49696b_H_1_27"><From SequenceNumber="28"><StopPointRef>490008963E</StopPointRef><TimingStatus>PTP</TimingStatus></From><To SequenceNumber="29"><StopPointRef>490016772E</StopPointRef><TimingStatus>PTP</TimingStatus></To><RunTime>PT60S</RunTime></JourneyPatternTimingLink><JourneyPatternTimingLink id="JPL_49696b_H_1_28"><From SequenceNumber="29"><StopPointRef>490016772E</StopPointRef><TimingStatus>PTP</TimingStatus></From><To SequenceNumber="30"><StopPointRef>490013757E</StopPointRef><TimingStatus>PTP</TimingStatus></To><RunTime>PT60S</RunTime></JourneyPatternTimingLink><JourneyPatternTimingLink id="JPL_49696b_H_1_29"><From SequenceNumber="30"><StopPointRef>490013757E</StopPointRef><TimingStatus>PTP</TimingStatus></From><To SequenceNumber="31"><StopPointRef>490007610E</StopPointRef><TimingStatus>PTP</TimingStatus></To><RunTime>PT60S</RunTime></JourneyPatternTimingLink><JourneyPatternTimingLink id="JPL_49696b_H_1_30"><From SequenceNumber="31"><StopPointRef>490007610E</StopPointRef><TimingStatus>PTP</TimingStatus></From><To SequenceNumber="32"><StopPointRef>490008784S</StopPointRef><TimingStatus>PTP</TimingStatus></To><RunTime>PT60S</RunTime></JourneyPatternTimingLink><JourneyPatternTimingLink id="JPL_49696b_H_1_31"><From SequenceNumber="32"><StopPointRef>490008784S</StopPointRef><TimingStatus>PTP</TimingStatus></From><To SequenceNumber="33"><StopPointRef>490003647S</StopPointRef><TimingStatus>PTP</TimingStatus></To><RunTime>PT60S</RunTime></JourneyPatternTimingLink><JourneyPatternTimingLink id="JPL_49696b_H_1_32"><From SequenceNumber="33"><StopPointRef>490003647S</StopPointRef><TimingStatus>PTP</TimingStatus></From><To SequenceNumber="34"><StopPointRef>490014993E</StopPointRef><TimingStatus>PTP</TimingStatus></To><RunTime>PT120S</RunTime></JourneyPatternTimingLink><JourneyPatternTimingLink id="JPL_49696b_H_1_33"><From SequenceNumber="34"><StopPointRef>490014993E</StopPointRef><TimingStatus>PTP</TimingStatus></From><To SequenceNumber="35"><StopPointRef>490013587E</StopPointRef><TimingStatus>PTP</TimingStatus></To><RunTime>PT48S</RunTime></JourneyPatternTimingLink><JourneyPatternTimingLink id="JPL_49696b_H_1_34"><From SequenceNumber="35"><StopPointRef>490013587E</StopPointRef><TimingStatus>PTP</TimingStatus></From><To SequenceNumber="36"><StopPointRef>490010903N</StopPointRef><TimingStatus>PTP</TimingStatus></To><RunTime>PT48S</RunTime></JourneyPatternTimingLink><JourneyPatternTimingLink id="JPL_49696b_H_1_35"><From SequenceNumber="36"><StopPointRef>490010903N</StopPointRef><TimingStatus>PTP</TimingStatus></From><To SequenceNumber="37"><StopPointRef>490010712N</StopPointRef><TimingStatus>PTP</TimingStatus></To><RunTime>PT48S</RunTime></JourneyPatternTimingLink><JourneyPatternTimingLink id="JPL_49696b_H_1_36"><From SequenceNumber="37"><StopPointRef>490010712N</StopPointRef><TimingStatus>PTP</TimingStatus></From><To SequenceNumber="38"><StopPointRef>490008754E2</StopPointRef><TimingStatus>PTP</TimingStatus></To><RunTime>PT48S</RunTime></JourneyPatternTimingLink><JourneyPatternTimingLink id="JPL_49696b_H_1_37"><From SequenceNumber="38"><StopPointRef>490008754E2</StopPointRef><TimingStatus>PTP</TimingStatus></From><To SequenceNumber="39"><StopPointRef>490003930N</StopPointRef><TimingStatus>PTP</TimingStatus></To><RunTime>PT48S</RunTime></JourneyPatternTimingLink><JourneyPatternTimingLink id="JPL_49696b_H_1_38"><From SequenceNumber="39"><StopPointRef>490003930N</StopPointRef><TimingStatus>PTP</TimingStatus></From><To SequenceNumber="40"><StopPointRef>490011995N</StopPointRef><TimingStatus>PTP</TimingStatus></To><RunTime>PT48S</RunTime></JourneyPatternTimingLink><JourneyPatternTimingLink id="JPL_49696b_H_1_39"><From SequenceNumber="40"><StopPointRef>490011995N</StopPointRef><TimingStatus>PTP</TimingStatus></From><To SequenceNumber="41"><StopPointRef>490004373W</StopPointRef><TimingStatus>PTP</TimingStatus></To><RunTime>PT48S</RunTime></JourneyPatternTimingLink><JourneyPatternTimingLink id="JPL_49696b_H_1_40"><From SequenceNumber="41"><StopPointRef>490004373W</StopPointRef><TimingStatus>PTP</TimingStatus></From><To SequenceNumber="42"><StopPointRef>490008596W</StopPointRef><TimingStatus>PTP</TimingStatus></To><RunTime>PT48S</RunTime></JourneyPatternTimingLink><JourneyPatternTimingLink id="JPL_49696b_H_1_41"><From SequenceNumber="42"><StopPointRef>490008596W</StopPointRef><TimingStatus>PTP</TimingStatus></From><To SequenceNumber="43"><StopPointRef>490015551W1</StopPointRef><TimingStatus>PTP</TimingStatus></To><RunTime>PT96S</RunTime></JourneyPatternTimingLink><JourneyPatternTimingLink id="JPL_49696b_H_1_42"><From SequenceNumber="43"><StopPointRef>490015551W1</StopPointRef><TimingStatus>PTP</TimingStatus></From><To SequenceNumber="44"><StopPointRef>490010582N</StopPointRef><TimingStatus>PTP</TimingStatus></To><RunTime>PT78S</RunTime></JourneyPatternTimingLink><JourneyPatternTimingLink id="JPL_49696b_H_1_43"><From SequenceNumber="44"><StopPointRef>490010582N</StopPointRef><TimingStatus>PTP</TimingStatus></From><To SequenceNumber="45"><StopPointRef>490007881N</StopPointRef><TimingStatus>PTP</TimingStatus></To><RunTime>PT78S</RunTime></JourneyPatternTimingLink><JourneyPatternTimingLink id="JPL_49696b_H_1_44"><From SequenceNumber="45"><StopPointRef>490007881N</StopPointRef><TimingStatus>PTP</TimingStatus></From><To SequenceNumber="46"><StopPointRef>490011084N</StopPointRef><TimingStatus>PTP</TimingStatus></To><RunTime>PT78S</RunTime></JourneyPatternTimingLink><JourneyPatternTimingLink id="JPL_49696b_H_1_45"><From SequenceNumber="46"><StopPointRef>490011084N</StopPointRef><TimingStatus>PTP</TimingStatus></From><To SequenceNumber="47"><StopPointRef>490012605D</StopPointRef><TimingStatus>PTP</TimingStatus></To><RunTime>PT78S</RunTime></JourneyPatternTimingLink><JourneyPatternTimingLink id="JPL_49696b_H_1_46"><From SequenceNumber="47"><StopPointRef>490012605D</StopPointRef><TimingStatus>PTP</TimingStatus></From><To SequenceNumber="48"><StopPointRef>490011380N</StopPointRef><TimingStatus>PTP</TimingStatus></To><RunTime>PT78S</RunTime></JourneyPatternTimingLink><JourneyPatternTimingLink id="JPL_49696b_H_1_47"><From SequenceNumber="48"><StopPointRef>490011380N</StopPointRef><TimingStatus>PTP</TimingStatus></From><To SequenceNumber="49"><StopPointRef>490000198B</StopPointRef><TimingStatus>PTP</TimingStatus></To><RunTime>PT90S</RunTime></JourneyPatternTimingLink><JourneyPatternTimingLink id="JPL_49696b_H_1_48"><From SequenceNumber="49"><StopPointRef>490000198B</StopPointRef><TimingStatus>PTP</TimingStatus></From><To SequenceNumber="50"><StopPointRef>490003920N</StopPointRef><TimingStatus>PTP</TimingStatus></To><RunTime>PT156S</RunTime></JourneyPatternTimingLink><JourneyPatternTimingLink id="JPL_49696b_H_1_49"><From SequenceNumber="50"><StopPointRef>490003920N</StopPointRef><TimingStatus>PTP</TimingStatus></From><To SequenceNumber="51"><StopPointRef>490010348N</StopPointRef><TimingStatus>PTP</TimingStatus></To><RunTime>PT156S</RunTime></JourneyPatternTimingLink><JourneyPatternTimingLink id="JPL_49696b_H_1_50"><From SequenceNumber="51"><StopPointRef>490010348N</StopPointRef><TimingStatus>PTP</TimingStatus></From><To SequenceNumber="52"><StopPointRef>490007555N</StopPointRef><TimingStatus>PTP</TimingStatus></To><RunTime>PT156S</RunTime></JourneyPatternTimingLink><JourneyPatternTimingLink id="JPL_49696b_H_1_51"><From SequenceNumber="52"><StopPointRef>490007555N</StopPointRef><TimingStatus>PTP</TimingStatus></From><To SequenceNumber="53"><StopPointRef>490011785N</StopPointRef><TimingStatus>PTP</TimingStatus></To><RunTime>PT156S</RunTime></JourneyPatternTimingLink><JourneyPatternTimingLink id="JPL_49696b_H_1_52"><From SequenceNumber="53"><StopPointRef>490011785N</StopPointRef><TimingStatus>PTP</TimingStatus></From><To SequenceNumber="54"><StopPointRef>490000199C</StopPointRef><TimingStatus>PTP</TimingStatus></To><RunTime>PT156S</RunTime></JourneyPatternTimingLink><JourneyPatternTimingLink id="JPL_49696b_H_1_53"><From SequenceNumber="54"><StopPointRef>490000199C</StopPointRef><TimingStatus>PTP</TimingStatus></From><To SequenceNumber="55"><StopPointRef>490014761N</StopPointRef><TimingStatus>PTP</TimingStatus></To><RunTime>PT150S</RunTime></JourneyPatternTimingLink><JourneyPatternTimingLink id="JPL_49696b_H_1_54"><From SequenceNumber="55"><StopPointRef>490014761N</StopPointRef><TimingStatus>PTP</TimingStatus></From><To SequenceNumber="56"><StopPointRef>490008164E</StopPointRef><TimingStatus>PTP</TimingStatus></To><RunTime>PT150S</RunTime></JourneyPatternTimingLink></JourneyPatternSection><JourneyPatternSection id="JPS_49696b_R_2"><JourneyPatternTimingLink id="JPL_49696b_R_2_0"><From SequenceNumber="1"><StopPointRef>490008164E</StopPointRef><TimingStatus>PTP</TimingStatus></From><To SequenceNumber="2"><StopPointRef>490014761S</StopPointRef><TimingStatus>PTP</TimingStatus></To><RunTime>PT150S</RunTime></JourneyPatternTimingLink><JourneyPatternTimingLink id="JPL_49696b_R_2_1"><From SequenceNumber="2"><StopPointRef>490014761S</StopPointRef><TimingStatus>PTP</TimingStatus></From><To SequenceNumber="3"><StopPointRef>490000199D</StopPointRef><TimingStatus>PTP</TimingStatus></To><RunTime>PT150S</RunTime></JourneyPatternTimingLink><JourneyPatternTimingLink id="JPL_49696b_R_2_2"><From SequenceNumber="3"><StopPointRef>490000199D</StopPointRef><TimingStatus>PTP</TimingStatus></From><To SequenceNumber="4"><StopPointRef>490007555S</StopPointRef><TimingStatus>PTP</TimingStatus></To><RunTime>PT132S</RunTime></JourneyPatternTimingLink><JourneyPatternTimingLink id="JPL_49696b_R_2_3"><From SequenceNumber="4"><StopPointRef>490007555S</StopPointRef><TimingStatus>PTP</TimingStatus></From><To SequenceNumber="5"><StopPointRef>490010348S</StopPointRef><TimingStatus>PTP</TimingStatus></To><RunTime>PT132S</RunTime></JourneyPatternTimingLink><JourneyPatternTimingLink id="JPL_49696b_R_2_4"><From SequenceNumber="5"><StopPointRef>490010348S</StopPointRef><TimingStatus>PTP</TimingStatus></From><To SequenceNumber="6"><StopPointRef>490003920S</StopPointRef><TimingStatus>PTP</TimingStatus></To><RunTime>PT132S</RunTime></JourneyPatternTimingLink><JourneyPatternTimingLink id="JPL_49696b_R_2_5"><From SequenceNumber="6"><StopPointRef>490003920S</StopPointRef><TimingStatus>PTP</TimingStatus></From><To SequenceNumber="7"><StopPointRef>490000198A</StopPointRef><TimingStatus>PTP</TimingStatus></To><RunTime>PT144S</RunTime></JourneyPatternTimingLink><JourneyPatternTimingLink id="JPL_49696b_R_2_6"><From SequenceNumber="7"><StopPointRef>490000198A</StopPointRef><TimingStatus>PTP</TimingStatus></From><To SequenceNumber="8"><StopPointRef>490011380S</StopPointRef><TimingStatus>PTP</TimingStatus></To><RunTime>PT78S</RunTime></JourneyPatternTimingLink><JourneyPatternTimingLink id="JPL_49696b_R_2_7"><From SequenceNumber="8"><StopPointRef>490011380S</StopPointRef><TimingStatus>PTP</TimingStatus></From><To SequenceNumber="9"><StopPointRef>490012605C</StopPointRef><TimingStatus>PTP</TimingStatus></To><RunTime>PT78S</RunTime></JourneyPatternTimingLink><JourneyPatternTimingLink id="JPL_49696b_R_2_8"><From SequenceNumber="9"><StopPointRef>490012605C</StopPointRef><TimingStatus>PTP</TimingStatus></From><To SequenceNumber="10"><StopPointRef>490011084S</StopPointRef><TimingStatus>PTP</TimingStatus></To><RunTime>PT78S</RunTime></JourneyPatternTimingLink><JourneyPatternTimingLink id="JPL_49696b_R_2_9"><From SequenceNumber="10"><StopPointRef>490011084S</StopPointRef><TimingStatus>PTP</TimingStatus></From><To SequenceNumber="11"><StopPointRef>490007881S</StopPointRef><TimingStatus>PTP</TimingStatus></To><RunTime>PT78S</RunTime></JourneyPatternTimingLink><JourneyPatternTimingLink id="JPL_49696b_R_2_10"><From SequenceNumber="11"><StopPointRef>490007881S</StopPointRef><TimingStatus>PTP</TimingStatus></From><To SequenceNumber="12"><StopPointRef>490010582S</StopPointRef><TimingStatus>PTP</TimingStatus></To><RunTime>PT78S</RunTime></JourneyPatternTimingLink><JourneyPatternTimingLink id="JPL_49696b_R_2_11"><From SequenceNumber="12"><StopPointRef>490010582S</StopPointRef><TimingStatus>PTP</TimingStatus></From><To SequenceNumber="13"><StopPointRef>490015409E</StopPointRef><TimingStatus>PTP</TimingStatus></To><RunTime>PT90S</RunTime></JourneyPatternTimingLink><JourneyPatternTimingLink id="JPL_49696b_R_2_12"><From SequenceNumber="13"><StopPointRef>490015409E</StopPointRef><TimingStatus>PTP</TimingStatus></From><To SequenceNumber="14"><StopPointRef>490015479E</StopPointRef><TimingStatus>PTP</TimingStatus></To><RunTime>PT54S</RunTime></JourneyPatternTimingLink><JourneyPatternTimingLink id="JPL_49696b_R_2_13"><From SequenceNumber="14"><StopPointRef>490015479E</StopPointRef><TimingStatus>PTP</TimingStatus></From><To SequenceNumber="15"><StopPointRef>490008596E</StopPointRef><TimingStatus>PTP</TimingStatus></To><RunTime>PT54S</RunTime></JourneyPatternTimingLink><JourneyPatternTimingLink id="JPL_49696b_R_2_14"><From SequenceNumber="15"><StopPointRef>490008596E</StopPointRef><TimingStatus>PTP</TimingStatus></From><To SequenceNumber="16"><StopPointRef>490004373S</StopPointRef><TimingStatus>PTP</TimingStatus></To><RunTime>PT54S</RunTime></JourneyPatternTimingLink><JourneyPatternTimingLink id="JPL_49696b_R_2_15"><From SequenceNumber="16"><StopPointRef>490004373S</StopPointRef><TimingStatus>PTP</TimingStatus></From><To SequenceNumber="17"><StopPointRef>490011995S</StopPointRef><TimingStatus>PTP</TimingStatus></To><RunTime>PT54S</RunTime></JourneyPatternTimingLink><JourneyPatternTimingLink id="JPL_49696b_R_2_16"><From SequenceNumber="17"><StopPointRef>490011995S</StopPointRef><TimingStatus>PTP</TimingStatus></From><To SequenceNumber="18"><StopPointRef>490003930S</StopPointRef><TimingStatus>PTP</TimingStatus></To><RunTime>PT54S</RunTime></JourneyPatternTimingLink><JourneyPatternTimingLink id="JPL_49696b_R_2_17"><From SequenceNumber="18"><StopPointRef>490003930S</StopPointRef><TimingStatus>PTP</TimingStatus></From><To SequenceNumber="19"><StopPointRef>490008754E1</StopPointRef><TimingStatus>PTP</TimingStatus></To><RunTime>PT54S</RunTime></JourneyPatternTimingLink><JourneyPatternTimingLink id="JPL_49696b_R_2_18"><From SequenceNumber="19"><StopPointRef>490008754E1</StopPointRef><TimingStatus>PTP</TimingStatus></From><To SequenceNumber="20"><StopPointRef>490010903S</StopPointRef><TimingStatus>PTP</TimingStatus></To><RunTime>PT54S</RunTime></JourneyPatternTimingLink><JourneyPatternTimingLink id="JPL_49696b_R_2_19"><From SequenceNumber="20"><StopPointRef>490010903S</StopPointRef><TimingStatus>PTP</TimingStatus></From><To SequenceNumber="21"><StopPointRef>490008576S</StopPointRef><TimingStatus>PTP</TimingStatus></To><RunTime>PT54S</RunTime></JourneyPatternTimingLink><JourneyPatternTimingLink id="JPL_49696b_R_2_20"><From SequenceNumber="21"><StopPointRef>490008576S</StopPointRef><TimingStatus>PTP</TimingStatus></From><To SequenceNumber="22"><StopPointRef>490013587W</StopPointRef><TimingStatus>PTP</TimingStatus></To><RunTime>PT54S</RunTime></JourneyPatternTimingLink><JourneyPatternTimingLink id="JPL_49696b_R_2_21"><From SequenceNumber="22"><StopPointRef>490013587W</StopPointRef><TimingStatus>PTP</TimingStatus></From><To SequenceNumber="23"><StopPointRef>490014711N</StopPointRef><TimingStatus>PTP</TimingStatus></To><RunTime>PT54S</RunTime></JourneyPatternTimingLink><JourneyPatternTimingLink id="JPL_49696b_R_2_22"><From SequenceNumber="23"><StopPointRef>490014711N</StopPointRef><TimingStatus>PTP</TimingStatus></From><To SequenceNumber="24"><StopPointRef>490003647N</StopPointRef><TimingStatus>PTP</TimingStatus></To><RunTime>PT60S</RunTime></JourneyPatternTimingLink><JourneyPatternTimingLink id="JPL_49696b_R_2_23"><From SequenceNumber="24"><StopPointRef>490003647N</StopPointRef><TimingStatus>PTP</TimingStatus></From><To SequenceNumber="25"><StopPointRef>490008417W</StopPointRef><TimingStatus>PTP</TimingStatus></To><RunTime>PT60S</RunTime></JourneyPatternTimingLink><JourneyPatternTimingLink id="JPL_49696b_R_2_24"><From SequenceNumber="25"><StopPointRef>490008417W</StopPointRef><TimingStatus>PTP</TimingStatus></From><To SequenceNumber="26"><StopPointRef>490007610W</StopPointRef><TimingStatus>PTP</TimingStatus></To><RunTime>PT60S</RunTime></JourneyPatternTimingLink><JourneyPatternTimingLink id="JPL_49696b_R_2_25"><From SequenceNumber="26"><StopPointRef>490007610W</StopPointRef><TimingStatus>PTP</TimingStatus></From><To SequenceNumber="27"><StopPointRef>490013757W</StopPointRef><TimingStatus>PTP</TimingStatus></To><RunTime>PT60S</RunTime></JourneyPatternTimingLink><JourneyPatternTimingLink id="JPL_49696b_R_2_26"><From SequenceNumber="27"><StopPointRef>490013757W</StopPointRef><TimingStatus>PTP</TimingStatus></From><To SequenceNumber="28"><StopPointRef>490016772W</StopPointRef><TimingStatus>PTP</TimingStatus></To><RunTime>PT60S</RunTime></JourneyPatternTimingLink><JourneyPatternTimingLink id="JPL_49696b_R_2_27"><From SequenceNumber="28"><StopPointRef>490016772W</StopPointRef><TimingStatus>PTP</TimingStatus></From><To SequenceNumber="29"><StopPointRef>490007536W</StopPointRef><TimingStatus>PTP</TimingStatus></To><RunTime>PT60S</RunTime></JourneyPatternTimingLink><JourneyPatternTimingLink id="JPL_49696b_R_2_28"><From SequenceNumber="29"><StopPointRef>490007536W</StopPointRef><TimingStatus>PTP</TimingStatus></From><To SequenceNumber="30"><StopPointRef>490008783S</StopPointRef><TimingStatus>PTP</TimingStatus></To><RunTime>PT60S</RunTime></JourneyPatternTimingLink><JourneyPatternTimingLink id="JPL_49696b_R_2_29"><From SequenceNumber="30"><StopPointRef>490008783S</StopPointRef><TimingStatus>PTP</TimingStatus></From><To SequenceNumber="31"><StopPointRef>490006715S</StopPointRef><TimingStatus>PTP</TimingStatus></To><RunTime>PT60S</RunTime></JourneyPatternTimingLink><JourneyPatternTimingLink id="JPL_49696b_R_2_30"><From SequenceNumber="31"><StopPointRef>490006715S</StopPointRef><TimingStatus>PTP</TimingStatus></From><To SequenceNumber="32"><StopPointRef>490007003S</StopPointRef><TimingStatus>PTP</TimingStatus></To><RunTime>PT60S</RunTime></JourneyPatternTimingLink><JourneyPatternTimingLink id="JPL_49696b_R_2_31"><From SequenceNumber="32"><StopPointRef>490007003S</StopPointRef><TimingStatus>PTP</TimingStatus></From><To SequenceNumber="33"><StopPointRef>490003572D</StopPointRef><TimingStatus>PTP</TimingStatus></To><RunTime>PT60S</RunTime></JourneyPatternTimingLink><JourneyPatternTimingLink id="JPL_49696b_R_2_32"><From SequenceNumber="33"><StopPointRef>490003572D</StopPointRef><TimingStatus>PTP</TimingStatus></From><To SequenceNumber="34"><StopPointRef>490008962E</StopPointRef><TimingStatus>PTP</TimingStatus></To><RunTime>PT120S</RunTime></JourneyPatternTimingLink><JourneyPatternTimingLink id="JPL_49696b_R_2_33"><From SequenceNumber="34"><StopPointRef>490008962E</StopPointRef><TimingStatus>PTP</TimingStatus></From><To SequenceNumber="35"><StopPointRef>490005294J</StopPointRef><TimingStatus>PTP</TimingStatus></To><RunTime>PT60S</RunTime></JourneyPatternTimingLink><JourneyPatternTimingLink id="JPL_49696b_R_2_34"><From SequenceNumber="35"><StopPointRef>490005294J</StopPointRef><TimingStatus>PTP</TimingStatus></From><To SequenceNumber="36"><StopPointRef>490003873L</StopPointRef><TimingStatus>PTP</TimingStatus></To><RunTime>PT60S</RunTime></JourneyPatternTimingLink><JourneyPatternTimingLink id="JPL_49696b_R_2_35"><From SequenceNumber="36"><StopPointRef>490003873L</StopPointRef><TimingStatus>PTP</TimingStatus></From><To SequenceNumber="37"><StopPointRef>490014994N</StopPointRef><TimingStatus>PTP</TimingStatus></To><RunTime>PT60S</RunTime></JourneyPatternTimingLink><JourneyPatternTimingLink id="JPL_49696b_R_2_36"><From SequenceNumber="37"><StopPointRef>490014994N</StopPointRef><TimingStatus>PTP</TimingStatus></From><To SequenceNumber="38"><StopPointRef>490008109U</StopPointRef><TimingStatus>PTP</TimingStatus></To><RunTime>PT60S</RunTime></JourneyPatternTimingLink><JourneyPatternTimingLink id="JPL_49696b_R_2_37"><From SequenceNumber="38"><StopPointRef>490008109U</StopPointRef><TimingStatus>PTP</TimingStatus></From><To SequenceNumber="39"><StopPointRef>490011170S</StopPointRef><TimingStatus>PTP</TimingStatus></To><RunTime>PT60S</RunTime></JourneyPatternTimingLink><JourneyPatternTimingLink id="JPL_49696b_R_2_38"><From SequenceNumber="39"><StopPointRef>490011170S</StopPointRef><TimingStatus>PTP</TimingStatus></From><To SequenceNumber="40"><StopPointRef>490003512S</StopPointRef><TimingStatus>PTP</TimingStatus></To><RunTime>PT60S</RunTime></JourneyPatternTimingLink><JourneyPatternTimingLink id="JPL_49696b_R_2_39"><From SequenceNumber="40"><StopPointRef>490003512S</StopPointRef><TimingStatus>PTP</TimingStatus></From><To SequenceNumber="41"><StopPointRef>490006384S</StopPointRef><TimingStatus>PTP</TimingStatus></To><RunTime>PT60S</RunTime></JourneyPatternTimingLink><JourneyPatternTimingLink id="JPL_49696b_R_2_40"><From SequenceNumber="41"><StopPointRef>490006384S</StopPointRef><TimingStatus>PTP</TimingStatus></From><To SequenceNumber="42"><StopPointRef>490006701B</StopPointRef><TimingStatus>PTP</TimingStatus></To><RunTime>PT60S</RunTime></JourneyPatternTimingLink><JourneyPatternTimingLink id="JPL_49696b_R_2_41"><From SequenceNumber="42"><StopPointRef>490006701B</StopPointRef><TimingStatus>PTP</TimingStatus></From><To SequenceNumber="43"><StopPointRef>490010095D</StopPointRef><TimingStatus>PTP</TimingStatus></To><RunTime>PT60S</RunTime></JourneyPatternTimingLink><JourneyPatternTimingLink id="JPL_49696b_R_2_42"><From SequenceNumber="43"><StopPointRef>490010095D</StopPointRef><TimingStatus>PTP</TimingStatus></From><To SequenceNumber="44"><StopPointRef>490007955H</StopPointRef><TimingStatus>PTP</TimingStatus></To><RunTime>PT60S</RunTime></JourneyPatternTimingLink><JourneyPatternTimingLink id="JPL_49696b_R_2_43"><From SequenceNumber="44"><StopPointRef>490007955H</StopPointRef><TimingStatus>PTP</TimingStatus></From><To SequenceNumber="45"><StopPointRef>490001144M</StopPointRef><TimingStatus>PTP</TimingStatus></To><RunTime>PT120S</RunTime></JourneyPatternTimingLink><JourneyPatternTimingLink id="JPL_49696b_R_2_44"><From SequenceNumber="45"><StopPointRef>490001144M</StopPointRef><TimingStatus>PTP</TimingStatus></From><To SequenceNumber="46"><StopPointRef>490006702S1</StopPointRef><TimingStatus>PTP</TimingStatus></To><RunTime>PT48S</RunTime></JourneyPatternTimingLink><JourneyPatternTimingLink id="JPL_49696b_R_2_45"><From SequenceNumber="46"><StopPointRef>490006702S1</StopPointRef><TimingStatus>PTP</TimingStatus></From><To SequenceNumber="47"><StopPointRef>490011489S1</StopPointRef><TimingStatus>PTP</TimingStatus></To><RunTime>PT48S</RunTime></JourneyPatternTimingLink><JourneyPatternTimingLink id="JPL_49696b_R_2_46"><From SequenceNumber="47"><StopPointRef>490011489S1</StopPointRef><TimingStatus>PTP</TimingStatus></From><To SequenceNumber="48"><StopPointRef>490005989W</StopPointRef><TimingStatus>PTP</TimingStatus></To><RunTime>PT48S</RunTime></JourneyPatternTimingLink><JourneyPatternTimingLink id="JPL_49696b_R_2_47"><From SequenceNumber="48"><StopPointRef>490005989W</StopPointRef><TimingStatus>PTP</TimingStatus></From><To SequenceNumber="49"><StopPointRef>490005989N</StopPointRef><TimingStatus>PTP</TimingStatus></To><RunTime>PT48S</RunTime></JourneyPatternTimingLink><JourneyPatternTimingLink id="JPL_49696b_R_2_48"><From SequenceNumber="49"><StopPointRef>490005989N</StopPointRef><TimingStatus>PTP</TimingStatus></From><To SequenceNumber="50"><StopPointRef>490004200W</StopPointRef><TimingStatus>PTP</TimingStatus></To><RunTime>PT48S</RunTime></JourneyPatternTimingLink><JourneyPatternTimingLink id="JPL_49696b_R_2_49"><From SequenceNumber="50"><StopPointRef>490004200W</StopPointRef><TimingStatus>PTP</TimingStatus></From><To SequenceNumber="51"><StopPointRef>490005458S</StopPointRef><TimingStatus>PTP</TimingStatus></To><RunTime>PT48S</RunTime></JourneyPatternTimingLink><JourneyPatternTimingLink id="JPL_49696b_R_2_50"><From SequenceNumber="51"><StopPointRef>490005458S</StopPointRef><TimingStatus>PTP</TimingStatus></From><To SequenceNumber="52"><StopPointRef>490006469S</StopPointRef><TimingStatus>PTP</TimingStatus></To><RunTime>PT48S</RunTime></JourneyPatternTimingLink><JourneyPatternTimingLink id="JPL_49696b_R_2_51"><From SequenceNumber="52"><StopPointRef>490006469S</StopPointRef><TimingStatus>PTP</TimingStatus></From><To SequenceNumber="53"><StopPointRef>490007810W</StopPointRef><TimingStatus>PTP</TimingStatus></To><RunTime>PT48S</RunTime></JourneyPatternTimingLink><JourneyPatternTimingLink id="JPL_49696b_R_2_52"><From SequenceNumber="53"><StopPointRef>490007810W</StopPointRef><TimingStatus>PTP</TimingStatus></From><To SequenceNumber="54"><StopPointRef>490011013W</StopPointRef><TimingStatus>PTP</TimingStatus></To><RunTime>PT48S</RunTime></JourneyPatternTimingLink><JourneyPatternTimingLink id="JPL_49696b_R_2_53"><From SequenceNumber="54"><StopPointRef>490011013W</StopPointRef><TimingStatus>PTP</TimingStatus></From><To SequenceNumber="55"><StopPointRef>490011015N</StopPointRef><TimingStatus>PTP</TimingStatus></To><RunTime>PT48S</RunTime></JourneyPatternTimingLink><JourneyPatternTimingLink id="JPL_49696b_R_2_54"><From SequenceNumber="55"><StopPointRef>490011015N</StopPointRef><TimingStatus>PTP</TimingStatus></From><To SequenceNumber="56"><StopPointRef>490007206N</StopPointRef><TimingStatus>PTP</TimingStatus></To><RunTime>PT48S</RunTime></JourneyPatternTimingLink><JourneyPatternTimingLink id="JPL_49696b_R_2_55"><From SequenceNumber="56"><StopPointRef>490007206N</StopPointRef><TimingStatus>PTP</TimingStatus></From><To SequenceNumber="57"><StopPointRef>490013465E</StopPointRef><TimingStatus>PTP</TimingStatus></To><RunTime>PT72S</RunTime></JourneyPatternTimingLink></JourneyPatternSection></JourneyPatternSections><Operators><Operator id="OId_LU"><OperatorCode>LU</OperatorCode><OperatorShortName>LU</OperatorShortName><OperatorNameOnLicence>LU</OperatorNameOnLicence><TradingName>LU</TradingName></Operator></Operators><Services><Service><ServiceCode>SId_49696b5</ServiceCode><PrivateCode>49696b5</PrivateCode><Lines><Line id="LId_49696b5"><LineName>696</LineName></Line></Lines><OperatingPeriod><StartDate>2009-12-01</StartDate><EndDate>2010-12-23</EndDate></OperatingPeriod><OperatingProfile><RegularDayType>
					<DaysOfWeek>
						<Monday/>
						<Tuesday/>
						<Wednesday/>
						<Thursday/>
					</DaysOfWeek>
				</RegularDayType>
				<BankHolidayOperation><DaysOfNonOperation><AllBankHolidays></AllBankHolidays></DaysOfNonOperation></BankHolidayOperation></OperatingProfile><RegisteredOperatorRef>OId_LU</RegisteredOperatorRef><StopRequirements><NoNewStopsRequired/></StopRequirements><StandardService><Origin>Bourne Avenue / Carnavon Drive</Origin><Destination>Hume Way (HA4)</Destination><JourneyPattern id="JP_49696b_H5_1"><Direction>outbound</Direction><Operational><VehicleType><VehicleTypeCode>08</VehicleTypeCode><Description>Double Decker Low Floor+Wheelchair</Description></VehicleType></Operational><RouteRef>R_49696b_H_1</RouteRef><JourneyPatternSectionRefs>JPS_49696b_H_1</JourneyPatternSectionRefs></JourneyPattern><JourneyPattern id="JP_49696b_R5_2"><Direction>inbound</Direction><Operational><VehicleType><VehicleTypeCode>08</VehicleTypeCode><Description>Double Decker Low Floor+Wheelchair</Description></VehicleType></Operational><RouteRef>R_49696b_R_2</RouteRef><JourneyPatternSectionRefs>JPS_49696b_R_2</JourneyPatternSectionRefs></JourneyPattern></StandardService></Service><Service><ServiceCode>SId_49696b6</ServiceCode><PrivateCode>49696b6</PrivateCode><Lines><Line id="LId_49696b6"><LineName>696</LineName></Line></Lines><OperatingPeriod><StartDate>2009-12-01</StartDate><EndDate>2010-12-23</EndDate></OperatingPeriod><OperatingProfile><RegularDayType>
					<DaysOfWeek>
						<Friday/>
					</DaysOfWeek>
				</RegularDayType>
				<BankHolidayOperation><DaysOfNonOperation><AllBankHolidays></AllBankHolidays></DaysOfNonOperation></BankHolidayOperation></OperatingProfile><RegisteredOperatorRef>OId_LU</RegisteredOperatorRef><StopRequirements><NoNewStopsRequired/></StopRequirements><StandardService><Origin>Bourne Avenue / Carnavon Drive</Origin><Destination>Hume Way (HA4)</Destination><JourneyPattern id="JP_49696b_H6_1"><Direction>outbound</Direction><Operational><VehicleType><VehicleTypeCode>08</VehicleTypeCode><Description>Double Decker Low Floor+Wheelchair</Description></VehicleType></Operational><RouteRef>R_49696b_H_1</RouteRef><JourneyPatternSectionRefs>JPS_49696b_H_1</JourneyPatternSectionRefs></JourneyPattern><JourneyPattern id="JP_49696b_R6_2"><Direction>inbound</Direction><Operational><VehicleType><VehicleTypeCode>08</VehicleTypeCode><Description>Double Decker Low Floor+Wheelchair</Description></VehicleType></Operational><RouteRef>R_49696b_R_2</RouteRef><JourneyPatternSectionRefs>JPS_49696b_R_2</JourneyPatternSectionRefs></JourneyPattern></StandardService></Service></Services><VehicleJourneys><VehicleJourney><PrivateCode>49696bb5H6960003</PrivateCode><Operational><VehicleType><VehicleTypeCode>08</VehicleTypeCode><Description>Double Decker Low Floor+Wheelchair</Description></VehicleType></Operational><OperatingProfile><RegularDayType>
					<DaysOfWeek>
						<Monday/>
						<Tuesday/>
						<Wednesday/>
						<Thursday/>
					</DaysOfWeek>
				</RegularDayType>
			</OperatingProfile><VehicleJourneyCode>49696bb5H6960003</VehicleJourneyCode><ServiceRef>SId_49696b5</ServiceRef><LineRef>LId_49696b5</LineRef><JourneyPatternRef>JP_49696b_H5_1</JourneyPatternRef><DepartureTime>07:10:00</DepartureTime></VehicleJourney><VehicleJourney><PrivateCode>49696bb6H6960001</PrivateCode><Operational><VehicleType><VehicleTypeCode>08</VehicleTypeCode><Description>Double Decker Low Floor+Wheelchair</Description></VehicleType></Operational><OperatingProfile><RegularDayType>
					<DaysOfWeek>
						<Friday/>
					</DaysOfWeek>
				</RegularDayType>
			</OperatingProfile><VehicleJourneyCode>49696bb6H6960001</VehicleJourneyCode><ServiceRef>SId_49696b6</ServiceRef><LineRef>LId_49696b6</LineRef><JourneyPatternRef>JP_49696b_H6_1</JourneyPatternRef><DepartureTime>07:10:00</DepartureTime></VehicleJourney><VehicleJourney><PrivateCode>49696bb5R6960004</PrivateCode><Operational><VehicleType><VehicleTypeCode>08</VehicleTypeCode><Description>Double Decker Low Floor+Wheelchair</Description></VehicleType></Operational><OperatingProfile><RegularDayType>
					<DaysOfWeek>
						<Monday/>
						<Tuesday/>
						<Wednesday/>
						<Thursday/>
					</DaysOfWeek>
				</RegularDayType>
			</OperatingProfile><VehicleJourneyCode>49696bb5R6960004</VehicleJourneyCode><ServiceRef>SId_49696b5</ServiceRef><LineRef>LId_49696b5</LineRef><JourneyPatternRef>JP_49696b_R5_2</JourneyPatternRef><DepartureTime>15:25:00</DepartureTime></VehicleJourney><VehicleJourney><PrivateCode>49696bb6R6960002</PrivateCode><Operational><VehicleType><VehicleTypeCode>08</VehicleTypeCode><Description>Double Decker Low Floor+Wheelchair</Description></VehicleType></Operational><OperatingProfile><RegularDayType>
					<DaysOfWeek>
						<Friday/>
					</DaysOfWeek>
				</RegularDayType>
			</OperatingProfile><VehicleJourneyCode>49696bb6R6960002</VehicleJourneyCode><ServiceRef>SId_49696b6</ServiceRef><LineRef>LId_49696b6</LineRef><JourneyPatternRef>JP_49696b_R6_2</JourneyPatternRef><DepartureTime>15:00:00</DepartureTime></VehicleJourney></VehicleJourneys></TransXChange>
