<?xml version="1.0" encoding="UTF-8"?>
<TransXChange CreationDateTime="2010-10-28T09:20:52" ModificationDateTime="2010-10-28T09:20:52" Modification="new" FileName="G:\mentzdv\Datastore\output_txc_59624c.xml" RevisionNumber="0" SchemaVersion="2.1" xmlns:xsi="http://www.w3.org/2001/XMLSchema-instance" xsi:schemaLocation="http://www.transxchange.org.uk/ http://www.transxchange.org.uk/schema/2.1/TransXChange_general.xsd" xmlns="http://www.transxchange.org.uk/" xmlns:n1="http://www.transxchange.org.uk/" xmlns:n2="http://www.govtalk.gov.uk/people/AddressAndPersonalDetails" xmlns:n3="http://www.govtalk.gov.uk/core" xmlns:n4="http://www.govtalk.gov.uk/people/bs7666"><StopPoints><AnnotatedStopPointRef><StopPointRef>490015256C</StopPointRef><CommonName>Grove Park</CommonName><Indicator>stop C</Indicator><LocalityName>Grove Park (Lewisham)</LocalityName><LocalityQualifier>Greater London</LocalityQualifier></AnnotatedStopPointRef><AnnotatedStopPointRef><StopPointRef>490015553G</StopPointRef><CommonName>Chinbrook Road / Baring Road</CommonName><Indicator>stop G</Indicator><LocalityName>Grove Park (Lewisham)</LocalityName><LocalityQualifier>Greater London</LocalityQualifier></AnnotatedStopPointRef><AnnotatedStopPointRef><StopPointRef>490003290E</StopPointRef><CommonName>Amblecote Road (SE12)</CommonName><Indicator>stop H</Indicator><LocalityName>Grove Park (Lewisham)</LocalityName><LocalityQualifier>Greater London</LocalityQualifier></AnnotatedStopPointRef><AnnotatedStopPointRef><StopPointRef>490013403E</StopPointRef><CommonName>Marvels Lane / Chinbrook Road</CommonName><Indicator>stop A</Indicator><LocalityName>Grove Park (Lewisham)</LocalityName><LocalityQualifier>Greater London</LocalityQualifier></AnnotatedStopPointRef><AnnotatedStopPointRef><StopPointRef>490008922S</StopPointRef><CommonName>Lambscroft Avenue (SE9)</CommonName><Indicator>stop C</Indicator><LocalityName>Grove Park (Lewisham)</LocalityName><LocalityQualifier>Greater London</LocalityQualifier></AnnotatedStopPointRef><AnnotatedStopPointRef><StopPointRef>490008073E</StopPointRef><CommonName>Henry Cooper Way (SE12)</CommonName><Indicator>stop D</Indicator><LocalityName>Grove Park (Lewisham)</LocalityName><LocalityQualifier>Greater London</LocalityQualifier></AnnotatedStopPointRef><AnnotatedStopPointRef><StopPointRef>490006215E</StopPointRef><CommonName>Duddington Close (SE9)</CommonName><Indicator>stop E</Indicator><LocalityName>Elmstead</LocalityName><LocalityQualifier>Greater London</LocalityQualifier></AnnotatedStopPointRef><AnnotatedStopPointRef><StopPointRef>490005655E</StopPointRef><CommonName>Court Farm Road (SE9)</CommonName><Indicator>stop F</Indicator><LocalityName>Elmstead</LocalityName><LocalityQualifier>Greater London</LocalityQualifier></AnnotatedStopPointRef><AnnotatedStopPointRef><StopPointRef>490003709E</StopPointRef><CommonName>Beaconsfield Road (SE9)</CommonName><Indicator>stop A</Indicator><LocalityName>Elmstead</LocalityName><LocalityQualifier>Greater London</LocalityQualifier></AnnotatedStopPointRef><AnnotatedStopPointRef><StopPointRef>490015403E</StopPointRef><CommonName>Dunkery Road /Ravensworth Road</CommonName><Indicator>stop B</Indicator><LocalityName>Elmstead</LocalityName><LocalityQualifier>Greater London</LocalityQualifier></AnnotatedStopPointRef><AnnotatedStopPointRef><StopPointRef>490006254E</StopPointRef><CommonName>Dunkery Road / Mottingham Road</CommonName><Indicator>stop C</Indicator><LocalityName>Chislehurst West</LocalityName><LocalityQualifier>Greater London</LocalityQualifier></AnnotatedStopPointRef><AnnotatedStopPointRef><StopPointRef>490011447N</StopPointRef><CommonName>Mottingham Rd / Ravensworth Rd</CommonName><Indicator>stop MJ</Indicator><LocalityName>Mottingham</LocalityName><LocalityQualifier>Greater London</LocalityQualifier></AnnotatedStopPointRef><AnnotatedStopPointRef><StopPointRef>490010064N</StopPointRef><CommonName>Mottingham / Prince Of Wales</CommonName><Indicator>stop MK</Indicator><LocalityName>Elmstead</LocalityName><LocalityQualifier>Greater London</LocalityQualifier></AnnotatedStopPointRef><AnnotatedStopPointRef><StopPointRef>490010067E</StopPointRef><CommonName>Court Road / Mottingham Road</CommonName><Indicator>stop ML</Indicator><LocalityName>Mottingham</LocalityName><LocalityQualifier>Greater London</LocalityQualifier></AnnotatedStopPointRef><AnnotatedStopPointRef><StopPointRef>490001200A</StopPointRef><CommonName>Mottingham</CommonName><Indicator>stop MN</Indicator><LocalityName>Mottingham</LocalityName><LocalityQualifier>Greater London</LocalityQualifier></AnnotatedStopPointRef><AnnotatedStopPointRef><StopPointRef>490011752N</StopPointRef><CommonName>Royal Blackheath Golf Club</CommonName><Indicator>stop N</Indicator><LocalityName>Eltham</LocalityName><LocalityQualifier>Greater London</LocalityQualifier></AnnotatedStopPointRef><AnnotatedStopPointRef><StopPointRef>490006537O</StopPointRef><CommonName>Eltham High Street / Passey Pl</CommonName><Indicator>stop O</Indicator><LocalityName>Eltham</LocalityName><LocalityQualifier>Greater London</LocalityQualifier></AnnotatedStopPointRef><AnnotatedStopPointRef><StopPointRef>490006534Z</StopPointRef><CommonName>Eltham High Street/Blunts Road</CommonName><Indicator>stop S</Indicator><LocalityName>Eltham</LocalityName><LocalityQualifier>Greater London</LocalityQualifier></AnnotatedStopPointRef><AnnotatedStopPointRef><StopPointRef>490006548E</StopPointRef><CommonName>Eltham High St / Westmount Rd</CommonName><Indicator>stop E</Indicator><LocalityName>Eltham Park</LocalityName><LocalityQualifier>Greater London</LocalityQualifier></AnnotatedStopPointRef><AnnotatedStopPointRef><StopPointRef>490007227E</StopPointRef><CommonName>Bexley Road / Glenesk Road</CommonName><Indicator>stop AH</Indicator><LocalityName>Eltham Park</LocalityName><LocalityQualifier>Greater London</LocalityQualifier></AnnotatedStopPointRef><AnnotatedStopPointRef><StopPointRef>490016229E</StopPointRef><CommonName>Bexley Road/Crown Woods School</CommonName><Indicator>stop AY</Indicator><LocalityName>Avery Hill</LocalityName><LocalityQualifier>Greater London</LocalityQualifier></AnnotatedStopPointRef><AnnotatedStopPointRef><StopPointRef>490003504N</StopPointRef><CommonName>Avery Hill / Riefield Road</CommonName><Indicator>stop AW</Indicator><LocalityName>Avery Hill</LocalityName><LocalityQualifier>Greater London</LocalityQualifier></AnnotatedStopPointRef><AnnotatedStopPointRef><StopPointRef>490005846N</StopPointRef><CommonName>Riefield Rd/Crown Woods School</CommonName><Indicator>stop N</Indicator><LocalityName>Avery Hill</LocalityName><LocalityQualifier>Greater London</LocalityQualifier></AnnotatedStopPointRef><AnnotatedStopPointRef><StopPointRef>490006536N</StopPointRef><CommonName>Eltham Cemetery</CommonName><Indicator>stop W</Indicator><LocalityName>Avery Hill</LocalityName><LocalityQualifier>Greater London</LocalityQualifier></AnnotatedStopPointRef><AnnotatedStopPointRef><StopPointRef>490001105B</StopPointRef><CommonName>Falconwood</CommonName><Indicator>stop E</Indicator><LocalityName>Falconwood</LocalityName><LocalityQualifier>Greater London</LocalityQualifier></AnnotatedStopPointRef><AnnotatedStopPointRef><StopPointRef>490009882E</StopPointRef><CommonName>Millbrook Avenue</CommonName><Indicator>stop F</Indicator><LocalityName>Falconwood</LocalityName><LocalityQualifier>Greater London</LocalityQualifier></AnnotatedStopPointRef><AnnotatedStopPointRef><StopPointRef>490010410S</StopPointRef><CommonName>Northumberland Avenue (BXLY)</CommonName><Indicator>stop G</Indicator><LocalityName>Falconwood</LocalityName><LocalityQualifier>Greater London</LocalityQualifier></AnnotatedStopPointRef><AnnotatedStopPointRef><StopPointRef>490004552N</StopPointRef><CommonName>Buckingham Avenue (DA16)</CommonName><Indicator>stop H</Indicator><LocalityName>Falconwood</LocalityName><LocalityQualifier>Greater London</LocalityQualifier></AnnotatedStopPointRef><AnnotatedStopPointRef><StopPointRef>490006725E</StopPointRef><CommonName>Falconwood Community Centre</CommonName><Indicator>stop J</Indicator><LocalityName>Falconwood</LocalityName><LocalityQualifier>Greater London</LocalityQualifier></AnnotatedStopPointRef><AnnotatedStopPointRef><StopPointRef>490005897N</StopPointRef><CommonName>Cumberland Avenue (DA16)</CommonName><Indicator>stop N</Indicator><LocalityName>Falconwood</LocalityName><LocalityQualifier>Greater London</LocalityQualifier></AnnotatedStopPointRef><AnnotatedStopPointRef><StopPointRef>490015011N</StopPointRef><CommonName>Yorkland Avenue</CommonName><Indicator>stop N</Indicator><LocalityName>Falconwood</LocalityName><LocalityQualifier>Greater London</LocalityQualifier></AnnotatedStopPointRef><AnnotatedStopPointRef><StopPointRef>490008341N</StopPointRef><CommonName>Hook Lane / Westwood Lane</CommonName><Indicator>stop N</Indicator><LocalityName>Falconwood</LocalityName><LocalityQualifier>Greater London</LocalityQualifier></AnnotatedStopPointRef><AnnotatedStopPointRef><StopPointRef>490006735N</StopPointRef><CommonName>Faraday Road (DA16)</CommonName><Indicator>stop N</Indicator><LocalityName>Welling</LocalityName><LocalityQualifier>Greater London</LocalityQualifier></AnnotatedStopPointRef><AnnotatedStopPointRef><StopPointRef>490014354J</StopPointRef><CommonName>Welling Library</CommonName><Indicator>stop J</Indicator><LocalityName>Welling</LocalityName><LocalityQualifier>Greater London</LocalityQualifier></AnnotatedStopPointRef><AnnotatedStopPointRef><StopPointRef>490003505W</StopPointRef><CommonName>Univ of Greenwich / Avery Hill</CommonName><Indicator>stop AE</Indicator><LocalityName>Avery Hill</LocalityName><LocalityQualifier>Greater London</LocalityQualifier></AnnotatedStopPointRef><AnnotatedStopPointRef><StopPointRef>490007227W</StopPointRef><CommonName>Bexley Road / Glenesk Road</CommonName><Indicator>stop AF</Indicator><LocalityName>Eltham Park</LocalityName><LocalityQualifier>Greater London</LocalityQualifier></AnnotatedStopPointRef><AnnotatedStopPointRef><StopPointRef>490006548W</StopPointRef><CommonName>Eltham High St / Foots Cray Rd</CommonName><Indicator>stop W</Indicator><LocalityName>Eltham Park</LocalityName><LocalityQualifier>Greater London</LocalityQualifier></AnnotatedStopPointRef><AnnotatedStopPointRef><StopPointRef>490006533P</StopPointRef><CommonName>Eltham High Street / Roper St</CommonName><Indicator>stop P</Indicator><LocalityName>Eltham</LocalityName><LocalityQualifier>Greater London</LocalityQualifier></AnnotatedStopPointRef><AnnotatedStopPointRef><StopPointRef>490006537M</StopPointRef><CommonName>Eltham High St /Chequers Pde</CommonName><Indicator>stop M</Indicator><LocalityName>Eltham</LocalityName><LocalityQualifier>Greater London</LocalityQualifier></AnnotatedStopPointRef><AnnotatedStopPointRef><StopPointRef>490015432K</StopPointRef><CommonName>Eltham Church / Court Yard</CommonName><Indicator>stop K</Indicator><LocalityName>Eltham</LocalityName><LocalityQualifier>Greater London</LocalityQualifier></AnnotatedStopPointRef><AnnotatedStopPointRef><StopPointRef>490011752S</StopPointRef><CommonName>Royal Blackheath Golf Club</CommonName><Indicator>stop S</Indicator><LocalityName>Eltham</LocalityName><LocalityQualifier>Greater London</LocalityQualifier></AnnotatedStopPointRef><AnnotatedStopPointRef><StopPointRef>490001200B</StopPointRef><CommonName>Mottingham</CommonName><Indicator>stop MD</Indicator><LocalityName>Mottingham</LocalityName><LocalityQualifier>Greater London</LocalityQualifier></AnnotatedStopPointRef><AnnotatedStopPointRef><StopPointRef>490010067S</StopPointRef><CommonName>Mottingham Road / Court Road</CommonName><Indicator>stop ME</Indicator><LocalityName>Mottingham</LocalityName><LocalityQualifier>Greater London</LocalityQualifier></AnnotatedStopPointRef><AnnotatedStopPointRef><StopPointRef>490010064S</StopPointRef><CommonName>Mottingham / Prince Of Wales</CommonName><Indicator>stop MF</Indicator><LocalityName>Elmstead</LocalityName><LocalityQualifier>Greater London</LocalityQualifier></AnnotatedStopPointRef><AnnotatedStopPointRef><StopPointRef>490011447S</StopPointRef><CommonName>Mottingham Rd / Ravensworth Rd</CommonName><Indicator>stop MH</Indicator><LocalityName>Mottingham</LocalityName><LocalityQualifier>Greater London</LocalityQualifier></AnnotatedStopPointRef><AnnotatedStopPointRef><StopPointRef>490006254W</StopPointRef><CommonName>Dunkery Road / Mottingham Road</CommonName><Indicator>stop R</Indicator><LocalityName>Chislehurst West</LocalityName><LocalityQualifier>Greater London</LocalityQualifier></AnnotatedStopPointRef><AnnotatedStopPointRef><StopPointRef>490015403W</StopPointRef><CommonName>Dunkery Road /Ravensworth Road</CommonName><Indicator>stop S</Indicator><LocalityName>Elmstead</LocalityName><LocalityQualifier>Greater London</LocalityQualifier></AnnotatedStopPointRef><AnnotatedStopPointRef><StopPointRef>490003709W</StopPointRef><CommonName>Beaconsfield Road (SE9)</CommonName><Indicator>stop T</Indicator><LocalityName>Elmstead</LocalityName><LocalityQualifier>Greater London</LocalityQualifier></AnnotatedStopPointRef><AnnotatedStopPointRef><StopPointRef>490005655W</StopPointRef><CommonName>Court Farm Road (SE9)</CommonName><Indicator>stop G</Indicator><LocalityName>Elmstead</LocalityName><LocalityQualifier>Greater London</LocalityQualifier></AnnotatedStopPointRef><AnnotatedStopPointRef><StopPointRef>490006215W</StopPointRef><CommonName>Duddington Close (SE9)</CommonName><Indicator>stop H</Indicator><LocalityName>Elmstead</LocalityName><LocalityQualifier>Greater London</LocalityQualifier></AnnotatedStopPointRef><AnnotatedStopPointRef><StopPointRef>490008073W</StopPointRef><CommonName>Henry Cooper Way (SE12)</CommonName><Indicator>stop J</Indicator><LocalityName>Grove Park (Lewisham)</LocalityName><LocalityQualifier>Greater London</LocalityQualifier></AnnotatedStopPointRef><AnnotatedStopPointRef><StopPointRef>490009706N1</StopPointRef><CommonName>Marvels Lane Primary School</CommonName><Indicator>stop K</Indicator><LocalityName>Grove Park (Lewisham)</LocalityName><LocalityQualifier>Greater London</LocalityQualifier></AnnotatedStopPointRef><AnnotatedStopPointRef><StopPointRef>490013403N</StopPointRef><CommonName>Marvels Lane / Chinbrook Road</CommonName><Indicator>stop L</Indicator><LocalityName>Grove Park (Lewisham)</LocalityName><LocalityQualifier>Greater London</LocalityQualifier></AnnotatedStopPointRef><AnnotatedStopPointRef><StopPointRef>490003290W</StopPointRef><CommonName>Amblecote Road (SE12)</CommonName><Indicator>stop E</Indicator><LocalityName>Grove Park (Lewisham)</LocalityName><LocalityQualifier>Greater London</LocalityQualifier></AnnotatedStopPointRef><AnnotatedStopPointRef><StopPointRef>490015553F</StopPointRef><CommonName>Chinbrook Road / Baring Road</CommonName><Indicator>stop F</Indicator><LocalityName>Grove Park (Lewisham)</LocalityName><LocalityQualifier>Greater London</LocalityQualifier></AnnotatedStopPointRef><AnnotatedStopPointRef><StopPointRef>490015256D</StopPointRef><CommonName>Grove Park</CommonName><Indicator>stop D</Indicator><LocalityName>Grove Park (Lewisham)</LocalityName><LocalityQualifier>Greater London</LocalityQualifier></AnnotatedStopPointRef></StopPoints><RouteSections><RouteSection id="RS_59624c_H_1"><RouteLink id="RL_RS_59624c_H_1_0"><From><StopPointRef>490015256C</StopPointRef></From><To><StopPointRef>490015553G</StopPointRef></To><Direction>outbound</Direction></RouteLink><RouteLink id="RL_RS_59624c_H_1_1"><From><StopPointRef>490015553G</StopPointRef></From><To><StopPointRef>490003290E</StopPointRef></To><Direction>outbound</Direction></RouteLink><RouteLink id="RL_RS_59624c_H_1_2"><From><StopPointRef>490003290E</StopPointRef></From><To><StopPointRef>490013403E</StopPointRef></To><Direction>outbound</Direction></RouteLink><RouteLink id="RL_RS_59624c_H_1_3"><From><StopPointRef>490013403E</StopPointRef></From><To><StopPointRef>490008922S</StopPointRef></To><Direction>outbound</Direction></RouteLink><RouteLink id="RL_RS_59624c_H_1_4"><From><StopPointRef>490008922S</StopPointRef></From><To><StopPointRef>490008073E</StopPointRef></To><Direction>outbound</Direction></RouteLink><RouteLink id="RL_RS_59624c_H_1_5"><From><StopPointRef>490008073E</StopPointRef></From><To><StopPointRef>490006215E</StopPointRef></To><Direction>outbound</Direction></RouteLink><RouteLink id="RL_RS_59624c_H_1_6"><From><StopPointRef>490006215E</StopPointRef></From><To><StopPointRef>490005655E</StopPointRef></To><Direction>outbound</Direction></RouteLink><RouteLink id="RL_RS_59624c_H_1_7"><From><StopPointRef>490005655E</StopPointRef></From><To><StopPointRef>490003709E</StopPointRef></To><Direction>outbound</Direction></RouteLink><RouteLink id="RL_RS_59624c_H_1_8"><From><StopPointRef>490003709E</StopPointRef></From><To><StopPointRef>490015403E</StopPointRef></To><Direction>outbound</Direction></RouteLink><RouteLink id="RL_RS_59624c_H_1_9"><From><StopPointRef>490015403E</StopPointRef></From><To><StopPointRef>490006254E</StopPointRef></To><Direction>outbound</Direction></RouteLink><RouteLink id="RL_RS_59624c_H_1_10"><From><StopPointRef>490006254E</StopPointRef></From><To><StopPointRef>490011447N</StopPointRef></To><Direction>outbound</Direction></RouteLink><RouteLink id="RL_RS_59624c_H_1_11"><From><StopPointRef>490011447N</StopPointRef></From><To><StopPointRef>490010064N</StopPointRef></To><Direction>outbound</Direction></RouteLink><RouteLink id="RL_RS_59624c_H_1_12"><From><StopPointRef>490010064N</StopPointRef></From><To><StopPointRef>490010067E</StopPointRef></To><Direction>outbound</Direction></RouteLink><RouteLink id="RL_RS_59624c_H_1_13"><From><StopPointRef>490010067E</StopPointRef></From><To><StopPointRef>490001200A</StopPointRef></To><Direction>outbound</Direction></RouteLink><RouteLink id="RL_RS_59624c_H_1_14"><From><StopPointRef>490001200A</StopPointRef></From><To><StopPointRef>490011752N</StopPointRef></To><Direction>outbound</Direction></RouteLink><RouteLink id="RL_RS_59624c_H_1_15"><From><StopPointRef>490011752N</StopPointRef></From><To><StopPointRef>490006537O</StopPointRef></To><Direction>outbound</Direction></RouteLink><RouteLink id="RL_RS_59624c_H_1_16"><From><StopPointRef>490006537O</StopPointRef></From><To><StopPointRef>490006534Z</StopPointRef></To><Direction>outbound</Direction></RouteLink><RouteLink id="RL_RS_59624c_H_1_17"><From><StopPointRef>490006534Z</StopPointRef></From><To><StopPointRef>490006548E</StopPointRef></To><Direction>outbound</Direction></RouteLink><RouteLink id="RL_RS_59624c_H_1_18"><From><StopPointRef>490006548E</StopPointRef></From><To><StopPointRef>490007227E</StopPointRef></To><Direction>outbound</Direction></RouteLink><RouteLink id="RL_RS_59624c_H_1_19"><From><StopPointRef>490007227E</StopPointRef></From><To><StopPointRef>490016229E</StopPointRef></To><Direction>outbound</Direction></RouteLink><RouteLink id="RL_RS_59624c_H_1_20"><From><StopPointRef>490016229E</StopPointRef></From><To><StopPointRef>490003504N</StopPointRef></To><Direction>outbound</Direction></RouteLink><RouteLink id="RL_RS_59624c_H_1_21"><From><StopPointRef>490003504N</StopPointRef></From><To><StopPointRef>490005846N</StopPointRef></To><Direction>outbound</Direction></RouteLink><RouteLink id="RL_RS_59624c_H_1_22"><From><StopPointRef>490005846N</StopPointRef></From><To><StopPointRef>490006536N</StopPointRef></To><Direction>outbound</Direction></RouteLink><RouteLink id="RL_RS_59624c_H_1_23"><From><StopPointRef>490006536N</StopPointRef></From><To><StopPointRef>490001105B</StopPointRef></To><Direction>outbound</Direction></RouteLink><RouteLink id="RL_RS_59624c_H_1_24"><From><StopPointRef>490001105B</StopPointRef></From><To><StopPointRef>490009882E</StopPointRef></To><Direction>outbound</Direction></RouteLink><RouteLink id="RL_RS_59624c_H_1_25"><From><StopPointRef>490009882E</StopPointRef></From><To><StopPointRef>490010410S</StopPointRef></To><Direction>outbound</Direction></RouteLink><RouteLink id="RL_RS_59624c_H_1_26"><From><StopPointRef>490010410S</StopPointRef></From><To><StopPointRef>490004552N</StopPointRef></To><Direction>outbound</Direction></RouteLink><RouteLink id="RL_RS_59624c_H_1_27"><From><StopPointRef>490004552N</StopPointRef></From><To><StopPointRef>490006725E</StopPointRef></To><Direction>outbound</Direction></RouteLink><RouteLink id="RL_RS_59624c_H_1_28"><From><StopPointRef>490006725E</StopPointRef></From><To><StopPointRef>490005897N</StopPointRef></To><Direction>outbound</Direction></RouteLink><RouteLink id="RL_RS_59624c_H_1_29"><From><StopPointRef>490005897N</StopPointRef></From><To><StopPointRef>490015011N</StopPointRef></To><Direction>outbound</Direction></RouteLink><RouteLink id="RL_RS_59624c_H_1_30"><From><StopPointRef>490015011N</StopPointRef></From><To><StopPointRef>490008341N</StopPointRef></To><Direction>outbound</Direction></RouteLink><RouteLink id="RL_RS_59624c_H_1_31"><From><StopPointRef>490008341N</StopPointRef></From><To><StopPointRef>490006735N</StopPointRef></To><Direction>outbound</Direction></RouteLink><RouteLink id="RL_RS_59624c_H_1_32"><From><StopPointRef>490006735N</StopPointRef></From><To><StopPointRef>490014354J</StopPointRef></To><Direction>outbound</Direction></RouteLink></RouteSection><RouteSection id="RS_59624c_H_2"><RouteLink id="RL_RS_59624c_H_2_0"><From><StopPointRef>490015256C</StopPointRef></From><To><StopPointRef>490015553G</StopPointRef></To><Direction>outbound</Direction></RouteLink><RouteLink id="RL_RS_59624c_H_2_1"><From><StopPointRef>490015553G</StopPointRef></From><To><StopPointRef>490003290E</StopPointRef></To><Direction>outbound</Direction></RouteLink><RouteLink id="RL_RS_59624c_H_2_2"><From><StopPointRef>490003290E</StopPointRef></From><To><StopPointRef>490013403E</StopPointRef></To><Direction>outbound</Direction></RouteLink><RouteLink id="RL_RS_59624c_H_2_3"><From><StopPointRef>490013403E</StopPointRef></From><To><StopPointRef>490008922S</StopPointRef></To><Direction>outbound</Direction></RouteLink><RouteLink id="RL_RS_59624c_H_2_4"><From><StopPointRef>490008922S</StopPointRef></From><To><StopPointRef>490008073E</StopPointRef></To><Direction>outbound</Direction></RouteLink><RouteLink id="RL_RS_59624c_H_2_5"><From><StopPointRef>490008073E</StopPointRef></From><To><StopPointRef>490006215E</StopPointRef></To><Direction>outbound</Direction></RouteLink><RouteLink id="RL_RS_59624c_H_2_6"><From><StopPointRef>490006215E</StopPointRef></From><To><StopPointRef>490005655E</StopPointRef></To><Direction>outbound</Direction></RouteLink><RouteLink id="RL_RS_59624c_H_2_7"><From><StopPointRef>490005655E</StopPointRef></From><To><StopPointRef>490003709E</StopPointRef></To><Direction>outbound</Direction></RouteLink><RouteLink id="RL_RS_59624c_H_2_8"><From><StopPointRef>490003709E</StopPointRef></From><To><StopPointRef>490015403E</StopPointRef></To><Direction>outbound</Direction></RouteLink><RouteLink id="RL_RS_59624c_H_2_9"><From><StopPointRef>490015403E</StopPointRef></From><To><StopPointRef>490006254E</StopPointRef></To><Direction>outbound</Direction></RouteLink><RouteLink id="RL_RS_59624c_H_2_10"><From><StopPointRef>490006254E</StopPointRef></From><To><StopPointRef>490011447N</StopPointRef></To><Direction>outbound</Direction></RouteLink><RouteLink id="RL_RS_59624c_H_2_11"><From><StopPointRef>490011447N</StopPointRef></From><To><StopPointRef>490010064N</StopPointRef></To><Direction>outbound</Direction></RouteLink><RouteLink id="RL_RS_59624c_H_2_12"><From><StopPointRef>490010064N</StopPointRef></From><To><StopPointRef>490010067E</StopPointRef></To><Direction>outbound</Direction></RouteLink><RouteLink id="RL_RS_59624c_H_2_13"><From><StopPointRef>490010067E</StopPointRef></From><To><StopPointRef>490001200A</StopPointRef></To><Direction>outbound</Direction></RouteLink><RouteLink id="RL_RS_59624c_H_2_14"><From><StopPointRef>490001200A</StopPointRef></From><To><StopPointRef>490011752N</StopPointRef></To><Direction>outbound</Direction></RouteLink><RouteLink id="RL_RS_59624c_H_2_15"><From><StopPointRef>490011752N</StopPointRef></From><To><StopPointRef>490006537O</StopPointRef></To><Direction>outbound</Direction></RouteLink><RouteLink id="RL_RS_59624c_H_2_16"><From><StopPointRef>490006537O</StopPointRef></From><To><StopPointRef>490006534Z</StopPointRef></To><Direction>outbound</Direction></RouteLink><RouteLink id="RL_RS_59624c_H_2_17"><From><StopPointRef>490006534Z</StopPointRef></From><To><StopPointRef>490006548E</StopPointRef></To><Direction>outbound</Direction></RouteLink><RouteLink id="RL_RS_59624c_H_2_18"><From><StopPointRef>490006548E</StopPointRef></From><To><StopPointRef>490007227E</StopPointRef></To><Direction>outbound</Direction></RouteLink><RouteLink id="RL_RS_59624c_H_2_19"><From><StopPointRef>490007227E</StopPointRef></From><To><StopPointRef>490016229E</StopPointRef></To><Direction>outbound</Direction></RouteLink></RouteSection><RouteSection id="RS_59624c_R_3"><RouteLink id="RL_RS_59624c_R_3_0"><From><StopPointRef>490016229E</StopPointRef></From><To><StopPointRef>490003505W</StopPointRef></To><Direction>inbound</Direction></RouteLink><RouteLink id="RL_RS_59624c_R_3_1"><From><StopPointRef>490003505W</StopPointRef></From><To><StopPointRef>490007227W</StopPointRef></To><Direction>inbound</Direction></RouteLink><RouteLink id="RL_RS_59624c_R_3_2"><From><StopPointRef>490007227W</StopPointRef></From><To><StopPointRef>490006548W</StopPointRef></To><Direction>inbound</Direction></RouteLink><RouteLink id="RL_RS_59624c_R_3_3"><From><StopPointRef>490006548W</StopPointRef></From><To><StopPointRef>490006533P</StopPointRef></To><Direction>inbound</Direction></RouteLink><RouteLink id="RL_RS_59624c_R_3_4"><From><StopPointRef>490006533P</StopPointRef></From><To><StopPointRef>490006537M</StopPointRef></To><Direction>inbound</Direction></RouteLink><RouteLink id="RL_RS_59624c_R_3_5"><From><StopPointRef>490006537M</StopPointRef></From><To><StopPointRef>490015432K</StopPointRef></To><Direction>inbound</Direction></RouteLink><RouteLink id="RL_RS_59624c_R_3_6"><From><StopPointRef>490015432K</StopPointRef></From><To><StopPointRef>490011752S</StopPointRef></To><Direction>inbound</Direction></RouteLink><RouteLink id="RL_RS_59624c_R_3_7"><From><StopPointRef>490011752S</StopPointRef></From><To><StopPointRef>490001200B</StopPointRef></To><Direction>inbound</Direction></RouteLink><RouteLink id="RL_RS_59624c_R_3_8"><From><StopPointRef>490001200B</StopPointRef></From><To><StopPointRef>490010067S</StopPointRef></To><Direction>inbound</Direction></RouteLink><RouteLink id="RL_RS_59624c_R_3_9"><From><StopPointRef>490010067S</StopPointRef></From><To><StopPointRef>490010064S</StopPointRef></To><Direction>inbound</Direction></RouteLink><RouteLink id="RL_RS_59624c_R_3_10"><From><StopPointRef>490010064S</StopPointRef></From><To><StopPointRef>490011447S</StopPointRef></To><Direction>inbound</Direction></RouteLink><RouteLink id="RL_RS_59624c_R_3_11"><From><StopPointRef>490011447S</StopPointRef></From><To><StopPointRef>490006254W</StopPointRef></To><Direction>inbound</Direction></RouteLink><RouteLink id="RL_RS_59624c_R_3_12"><From><StopPointRef>490006254W</StopPointRef></From><To><StopPointRef>490015403W</StopPointRef></To><Direction>inbound</Direction></RouteLink><RouteLink id="RL_RS_59624c_R_3_13"><From><StopPointRef>490015403W</StopPointRef></From><To><StopPointRef>490003709W</StopPointRef></To><Direction>inbound</Direction></RouteLink><RouteLink id="RL_RS_59624c_R_3_14"><From><StopPointRef>490003709W</StopPointRef></From><To><StopPointRef>490005655W</StopPointRef></To><Direction>inbound</Direction></RouteLink><RouteLink id="RL_RS_59624c_R_3_15"><From><StopPointRef>490005655W</StopPointRef></From><To><StopPointRef>490006215W</StopPointRef></To><Direction>inbound</Direction></RouteLink><RouteLink id="RL_RS_59624c_R_3_16"><From><StopPointRef>490006215W</StopPointRef></From><To><StopPointRef>490008073W</StopPointRef></To><Direction>inbound</Direction></RouteLink><RouteLink id="RL_RS_59624c_R_3_17"><From><StopPointRef>490008073W</StopPointRef></From><To><StopPointRef>490009706N1</StopPointRef></To><Direction>inbound</Direction></RouteLink><RouteLink id="RL_RS_59624c_R_3_18"><From><StopPointRef>490009706N1</StopPointRef></From><To><StopPointRef>490013403N</StopPointRef></To><Direction>inbound</Direction></RouteLink><RouteLink id="RL_RS_59624c_R_3_19"><From><StopPointRef>490013403N</StopPointRef></From><To><StopPointRef>490003290W</StopPointRef></To><Direction>inbound</Direction></RouteLink><RouteLink id="RL_RS_59624c_R_3_20"><From><StopPointRef>490003290W</StopPointRef></From><To><StopPointRef>490015553F</StopPointRef></To><Direction>inbound</Direction></RouteLink><RouteLink id="RL_RS_59624c_R_3_21"><From><StopPointRef>490015553F</StopPointRef></From><To><StopPointRef>490015256D</StopPointRef></To><Direction>inbound</Direction></RouteLink></RouteSection></RouteSections><Routes><Route id="R_59624c_H_1"><PrivateCode>R_59624c_H_1</PrivateCode><Description>Grove Park - Welling Library</Description><RouteSectionRef>RS_59624c_H_1</RouteSectionRef></Route><Route id="R_59624c_H_2"><PrivateCode>R_59624c_H_2</PrivateCode><Description>Grove Park - Bexley Road/Crown Woods School</Description><RouteSectionRef>RS_59624c_H_2</RouteSectionRef></Route><Route id="R_59624c_R_3"><PrivateCode>R_59624c_R_3</PrivateCode><Description>Bexley Road/Crown Woods School - Grove Park</Description><RouteSectionRef>RS_59624c_R_3</RouteSectionRef></Route></Routes><JourneyPatternSections><JourneyPatternSection id="JPS_59624c_H_1"><JourneyPatternTimingLink id="JPL_59624c_H_1_0"><From SequenceNumber="1"><StopPointRef>490015256C</StopPointRef><TimingStatus>PTP</TimingStatus></From><To SequenceNumber="2"><StopPointRef>490015553G</StopPointRef><TimingStatus>PTP</TimingStatus></To><RunTime>PT66S</RunTime></JourneyPatternTimingLink><JourneyPatternTimingLink id="JPL_59624c_H_1_1"><From SequenceNumber="2"><StopPointRef>490015553G</StopPointRef><TimingStatus>PTP</TimingStatus></From><To SequenceNumber="3"><StopPointRef>490003290E</StopPointRef><TimingStatus>PTP</TimingStatus></To><RunTime>PT66S</RunTime></JourneyPatternTimingLink><JourneyPatternTimingLink id="JPL_59624c_H_1_2"><From SequenceNumber="3"><StopPointRef>490003290E</StopPointRef><TimingStatus>PTP</TimingStatus></From><To SequenceNumber="4"><StopPointRef>490013403E</StopPointRef><TimingStatus>PTP</TimingStatus></To><RunTime>PT72S</RunTime></JourneyPatternTimingLink><JourneyPatternTimingLink id="JPL_59624c_H_1_3"><From SequenceNumber="4"><StopPointRef>490013403E</StopPointRef><TimingStatus>PTP</TimingStatus></From><To SequenceNumber="5"><StopPointRef>490008922S</StopPointRef><TimingStatus>PTP</TimingStatus></To><RunTime>PT66S</RunTime></JourneyPatternTimingLink><JourneyPatternTimingLink id="JPL_59624c_H_1_4"><From SequenceNumber="5"><StopPointRef>490008922S</StopPointRef><TimingStatus>PTP</TimingStatus></From><To SequenceNumber="6"><StopPointRef>490008073E</StopPointRef><TimingStatus>PTP</TimingStatus></To><RunTime>PT66S</RunTime></JourneyPatternTimingLink><JourneyPatternTimingLink id="JPL_59624c_H_1_5"><From SequenceNumber="6"><StopPointRef>490008073E</StopPointRef><TimingStatus>PTP</TimingStatus></From><To SequenceNumber="7"><StopPointRef>490006215E</StopPointRef><TimingStatus>PTP</TimingStatus></To><RunTime>PT72S</RunTime></JourneyPatternTimingLink><JourneyPatternTimingLink id="JPL_59624c_H_1_6"><From SequenceNumber="7"><StopPointRef>490006215E</StopPointRef><TimingStatus>PTP</TimingStatus></From><To SequenceNumber="8"><StopPointRef>490005655E</StopPointRef><TimingStatus>PTP</TimingStatus></To><RunTime>PT72S</RunTime></JourneyPatternTimingLink><JourneyPatternTimingLink id="JPL_59624c_H_1_7"><From SequenceNumber="8"><StopPointRef>490005655E</StopPointRef><TimingStatus>PTP</TimingStatus></From><To SequenceNumber="9"><StopPointRef>490003709E</StopPointRef><TimingStatus>PTP</TimingStatus></To><RunTime>PT102S</RunTime></JourneyPatternTimingLink><JourneyPatternTimingLink id="JPL_59624c_H_1_8"><From SequenceNumber="9"><StopPointRef>490003709E</StopPointRef><TimingStatus>PTP</TimingStatus></From><To SequenceNumber="10"><StopPointRef>490015403E</StopPointRef><TimingStatus>PTP</TimingStatus></To><RunTime>PT102S</RunTime></JourneyPatternTimingLink><JourneyPatternTimingLink id="JPL_59624c_H_1_9"><From SequenceNumber="10"><StopPointRef>490015403E</StopPointRef><TimingStatus>PTP</TimingStatus></From><To SequenceNumber="11"><StopPointRef>490006254E</StopPointRef><TimingStatus>PTP</TimingStatus></To><RunTime>PT102S</RunTime></JourneyPatternTimingLink><JourneyPatternTimingLink id="JPL_59624c_H_1_10"><From SequenceNumber="11"><StopPointRef>490006254E</StopPointRef><TimingStatus>PTP</TimingStatus></From><To SequenceNumber="12"><StopPointRef>490011447N</StopPointRef><TimingStatus>PTP</TimingStatus></To><RunTime>PT102S</RunTime></JourneyPatternTimingLink><JourneyPatternTimingLink id="JPL_59624c_H_1_11"><From SequenceNumber="12"><StopPointRef>490011447N</StopPointRef><TimingStatus>PTP</TimingStatus></From><To SequenceNumber="13"><StopPointRef>490010064N</StopPointRef><TimingStatus>PTP</TimingStatus></To><RunTime>PT102S</RunTime></JourneyPatternTimingLink><JourneyPatternTimingLink id="JPL_59624c_H_1_12"><From SequenceNumber="13"><StopPointRef>490010064N</StopPointRef><TimingStatus>PTP</TimingStatus></From><To SequenceNumber="14"><StopPointRef>490010067E</StopPointRef><TimingStatus>PTP</TimingStatus></To><RunTime>PT102S</RunTime></JourneyPatternTimingLink><JourneyPatternTimingLink id="JPL_59624c_H_1_13"><From SequenceNumber="14"><StopPointRef>490010067E</StopPointRef><TimingStatus>PTP</TimingStatus></From><To SequenceNumber="15"><StopPointRef>490001200A</StopPointRef><TimingStatus>PTP</TimingStatus></To><RunTime>PT108S</RunTime></JourneyPatternTimingLink><JourneyPatternTimingLink id="JPL_59624c_H_1_14"><From SequenceNumber="15"><StopPointRef>490001200A</StopPointRef><TimingStatus>PTP</TimingStatus></From><To SequenceNumber="16"><StopPointRef>490011752N</StopPointRef><TimingStatus>PTP</TimingStatus></To><RunTime>PT150S</RunTime></JourneyPatternTimingLink><JourneyPatternTimingLink id="JPL_59624c_H_1_15"><From SequenceNumber="16"><StopPointRef>490011752N</StopPointRef><TimingStatus>PTP</TimingStatus></From><To SequenceNumber="17"><StopPointRef>490006537O</StopPointRef><TimingStatus>PTP</TimingStatus></To><RunTime>PT150S</RunTime></JourneyPatternTimingLink><JourneyPatternTimingLink id="JPL_59624c_H_1_16"><From SequenceNumber="17"><StopPointRef>490006537O</StopPointRef><TimingStatus>PTP</TimingStatus></From><To SequenceNumber="18"><StopPointRef>490006534Z</StopPointRef><TimingStatus>PTP</TimingStatus></To><RunTime>PT72S</RunTime></JourneyPatternTimingLink><JourneyPatternTimingLink id="JPL_59624c_H_1_17"><From SequenceNumber="18"><StopPointRef>490006534Z</StopPointRef><TimingStatus>PTP</TimingStatus></From><To SequenceNumber="19"><StopPointRef>490006548E</StopPointRef><TimingStatus>PTP</TimingStatus></To><RunTime>PT78S</RunTime></JourneyPatternTimingLink><JourneyPatternTimingLink id="JPL_59624c_H_1_18"><From SequenceNumber="19"><StopPointRef>490006548E</StopPointRef><TimingStatus>PTP</TimingStatus></From><To SequenceNumber="20"><StopPointRef>490007227E</StopPointRef><TimingStatus>PTP</TimingStatus></To><RunTime>PT72S</RunTime></JourneyPatternTimingLink><JourneyPatternTimingLink id="JPL_59624c_H_1_19"><From SequenceNumber="20"><StopPointRef>490007227E</StopPointRef><TimingStatus>PTP</TimingStatus></From><To SequenceNumber="21"><StopPointRef>490016229E</StopPointRef><TimingStatus>PTP</TimingStatus></To><RunTime>PT78S</RunTime></JourneyPatternTimingLink><JourneyPatternTimingLink id="JPL_59624c_H_1_20"><From SequenceNumber="21"><StopPointRef>490016229E</StopPointRef><TimingStatus>PTP</TimingStatus></From><To SequenceNumber="22"><StopPointRef>490003504N</StopPointRef><TimingStatus>PTP</TimingStatus></To><RunTime>PT72S</RunTime></JourneyPatternTimingLink><JourneyPatternTimingLink id="JPL_59624c_H_1_21"><From SequenceNumber="22"><StopPointRef>490003504N</StopPointRef><TimingStatus>PTP</TimingStatus></From><To SequenceNumber="23"><StopPointRef>490005846N</StopPointRef><TimingStatus>PTP</TimingStatus></To><RunTime>PT78S</RunTime></JourneyPatternTimingLink><JourneyPatternTimingLink id="JPL_59624c_H_1_22"><From SequenceNumber="23"><StopPointRef>490005846N</StopPointRef><TimingStatus>PTP</TimingStatus></From><To SequenceNumber="24"><StopPointRef>490006536N</StopPointRef><TimingStatus>PTP</TimingStatus></To><RunTime>PT72S</RunTime></JourneyPatternTimingLink><JourneyPatternTimingLink id="JPL_59624c_H_1_23"><From SequenceNumber="24"><StopPointRef>490006536N</StopPointRef><TimingStatus>PTP</TimingStatus></From><To SequenceNumber="25"><StopPointRef>490001105B</StopPointRef><TimingStatus>PTP</TimingStatus></To><RunTime>PT78S</RunTime></JourneyPatternTimingLink><JourneyPatternTimingLink id="JPL_59624c_H_1_24"><From SequenceNumber="25"><StopPointRef>490001105B</StopPointRef><TimingStatus>PTP</TimingStatus></From><To SequenceNumber="26"><StopPointRef>490009882E</StopPointRef><TimingStatus>PTP</TimingStatus></To><RunTime>PT42S</RunTime></JourneyPatternTimingLink><JourneyPatternTimingLink id="JPL_59624c_H_1_25"><From SequenceNumber="26"><StopPointRef>490009882E</StopPointRef><TimingStatus>PTP</TimingStatus></From><To SequenceNumber="27"><StopPointRef>490010410S</StopPointRef><TimingStatus>PTP</TimingStatus></To><RunTime>PT48S</RunTime></JourneyPatternTimingLink><JourneyPatternTimingLink id="JPL_59624c_H_1_26"><From SequenceNumber="27"><StopPointRef>490010410S</StopPointRef><TimingStatus>PTP</TimingStatus></From><To SequenceNumber="28"><StopPointRef>490004552N</StopPointRef><TimingStatus>PTP</TimingStatus></To><RunTime>PT42S</RunTime></JourneyPatternTimingLink><JourneyPatternTimingLink id="JPL_59624c_H_1_27"><From SequenceNumber="28"><StopPointRef>490004552N</StopPointRef><TimingStatus>PTP</TimingStatus></From><To SequenceNumber="29"><StopPointRef>490006725E</StopPointRef><TimingStatus>PTP</TimingStatus></To><RunTime>PT48S</RunTime></JourneyPatternTimingLink><JourneyPatternTimingLink id="JPL_59624c_H_1_28"><From SequenceNumber="29"><StopPointRef>490006725E</StopPointRef><TimingStatus>PTP</TimingStatus></From><To SequenceNumber="30"><StopPointRef>490005897N</StopPointRef><TimingStatus>PTP</TimingStatus></To><RunTime>PT60S</RunTime></JourneyPatternTimingLink><JourneyPatternTimingLink id="JPL_59624c_H_1_29"><From SequenceNumber="30"><StopPointRef>490005897N</StopPointRef><TimingStatus>PTP</TimingStatus></From><To SequenceNumber="31"><StopPointRef>490015011N</StopPointRef><TimingStatus>PTP</TimingStatus></To><RunTime>PT60S</RunTime></JourneyPatternTimingLink><JourneyPatternTimingLink id="JPL_59624c_H_1_30"><From SequenceNumber="31"><StopPointRef>490015011N</StopPointRef><TimingStatus>PTP</TimingStatus></From><To SequenceNumber="32"><StopPointRef>490008341N</StopPointRef><TimingStatus>PTP</TimingStatus></To><RunTime>PT60S</RunTime></JourneyPatternTimingLink><JourneyPatternTimingLink id="JPL_59624c_H_1_31"><From SequenceNumber="32"><StopPointRef>490008341N</StopPointRef><TimingStatus>PTP</TimingStatus></From><To SequenceNumber="33"><StopPointRef>490006735N</StopPointRef><TimingStatus>PTP</TimingStatus></To><RunTime>PT60S</RunTime></JourneyPatternTimingLink><JourneyPatternTimingLink id="JPL_59624c_H_1_32"><From SequenceNumber="33"><StopPointRef>490006735N</StopPointRef><TimingStatus>PTP</TimingStatus></From><To SequenceNumber="34"><StopPointRef>490014354J</StopPointRef><TimingStatus>PTP</TimingStatus></To><RunTime>PT60S</RunTime></JourneyPatternTimingLink></JourneyPatternSection><JourneyPatternSection id="JPS_59624c_H_2"><JourneyPatternTimingLink id="JPL_59624c_H_2_0"><From SequenceNumber="1"><StopPointRef>490015256C</StopPointRef><TimingStatus>PTP</TimingStatus></From><To SequenceNumber="2"><StopPointRef>490015553G</StopPointRef><TimingStatus>PTP</TimingStatus></To><RunTime>PT66S</RunTime></JourneyPatternTimingLink><JourneyPatternTimingLink id="JPL_59624c_H_2_1"><From SequenceNumber="2"><StopPointRef>490015553G</StopPointRef><TimingStatus>PTP</TimingStatus></From><To SequenceNumber="3"><StopPointRef>490003290E</StopPointRef><TimingStatus>PTP</TimingStatus></To><RunTime>PT66S</RunTime></JourneyPatternTimingLink><JourneyPatternTimingLink id="JPL_59624c_H_2_2"><From SequenceNumber="3"><StopPointRef>490003290E</StopPointRef><TimingStatus>PTP</TimingStatus></From><To SequenceNumber="4"><StopPointRef>490013403E</StopPointRef><TimingStatus>PTP</TimingStatus></To><RunTime>PT72S</RunTime></JourneyPatternTimingLink><JourneyPatternTimingLink id="JPL_59624c_H_2_3"><From SequenceNumber="4"><StopPointRef>490013403E</StopPointRef><TimingStatus>PTP</TimingStatus></From><To SequenceNumber="5"><StopPointRef>490008922S</StopPointRef><TimingStatus>PTP</TimingStatus></To><RunTime>PT66S</RunTime></JourneyPatternTimingLink><JourneyPatternTimingLink id="JPL_59624c_H_2_4"><From SequenceNumber="5"><StopPointRef>490008922S</StopPointRef><TimingStatus>PTP</TimingStatus></From><To SequenceNumber="6"><StopPointRef>490008073E</StopPointRef><TimingStatus>PTP</TimingStatus></To><RunTime>PT66S</RunTime></JourneyPatternTimingLink><JourneyPatternTimingLink id="JPL_59624c_H_2_5"><From SequenceNumber="6"><StopPointRef>490008073E</StopPointRef><TimingStatus>PTP</TimingStatus></From><To SequenceNumber="7"><StopPointRef>490006215E</StopPointRef><TimingStatus>PTP</TimingStatus></To><RunTime>PT72S</RunTime></JourneyPatternTimingLink><JourneyPatternTimingLink id="JPL_59624c_H_2_6"><From SequenceNumber="7"><StopPointRef>490006215E</StopPointRef><TimingStatus>PTP</TimingStatus></From><To SequenceNumber="8"><StopPointRef>490005655E</StopPointRef><TimingStatus>PTP</TimingStatus></To><RunTime>PT72S</RunTime></JourneyPatternTimingLink><JourneyPatternTimingLink id="JPL_59624c_H_2_7"><From SequenceNumber="8"><StopPointRef>490005655E</StopPointRef><TimingStatus>PTP</TimingStatus></From><To SequenceNumber="9"><StopPointRef>490003709E</StopPointRef><TimingStatus>PTP</TimingStatus></To><RunTime>PT102S</RunTime></JourneyPatternTimingLink><JourneyPatternTimingLink id="JPL_59624c_H_2_8"><From SequenceNumber="9"><StopPointRef>490003709E</StopPointRef><TimingStatus>PTP</TimingStatus></From><To SequenceNumber="10"><StopPointRef>490015403E</StopPointRef><TimingStatus>PTP</TimingStatus></To><RunTime>PT102S</RunTime></JourneyPatternTimingLink><JourneyPatternTimingLink id="JPL_59624c_H_2_9"><From SequenceNumber="10"><StopPointRef>490015403E</StopPointRef><TimingStatus>PTP</TimingStatus></From><To SequenceNumber="11"><StopPointRef>490006254E</StopPointRef><TimingStatus>PTP</TimingStatus></To><RunTime>PT102S</RunTime></JourneyPatternTimingLink><JourneyPatternTimingLink id="JPL_59624c_H_2_10"><From SequenceNumber="11"><StopPointRef>490006254E</StopPointRef><TimingStatus>PTP</TimingStatus></From><To SequenceNumber="12"><StopPointRef>490011447N</StopPointRef><TimingStatus>PTP</TimingStatus></To><RunTime>PT102S</RunTime></JourneyPatternTimingLink><JourneyPatternTimingLink id="JPL_59624c_H_2_11"><From SequenceNumber="12"><StopPointRef>490011447N</StopPointRef><TimingStatus>PTP</TimingStatus></From><To SequenceNumber="13"><StopPointRef>490010064N</StopPointRef><TimingStatus>PTP</TimingStatus></To><RunTime>PT102S</RunTime></JourneyPatternTimingLink><JourneyPatternTimingLink id="JPL_59624c_H_2_12"><From SequenceNumber="13"><StopPointRef>490010064N</StopPointRef><TimingStatus>PTP</TimingStatus></From><To SequenceNumber="14"><StopPointRef>490010067E</StopPointRef><TimingStatus>PTP</TimingStatus></To><RunTime>PT102S</RunTime></JourneyPatternTimingLink><JourneyPatternTimingLink id="JPL_59624c_H_2_13"><From SequenceNumber="14"><StopPointRef>490010067E</StopPointRef><TimingStatus>PTP</TimingStatus></From><To SequenceNumber="15"><StopPointRef>490001200A</StopPointRef><TimingStatus>PTP</TimingStatus></To><RunTime>PT108S</RunTime></JourneyPatternTimingLink><JourneyPatternTimingLink id="JPL_59624c_H_2_14"><From SequenceNumber="15"><StopPointRef>490001200A</StopPointRef><TimingStatus>PTP</TimingStatus></From><To SequenceNumber="16"><StopPointRef>490011752N</StopPointRef><TimingStatus>PTP</TimingStatus></To><RunTime>PT150S</RunTime></JourneyPatternTimingLink><JourneyPatternTimingLink id="JPL_59624c_H_2_15"><From SequenceNumber="16"><StopPointRef>490011752N</StopPointRef><TimingStatus>PTP</TimingStatus></From><To SequenceNumber="17"><StopPointRef>490006537O</StopPointRef><TimingStatus>PTP</TimingStatus></To><RunTime>PT150S</RunTime></JourneyPatternTimingLink><JourneyPatternTimingLink id="JPL_59624c_H_2_16"><From SequenceNumber="17"><StopPointRef>490006537O</StopPointRef><TimingStatus>PTP</TimingStatus></From><To SequenceNumber="18"><StopPointRef>490006534Z</StopPointRef><TimingStatus>PTP</TimingStatus></To><RunTime>PT72S</RunTime></JourneyPatternTimingLink><JourneyPatternTimingLink id="JPL_59624c_H_2_17"><From SequenceNumber="18"><StopPointRef>490006534Z</StopPointRef><TimingStatus>PTP</TimingStatus></From><To SequenceNumber="19"><StopPointRef>490006548E</StopPointRef><TimingStatus>PTP</TimingStatus></To><RunTime>PT78S</RunTime></JourneyPatternTimingLink><JourneyPatternTimingLink id="JPL_59624c_H_2_18"><From SequenceNumber="19"><StopPointRef>490006548E</StopPointRef><TimingStatus>PTP</TimingStatus></From><To SequenceNumber="20"><StopPointRef>490007227E</StopPointRef><TimingStatus>PTP</TimingStatus></To><RunTime>PT72S</RunTime></JourneyPatternTimingLink><JourneyPatternTimingLink id="JPL_59624c_H_2_19"><From SequenceNumber="20"><StopPointRef>490007227E</StopPointRef><TimingStatus>PTP</TimingStatus></From><To SequenceNumber="21"><StopPointRef>490016229E</StopPointRef><TimingStatus>PTP</TimingStatus></To><RunTime>PT78S</RunTime></JourneyPatternTimingLink></JourneyPatternSection><JourneyPatternSection id="JPS_59624c_R_1"><JourneyPatternTimingLink id="JPL_59624c_R_1_0"><From SequenceNumber="1"><StopPointRef>490016229E</StopPointRef><TimingStatus>PTP</TimingStatus></From><To SequenceNumber="2"><StopPointRef>490003505W</StopPointRef><TimingStatus>PTP</TimingStatus></To><RunTime>PT168S</RunTime></JourneyPatternTimingLink><JourneyPatternTimingLink id="JPL_59624c_R_1_1"><From SequenceNumber="2"><StopPointRef>490003505W</StopPointRef><TimingStatus>PTP</TimingStatus></From><To SequenceNumber="3"><StopPointRef>490007227W</StopPointRef><TimingStatus>PTP</TimingStatus></To><RunTime>PT168S</RunTime></JourneyPatternTimingLink><JourneyPatternTimingLink id="JPL_59624c_R_1_2"><From SequenceNumber="3"><StopPointRef>490007227W</StopPointRef><TimingStatus>PTP</TimingStatus></From><To SequenceNumber="4"><StopPointRef>490006548W</StopPointRef><TimingStatus>PTP</TimingStatus></To><RunTime>PT168S</RunTime></JourneyPatternTimingLink><JourneyPatternTimingLink id="JPL_59624c_R_1_3"><From SequenceNumber="4"><StopPointRef>490006548W</StopPointRef><TimingStatus>PTP</TimingStatus></From><To SequenceNumber="5"><StopPointRef>490006533P</StopPointRef><TimingStatus>PTP</TimingStatus></To><RunTime>PT168S</RunTime></JourneyPatternTimingLink><JourneyPatternTimingLink id="JPL_59624c_R_1_4"><From SequenceNumber="5"><StopPointRef>490006533P</StopPointRef><TimingStatus>PTP</TimingStatus></From><To SequenceNumber="6"><StopPointRef>490006537M</StopPointRef><TimingStatus>PTP</TimingStatus></To><RunTime>PT168S</RunTime></JourneyPatternTimingLink><JourneyPatternTimingLink id="JPL_59624c_R_1_5"><From SequenceNumber="6"><StopPointRef>490006537M</StopPointRef><TimingStatus>PTP</TimingStatus></From><To SequenceNumber="7"><StopPointRef>490015432K</StopPointRef><TimingStatus>PTP</TimingStatus></To><RunTime>PT96S</RunTime></JourneyPatternTimingLink><JourneyPatternTimingLink id="JPL_59624c_R_1_6"><From SequenceNumber="7"><StopPointRef>490015432K</StopPointRef><TimingStatus>PTP</TimingStatus></From><To SequenceNumber="8"><StopPointRef>490011752S</StopPointRef><TimingStatus>PTP</TimingStatus></To><RunTime>PT102S</RunTime></JourneyPatternTimingLink><JourneyPatternTimingLink id="JPL_59624c_R_1_7"><From SequenceNumber="8"><StopPointRef>490011752S</StopPointRef><TimingStatus>PTP</TimingStatus></From><To SequenceNumber="9"><StopPointRef>490001200B</StopPointRef><TimingStatus>PTP</TimingStatus></To><RunTime>PT102S</RunTime></JourneyPatternTimingLink><JourneyPatternTimingLink id="JPL_59624c_R_1_8"><From SequenceNumber="9"><StopPointRef>490001200B</StopPointRef><TimingStatus>PTP</TimingStatus></From><To SequenceNumber="10"><StopPointRef>490010067S</StopPointRef><TimingStatus>PTP</TimingStatus></To><RunTime>PT60S</RunTime></JourneyPatternTimingLink><JourneyPatternTimingLink id="JPL_59624c_R_1_9"><From SequenceNumber="10"><StopPointRef>490010067S</StopPointRef><TimingStatus>PTP</TimingStatus></From><To SequenceNumber="11"><StopPointRef>490010064S</StopPointRef><TimingStatus>PTP</TimingStatus></To><RunTime>PT60S</RunTime></JourneyPatternTimingLink><JourneyPatternTimingLink id="JPL_59624c_R_1_10"><From SequenceNumber="11"><StopPointRef>490010064S</StopPointRef><TimingStatus>PTP</TimingStatus></From><To SequenceNumber="12"><StopPointRef>490011447S</StopPointRef><TimingStatus>PTP</TimingStatus></To><RunTime>PT60S</RunTime></JourneyPatternTimingLink><JourneyPatternTimingLink id="JPL_59624c_R_1_11"><From SequenceNumber="12"><StopPointRef>490011447S</StopPointRef><TimingStatus>PTP</TimingStatus></From><To SequenceNumber="13"><StopPointRef>490006254W</StopPointRef><TimingStatus>PTP</TimingStatus></To><RunTime>PT60S</RunTime></JourneyPatternTimingLink><JourneyPatternTimingLink id="JPL_59624c_R_1_12"><From SequenceNumber="13"><StopPointRef>490006254W</StopPointRef><TimingStatus>PTP</TimingStatus></From><To SequenceNumber="14"><StopPointRef>490015403W</StopPointRef><TimingStatus>PTP</TimingStatus></To><RunTime>PT60S</RunTime></JourneyPatternTimingLink><JourneyPatternTimingLink id="JPL_59624c_R_1_13"><From SequenceNumber="14"><StopPointRef>490015403W</StopPointRef><TimingStatus>PTP</TimingStatus></From><To SequenceNumber="15"><StopPointRef>490003709W</StopPointRef><TimingStatus>PTP</TimingStatus></To><RunTime>PT60S</RunTime></JourneyPatternTimingLink><JourneyPatternTimingLink id="JPL_59624c_R_1_14"><From SequenceNumber="15"><StopPointRef>490003709W</StopPointRef><TimingStatus>PTP</TimingStatus></From><To SequenceNumber="16"><StopPointRef>490005655W</StopPointRef><TimingStatus>PTP</TimingStatus></To><RunTime>PT60S</RunTime></JourneyPatternTimingLink><JourneyPatternTimingLink id="JPL_59624c_R_1_15"><From SequenceNumber="16"><StopPointRef>490005655W</StopPointRef><TimingStatus>PTP</TimingStatus></From><To SequenceNumber="17"><StopPointRef>490006215W</StopPointRef><TimingStatus>PTP</TimingStatus></To><RunTime>PT66S</RunTime></JourneyPatternTimingLink><JourneyPatternTimingLink id="JPL_59624c_R_1_16"><From SequenceNumber="17"><StopPointRef>490006215W</StopPointRef><TimingStatus>PTP</TimingStatus></From><To SequenceNumber="18"><StopPointRef>490008073W</StopPointRef><TimingStatus>PTP</TimingStatus></To><RunTime>PT66S</RunTime></JourneyPatternTimingLink><JourneyPatternTimingLink id="JPL_59624c_R_1_17"><From SequenceNumber="18"><StopPointRef>490008073W</StopPointRef><TimingStatus>PTP</TimingStatus></From><To SequenceNumber="19"><StopPointRef>490009706N1</StopPointRef><TimingStatus>PTP</TimingStatus></To><RunTime>PT72S</RunTime></JourneyPatternTimingLink><JourneyPatternTimingLink id="JPL_59624c_R_1_18"><From SequenceNumber="19"><StopPointRef>490009706N1</StopPointRef><TimingStatus>PTP</TimingStatus></From><To SequenceNumber="20"><StopPointRef>490013403N</StopPointRef><TimingStatus>PTP</TimingStatus></To><RunTime>PT66S</RunTime></JourneyPatternTimingLink><JourneyPatternTimingLink id="JPL_59624c_R_1_19"><From SequenceNumber="20"><StopPointRef>490013403N</StopPointRef><TimingStatus>PTP</TimingStatus></From><To SequenceNumber="21"><StopPointRef>490003290W</StopPointRef><TimingStatus>PTP</TimingStatus></To><RunTime>PT66S</RunTime></JourneyPatternTimingLink><JourneyPatternTimingLink id="JPL_59624c_R_1_20"><From SequenceNumber="21"><StopPointRef>490003290W</StopPointRef><TimingStatus>PTP</TimingStatus></From><To SequenceNumber="22"><StopPointRef>490015553F</StopPointRef><TimingStatus>PTP</TimingStatus></To><RunTime>PT72S</RunTime></JourneyPatternTimingLink><JourneyPatternTimingLink id="JPL_59624c_R_1_21"><From SequenceNumber="22"><StopPointRef>490015553F</StopPointRef><TimingStatus>PTP</TimingStatus></From><To SequenceNumber="23"><StopPointRef>490015256D</StopPointRef><TimingStatus>PTP</TimingStatus></To><RunTime>PT72S</RunTime></JourneyPatternTimingLink></JourneyPatternSection></JourneyPatternSections><Operators><Operator id="OId_59"><OperatorCode>SE</OperatorCode><OperatorShortName>Selkent</OperatorShortName><OperatorNameOnLicence>Selkent</OperatorNameOnLicence><TradingName>Selkent</TradingName></Operator></Operators><Services><Service><ServiceCode>SId_59624cC</ServiceCode><PrivateCode>59624cC</PrivateCode><Lines><Line id="LId_59624cC"><LineName>624</LineName></Line></Lines><OperatingPeriod><StartDate>2009-12-01</StartDate><EndDate>2010-12-23</EndDate></OperatingPeriod><OperatingProfile><RegularDayType>
					<DaysOfWeek>
						<Monday/>
						<Tuesday/>
						<Wednesday/>
						<Thursday/>
					</DaysOfWeek>
				</RegularDayType>
				<BankHolidayOperation><DaysOfNonOperation><AllBankHolidays></AllBankHolidays></DaysOfNonOperation></BankHolidayOperation></OperatingProfile><RegisteredOperatorRef>OId_59</RegisteredOperatorRef><StopRequirements><NoNewStopsRequired/></StopRequirements><StandardService><Origin>Grove Park</Origin><Destination>Welling Library</Destination><JourneyPattern id="JP_59624c_HC_1"><Direction>outbound</Direction><Operational><VehicleType><VehicleTypeCode>08</VehicleTypeCode><Description>Double Decker Low Floor+Wheelchair</Description></VehicleType></Operational><RouteRef>R_59624c_H_1</RouteRef><JourneyPatternSectionRefs>JPS_59624c_H_1</JourneyPatternSectionRefs></JourneyPattern><JourneyPattern id="JP_59624c_HC_2"><Direction>outbound</Direction><Operational><VehicleType><VehicleTypeCode>08</VehicleTypeCode><Description>Double Decker Low Floor+Wheelchair</Description></VehicleType></Operational><RouteRef>R_59624c_H_2</RouteRef><JourneyPatternSectionRefs>JPS_59624c_H_2</JourneyPatternSectionRefs></JourneyPattern><JourneyPattern id="JP_59624c_RC_1"><Direction>inbound</Direction><Operational><VehicleType><VehicleTypeCode>08</VehicleTypeCode><Description>Double Decker Low Floor+Wheelchair</Description></VehicleType></Operational><RouteRef>R_59624c_R_3</RouteRef><JourneyPatternSectionRefs>JPS_59624c_R_1</JourneyPatternSectionRefs></JourneyPattern></StandardService></Service><Service><ServiceCode>SId_59624cD</ServiceCode><PrivateCode>59624cD</PrivateCode><Lines><Line id="LId_59624cD"><LineName>624</LineName></Line></Lines><OperatingPeriod><StartDate>2009-12-01</StartDate><EndDate>2010-12-23</EndDate></OperatingPeriod><OperatingProfile><RegularDayType>
					<DaysOfWeek>
						<Friday/>
					</DaysOfWeek>
				</RegularDayType>
				<BankHolidayOperation><DaysOfNonOperation><AllBankHolidays></AllBankHolidays></DaysOfNonOperation></BankHolidayOperation></OperatingProfile><RegisteredOperatorRef>OId_59</RegisteredOperatorRef><StopRequirements><NoNewStopsRequired/></StopRequirements><StandardService><Origin>Grove Park</Origin><Destination>Welling Library</Destination><JourneyPattern id="JP_59624c_HD_1"><Direction>outbound</Direction><Operational><VehicleType><VehicleTypeCode>08</VehicleTypeCode><Description>Double Decker Low Floor+Wheelchair</Description></VehicleType></Operational><RouteRef>R_59624c_H_1</RouteRef><JourneyPatternSectionRefs>JPS_59624c_H_1</JourneyPatternSectionRefs></JourneyPattern><JourneyPattern id="JP_59624c_HD_2"><Direction>outbound</Direction><Operational><VehicleType><VehicleTypeCode>08</VehicleTypeCode><Description>Double Decker Low Floor+Wheelchair</Description></VehicleType></Operational><RouteRef>R_59624c_H_2</RouteRef><JourneyPatternSectionRefs>JPS_59624c_H_2</JourneyPatternSectionRefs></JourneyPattern><JourneyPattern id="JP_59624c_RD_1"><Direction>inbound</Direction><Operational><VehicleType><VehicleTypeCode>08</VehicleTypeCode><Description>Double Decker Low Floor+Wheelchair</Description></VehicleType></Operational><RouteRef>R_59624c_R_3</RouteRef><JourneyPatternSectionRefs>JPS_59624c_R_1</JourneyPatternSectionRefs></JourneyPattern></StandardService></Service></Services><VehicleJourneys><VehicleJourney><PrivateCode>59624ccCH6240002</PrivateCode><Operational><VehicleType><VehicleTypeCode>08</VehicleTypeCode><Description>Double Decker Low Floor+Wheelchair</Description></VehicleType></Operational><OperatingProfile><RegularDayType>
					<DaysOfWeek>
						<Monday/>
						<Tuesday/>
						<Wednesday/>
						<Thursday/>
					</DaysOfWeek>
				</RegularDayType>
			</OperatingProfile><VehicleJourneyCode>59624ccCH6240002</VehicleJourneyCode><ServiceRef>SId_59624cC</ServiceRef><LineRef>LId_59624cC</LineRef><JourneyPatternRef>JP_59624c_HC_1</JourneyPatternRef><DepartureTime>06:58:00</DepartureTime></VehicleJourney><VehicleJourney><PrivateCode>59624ccCH6240003</PrivateCode><Operational><VehicleType><VehicleTypeCode>08</VehicleTypeCode><Description>Double Decker Low Floor+Wheelchair</Description></VehicleType></Operational><OperatingProfile><RegularDayType>
					<DaysOfWeek>
						<Monday/>
						<Tuesday/>
						<Wednesday/>
						<Thursday/>
					</DaysOfWeek>
				</RegularDayType>
			</OperatingProfile><VehicleJourneyCode>59624ccCH6240003</VehicleJourneyCode><ServiceRef>SId_59624cC</ServiceRef><LineRef>LId_59624cC</LineRef><JourneyPatternRef>JP_59624c_HC_2</JourneyPatternRef><DepartureTime>07:22:00</DepartureTime></VehicleJourney><VehicleJourney><PrivateCode>59624ccCH6240005</PrivateCode><Operational><VehicleType><VehicleTypeCode>08</VehicleTypeCode><Description>Double Decker Low Floor+Wheelchair</Description></VehicleType></Operational><OperatingProfile><RegularDayType>
					<DaysOfWeek>
						<Monday/>
						<Tuesday/>
						<Wednesday/>
						<Thursday/>
					</DaysOfWeek>
				</RegularDayType>
			</OperatingProfile><VehicleJourneyCode>59624ccCH6240005</VehicleJourneyCode><ServiceRef>SId_59624cC</ServiceRef><LineRef>LId_59624cC</LineRef><JourneyPatternRef>JP_59624c_HC_2</JourneyPatternRef><DepartureTime>07:27:00</DepartureTime></VehicleJourney><VehicleJourney><PrivateCode>59624ccDH6240001</PrivateCode><Operational><VehicleType><VehicleTypeCode>08</VehicleTypeCode><Description>Double Decker Low Floor+Wheelchair</Description></VehicleType></Operational><OperatingProfile><RegularDayType>
					<DaysOfWeek>
						<Friday/>
					</DaysOfWeek>
				</RegularDayType>
			</OperatingProfile><VehicleJourneyCode>59624ccDH6240001</VehicleJourneyCode><ServiceRef>SId_59624cD</ServiceRef><LineRef>LId_59624cD</LineRef><JourneyPatternRef>JP_59624c_HD_1</JourneyPatternRef><DepartureTime>06:58:00</DepartureTime></VehicleJourney><VehicleJourney><PrivateCode>59624ccDH6240004</PrivateCode><Operational><VehicleType><VehicleTypeCode>08</VehicleTypeCode><Description>Double Decker Low Floor+Wheelchair</Description></VehicleType></Operational><OperatingProfile><RegularDayType>
					<DaysOfWeek>
						<Friday/>
					</DaysOfWeek>
				</RegularDayType>
			</OperatingProfile><VehicleJourneyCode>59624ccDH6240004</VehicleJourneyCode><ServiceRef>SId_59624cD</ServiceRef><LineRef>LId_59624cD</LineRef><JourneyPatternRef>JP_59624c_HD_2</JourneyPatternRef><DepartureTime>07:22:00</DepartureTime></VehicleJourney><VehicleJourney><PrivateCode>59624ccDH6240006</PrivateCode><Operational><VehicleType><VehicleTypeCode>08</VehicleTypeCode><Description>Double Decker Low Floor+Wheelchair</Description></VehicleType></Operational><OperatingProfile><RegularDayType>
					<DaysOfWeek>
						<Friday/>
					</DaysOfWeek>
				</RegularDayType>
			</OperatingProfile><VehicleJourneyCode>59624ccDH6240006</VehicleJourneyCode><ServiceRef>SId_59624cD</ServiceRef><LineRef>LId_59624cD</LineRef><JourneyPatternRef>JP_59624c_HD_2</JourneyPatternRef><DepartureTime>07:27:00</DepartureTime></VehicleJourney><VehicleJourney><PrivateCode>59624ccCR6240008</PrivateCode><Operational><VehicleType><VehicleTypeCode>08</VehicleTypeCode><Description>Double Decker Low Floor+Wheelchair</Description></VehicleType></Operational><OperatingProfile><RegularDayType>
					<DaysOfWeek>
						<Monday/>
						<Tuesday/>
						<Wednesday/>
						<Thursday/>
					</DaysOfWeek>
				</RegularDayType>
			</OperatingProfile><VehicleJourneyCode>59624ccCR6240008</VehicleJourneyCode><ServiceRef>SId_59624cC</ServiceRef><LineRef>LId_59624cC</LineRef><JourneyPatternRef>JP_59624c_RC_1</JourneyPatternRef><DepartureTime>14:55:00</DepartureTime></VehicleJourney><VehicleJourney><PrivateCode>59624ccCR6240009</PrivateCode><Operational><VehicleType><VehicleTypeCode>08</VehicleTypeCode><Description>Double Decker Low Floor+Wheelchair</Description></VehicleType></Operational><OperatingProfile><RegularDayType>
					<DaysOfWeek>
						<Monday/>
						<Tuesday/>
						<Wednesday/>
						<Thursday/>
					</DaysOfWeek>
				</RegularDayType>
			</OperatingProfile><VehicleJourneyCode>59624ccCR6240009</VehicleJourneyCode><ServiceRef>SId_59624cC</ServiceRef><LineRef>LId_59624cC</LineRef><JourneyPatternRef>JP_59624c_RC_1</JourneyPatternRef><DepartureTime>14:56:00</DepartureTime></VehicleJourney><VehicleJourney><PrivateCode>59624ccCR6240011</PrivateCode><Operational><VehicleType><VehicleTypeCode>08</VehicleTypeCode><Description>Double Decker Low Floor+Wheelchair</Description></VehicleType></Operational><OperatingProfile><RegularDayType>
					<DaysOfWeek>
						<Monday/>
						<Tuesday/>
						<Wednesday/>
						<Thursday/>
					</DaysOfWeek>
				</RegularDayType>
			</OperatingProfile><VehicleJourneyCode>59624ccCR6240011</VehicleJourneyCode><ServiceRef>SId_59624cC</ServiceRef><LineRef>LId_59624cC</LineRef><JourneyPatternRef>JP_59624c_RC_1</JourneyPatternRef><DepartureTime>15:55:00</DepartureTime></VehicleJourney><VehicleJourney><PrivateCode>59624ccDR6240007</PrivateCode><Operational><VehicleType><VehicleTypeCode>08</VehicleTypeCode><Description>Double Decker Low Floor+Wheelchair</Description></VehicleType></Operational><OperatingProfile><RegularDayType>
					<DaysOfWeek>
						<Friday/>
					</DaysOfWeek>
				</RegularDayType>
			</OperatingProfile><VehicleJourneyCode>59624ccDR6240007</VehicleJourneyCode><ServiceRef>SId_59624cD</ServiceRef><LineRef>LId_59624cD</LineRef><JourneyPatternRef>JP_59624c_RD_1</JourneyPatternRef><DepartureTime>14:55:00</DepartureTime></VehicleJourney><VehicleJourney><PrivateCode>59624ccDR6240010</PrivateCode><Operational><VehicleType><VehicleTypeCode>08</VehicleTypeCode><Description>Double Decker Low Floor+Wheelchair</Description></VehicleType></Operational><OperatingProfile><RegularDayType>
					<DaysOfWeek>
						<Friday/>
					</DaysOfWeek>
				</RegularDayType>
			</OperatingProfile><VehicleJourneyCode>59624ccDR6240010</VehicleJourneyCode><ServiceRef>SId_59624cD</ServiceRef><LineRef>LId_59624cD</LineRef><JourneyPatternRef>JP_59624c_RD_1</JourneyPatternRef><DepartureTime>14:56:00</DepartureTime></VehicleJourney></VehicleJourneys></TransXChange>
