<?xml version="1.0" encoding="UTF-8"?>
<TransXChange CreationDateTime="2010-10-28T09:25:53" ModificationDateTime="2010-10-28T09:25:53" Modification="new" FileName="G:\mentzdv\Datastore\output_txc_60687b.xml" RevisionNumber="0" SchemaVersion="2.1" xmlns:xsi="http://www.w3.org/2001/XMLSchema-instance" xsi:schemaLocation="http://www.transxchange.org.uk/ http://www.transxchange.org.uk/schema/2.1/TransXChange_general.xsd" xmlns="http://www.transxchange.org.uk/" xmlns:n1="http://www.transxchange.org.uk/" xmlns:n2="http://www.govtalk.gov.uk/people/AddressAndPersonalDetails" xmlns:n3="http://www.govtalk.gov.uk/core" xmlns:n4="http://www.govtalk.gov.uk/people/bs7666"><StopPoints><AnnotatedStopPointRef><StopPointRef>490011579S</StopPointRef><CommonName>Ridgewell Close</CommonName><Indicator>stop K</Indicator><LocalityName>Dagenham</LocalityName><LocalityQualifier>Greater London</LocalityQualifier></AnnotatedStopPointRef><AnnotatedStopPointRef><StopPointRef>490010666S</StopPointRef><CommonName>Oval Road North</CommonName><Indicator>stop L</Indicator><LocalityName>Dagenham</LocalityName><LocalityQualifier>Greater London</LocalityQualifier></AnnotatedStopPointRef><AnnotatedStopPointRef><StopPointRef>490010667E</StopPointRef><CommonName>Oval Road South / Crosby Road</CommonName><Indicator>stop M</Indicator><LocalityName>Dagenham</LocalityName><LocalityQualifier>Greater London</LocalityQualifier></AnnotatedStopPointRef><AnnotatedStopPointRef><StopPointRef>490003565W</StopPointRef><CommonName>Ballards Road / New Road</CommonName><Indicator>stop Q</Indicator><LocalityName>Dagenham</LocalityName><LocalityQualifier>Greater London</LocalityQualifier></AnnotatedStopPointRef><AnnotatedStopPointRef><StopPointRef>490015139W3</StopPointRef><CommonName>Chequers Lane (RM9)</CommonName><Indicator>stop R</Indicator><LocalityName>Dagenham</LocalityName><LocalityQualifier>Greater London</LocalityQualifier></AnnotatedStopPointRef><AnnotatedStopPointRef><StopPointRef>490005090W1</StopPointRef><CommonName>Chequers Ln /Merrilands Ret Pk</CommonName><Indicator>stop S</Indicator><LocalityName>Dagenham</LocalityName><LocalityQualifier>Greater London</LocalityQualifier></AnnotatedStopPointRef><AnnotatedStopPointRef><StopPointRef>490011099W</StopPointRef><CommonName>Pooles Lane</CommonName><Indicator>stop E</Indicator><LocalityName>Dagenham</LocalityName><LocalityQualifier>Greater London</LocalityQualifier></AnnotatedStopPointRef><AnnotatedStopPointRef><StopPointRef>490010042W</StopPointRef><CommonName>Morrison Road</CommonName><Indicator>stop F</Indicator><LocalityName>Dagenham</LocalityName><LocalityQualifier>Greater London</LocalityQualifier></AnnotatedStopPointRef><AnnotatedStopPointRef><StopPointRef>490007314W</StopPointRef><CommonName>Goresbrook Leisure Centre</CommonName><Indicator>stop G</Indicator><LocalityName>Dagenham</LocalityName><LocalityQualifier>Greater London</LocalityQualifier></AnnotatedStopPointRef><AnnotatedStopPointRef><StopPointRef>490004842W</StopPointRef><CommonName>Castle Green / Rippleside</CommonName><Indicator>stop H</Indicator><LocalityName>Dagenham</LocalityName><LocalityQualifier>Greater London</LocalityQualifier></AnnotatedStopPointRef><AnnotatedStopPointRef><StopPointRef>490011527W</StopPointRef><CommonName>Renwick Road</CommonName><Indicator>stop J</Indicator><LocalityName>Creekmouth</LocalityName><LocalityQualifier>Greater London</LocalityQualifier></AnnotatedStopPointRef><AnnotatedStopPointRef><StopPointRef>490009246E2</StopPointRef><CommonName>Lodge Avenue (RM9)</CommonName><Indicator>stop P</Indicator><LocalityName>Creekmouth</LocalityName><LocalityQualifier>Greater London</LocalityQualifier></AnnotatedStopPointRef><AnnotatedStopPointRef><StopPointRef>490013224W</StopPointRef><CommonName>Barking Industrial Park</CommonName><Indicator>stop Q</Indicator><LocalityName>Fair Cross</LocalityName><LocalityQualifier>Greater London</LocalityQualifier></AnnotatedStopPointRef><AnnotatedStopPointRef><StopPointRef>490011591W</StopPointRef><CommonName>Rippleside Cemetery</CommonName><Indicator>stop T</Indicator><LocalityName>Fair Cross</LocalityName><LocalityQualifier>Greater London</LocalityQualifier></AnnotatedStopPointRef><AnnotatedStopPointRef><StopPointRef>490013834W</StopPointRef><CommonName>Tudor Road / Ripple Road</CommonName><Indicator>stop X</Indicator><LocalityName>Fair Cross</LocalityName><LocalityQualifier>Greater London</LocalityQualifier></AnnotatedStopPointRef><AnnotatedStopPointRef><StopPointRef>490004086W</StopPointRef><CommonName>Blake Avenue (IG11)</CommonName><Indicator>stop Y</Indicator><LocalityName>Fair Cross</LocalityName><LocalityQualifier>Greater London</LocalityQualifier></AnnotatedStopPointRef><AnnotatedStopPointRef><StopPointRef>490008741W</StopPointRef><CommonName>King Edwards Road /Ripple Road</CommonName><Indicator>stop W</Indicator><LocalityName>Barking</LocalityName><LocalityQualifier>Greater London</LocalityQualifier></AnnotatedStopPointRef><AnnotatedStopPointRef><StopPointRef>490018827N</StopPointRef><CommonName>Westbury Road / Ripple Road</CommonName><Indicator>stop N</Indicator><LocalityName>Barking</LocalityName><LocalityQualifier>Greater London</LocalityQualifier></AnnotatedStopPointRef><AnnotatedStopPointRef><StopPointRef>490003033W</StopPointRef><CommonName>Abbey Sports Centre</CommonName><Indicator>stop Y</Indicator><LocalityName>Barking</LocalityName><LocalityQualifier>Greater London</LocalityQualifier></AnnotatedStopPointRef><AnnotatedStopPointRef><StopPointRef>490004383S</StopPointRef><CommonName>Broadway Theatre</CommonName><Indicator>stop S</Indicator><LocalityName>Barking</LocalityName><LocalityQualifier>Greater London</LocalityQualifier></AnnotatedStopPointRef><AnnotatedStopPointRef><StopPointRef>490003603A</StopPointRef><CommonName>Barking Abbey</CommonName><Indicator>stop A</Indicator><LocalityName>Barking</LocalityName><LocalityQualifier>Greater London</LocalityQualifier></AnnotatedStopPointRef><AnnotatedStopPointRef><StopPointRef>490003616D</StopPointRef><CommonName>Barking Town Centre</CommonName><Indicator>stop D</Indicator><LocalityName>Barking</LocalityName><LocalityQualifier>Greater London</LocalityQualifier></AnnotatedStopPointRef><AnnotatedStopPointRef><StopPointRef>490000015K</StopPointRef><CommonName>Barking</CommonName><Indicator>stop K</Indicator><LocalityName>Barking</LocalityName><LocalityQualifier>Greater London</LocalityQualifier></AnnotatedStopPointRef></StopPoints><RouteSections><RouteSection id="RS_60687b_H_1"><RouteLink id="RL_RS_60687b_H_1_0"><From><StopPointRef>490011579S</StopPointRef></From><To><StopPointRef>490010666S</StopPointRef></To><Direction>outbound</Direction></RouteLink><RouteLink id="RL_RS_60687b_H_1_1"><From><StopPointRef>490010666S</StopPointRef></From><To><StopPointRef>490010667E</StopPointRef></To><Direction>outbound</Direction></RouteLink><RouteLink id="RL_RS_60687b_H_1_2"><From><StopPointRef>490010667E</StopPointRef></From><To><StopPointRef>490003565W</StopPointRef></To><Direction>outbound</Direction></RouteLink><RouteLink id="RL_RS_60687b_H_1_3"><From><StopPointRef>490003565W</StopPointRef></From><To><StopPointRef>490015139W3</StopPointRef></To><Direction>outbound</Direction></RouteLink><RouteLink id="RL_RS_60687b_H_1_4"><From><StopPointRef>490015139W3</StopPointRef></From><To><StopPointRef>490005090W1</StopPointRef></To><Direction>outbound</Direction></RouteLink><RouteLink id="RL_RS_60687b_H_1_5"><From><StopPointRef>490005090W1</StopPointRef></From><To><StopPointRef>490011099W</StopPointRef></To><Direction>outbound</Direction></RouteLink><RouteLink id="RL_RS_60687b_H_1_6"><From><StopPointRef>490011099W</StopPointRef></From><To><StopPointRef>490010042W</StopPointRef></To><Direction>outbound</Direction></RouteLink><RouteLink id="RL_RS_60687b_H_1_7"><From><StopPointRef>490010042W</StopPointRef></From><To><StopPointRef>490007314W</StopPointRef></To><Direction>outbound</Direction></RouteLink><RouteLink id="RL_RS_60687b_H_1_8"><From><StopPointRef>490007314W</StopPointRef></From><To><StopPointRef>490004842W</StopPointRef></To><Direction>outbound</Direction></RouteLink><RouteLink id="RL_RS_60687b_H_1_9"><From><StopPointRef>490004842W</StopPointRef></From><To><StopPointRef>490011527W</StopPointRef></To><Direction>outbound</Direction></RouteLink><RouteLink id="RL_RS_60687b_H_1_10"><From><StopPointRef>490011527W</StopPointRef></From><To><StopPointRef>490009246E2</StopPointRef></To><Direction>outbound</Direction></RouteLink><RouteLink id="RL_RS_60687b_H_1_11"><From><StopPointRef>490009246E2</StopPointRef></From><To><StopPointRef>490013224W</StopPointRef></To><Direction>outbound</Direction></RouteLink><RouteLink id="RL_RS_60687b_H_1_12"><From><StopPointRef>490013224W</StopPointRef></From><To><StopPointRef>490011591W</StopPointRef></To><Direction>outbound</Direction></RouteLink><RouteLink id="RL_RS_60687b_H_1_13"><From><StopPointRef>490011591W</StopPointRef></From><To><StopPointRef>490013834W</StopPointRef></To><Direction>outbound</Direction></RouteLink><RouteLink id="RL_RS_60687b_H_1_14"><From><StopPointRef>490013834W</StopPointRef></From><To><StopPointRef>490004086W</StopPointRef></To><Direction>outbound</Direction></RouteLink><RouteLink id="RL_RS_60687b_H_1_15"><From><StopPointRef>490004086W</StopPointRef></From><To><StopPointRef>490008741W</StopPointRef></To><Direction>outbound</Direction></RouteLink><RouteLink id="RL_RS_60687b_H_1_16"><From><StopPointRef>490008741W</StopPointRef></From><To><StopPointRef>490018827N</StopPointRef></To><Direction>outbound</Direction></RouteLink><RouteLink id="RL_RS_60687b_H_1_17"><From><StopPointRef>490018827N</StopPointRef></From><To><StopPointRef>490003033W</StopPointRef></To><Direction>outbound</Direction></RouteLink><RouteLink id="RL_RS_60687b_H_1_18"><From><StopPointRef>490003033W</StopPointRef></From><To><StopPointRef>490004383S</StopPointRef></To><Direction>outbound</Direction></RouteLink><RouteLink id="RL_RS_60687b_H_1_19"><From><StopPointRef>490004383S</StopPointRef></From><To><StopPointRef>490003603A</StopPointRef></To><Direction>outbound</Direction></RouteLink><RouteLink id="RL_RS_60687b_H_1_20"><From><StopPointRef>490003603A</StopPointRef></From><To><StopPointRef>490003616D</StopPointRef></To><Direction>outbound</Direction></RouteLink><RouteLink id="RL_RS_60687b_H_1_21"><From><StopPointRef>490003616D</StopPointRef></From><To><StopPointRef>490000015K</StopPointRef></To><Direction>outbound</Direction></RouteLink></RouteSection></RouteSections><Routes><Route id="R_60687b_H_1"><PrivateCode>R_60687b_H_1</PrivateCode><Description>Ridgewell Close - Barking</Description><RouteSectionRef>RS_60687b_H_1</RouteSectionRef></Route></Routes><JourneyPatternSections><JourneyPatternSection id="JPS_60687b_H_1"><JourneyPatternTimingLink id="JPL_60687b_H_1_0"><From SequenceNumber="1"><StopPointRef>490011579S</StopPointRef><TimingStatus>PTP</TimingStatus></From><To SequenceNumber="2"><StopPointRef>490010666S</StopPointRef><TimingStatus>PTP</TimingStatus></To><RunTime>PT96S</RunTime></JourneyPatternTimingLink><JourneyPatternTimingLink id="JPL_60687b_H_1_1"><From SequenceNumber="2"><StopPointRef>490010666S</StopPointRef><TimingStatus>PTP</TimingStatus></From><To SequenceNumber="3"><StopPointRef>490010667E</StopPointRef><TimingStatus>PTP</TimingStatus></To><RunTime>PT96S</RunTime></JourneyPatternTimingLink><JourneyPatternTimingLink id="JPL_60687b_H_1_2"><From SequenceNumber="3"><StopPointRef>490010667E</StopPointRef><TimingStatus>PTP</TimingStatus></From><To SequenceNumber="4"><StopPointRef>490003565W</StopPointRef><TimingStatus>PTP</TimingStatus></To><RunTime>PT108S</RunTime></JourneyPatternTimingLink><JourneyPatternTimingLink id="JPL_60687b_H_1_3"><From SequenceNumber="4"><StopPointRef>490003565W</StopPointRef><TimingStatus>PTP</TimingStatus></From><To SequenceNumber="5"><StopPointRef>490015139W3</StopPointRef><TimingStatus>PTP</TimingStatus></To><RunTime>PT66S</RunTime></JourneyPatternTimingLink><JourneyPatternTimingLink id="JPL_60687b_H_1_4"><From SequenceNumber="5"><StopPointRef>490015139W3</StopPointRef><TimingStatus>PTP</TimingStatus></From><To SequenceNumber="6"><StopPointRef>490005090W1</StopPointRef><TimingStatus>PTP</TimingStatus></To><RunTime>PT66S</RunTime></JourneyPatternTimingLink><JourneyPatternTimingLink id="JPL_60687b_H_1_5"><From SequenceNumber="6"><StopPointRef>490005090W1</StopPointRef><TimingStatus>PTP</TimingStatus></From><To SequenceNumber="7"><StopPointRef>490011099W</StopPointRef><TimingStatus>PTP</TimingStatus></To><RunTime>PT66S</RunTime></JourneyPatternTimingLink><JourneyPatternTimingLink id="JPL_60687b_H_1_6"><From SequenceNumber="7"><StopPointRef>490011099W</StopPointRef><TimingStatus>PTP</TimingStatus></From><To SequenceNumber="8"><StopPointRef>490010042W</StopPointRef><TimingStatus>PTP</TimingStatus></To><RunTime>PT66S</RunTime></JourneyPatternTimingLink><JourneyPatternTimingLink id="JPL_60687b_H_1_7"><From SequenceNumber="8"><StopPointRef>490010042W</StopPointRef><TimingStatus>PTP</TimingStatus></From><To SequenceNumber="9"><StopPointRef>490007314W</StopPointRef><TimingStatus>PTP</TimingStatus></To><RunTime>PT66S</RunTime></JourneyPatternTimingLink><JourneyPatternTimingLink id="JPL_60687b_H_1_8"><From SequenceNumber="9"><StopPointRef>490007314W</StopPointRef><TimingStatus>PTP</TimingStatus></From><To SequenceNumber="10"><StopPointRef>490004842W</StopPointRef><TimingStatus>PTP</TimingStatus></To><RunTime>PT66S</RunTime></JourneyPatternTimingLink><JourneyPatternTimingLink id="JPL_60687b_H_1_9"><From SequenceNumber="10"><StopPointRef>490004842W</StopPointRef><TimingStatus>PTP</TimingStatus></From><To SequenceNumber="11"><StopPointRef>490011527W</StopPointRef><TimingStatus>PTP</TimingStatus></To><RunTime>PT66S</RunTime></JourneyPatternTimingLink><JourneyPatternTimingLink id="JPL_60687b_H_1_10"><From SequenceNumber="11"><StopPointRef>490011527W</StopPointRef><TimingStatus>PTP</TimingStatus></From><To SequenceNumber="12"><StopPointRef>490009246E2</StopPointRef><TimingStatus>PTP</TimingStatus></To><RunTime>PT66S</RunTime></JourneyPatternTimingLink><JourneyPatternTimingLink id="JPL_60687b_H_1_11"><From SequenceNumber="12"><StopPointRef>490009246E2</StopPointRef><TimingStatus>PTP</TimingStatus></From><To SequenceNumber="13"><StopPointRef>490013224W</StopPointRef><TimingStatus>PTP</TimingStatus></To><RunTime>PT72S</RunTime></JourneyPatternTimingLink><JourneyPatternTimingLink id="JPL_60687b_H_1_12"><From SequenceNumber="13"><StopPointRef>490013224W</StopPointRef><TimingStatus>PTP</TimingStatus></From><To SequenceNumber="14"><StopPointRef>490011591W</StopPointRef><TimingStatus>PTP</TimingStatus></To><RunTime>PT66S</RunTime></JourneyPatternTimingLink><JourneyPatternTimingLink id="JPL_60687b_H_1_13"><From SequenceNumber="14"><StopPointRef>490011591W</StopPointRef><TimingStatus>PTP</TimingStatus></From><To SequenceNumber="15"><StopPointRef>490013834W</StopPointRef><TimingStatus>PTP</TimingStatus></To><RunTime>PT66S</RunTime></JourneyPatternTimingLink><JourneyPatternTimingLink id="JPL_60687b_H_1_14"><From SequenceNumber="15"><StopPointRef>490013834W</StopPointRef><TimingStatus>PTP</TimingStatus></From><To SequenceNumber="16"><StopPointRef>490004086W</StopPointRef><TimingStatus>PTP</TimingStatus></To><RunTime>PT66S</RunTime></JourneyPatternTimingLink><JourneyPatternTimingLink id="JPL_60687b_H_1_15"><From SequenceNumber="16"><StopPointRef>490004086W</StopPointRef><TimingStatus>PTP</TimingStatus></From><To SequenceNumber="17"><StopPointRef>490008741W</StopPointRef><TimingStatus>PTP</TimingStatus></To><RunTime>PT66S</RunTime></JourneyPatternTimingLink><JourneyPatternTimingLink id="JPL_60687b_H_1_16"><From SequenceNumber="17"><StopPointRef>490008741W</StopPointRef><TimingStatus>PTP</TimingStatus></From><To SequenceNumber="18"><StopPointRef>490018827N</StopPointRef><TimingStatus>PTP</TimingStatus></To><RunTime>PT66S</RunTime></JourneyPatternTimingLink><JourneyPatternTimingLink id="JPL_60687b_H_1_17"><From SequenceNumber="18"><StopPointRef>490018827N</StopPointRef><TimingStatus>PTP</TimingStatus></From><To SequenceNumber="19"><StopPointRef>490003033W</StopPointRef><TimingStatus>PTP</TimingStatus></To><RunTime>PT66S</RunTime></JourneyPatternTimingLink><JourneyPatternTimingLink id="JPL_60687b_H_1_18"><From SequenceNumber="19"><StopPointRef>490003033W</StopPointRef><TimingStatus>PTP</TimingStatus></From><To SequenceNumber="20"><StopPointRef>490004383S</StopPointRef><TimingStatus>PTP</TimingStatus></To><RunTime>PT66S</RunTime></JourneyPatternTimingLink><JourneyPatternTimingLink id="JPL_60687b_H_1_19"><From SequenceNumber="20"><StopPointRef>490004383S</StopPointRef><TimingStatus>PTP</TimingStatus></From><To SequenceNumber="21"><StopPointRef>490003603A</StopPointRef><TimingStatus>PTP</TimingStatus></To><RunTime>PT66S</RunTime></JourneyPatternTimingLink><JourneyPatternTimingLink id="JPL_60687b_H_1_20"><From SequenceNumber="21"><StopPointRef>490003603A</StopPointRef><TimingStatus>PTP</TimingStatus></From><To SequenceNumber="22"><StopPointRef>490003616D</StopPointRef><TimingStatus>PTP</TimingStatus></To><RunTime>PT72S</RunTime></JourneyPatternTimingLink><JourneyPatternTimingLink id="JPL_60687b_H_1_21"><From SequenceNumber="22"><StopPointRef>490003616D</StopPointRef><TimingStatus>PTP</TimingStatus></From><To SequenceNumber="23"><StopPointRef>490000015K</StopPointRef><TimingStatus>PTP</TimingStatus></To><RunTime>PT120S</RunTime></JourneyPatternTimingLink></JourneyPatternSection></JourneyPatternSections><Operators><Operator id="OId_IF"><OperatorCode>IF</OperatorCode><OperatorShortName>IF</OperatorShortName><OperatorNameOnLicence>IF</OperatorNameOnLicence><TradingName>IF</TradingName></Operator></Operators><Services><Service><ServiceCode>SId_60687b0</ServiceCode><PrivateCode>60687b0</PrivateCode><Lines><Line id="LId_60687b0"><LineName>687</LineName></Line></Lines><OperatingPeriod><StartDate>2009-12-01</StartDate><EndDate>2010-12-23</EndDate></OperatingPeriod><OperatingProfile><RegularDayType>
					<DaysOfWeek>
						<MondayToFriday/>
					</DaysOfWeek>
				</RegularDayType>
				<BankHolidayOperation><DaysOfNonOperation><AllBankHolidays></AllBankHolidays></DaysOfNonOperation></BankHolidayOperation></OperatingProfile><RegisteredOperatorRef>OId_IF</RegisteredOperatorRef><StopRequirements><NoNewStopsRequired/></StopRequirements><StandardService><Origin>Ridgewell Close</Origin><Destination>Barking</Destination><JourneyPattern id="JP_60687b_H0_1"><Direction>outbound</Direction><Operational><VehicleType><VehicleTypeCode>08</VehicleTypeCode><Description>Double Decker Low Floor+Wheelchair</Description></VehicleType></Operational><RouteRef>R_60687b_H_1</RouteRef><JourneyPatternSectionRefs>JPS_60687b_H_1</JourneyPatternSectionRefs></JourneyPattern></StandardService></Service></Services><VehicleJourneys><VehicleJourney><PrivateCode>60687bb0H6870001</PrivateCode><Operational><VehicleType><VehicleTypeCode>08</VehicleTypeCode><Description>Double Decker Low Floor+Wheelchair</Description></VehicleType></Operational><OperatingProfile><RegularDayType>
					<DaysOfWeek>
						<MondayToFriday/>
					</DaysOfWeek>
				</RegularDayType>
			</OperatingProfile><VehicleJourneyCode>60687bb0H6870001</VehicleJourneyCode><ServiceRef>SId_60687b0</ServiceRef><LineRef>LId_60687b0</LineRef><JourneyPatternRef>JP_60687b_H0_1</JourneyPatternRef><DepartureTime>15:15:00</DepartureTime></VehicleJourney></VehicleJourneys></TransXChange>
