<?xml version="1.0" encoding="UTF-8"?>
<TransXChange CreationDateTime="2010-10-28T09:11:07" ModificationDateTime="2010-10-28T09:11:07" Modification="new" FileName="G:\mentzdv\Datastore\output_txc_49697f.xml" RevisionNumber="0" SchemaVersion="2.1" xmlns:xsi="http://www.w3.org/2001/XMLSchema-instance" xsi:schemaLocation="http://www.transxchange.org.uk/ http://www.transxchange.org.uk/schema/2.1/TransXChange_general.xsd" xmlns="http://www.transxchange.org.uk/" xmlns:n1="http://www.transxchange.org.uk/" xmlns:n2="http://www.govtalk.gov.uk/people/AddressAndPersonalDetails" xmlns:n3="http://www.govtalk.gov.uk/core" xmlns:n4="http://www.govtalk.gov.uk/people/bs7666"><StopPoints><AnnotatedStopPointRef><StopPointRef>490013978C</StopPointRef><CommonName>Hayes / Lansbury Drive</CommonName><Indicator>stop C</Indicator><LocalityName>Wood End (London)</LocalityName><LocalityQualifier>Greater London</LocalityQualifier></AnnotatedStopPointRef><AnnotatedStopPointRef><StopPointRef>490003572N</StopPointRef><CommonName>Balmoral Drive</CommonName><Indicator>stop N</Indicator><LocalityName>Wood End (London)</LocalityName><LocalityQualifier>Greater London</LocalityQualifier></AnnotatedStopPointRef><AnnotatedStopPointRef><StopPointRef>490007002N</StopPointRef><CommonName>Fredora Avenue (UB4)</CommonName><Indicator>stop P</Indicator><LocalityName>Wood End (London)</LocalityName><LocalityQualifier>Greater London</LocalityQualifier></AnnotatedStopPointRef><AnnotatedStopPointRef><StopPointRef>490006715N</StopPointRef><CommonName>Fairholme Crescent (UB4)</CommonName><Indicator>stop Q</Indicator><LocalityName>Wood End (London)</LocalityName><LocalityQualifier>Greater London</LocalityQualifier></AnnotatedStopPointRef><AnnotatedStopPointRef><StopPointRef>490008963E</StopPointRef><CommonName>The Brook House (UB4)</CommonName><Indicator>stop G</Indicator><LocalityName>Wood End (London)</LocalityName><LocalityQualifier>Greater London</LocalityQualifier></AnnotatedStopPointRef><AnnotatedStopPointRef><StopPointRef>490016772E</StopPointRef><CommonName>Kingshill Close</CommonName><Indicator>stop H</Indicator><LocalityName>Hayes End (London)</LocalityName><LocalityQualifier>Greater London</LocalityQualifier></AnnotatedStopPointRef><AnnotatedStopPointRef><StopPointRef>490013757E</StopPointRef><CommonName>Townsend Avenue</CommonName><Indicator>stop J</Indicator><LocalityName>Northolt</LocalityName><LocalityQualifier>Greater London</LocalityQualifier></AnnotatedStopPointRef><AnnotatedStopPointRef><StopPointRef>490007610E</StopPointRef><CommonName>Gurney Road (UB5)</CommonName><Indicator>stop E</Indicator><LocalityName>Northolt</LocalityName><LocalityQualifier>Greater London</LocalityQualifier></AnnotatedStopPointRef><AnnotatedStopPointRef><StopPointRef>490008784S</StopPointRef><CommonName>Kingshill Avenue/Yeading Lane</CommonName><Indicator>stop J</Indicator><LocalityName>Northolt</LocalityName><LocalityQualifier>Greater London</LocalityQualifier></AnnotatedStopPointRef><AnnotatedStopPointRef><StopPointRef>490003647S</StopPointRef><CommonName>Barnhill Community High School</CommonName><Indicator>stop G</Indicator><LocalityName>Yeading</LocalityName><LocalityQualifier>Greater London</LocalityQualifier></AnnotatedStopPointRef><AnnotatedStopPointRef><StopPointRef>490014711C</StopPointRef><CommonName>Willow Tree Lane</CommonName><Indicator>stop C</Indicator><LocalityName>Yeading</LocalityName><LocalityQualifier>Greater London</LocalityQualifier></AnnotatedStopPointRef><AnnotatedStopPointRef><StopPointRef>490012032S</StopPointRef><CommonName>Shaftesbury Way</CommonName><Indicator>stop B</Indicator><LocalityName>Yeading</LocalityName><LocalityQualifier>Greater London</LocalityQualifier></AnnotatedStopPointRef><AnnotatedStopPointRef><StopPointRef>490013979Q</StopPointRef><CommonName>The Grapes (UB4)</CommonName><Indicator>stop Q</Indicator><LocalityName>Wood End (London)</LocalityName><LocalityQualifier>Greater London</LocalityQualifier></AnnotatedStopPointRef><AnnotatedStopPointRef><StopPointRef>490004920O</StopPointRef><CommonName>Central Avenue (UB3)</CommonName><Indicator>stop O</Indicator><LocalityName>Wood End (London)</LocalityName><LocalityQualifier>Greater London</LocalityQualifier></AnnotatedStopPointRef><AnnotatedStopPointRef><StopPointRef>490003873M</StopPointRef><CommonName>Belmore Parade</CommonName><Indicator>stop M</Indicator><LocalityName>Wood End (London)</LocalityName><LocalityQualifier>Greater London</LocalityQualifier></AnnotatedStopPointRef><AnnotatedStopPointRef><StopPointRef>490005294K</StopPointRef><CommonName>Church Road / Uxbridge Road</CommonName><Indicator>stop K</Indicator><LocalityName>Wood End (London)</LocalityName><LocalityQualifier>Greater London</LocalityQualifier></AnnotatedStopPointRef><AnnotatedStopPointRef><StopPointRef>490008962F</StopPointRef><CommonName>Uxbridge County Court (UB4)</CommonName><Indicator>stop F</Indicator><LocalityName>Wood End (London)</LocalityName><LocalityQualifier>Greater London</LocalityQualifier></AnnotatedStopPointRef><AnnotatedStopPointRef><StopPointRef>490011690B</StopPointRef><CommonName>Rosedale Park</CommonName><Indicator>stop B</Indicator><LocalityName>Wood End Green</LocalityName><LocalityQualifier>Greater London</LocalityQualifier></AnnotatedStopPointRef><AnnotatedStopPointRef><StopPointRef>490010802W</StopPointRef><CommonName>Park Road (UB4)</CommonName><Indicator>stop XE</Indicator><LocalityName>Wood End Green</LocalityName><LocalityQualifier>Greater London</LocalityQualifier></AnnotatedStopPointRef><AnnotatedStopPointRef><StopPointRef>490015348W</StopPointRef><CommonName>Hayes End</CommonName><Indicator>stop XF</Indicator><LocalityName>Wood End Green</LocalityName><LocalityQualifier>Greater London</LocalityQualifier></AnnotatedStopPointRef><AnnotatedStopPointRef><StopPointRef>490010032W</StopPointRef><CommonName>Morgans Lane / Uxbridge Road</CommonName><Indicator>stop XH</Indicator><LocalityName>Hayes End</LocalityName><LocalityQualifier>Greater London</LocalityQualifier></AnnotatedStopPointRef><AnnotatedStopPointRef><StopPointRef>490014426W</StopPointRef><CommonName>West Drayton Rd / Uxbridge Rd</CommonName><Indicator>stop XJ</Indicator><LocalityName>Hayes End</LocalityName><LocalityQualifier>Greater London</LocalityQualifier></AnnotatedStopPointRef><AnnotatedStopPointRef><StopPointRef>490008006W</StopPointRef><CommonName>New Road (UB10)</CommonName><Indicator>stop UH</Indicator><LocalityName>Hillingdon Heath</LocalityName><LocalityQualifier>Greater London</LocalityQualifier></AnnotatedStopPointRef><AnnotatedStopPointRef><StopPointRef>490009069W</StopPointRef><CommonName>Lees Road / Uxbridge Road</CommonName><Indicator>stop UJ</Indicator><LocalityName>Hillingdon Heath</LocalityName><LocalityQualifier>Greater London</LocalityQualifier></AnnotatedStopPointRef><AnnotatedStopPointRef><StopPointRef>490008227W</StopPointRef><CommonName>Hillingdon School (UB10)</CommonName><Indicator>stop UK</Indicator><LocalityName>Hillingdon</LocalityName><LocalityQualifier>Greater London</LocalityQualifier></AnnotatedStopPointRef><AnnotatedStopPointRef><StopPointRef>490013974N</StopPointRef><CommonName>Crescent Parade (UB10)</CommonName><Indicator>stop US</Indicator><LocalityName>Hillingdon</LocalityName><LocalityQualifier>Greater London</LocalityQualifier></AnnotatedStopPointRef><AnnotatedStopPointRef><StopPointRef>490005422N</StopPointRef><CommonName>Clifton Gardens (UB10)</CommonName><Indicator>stop UT</Indicator><LocalityName>Hillingdon</LocalityName><LocalityQualifier>Greater London</LocalityQualifier></AnnotatedStopPointRef><AnnotatedStopPointRef><StopPointRef>490010483N</StopPointRef><CommonName>Oak Farm Library</CommonName><Indicator>stop N</Indicator><LocalityName>North Hillingdon</LocalityName><LocalityQualifier>Greater London</LocalityQualifier></AnnotatedStopPointRef><AnnotatedStopPointRef><StopPointRef>490007540N</StopPointRef><CommonName>Grosvenor Crescent / Long Lane</CommonName><Indicator>stop N</Indicator><LocalityName>North Hillingdon</LocalityName><LocalityQualifier>Greater London</LocalityQualifier></AnnotatedStopPointRef><AnnotatedStopPointRef><StopPointRef>490008222N</StopPointRef><CommonName>Hillingdon Circus (UB10)</CommonName><Indicator>stop E</Indicator><LocalityName>North Hillingdon</LocalityName><LocalityQualifier>Greater London</LocalityQualifier></AnnotatedStopPointRef><AnnotatedStopPointRef><StopPointRef>490000111N</StopPointRef><CommonName>Hillingdon</CommonName><Indicator>stop A</Indicator><LocalityName>North Hillingdon</LocalityName><LocalityQualifier>Greater London</LocalityQualifier></AnnotatedStopPointRef><AnnotatedStopPointRef><StopPointRef>490013089N</StopPointRef><CommonName>Swakeleys Drive</CommonName><Indicator>stop N</Indicator><LocalityName>Ickenham</LocalityName><LocalityQualifier>Greater London</LocalityQualifier></AnnotatedStopPointRef><AnnotatedStopPointRef><StopPointRef>490006136N</StopPointRef><CommonName>Douay Martyrs School</CommonName><Indicator>stop N</Indicator><LocalityName>Ickenham</LocalityName><LocalityQualifier>Greater London</LocalityQualifier></AnnotatedStopPointRef><AnnotatedStopPointRef><StopPointRef>490000120D</StopPointRef><CommonName>Ickenham</CommonName><Indicator>stop D</Indicator><LocalityName>Ickenham</LocalityName><LocalityQualifier>Greater London</LocalityQualifier></AnnotatedStopPointRef><AnnotatedStopPointRef><StopPointRef>490013091A</StopPointRef><CommonName>Swakeleys Road / Austins Lane</CommonName><Indicator>stop A</Indicator><LocalityName>Ickenham</LocalityName><LocalityQualifier>Greater London</LocalityQualifier></AnnotatedStopPointRef><AnnotatedStopPointRef><StopPointRef>490013091C</StopPointRef><CommonName>Swakeleys Road / Austins Lane</CommonName><Indicator>stop C</Indicator><LocalityName>Ickenham</LocalityName><LocalityQualifier>Greater London</LocalityQualifier></AnnotatedStopPointRef><AnnotatedStopPointRef><StopPointRef>490006136S</StopPointRef><CommonName>Douay Martyrs School</CommonName><Indicator>stop EE</Indicator><LocalityName>Ickenham</LocalityName><LocalityQualifier>Greater London</LocalityQualifier></AnnotatedStopPointRef><AnnotatedStopPointRef><StopPointRef>490013089S</StopPointRef><CommonName>Swakeleys Drive</CommonName><Indicator>stop S</Indicator><LocalityName>Ickenham</LocalityName><LocalityQualifier>Greater London</LocalityQualifier></AnnotatedStopPointRef><AnnotatedStopPointRef><StopPointRef>490008222S</StopPointRef><CommonName>Hillingdon Circus (UB10)</CommonName><Indicator>stop F</Indicator><LocalityName>North Hillingdon</LocalityName><LocalityQualifier>Greater London</LocalityQualifier></AnnotatedStopPointRef><AnnotatedStopPointRef><StopPointRef>490007540S</StopPointRef><CommonName>Grosvenor Crescent / Long Lane</CommonName><Indicator>stop S</Indicator><LocalityName>North Hillingdon</LocalityName><LocalityQualifier>Greater London</LocalityQualifier></AnnotatedStopPointRef><AnnotatedStopPointRef><StopPointRef>490010483S</StopPointRef><CommonName>Oak Farm Library</CommonName><Indicator>stop S</Indicator><LocalityName>North Hillingdon</LocalityName><LocalityQualifier>Greater London</LocalityQualifier></AnnotatedStopPointRef><AnnotatedStopPointRef><StopPointRef>490005422S</StopPointRef><CommonName>Clifton Gardens (UB10)</CommonName><Indicator>stop UU</Indicator><LocalityName>Hillingdon</LocalityName><LocalityQualifier>Greater London</LocalityQualifier></AnnotatedStopPointRef><AnnotatedStopPointRef><StopPointRef>490013974S</StopPointRef><CommonName>Crescent Parade (UB10)</CommonName><Indicator>stop UV</Indicator><LocalityName>Hillingdon</LocalityName><LocalityQualifier>Greater London</LocalityQualifier></AnnotatedStopPointRef><AnnotatedStopPointRef><StopPointRef>490008227E</StopPointRef><CommonName>Hillingdon School (UB10)</CommonName><Indicator>stop UE</Indicator><LocalityName>Hillingdon</LocalityName><LocalityQualifier>Greater London</LocalityQualifier></AnnotatedStopPointRef><AnnotatedStopPointRef><StopPointRef>490009069E</StopPointRef><CommonName>Lees Road / Uxbridge Road</CommonName><Indicator>stop UF</Indicator><LocalityName>Hillingdon Heath</LocalityName><LocalityQualifier>Greater London</LocalityQualifier></AnnotatedStopPointRef><AnnotatedStopPointRef><StopPointRef>490008006E</StopPointRef><CommonName>Heath Road (UB10)</CommonName><Indicator>stop UG</Indicator><LocalityName>Hillingdon Heath</LocalityName><LocalityQualifier>Greater London</LocalityQualifier></AnnotatedStopPointRef><AnnotatedStopPointRef><StopPointRef>490008117E</StopPointRef><CommonName>Hewens Road (UB10)</CommonName><Indicator>stop XA</Indicator><LocalityName>Hayes End</LocalityName><LocalityQualifier>Greater London</LocalityQualifier></AnnotatedStopPointRef><AnnotatedStopPointRef><StopPointRef>490007952E</StopPointRef><CommonName>Hayes Police Station</CommonName><Indicator>stop XB</Indicator><LocalityName>Hayes End</LocalityName><LocalityQualifier>Greater London</LocalityQualifier></AnnotatedStopPointRef><AnnotatedStopPointRef><StopPointRef>490007946E</StopPointRef><CommonName>Hayes End</CommonName><Indicator>stop XC</Indicator><LocalityName>Wood End Green</LocalityName><LocalityQualifier>Greater London</LocalityQualifier></AnnotatedStopPointRef><AnnotatedStopPointRef><StopPointRef>490010802E</StopPointRef><CommonName>Park Road (UB4)</CommonName><Indicator>stop XD</Indicator><LocalityName>Wood End Green</LocalityName><LocalityQualifier>Greater London</LocalityQualifier></AnnotatedStopPointRef><AnnotatedStopPointRef><StopPointRef>490011690A</StopPointRef><CommonName>Rosedale Park</CommonName><Indicator>stop A</Indicator><LocalityName>Wood End Green</LocalityName><LocalityQualifier>Greater London</LocalityQualifier></AnnotatedStopPointRef><AnnotatedStopPointRef><StopPointRef>490008962E</StopPointRef><CommonName>Uxbridge County Court (UB4)</CommonName><Indicator>stop E</Indicator><LocalityName>Wood End (London)</LocalityName><LocalityQualifier>Greater London</LocalityQualifier></AnnotatedStopPointRef><AnnotatedStopPointRef><StopPointRef>490005294J</StopPointRef><CommonName>Church Road / Uxbridge Road</CommonName><Indicator>stop J</Indicator><LocalityName>Wood End (London)</LocalityName><LocalityQualifier>Greater London</LocalityQualifier></AnnotatedStopPointRef><AnnotatedStopPointRef><StopPointRef>490003873L</StopPointRef><CommonName>Belmore Parade</CommonName><Indicator>stop L</Indicator><LocalityName>Wood End (London)</LocalityName><LocalityQualifier>Greater London</LocalityQualifier></AnnotatedStopPointRef><AnnotatedStopPointRef><StopPointRef>490014994N</StopPointRef><CommonName>Craven Close</CommonName><Indicator>stop N</Indicator><LocalityName>Wood End (London)</LocalityName><LocalityQualifier>Greater London</LocalityQualifier></AnnotatedStopPointRef><AnnotatedStopPointRef><StopPointRef>490013979P</StopPointRef><CommonName>The Grapes (UB4)</CommonName><Indicator>stop P</Indicator><LocalityName>Wood End (London)</LocalityName><LocalityQualifier>Greater London</LocalityQualifier></AnnotatedStopPointRef><AnnotatedStopPointRef><StopPointRef>490012032N</StopPointRef><CommonName>Shaftesbury Way</CommonName><Indicator>stop A</Indicator><LocalityName>Yeading</LocalityName><LocalityQualifier>Greater London</LocalityQualifier></AnnotatedStopPointRef><AnnotatedStopPointRef><StopPointRef>490014711N</StopPointRef><CommonName>Willow Tree Lane</CommonName><Indicator>stop E</Indicator><LocalityName>Yeading</LocalityName><LocalityQualifier>Greater London</LocalityQualifier></AnnotatedStopPointRef><AnnotatedStopPointRef><StopPointRef>490003647N</StopPointRef><CommonName>Barnhill Community High School</CommonName><Indicator>stop F</Indicator><LocalityName>Yeading</LocalityName><LocalityQualifier>Greater London</LocalityQualifier></AnnotatedStopPointRef><AnnotatedStopPointRef><StopPointRef>490008417W</StopPointRef><CommonName>Hughenden Gardens (UB5)</CommonName><Indicator>stop H</Indicator><LocalityName>Northolt</LocalityName><LocalityQualifier>Greater London</LocalityQualifier></AnnotatedStopPointRef><AnnotatedStopPointRef><StopPointRef>490007610W</StopPointRef><CommonName>Gurney Road (UB5)</CommonName><Indicator>stop W</Indicator><LocalityName>Northolt</LocalityName><LocalityQualifier>Greater London</LocalityQualifier></AnnotatedStopPointRef><AnnotatedStopPointRef><StopPointRef>490013757W</StopPointRef><CommonName>Townsend Avenue</CommonName><Indicator>stop R</Indicator><LocalityName>Northolt</LocalityName><LocalityQualifier>Greater London</LocalityQualifier></AnnotatedStopPointRef><AnnotatedStopPointRef><StopPointRef>490016772W</StopPointRef><CommonName>Kingshill Close</CommonName><Indicator>stop S</Indicator><LocalityName>Hayes End (London)</LocalityName><LocalityQualifier>Greater London</LocalityQualifier></AnnotatedStopPointRef><AnnotatedStopPointRef><StopPointRef>490007536W</StopPointRef><CommonName>Grosvenor Avenue/Raynton Drive</CommonName><Indicator>stop T</Indicator><LocalityName>Wood End (London)</LocalityName><LocalityQualifier>Greater London</LocalityQualifier></AnnotatedStopPointRef><AnnotatedStopPointRef><StopPointRef>490008783S</StopPointRef><CommonName>The Brook House (UB4)</CommonName><Indicator>stop K</Indicator><LocalityName>Wood End (London)</LocalityName><LocalityQualifier>Greater London</LocalityQualifier></AnnotatedStopPointRef><AnnotatedStopPointRef><StopPointRef>490006715S</StopPointRef><CommonName>Fairholme Crescent (UB4)</CommonName><Indicator>stop L</Indicator><LocalityName>Wood End (London)</LocalityName><LocalityQualifier>Greater London</LocalityQualifier></AnnotatedStopPointRef><AnnotatedStopPointRef><StopPointRef>490007003S</StopPointRef><CommonName>Fredora Avenue (UB4)</CommonName><Indicator>stop M</Indicator><LocalityName>Wood End (London)</LocalityName><LocalityQualifier>Greater London</LocalityQualifier></AnnotatedStopPointRef><AnnotatedStopPointRef><StopPointRef>490003572D</StopPointRef><CommonName>Balmoral Drive</CommonName><Indicator>stop D</Indicator><LocalityName>Wood End (London)</LocalityName><LocalityQualifier>Greater London</LocalityQualifier></AnnotatedStopPointRef></StopPoints><RouteSections><RouteSection id="RS_49697f_H_1"><RouteLink id="RL_RS_49697f_H_1_0"><From><StopPointRef>490013978C</StopPointRef></From><To><StopPointRef>490003572N</StopPointRef></To><Direction>outbound</Direction></RouteLink><RouteLink id="RL_RS_49697f_H_1_1"><From><StopPointRef>490003572N</StopPointRef></From><To><StopPointRef>490007002N</StopPointRef></To><Direction>outbound</Direction></RouteLink><RouteLink id="RL_RS_49697f_H_1_2"><From><StopPointRef>490007002N</StopPointRef></From><To><StopPointRef>490006715N</StopPointRef></To><Direction>outbound</Direction></RouteLink><RouteLink id="RL_RS_49697f_H_1_3"><From><StopPointRef>490006715N</StopPointRef></From><To><StopPointRef>490008963E</StopPointRef></To><Direction>outbound</Direction></RouteLink><RouteLink id="RL_RS_49697f_H_1_4"><From><StopPointRef>490008963E</StopPointRef></From><To><StopPointRef>490016772E</StopPointRef></To><Direction>outbound</Direction></RouteLink><RouteLink id="RL_RS_49697f_H_1_5"><From><StopPointRef>490016772E</StopPointRef></From><To><StopPointRef>490013757E</StopPointRef></To><Direction>outbound</Direction></RouteLink><RouteLink id="RL_RS_49697f_H_1_6"><From><StopPointRef>490013757E</StopPointRef></From><To><StopPointRef>490007610E</StopPointRef></To><Direction>outbound</Direction></RouteLink><RouteLink id="RL_RS_49697f_H_1_7"><From><StopPointRef>490007610E</StopPointRef></From><To><StopPointRef>490008784S</StopPointRef></To><Direction>outbound</Direction></RouteLink><RouteLink id="RL_RS_49697f_H_1_8"><From><StopPointRef>490008784S</StopPointRef></From><To><StopPointRef>490003647S</StopPointRef></To><Direction>outbound</Direction></RouteLink><RouteLink id="RL_RS_49697f_H_1_9"><From><StopPointRef>490003647S</StopPointRef></From><To><StopPointRef>490014711C</StopPointRef></To><Direction>outbound</Direction></RouteLink><RouteLink id="RL_RS_49697f_H_1_10"><From><StopPointRef>490014711C</StopPointRef></From><To><StopPointRef>490012032S</StopPointRef></To><Direction>outbound</Direction></RouteLink><RouteLink id="RL_RS_49697f_H_1_11"><From><StopPointRef>490012032S</StopPointRef></From><To><StopPointRef>490013979Q</StopPointRef></To><Direction>outbound</Direction></RouteLink><RouteLink id="RL_RS_49697f_H_1_12"><From><StopPointRef>490013979Q</StopPointRef></From><To><StopPointRef>490004920O</StopPointRef></To><Direction>outbound</Direction></RouteLink><RouteLink id="RL_RS_49697f_H_1_13"><From><StopPointRef>490004920O</StopPointRef></From><To><StopPointRef>490003873M</StopPointRef></To><Direction>outbound</Direction></RouteLink><RouteLink id="RL_RS_49697f_H_1_14"><From><StopPointRef>490003873M</StopPointRef></From><To><StopPointRef>490005294K</StopPointRef></To><Direction>outbound</Direction></RouteLink><RouteLink id="RL_RS_49697f_H_1_15"><From><StopPointRef>490005294K</StopPointRef></From><To><StopPointRef>490008962F</StopPointRef></To><Direction>outbound</Direction></RouteLink><RouteLink id="RL_RS_49697f_H_1_16"><From><StopPointRef>490008962F</StopPointRef></From><To><StopPointRef>490011690B</StopPointRef></To><Direction>outbound</Direction></RouteLink><RouteLink id="RL_RS_49697f_H_1_17"><From><StopPointRef>490011690B</StopPointRef></From><To><StopPointRef>490010802W</StopPointRef></To><Direction>outbound</Direction></RouteLink><RouteLink id="RL_RS_49697f_H_1_18"><From><StopPointRef>490010802W</StopPointRef></From><To><StopPointRef>490015348W</StopPointRef></To><Direction>outbound</Direction></RouteLink><RouteLink id="RL_RS_49697f_H_1_19"><From><StopPointRef>490015348W</StopPointRef></From><To><StopPointRef>490010032W</StopPointRef></To><Direction>outbound</Direction></RouteLink><RouteLink id="RL_RS_49697f_H_1_20"><From><StopPointRef>490010032W</StopPointRef></From><To><StopPointRef>490014426W</StopPointRef></To><Direction>outbound</Direction></RouteLink><RouteLink id="RL_RS_49697f_H_1_21"><From><StopPointRef>490014426W</StopPointRef></From><To><StopPointRef>490008006W</StopPointRef></To><Direction>outbound</Direction></RouteLink><RouteLink id="RL_RS_49697f_H_1_22"><From><StopPointRef>490008006W</StopPointRef></From><To><StopPointRef>490009069W</StopPointRef></To><Direction>outbound</Direction></RouteLink><RouteLink id="RL_RS_49697f_H_1_23"><From><StopPointRef>490009069W</StopPointRef></From><To><StopPointRef>490008227W</StopPointRef></To><Direction>outbound</Direction></RouteLink><RouteLink id="RL_RS_49697f_H_1_24"><From><StopPointRef>490008227W</StopPointRef></From><To><StopPointRef>490013974N</StopPointRef></To><Direction>outbound</Direction></RouteLink><RouteLink id="RL_RS_49697f_H_1_25"><From><StopPointRef>490013974N</StopPointRef></From><To><StopPointRef>490005422N</StopPointRef></To><Direction>outbound</Direction></RouteLink><RouteLink id="RL_RS_49697f_H_1_26"><From><StopPointRef>490005422N</StopPointRef></From><To><StopPointRef>490010483N</StopPointRef></To><Direction>outbound</Direction></RouteLink><RouteLink id="RL_RS_49697f_H_1_27"><From><StopPointRef>490010483N</StopPointRef></From><To><StopPointRef>490007540N</StopPointRef></To><Direction>outbound</Direction></RouteLink><RouteLink id="RL_RS_49697f_H_1_28"><From><StopPointRef>490007540N</StopPointRef></From><To><StopPointRef>490008222N</StopPointRef></To><Direction>outbound</Direction></RouteLink><RouteLink id="RL_RS_49697f_H_1_29"><From><StopPointRef>490008222N</StopPointRef></From><To><StopPointRef>490000111N</StopPointRef></To><Direction>outbound</Direction></RouteLink><RouteLink id="RL_RS_49697f_H_1_30"><From><StopPointRef>490000111N</StopPointRef></From><To><StopPointRef>490013089N</StopPointRef></To><Direction>outbound</Direction></RouteLink><RouteLink id="RL_RS_49697f_H_1_31"><From><StopPointRef>490013089N</StopPointRef></From><To><StopPointRef>490006136N</StopPointRef></To><Direction>outbound</Direction></RouteLink><RouteLink id="RL_RS_49697f_H_1_32"><From><StopPointRef>490006136N</StopPointRef></From><To><StopPointRef>490000120D</StopPointRef></To><Direction>outbound</Direction></RouteLink><RouteLink id="RL_RS_49697f_H_1_33"><From><StopPointRef>490000120D</StopPointRef></From><To><StopPointRef>490013091A</StopPointRef></To><Direction>outbound</Direction></RouteLink></RouteSection><RouteSection id="RS_49697f_R_2"><RouteLink id="RL_RS_49697f_R_2_0"><From><StopPointRef>490013091C</StopPointRef></From><To><StopPointRef>490006136S</StopPointRef></To><Direction>inbound</Direction></RouteLink><RouteLink id="RL_RS_49697f_R_2_1"><From><StopPointRef>490006136S</StopPointRef></From><To><StopPointRef>490013089S</StopPointRef></To><Direction>inbound</Direction></RouteLink><RouteLink id="RL_RS_49697f_R_2_2"><From><StopPointRef>490013089S</StopPointRef></From><To><StopPointRef>490000111N</StopPointRef></To><Direction>inbound</Direction></RouteLink><RouteLink id="RL_RS_49697f_R_2_3"><From><StopPointRef>490000111N</StopPointRef></From><To><StopPointRef>490008222S</StopPointRef></To><Direction>inbound</Direction></RouteLink><RouteLink id="RL_RS_49697f_R_2_4"><From><StopPointRef>490008222S</StopPointRef></From><To><StopPointRef>490007540S</StopPointRef></To><Direction>inbound</Direction></RouteLink><RouteLink id="RL_RS_49697f_R_2_5"><From><StopPointRef>490007540S</StopPointRef></From><To><StopPointRef>490010483S</StopPointRef></To><Direction>inbound</Direction></RouteLink><RouteLink id="RL_RS_49697f_R_2_6"><From><StopPointRef>490010483S</StopPointRef></From><To><StopPointRef>490005422S</StopPointRef></To><Direction>inbound</Direction></RouteLink><RouteLink id="RL_RS_49697f_R_2_7"><From><StopPointRef>490005422S</StopPointRef></From><To><StopPointRef>490013974S</StopPointRef></To><Direction>inbound</Direction></RouteLink><RouteLink id="RL_RS_49697f_R_2_8"><From><StopPointRef>490013974S</StopPointRef></From><To><StopPointRef>490008227E</StopPointRef></To><Direction>inbound</Direction></RouteLink><RouteLink id="RL_RS_49697f_R_2_9"><From><StopPointRef>490008227E</StopPointRef></From><To><StopPointRef>490009069E</StopPointRef></To><Direction>inbound</Direction></RouteLink><RouteLink id="RL_RS_49697f_R_2_10"><From><StopPointRef>490009069E</StopPointRef></From><To><StopPointRef>490008006E</StopPointRef></To><Direction>inbound</Direction></RouteLink><RouteLink id="RL_RS_49697f_R_2_11"><From><StopPointRef>490008006E</StopPointRef></From><To><StopPointRef>490008117E</StopPointRef></To><Direction>inbound</Direction></RouteLink><RouteLink id="RL_RS_49697f_R_2_12"><From><StopPointRef>490008117E</StopPointRef></From><To><StopPointRef>490007952E</StopPointRef></To><Direction>inbound</Direction></RouteLink><RouteLink id="RL_RS_49697f_R_2_13"><From><StopPointRef>490007952E</StopPointRef></From><To><StopPointRef>490007946E</StopPointRef></To><Direction>inbound</Direction></RouteLink><RouteLink id="RL_RS_49697f_R_2_14"><From><StopPointRef>490007946E</StopPointRef></From><To><StopPointRef>490010802E</StopPointRef></To><Direction>inbound</Direction></RouteLink><RouteLink id="RL_RS_49697f_R_2_15"><From><StopPointRef>490010802E</StopPointRef></From><To><StopPointRef>490011690A</StopPointRef></To><Direction>inbound</Direction></RouteLink><RouteLink id="RL_RS_49697f_R_2_16"><From><StopPointRef>490011690A</StopPointRef></From><To><StopPointRef>490008962E</StopPointRef></To><Direction>inbound</Direction></RouteLink><RouteLink id="RL_RS_49697f_R_2_17"><From><StopPointRef>490008962E</StopPointRef></From><To><StopPointRef>490005294J</StopPointRef></To><Direction>inbound</Direction></RouteLink><RouteLink id="RL_RS_49697f_R_2_18"><From><StopPointRef>490005294J</StopPointRef></From><To><StopPointRef>490003873L</StopPointRef></To><Direction>inbound</Direction></RouteLink><RouteLink id="RL_RS_49697f_R_2_19"><From><StopPointRef>490003873L</StopPointRef></From><To><StopPointRef>490014994N</StopPointRef></To><Direction>inbound</Direction></RouteLink><RouteLink id="RL_RS_49697f_R_2_20"><From><StopPointRef>490014994N</StopPointRef></From><To><StopPointRef>490013979P</StopPointRef></To><Direction>inbound</Direction></RouteLink><RouteLink id="RL_RS_49697f_R_2_21"><From><StopPointRef>490013979P</StopPointRef></From><To><StopPointRef>490012032N</StopPointRef></To><Direction>inbound</Direction></RouteLink><RouteLink id="RL_RS_49697f_R_2_22"><From><StopPointRef>490012032N</StopPointRef></From><To><StopPointRef>490014711N</StopPointRef></To><Direction>inbound</Direction></RouteLink><RouteLink id="RL_RS_49697f_R_2_23"><From><StopPointRef>490014711N</StopPointRef></From><To><StopPointRef>490003647N</StopPointRef></To><Direction>inbound</Direction></RouteLink><RouteLink id="RL_RS_49697f_R_2_24"><From><StopPointRef>490003647N</StopPointRef></From><To><StopPointRef>490008417W</StopPointRef></To><Direction>inbound</Direction></RouteLink><RouteLink id="RL_RS_49697f_R_2_25"><From><StopPointRef>490008417W</StopPointRef></From><To><StopPointRef>490007610W</StopPointRef></To><Direction>inbound</Direction></RouteLink><RouteLink id="RL_RS_49697f_R_2_26"><From><StopPointRef>490007610W</StopPointRef></From><To><StopPointRef>490013757W</StopPointRef></To><Direction>inbound</Direction></RouteLink><RouteLink id="RL_RS_49697f_R_2_27"><From><StopPointRef>490013757W</StopPointRef></From><To><StopPointRef>490016772W</StopPointRef></To><Direction>inbound</Direction></RouteLink><RouteLink id="RL_RS_49697f_R_2_28"><From><StopPointRef>490016772W</StopPointRef></From><To><StopPointRef>490007536W</StopPointRef></To><Direction>inbound</Direction></RouteLink><RouteLink id="RL_RS_49697f_R_2_29"><From><StopPointRef>490007536W</StopPointRef></From><To><StopPointRef>490008783S</StopPointRef></To><Direction>inbound</Direction></RouteLink><RouteLink id="RL_RS_49697f_R_2_30"><From><StopPointRef>490008783S</StopPointRef></From><To><StopPointRef>490006715S</StopPointRef></To><Direction>inbound</Direction></RouteLink><RouteLink id="RL_RS_49697f_R_2_31"><From><StopPointRef>490006715S</StopPointRef></From><To><StopPointRef>490007003S</StopPointRef></To><Direction>inbound</Direction></RouteLink><RouteLink id="RL_RS_49697f_R_2_32"><From><StopPointRef>490007003S</StopPointRef></From><To><StopPointRef>490003572D</StopPointRef></To><Direction>inbound</Direction></RouteLink></RouteSection></RouteSections><Routes><Route id="R_49697f_H_1"><PrivateCode>R_49697f_H_1</PrivateCode><Description>Hayes / Lansbury Drive - Swakeleys Road / Austins Lane</Description><RouteSectionRef>RS_49697f_H_1</RouteSectionRef></Route><Route id="R_49697f_R_2"><PrivateCode>R_49697f_R_2</PrivateCode><Description>Swakeleys Road / Austins Lane - Balmoral Drive</Description><RouteSectionRef>RS_49697f_R_2</RouteSectionRef></Route></Routes><JourneyPatternSections><JourneyPatternSection id="JPS_49697f_H_1"><JourneyPatternTimingLink id="JPL_49697f_H_1_0"><From SequenceNumber="1"><StopPointRef>490013978C</StopPointRef><TimingStatus>PTP</TimingStatus></From><To SequenceNumber="2"><StopPointRef>490003572N</StopPointRef><TimingStatus>PTP</TimingStatus></To><RunTime>PT66S</RunTime></JourneyPatternTimingLink><JourneyPatternTimingLink id="JPL_49697f_H_1_1"><From SequenceNumber="2"><StopPointRef>490003572N</StopPointRef><TimingStatus>PTP</TimingStatus></From><To SequenceNumber="3"><StopPointRef>490007002N</StopPointRef><TimingStatus>PTP</TimingStatus></To><RunTime>PT66S</RunTime></JourneyPatternTimingLink><JourneyPatternTimingLink id="JPL_49697f_H_1_2"><From SequenceNumber="3"><StopPointRef>490007002N</StopPointRef><TimingStatus>PTP</TimingStatus></From><To SequenceNumber="4"><StopPointRef>490006715N</StopPointRef><TimingStatus>PTP</TimingStatus></To><RunTime>PT66S</RunTime></JourneyPatternTimingLink><JourneyPatternTimingLink id="JPL_49697f_H_1_3"><From SequenceNumber="4"><StopPointRef>490006715N</StopPointRef><TimingStatus>PTP</TimingStatus></From><To SequenceNumber="5"><StopPointRef>490008963E</StopPointRef><TimingStatus>PTP</TimingStatus></To><RunTime>PT66S</RunTime></JourneyPatternTimingLink><JourneyPatternTimingLink id="JPL_49697f_H_1_4"><From SequenceNumber="5"><StopPointRef>490008963E</StopPointRef><TimingStatus>PTP</TimingStatus></From><To SequenceNumber="6"><StopPointRef>490016772E</StopPointRef><TimingStatus>PTP</TimingStatus></To><RunTime>PT66S</RunTime></JourneyPatternTimingLink><JourneyPatternTimingLink id="JPL_49697f_H_1_5"><From SequenceNumber="6"><StopPointRef>490016772E</StopPointRef><TimingStatus>PTP</TimingStatus></From><To SequenceNumber="7"><StopPointRef>490013757E</StopPointRef><TimingStatus>PTP</TimingStatus></To><RunTime>PT66S</RunTime></JourneyPatternTimingLink><JourneyPatternTimingLink id="JPL_49697f_H_1_6"><From SequenceNumber="7"><StopPointRef>490013757E</StopPointRef><TimingStatus>PTP</TimingStatus></From><To SequenceNumber="8"><StopPointRef>490007610E</StopPointRef><TimingStatus>PTP</TimingStatus></To><RunTime>PT66S</RunTime></JourneyPatternTimingLink><JourneyPatternTimingLink id="JPL_49697f_H_1_7"><From SequenceNumber="8"><StopPointRef>490007610E</StopPointRef><TimingStatus>PTP</TimingStatus></From><To SequenceNumber="9"><StopPointRef>490008784S</StopPointRef><TimingStatus>PTP</TimingStatus></To><RunTime>PT78S</RunTime></JourneyPatternTimingLink><JourneyPatternTimingLink id="JPL_49697f_H_1_8"><From SequenceNumber="9"><StopPointRef>490008784S</StopPointRef><TimingStatus>PTP</TimingStatus></From><To SequenceNumber="10"><StopPointRef>490003647S</StopPointRef><TimingStatus>PTP</TimingStatus></To><RunTime>PT132S</RunTime></JourneyPatternTimingLink><JourneyPatternTimingLink id="JPL_49697f_H_1_9"><From SequenceNumber="10"><StopPointRef>490003647S</StopPointRef><TimingStatus>PTP</TimingStatus></From><To SequenceNumber="11"><StopPointRef>490014711C</StopPointRef><TimingStatus>PTP</TimingStatus></To><RunTime>PT132S</RunTime></JourneyPatternTimingLink><JourneyPatternTimingLink id="JPL_49697f_H_1_10"><From SequenceNumber="11"><StopPointRef>490014711C</StopPointRef><TimingStatus>PTP</TimingStatus></From><To SequenceNumber="12"><StopPointRef>490012032S</StopPointRef><TimingStatus>PTP</TimingStatus></To><RunTime>PT132S</RunTime></JourneyPatternTimingLink><JourneyPatternTimingLink id="JPL_49697f_H_1_11"><From SequenceNumber="12"><StopPointRef>490012032S</StopPointRef><TimingStatus>PTP</TimingStatus></From><To SequenceNumber="13"><StopPointRef>490013979Q</StopPointRef><TimingStatus>PTP</TimingStatus></To><RunTime>PT144S</RunTime></JourneyPatternTimingLink><JourneyPatternTimingLink id="JPL_49697f_H_1_12"><From SequenceNumber="13"><StopPointRef>490013979Q</StopPointRef><TimingStatus>PTP</TimingStatus></From><To SequenceNumber="14"><StopPointRef>490004920O</StopPointRef><TimingStatus>PTP</TimingStatus></To><RunTime>PT66S</RunTime></JourneyPatternTimingLink><JourneyPatternTimingLink id="JPL_49697f_H_1_13"><From SequenceNumber="14"><StopPointRef>490004920O</StopPointRef><TimingStatus>PTP</TimingStatus></From><To SequenceNumber="15"><StopPointRef>490003873M</StopPointRef><TimingStatus>PTP</TimingStatus></To><RunTime>PT66S</RunTime></JourneyPatternTimingLink><JourneyPatternTimingLink id="JPL_49697f_H_1_14"><From SequenceNumber="15"><StopPointRef>490003873M</StopPointRef><TimingStatus>PTP</TimingStatus></From><To SequenceNumber="16"><StopPointRef>490005294K</StopPointRef><TimingStatus>PTP</TimingStatus></To><RunTime>PT66S</RunTime></JourneyPatternTimingLink><JourneyPatternTimingLink id="JPL_49697f_H_1_15"><From SequenceNumber="16"><StopPointRef>490005294K</StopPointRef><TimingStatus>PTP</TimingStatus></From><To SequenceNumber="17"><StopPointRef>490008962F</StopPointRef><TimingStatus>PTP</TimingStatus></To><RunTime>PT66S</RunTime></JourneyPatternTimingLink><JourneyPatternTimingLink id="JPL_49697f_H_1_16"><From SequenceNumber="17"><StopPointRef>490008962F</StopPointRef><TimingStatus>PTP</TimingStatus></From><To SequenceNumber="18"><StopPointRef>490011690B</StopPointRef><TimingStatus>PTP</TimingStatus></To><RunTime>PT66S</RunTime></JourneyPatternTimingLink><JourneyPatternTimingLink id="JPL_49697f_H_1_17"><From SequenceNumber="18"><StopPointRef>490011690B</StopPointRef><TimingStatus>PTP</TimingStatus></From><To SequenceNumber="19"><StopPointRef>490010802W</StopPointRef><TimingStatus>PTP</TimingStatus></To><RunTime>PT66S</RunTime></JourneyPatternTimingLink><JourneyPatternTimingLink id="JPL_49697f_H_1_18"><From SequenceNumber="19"><StopPointRef>490010802W</StopPointRef><TimingStatus>PTP</TimingStatus></From><To SequenceNumber="20"><StopPointRef>490015348W</StopPointRef><TimingStatus>PTP</TimingStatus></To><RunTime>PT84S</RunTime></JourneyPatternTimingLink><JourneyPatternTimingLink id="JPL_49697f_H_1_19"><From SequenceNumber="20"><StopPointRef>490015348W</StopPointRef><TimingStatus>PTP</TimingStatus></From><To SequenceNumber="21"><StopPointRef>490010032W</StopPointRef><TimingStatus>PTP</TimingStatus></To><RunTime>PT48S</RunTime></JourneyPatternTimingLink><JourneyPatternTimingLink id="JPL_49697f_H_1_20"><From SequenceNumber="21"><StopPointRef>490010032W</StopPointRef><TimingStatus>PTP</TimingStatus></From><To SequenceNumber="22"><StopPointRef>490014426W</StopPointRef><TimingStatus>PTP</TimingStatus></To><RunTime>PT48S</RunTime></JourneyPatternTimingLink><JourneyPatternTimingLink id="JPL_49697f_H_1_21"><From SequenceNumber="22"><StopPointRef>490014426W</StopPointRef><TimingStatus>PTP</TimingStatus></From><To SequenceNumber="23"><StopPointRef>490008006W</StopPointRef><TimingStatus>PTP</TimingStatus></To><RunTime>PT48S</RunTime></JourneyPatternTimingLink><JourneyPatternTimingLink id="JPL_49697f_H_1_22"><From SequenceNumber="23"><StopPointRef>490008006W</StopPointRef><TimingStatus>PTP</TimingStatus></From><To SequenceNumber="24"><StopPointRef>490009069W</StopPointRef><TimingStatus>PTP</TimingStatus></To><RunTime>PT48S</RunTime></JourneyPatternTimingLink><JourneyPatternTimingLink id="JPL_49697f_H_1_23"><From SequenceNumber="24"><StopPointRef>490009069W</StopPointRef><TimingStatus>PTP</TimingStatus></From><To SequenceNumber="25"><StopPointRef>490008227W</StopPointRef><TimingStatus>PTP</TimingStatus></To><RunTime>PT48S</RunTime></JourneyPatternTimingLink><JourneyPatternTimingLink id="JPL_49697f_H_1_24"><From SequenceNumber="25"><StopPointRef>490008227W</StopPointRef><TimingStatus>PTP</TimingStatus></From><To SequenceNumber="26"><StopPointRef>490013974N</StopPointRef><TimingStatus>PTP</TimingStatus></To><RunTime>PT60S</RunTime></JourneyPatternTimingLink><JourneyPatternTimingLink id="JPL_49697f_H_1_25"><From SequenceNumber="26"><StopPointRef>490013974N</StopPointRef><TimingStatus>PTP</TimingStatus></From><To SequenceNumber="27"><StopPointRef>490005422N</StopPointRef><TimingStatus>PTP</TimingStatus></To><RunTime>PT132S</RunTime></JourneyPatternTimingLink><JourneyPatternTimingLink id="JPL_49697f_H_1_26"><From SequenceNumber="27"><StopPointRef>490005422N</StopPointRef><TimingStatus>PTP</TimingStatus></From><To SequenceNumber="28"><StopPointRef>490010483N</StopPointRef><TimingStatus>PTP</TimingStatus></To><RunTime>PT132S</RunTime></JourneyPatternTimingLink><JourneyPatternTimingLink id="JPL_49697f_H_1_27"><From SequenceNumber="28"><StopPointRef>490010483N</StopPointRef><TimingStatus>PTP</TimingStatus></From><To SequenceNumber="29"><StopPointRef>490007540N</StopPointRef><TimingStatus>PTP</TimingStatus></To><RunTime>PT132S</RunTime></JourneyPatternTimingLink><JourneyPatternTimingLink id="JPL_49697f_H_1_28"><From SequenceNumber="29"><StopPointRef>490007540N</StopPointRef><TimingStatus>PTP</TimingStatus></From><To SequenceNumber="30"><StopPointRef>490008222N</StopPointRef><TimingStatus>PTP</TimingStatus></To><RunTime>PT132S</RunTime></JourneyPatternTimingLink><JourneyPatternTimingLink id="JPL_49697f_H_1_29"><From SequenceNumber="30"><StopPointRef>490008222N</StopPointRef><TimingStatus>PTP</TimingStatus></From><To SequenceNumber="31"><StopPointRef>490000111N</StopPointRef><TimingStatus>PTP</TimingStatus></To><RunTime>PT132S</RunTime></JourneyPatternTimingLink><JourneyPatternTimingLink id="JPL_49697f_H_1_30"><From SequenceNumber="31"><StopPointRef>490000111N</StopPointRef><TimingStatus>PTP</TimingStatus></From><To SequenceNumber="32"><StopPointRef>490013089N</StopPointRef><TimingStatus>PTP</TimingStatus></To><RunTime>PT90S</RunTime></JourneyPatternTimingLink><JourneyPatternTimingLink id="JPL_49697f_H_1_31"><From SequenceNumber="32"><StopPointRef>490013089N</StopPointRef><TimingStatus>PTP</TimingStatus></From><To SequenceNumber="33"><StopPointRef>490006136N</StopPointRef><TimingStatus>PTP</TimingStatus></To><RunTime>PT90S</RunTime></JourneyPatternTimingLink><JourneyPatternTimingLink id="JPL_49697f_H_1_32"><From SequenceNumber="33"><StopPointRef>490006136N</StopPointRef><TimingStatus>PTP</TimingStatus></From><To SequenceNumber="34"><StopPointRef>490000120D</StopPointRef><TimingStatus>PTP</TimingStatus></To><RunTime>PT90S</RunTime></JourneyPatternTimingLink><JourneyPatternTimingLink id="JPL_49697f_H_1_33"><From SequenceNumber="34"><StopPointRef>490000120D</StopPointRef><TimingStatus>PTP</TimingStatus></From><To SequenceNumber="35"><StopPointRef>490013091A</StopPointRef><TimingStatus>PTP</TimingStatus></To><RunTime>PT90S</RunTime></JourneyPatternTimingLink></JourneyPatternSection><JourneyPatternSection id="JPS_49697f_R_2"><JourneyPatternTimingLink id="JPL_49697f_R_2_0"><From SequenceNumber="1"><StopPointRef>490013091C</StopPointRef><TimingStatus>PTP</TimingStatus></From><To SequenceNumber="2"><StopPointRef>490006136S</StopPointRef><TimingStatus>PTP</TimingStatus></To><RunTime>PT78S</RunTime></JourneyPatternTimingLink><JourneyPatternTimingLink id="JPL_49697f_R_2_1"><From SequenceNumber="2"><StopPointRef>490006136S</StopPointRef><TimingStatus>PTP</TimingStatus></From><To SequenceNumber="3"><StopPointRef>490013089S</StopPointRef><TimingStatus>PTP</TimingStatus></To><RunTime>PT78S</RunTime></JourneyPatternTimingLink><JourneyPatternTimingLink id="JPL_49697f_R_2_2"><From SequenceNumber="3"><StopPointRef>490013089S</StopPointRef><TimingStatus>PTP</TimingStatus></From><To SequenceNumber="4"><StopPointRef>490000111N</StopPointRef><TimingStatus>PTP</TimingStatus></To><RunTime>PT84S</RunTime></JourneyPatternTimingLink><JourneyPatternTimingLink id="JPL_49697f_R_2_3"><From SequenceNumber="4"><StopPointRef>490000111N</StopPointRef><TimingStatus>PTP</TimingStatus></From><To SequenceNumber="5"><StopPointRef>490008222S</StopPointRef><TimingStatus>PTP</TimingStatus></To><RunTime>PT72S</RunTime></JourneyPatternTimingLink><JourneyPatternTimingLink id="JPL_49697f_R_2_4"><From SequenceNumber="5"><StopPointRef>490008222S</StopPointRef><TimingStatus>PTP</TimingStatus></From><To SequenceNumber="6"><StopPointRef>490007540S</StopPointRef><TimingStatus>PTP</TimingStatus></To><RunTime>PT72S</RunTime></JourneyPatternTimingLink><JourneyPatternTimingLink id="JPL_49697f_R_2_5"><From SequenceNumber="6"><StopPointRef>490007540S</StopPointRef><TimingStatus>PTP</TimingStatus></From><To SequenceNumber="7"><StopPointRef>490010483S</StopPointRef><TimingStatus>PTP</TimingStatus></To><RunTime>PT72S</RunTime></JourneyPatternTimingLink><JourneyPatternTimingLink id="JPL_49697f_R_2_6"><From SequenceNumber="7"><StopPointRef>490010483S</StopPointRef><TimingStatus>PTP</TimingStatus></From><To SequenceNumber="8"><StopPointRef>490005422S</StopPointRef><TimingStatus>PTP</TimingStatus></To><RunTime>PT72S</RunTime></JourneyPatternTimingLink><JourneyPatternTimingLink id="JPL_49697f_R_2_7"><From SequenceNumber="8"><StopPointRef>490005422S</StopPointRef><TimingStatus>PTP</TimingStatus></From><To SequenceNumber="9"><StopPointRef>490013974S</StopPointRef><TimingStatus>PTP</TimingStatus></To><RunTime>PT72S</RunTime></JourneyPatternTimingLink><JourneyPatternTimingLink id="JPL_49697f_R_2_8"><From SequenceNumber="9"><StopPointRef>490013974S</StopPointRef><TimingStatus>PTP</TimingStatus></From><To SequenceNumber="10"><StopPointRef>490008227E</StopPointRef><TimingStatus>PTP</TimingStatus></To><RunTime>PT60S</RunTime></JourneyPatternTimingLink><JourneyPatternTimingLink id="JPL_49697f_R_2_9"><From SequenceNumber="10"><StopPointRef>490008227E</StopPointRef><TimingStatus>PTP</TimingStatus></From><To SequenceNumber="11"><StopPointRef>490009069E</StopPointRef><TimingStatus>PTP</TimingStatus></To><RunTime>PT60S</RunTime></JourneyPatternTimingLink><JourneyPatternTimingLink id="JPL_49697f_R_2_10"><From SequenceNumber="11"><StopPointRef>490009069E</StopPointRef><TimingStatus>PTP</TimingStatus></From><To SequenceNumber="12"><StopPointRef>490008006E</StopPointRef><TimingStatus>PTP</TimingStatus></To><RunTime>PT60S</RunTime></JourneyPatternTimingLink><JourneyPatternTimingLink id="JPL_49697f_R_2_11"><From SequenceNumber="12"><StopPointRef>490008006E</StopPointRef><TimingStatus>PTP</TimingStatus></From><To SequenceNumber="13"><StopPointRef>490008117E</StopPointRef><TimingStatus>PTP</TimingStatus></To><RunTime>PT60S</RunTime></JourneyPatternTimingLink><JourneyPatternTimingLink id="JPL_49697f_R_2_12"><From SequenceNumber="13"><StopPointRef>490008117E</StopPointRef><TimingStatus>PTP</TimingStatus></From><To SequenceNumber="14"><StopPointRef>490007952E</StopPointRef><TimingStatus>PTP</TimingStatus></To><RunTime>PT60S</RunTime></JourneyPatternTimingLink><JourneyPatternTimingLink id="JPL_49697f_R_2_13"><From SequenceNumber="14"><StopPointRef>490007952E</StopPointRef><TimingStatus>PTP</TimingStatus></From><To SequenceNumber="15"><StopPointRef>490007946E</StopPointRef><TimingStatus>PTP</TimingStatus></To><RunTime>PT60S</RunTime></JourneyPatternTimingLink><JourneyPatternTimingLink id="JPL_49697f_R_2_14"><From SequenceNumber="15"><StopPointRef>490007946E</StopPointRef><TimingStatus>PTP</TimingStatus></From><To SequenceNumber="16"><StopPointRef>490010802E</StopPointRef><TimingStatus>PTP</TimingStatus></To><RunTime>PT72S</RunTime></JourneyPatternTimingLink><JourneyPatternTimingLink id="JPL_49697f_R_2_15"><From SequenceNumber="16"><StopPointRef>490010802E</StopPointRef><TimingStatus>PTP</TimingStatus></From><To SequenceNumber="17"><StopPointRef>490011690A</StopPointRef><TimingStatus>PTP</TimingStatus></To><RunTime>PT72S</RunTime></JourneyPatternTimingLink><JourneyPatternTimingLink id="JPL_49697f_R_2_16"><From SequenceNumber="17"><StopPointRef>490011690A</StopPointRef><TimingStatus>PTP</TimingStatus></From><To SequenceNumber="18"><StopPointRef>490008962E</StopPointRef><TimingStatus>PTP</TimingStatus></To><RunTime>PT72S</RunTime></JourneyPatternTimingLink><JourneyPatternTimingLink id="JPL_49697f_R_2_17"><From SequenceNumber="18"><StopPointRef>490008962E</StopPointRef><TimingStatus>PTP</TimingStatus></From><To SequenceNumber="19"><StopPointRef>490005294J</StopPointRef><TimingStatus>PTP</TimingStatus></To><RunTime>PT72S</RunTime></JourneyPatternTimingLink><JourneyPatternTimingLink id="JPL_49697f_R_2_18"><From SequenceNumber="19"><StopPointRef>490005294J</StopPointRef><TimingStatus>PTP</TimingStatus></From><To SequenceNumber="20"><StopPointRef>490003873L</StopPointRef><TimingStatus>PTP</TimingStatus></To><RunTime>PT72S</RunTime></JourneyPatternTimingLink><JourneyPatternTimingLink id="JPL_49697f_R_2_19"><From SequenceNumber="20"><StopPointRef>490003873L</StopPointRef><TimingStatus>PTP</TimingStatus></From><To SequenceNumber="21"><StopPointRef>490014994N</StopPointRef><TimingStatus>PTP</TimingStatus></To><RunTime>PT72S</RunTime></JourneyPatternTimingLink><JourneyPatternTimingLink id="JPL_49697f_R_2_20"><From SequenceNumber="21"><StopPointRef>490014994N</StopPointRef><TimingStatus>PTP</TimingStatus></From><To SequenceNumber="22"><StopPointRef>490013979P</StopPointRef><TimingStatus>PTP</TimingStatus></To><RunTime>PT108S</RunTime></JourneyPatternTimingLink><JourneyPatternTimingLink id="JPL_49697f_R_2_21"><From SequenceNumber="22"><StopPointRef>490013979P</StopPointRef><TimingStatus>PTP</TimingStatus></From><To SequenceNumber="23"><StopPointRef>490012032N</StopPointRef><TimingStatus>PTP</TimingStatus></To><RunTime>PT120S</RunTime></JourneyPatternTimingLink><JourneyPatternTimingLink id="JPL_49697f_R_2_22"><From SequenceNumber="23"><StopPointRef>490012032N</StopPointRef><TimingStatus>PTP</TimingStatus></From><To SequenceNumber="24"><StopPointRef>490014711N</StopPointRef><TimingStatus>PTP</TimingStatus></To><RunTime>PT120S</RunTime></JourneyPatternTimingLink><JourneyPatternTimingLink id="JPL_49697f_R_2_23"><From SequenceNumber="24"><StopPointRef>490014711N</StopPointRef><TimingStatus>PTP</TimingStatus></From><To SequenceNumber="25"><StopPointRef>490003647N</StopPointRef><TimingStatus>PTP</TimingStatus></To><RunTime>PT120S</RunTime></JourneyPatternTimingLink><JourneyPatternTimingLink id="JPL_49697f_R_2_24"><From SequenceNumber="25"><StopPointRef>490003647N</StopPointRef><TimingStatus>PTP</TimingStatus></From><To SequenceNumber="26"><StopPointRef>490008417W</StopPointRef><TimingStatus>PTP</TimingStatus></To><RunTime>PT120S</RunTime></JourneyPatternTimingLink><JourneyPatternTimingLink id="JPL_49697f_R_2_25"><From SequenceNumber="26"><StopPointRef>490008417W</StopPointRef><TimingStatus>PTP</TimingStatus></From><To SequenceNumber="27"><StopPointRef>490007610W</StopPointRef><TimingStatus>PTP</TimingStatus></To><RunTime>PT66S</RunTime></JourneyPatternTimingLink><JourneyPatternTimingLink id="JPL_49697f_R_2_26"><From SequenceNumber="27"><StopPointRef>490007610W</StopPointRef><TimingStatus>PTP</TimingStatus></From><To SequenceNumber="28"><StopPointRef>490013757W</StopPointRef><TimingStatus>PTP</TimingStatus></To><RunTime>PT66S</RunTime></JourneyPatternTimingLink><JourneyPatternTimingLink id="JPL_49697f_R_2_27"><From SequenceNumber="28"><StopPointRef>490013757W</StopPointRef><TimingStatus>PTP</TimingStatus></From><To SequenceNumber="29"><StopPointRef>490016772W</StopPointRef><TimingStatus>PTP</TimingStatus></To><RunTime>PT66S</RunTime></JourneyPatternTimingLink><JourneyPatternTimingLink id="JPL_49697f_R_2_28"><From SequenceNumber="29"><StopPointRef>490016772W</StopPointRef><TimingStatus>PTP</TimingStatus></From><To SequenceNumber="30"><StopPointRef>490007536W</StopPointRef><TimingStatus>PTP</TimingStatus></To><RunTime>PT66S</RunTime></JourneyPatternTimingLink><JourneyPatternTimingLink id="JPL_49697f_R_2_29"><From SequenceNumber="30"><StopPointRef>490007536W</StopPointRef><TimingStatus>PTP</TimingStatus></From><To SequenceNumber="31"><StopPointRef>490008783S</StopPointRef><TimingStatus>PTP</TimingStatus></To><RunTime>PT66S</RunTime></JourneyPatternTimingLink><JourneyPatternTimingLink id="JPL_49697f_R_2_30"><From SequenceNumber="31"><StopPointRef>490008783S</StopPointRef><TimingStatus>PTP</TimingStatus></From><To SequenceNumber="32"><StopPointRef>490006715S</StopPointRef><TimingStatus>PTP</TimingStatus></To><RunTime>PT66S</RunTime></JourneyPatternTimingLink><JourneyPatternTimingLink id="JPL_49697f_R_2_31"><From SequenceNumber="32"><StopPointRef>490006715S</StopPointRef><TimingStatus>PTP</TimingStatus></From><To SequenceNumber="33"><StopPointRef>490007003S</StopPointRef><TimingStatus>PTP</TimingStatus></To><RunTime>PT66S</RunTime></JourneyPatternTimingLink><JourneyPatternTimingLink id="JPL_49697f_R_2_32"><From SequenceNumber="33"><StopPointRef>490007003S</StopPointRef><TimingStatus>PTP</TimingStatus></From><To SequenceNumber="34"><StopPointRef>490003572D</StopPointRef><TimingStatus>PTP</TimingStatus></To><RunTime>PT78S</RunTime></JourneyPatternTimingLink></JourneyPatternSection></JourneyPatternSections><Operators><Operator id="OId_LU"><OperatorCode>LU</OperatorCode><OperatorShortName>LU</OperatorShortName><OperatorNameOnLicence>LU</OperatorNameOnLicence><TradingName>LU</TradingName></Operator></Operators><Services><Service><ServiceCode>SId_49697f0</ServiceCode><PrivateCode>49697f0</PrivateCode><Lines><Line id="LId_49697f0"><LineName>697</LineName></Line></Lines><OperatingPeriod><StartDate>2009-12-01</StartDate><EndDate>2010-12-23</EndDate></OperatingPeriod><OperatingProfile><RegularDayType>
					<DaysOfWeek>
						<MondayToFriday/>
					</DaysOfWeek>
				</RegularDayType>
				<BankHolidayOperation><DaysOfNonOperation><AllBankHolidays></AllBankHolidays></DaysOfNonOperation></BankHolidayOperation></OperatingProfile><RegisteredOperatorRef>OId_LU</RegisteredOperatorRef><StopRequirements><NoNewStopsRequired/></StopRequirements><StandardService><Origin>Hayes / Lansbury Drive</Origin><Destination>Swakeleys Road / Austins Lane</Destination><JourneyPattern id="JP_49697f_H0_1"><Direction>outbound</Direction><Operational><VehicleType><VehicleTypeCode>08</VehicleTypeCode><Description>Double Decker Low Floor+Wheelchair</Description></VehicleType></Operational><RouteRef>R_49697f_H_1</RouteRef><JourneyPatternSectionRefs>JPS_49697f_H_1</JourneyPatternSectionRefs></JourneyPattern><JourneyPattern id="JP_49697f_R0_2"><Direction>inbound</Direction><Operational><VehicleType><VehicleTypeCode>08</VehicleTypeCode><Description>Double Decker Low Floor+Wheelchair</Description></VehicleType></Operational><RouteRef>R_49697f_R_2</RouteRef><JourneyPatternSectionRefs>JPS_49697f_R_2</JourneyPatternSectionRefs></JourneyPattern></StandardService></Service></Services><VehicleJourneys><VehicleJourney><PrivateCode>49697ff0H6970001</PrivateCode><Operational><VehicleType><VehicleTypeCode>08</VehicleTypeCode><Description>Double Decker Low Floor+Wheelchair</Description></VehicleType></Operational><OperatingProfile><RegularDayType>
					<DaysOfWeek>
						<MondayToFriday/>
					</DaysOfWeek>
				</RegularDayType>
			</OperatingProfile><VehicleJourneyCode>49697ff0H6970001</VehicleJourneyCode><ServiceRef>SId_49697f0</ServiceRef><LineRef>LId_49697f0</LineRef><JourneyPatternRef>JP_49697f_H0_1</JourneyPatternRef><DepartureTime>07:32:00</DepartureTime></VehicleJourney><VehicleJourney><PrivateCode>49697ff0H6970003</PrivateCode><Operational><VehicleType><VehicleTypeCode>08</VehicleTypeCode><Description>Double Decker Low Floor+Wheelchair</Description></VehicleType></Operational><OperatingProfile><RegularDayType>
					<DaysOfWeek>
						<MondayToFriday/>
					</DaysOfWeek>
				</RegularDayType>
			</OperatingProfile><VehicleJourneyCode>49697ff0H6970003</VehicleJourneyCode><ServiceRef>SId_49697f0</ServiceRef><LineRef>LId_49697f0</LineRef><JourneyPatternRef>JP_49697f_H0_1</JourneyPatternRef><DepartureTime>07:42:00</DepartureTime></VehicleJourney><VehicleJourney><PrivateCode>49697ff0R6970002</PrivateCode><Operational><VehicleType><VehicleTypeCode>08</VehicleTypeCode><Description>Double Decker Low Floor+Wheelchair</Description></VehicleType></Operational><OperatingProfile><RegularDayType>
					<DaysOfWeek>
						<MondayToFriday/>
					</DaysOfWeek>
				</RegularDayType>
			</OperatingProfile><VehicleJourneyCode>49697ff0R6970002</VehicleJourneyCode><ServiceRef>SId_49697f0</ServiceRef><LineRef>LId_49697f0</LineRef><JourneyPatternRef>JP_49697f_R0_2</JourneyPatternRef><DepartureTime>15:05:00</DepartureTime></VehicleJourney><VehicleJourney><PrivateCode>49697ff0R6970004</PrivateCode><Operational><VehicleType><VehicleTypeCode>08</VehicleTypeCode><Description>Double Decker Low Floor+Wheelchair</Description></VehicleType></Operational><OperatingProfile><RegularDayType>
					<DaysOfWeek>
						<MondayToFriday/>
					</DaysOfWeek>
				</RegularDayType>
			</OperatingProfile><VehicleJourneyCode>49697ff0R6970004</VehicleJourneyCode><ServiceRef>SId_49697f0</ServiceRef><LineRef>LId_49697f0</LineRef><JourneyPatternRef>JP_49697f_R0_2</JourneyPatternRef><DepartureTime>15:15:00</DepartureTime></VehicleJourney><VehicleJourney><PrivateCode>49697ff0R6970006</PrivateCode><Operational><VehicleType><VehicleTypeCode>08</VehicleTypeCode><Description>Double Decker Low Floor+Wheelchair</Description></VehicleType></Operational><OperatingProfile><RegularDayType>
					<DaysOfWeek>
						<MondayToFriday/>
					</DaysOfWeek>
				</RegularDayType>
			</OperatingProfile><VehicleJourneyCode>49697ff0R6970006</VehicleJourneyCode><ServiceRef>SId_49697f0</ServiceRef><LineRef>LId_49697f0</LineRef><JourneyPatternRef>JP_49697f_R0_2</JourneyPatternRef><DepartureTime>15:20:00</DepartureTime></VehicleJourney></VehicleJourneys></TransXChange>
