<?xml version="1.0" encoding="UTF-8"?>
<TransXChange CreationDateTime="2010-10-28T09:11:06" ModificationDateTime="2010-10-28T09:11:06" Modification="new" FileName="G:\mentzdv\Datastore\output_txc_49671g.xml" RevisionNumber="0" SchemaVersion="2.1" xmlns:xsi="http://www.w3.org/2001/XMLSchema-instance" xsi:schemaLocation="http://www.transxchange.org.uk/ http://www.transxchange.org.uk/schema/2.1/TransXChange_general.xsd" xmlns="http://www.transxchange.org.uk/" xmlns:n1="http://www.transxchange.org.uk/" xmlns:n2="http://www.govtalk.gov.uk/people/AddressAndPersonalDetails" xmlns:n3="http://www.govtalk.gov.uk/core" xmlns:n4="http://www.govtalk.gov.uk/people/bs7666"><StopPoints><AnnotatedStopPointRef><StopPointRef>490013663S</StopPointRef><CommonName>Tiffin School For Girls</CommonName><Indicator>stop D</Indicator><LocalityName>Kingston Upon Thames (London)</LocalityName><LocalityQualifier>Greater London</LocalityQualifier></AnnotatedStopPointRef><AnnotatedStopPointRef><StopPointRef>490006276S</StopPointRef><CommonName>Durlston Road (KT2)</CommonName><Indicator>stop E</Indicator><LocalityName>Kingston Upon Thames (London)</LocalityName><LocalityQualifier>Greater London</LocalityQualifier></AnnotatedStopPointRef><AnnotatedStopPointRef><StopPointRef>490008988S</StopPointRef><CommonName>Latchmere Road / Richmond Road</CommonName><Indicator>stop S</Indicator><LocalityName>Kingston Upon Thames (London)</LocalityName><LocalityQualifier>Greater London</LocalityQualifier></AnnotatedStopPointRef><AnnotatedStopPointRef><StopPointRef>490018665S</StopPointRef><CommonName>Windsor Road / Richmond Road</CommonName><Indicator>stop S</Indicator><LocalityName>Kingston Upon Thames (London)</LocalityName><LocalityQualifier>Greater London</LocalityQualifier></AnnotatedStopPointRef><AnnotatedStopPointRef><StopPointRef>490008813S</StopPointRef><CommonName>Kings Road / Richmond Road</CommonName><Indicator>stop S</Indicator><LocalityName>Kingston Upon Thames (London)</LocalityName><LocalityQualifier>Greater London</LocalityQualifier></AnnotatedStopPointRef><AnnotatedStopPointRef><StopPointRef>490001173V</StopPointRef><CommonName>Kingston</CommonName><Indicator>stop V</Indicator><LocalityName>Kingston Upon Thames (London)</LocalityName><LocalityQualifier>Greater London</LocalityQualifier></AnnotatedStopPointRef><AnnotatedStopPointRef><StopPointRef>490005800A3</StopPointRef><CommonName>Cromwell Road Bus Station</CommonName><Indicator>stop A3</Indicator><LocalityName>Kingston Upon Thames (London)</LocalityName><LocalityQualifier>Greater London</LocalityQualifier></AnnotatedStopPointRef><AnnotatedStopPointRef><StopPointRef>490006412D2</StopPointRef><CommonName>Eden Street (KT1)</CommonName><Indicator>stop D2</Indicator><LocalityName>Kingston Upon Thames (London)</LocalityName><LocalityQualifier>Greater London</LocalityQualifier></AnnotatedStopPointRef><AnnotatedStopPointRef><StopPointRef>490004478F</StopPointRef><CommonName>Brook Street (KT1)</CommonName><Indicator>stop F</Indicator><LocalityName>Kingston Upon Thames (London)</LocalityName><LocalityQualifier>Greater London</LocalityQualifier></AnnotatedStopPointRef><AnnotatedStopPointRef><StopPointRef>490008829S</StopPointRef><CommonName>Kingston Univ / County Hall</CommonName><Indicator>stop UA</Indicator><LocalityName>Kingston Upon Thames (London)</LocalityName><LocalityQualifier>Greater London</LocalityQualifier></AnnotatedStopPointRef><AnnotatedStopPointRef><StopPointRef>490013034S</StopPointRef><CommonName>Surbiton Road</CommonName><Indicator>stop B</Indicator><LocalityName>Surbiton</LocalityName><LocalityQualifier>Greater London</LocalityQualifier></AnnotatedStopPointRef><AnnotatedStopPointRef><StopPointRef>490009627S</StopPointRef><CommonName>Maple Road (KT6)</CommonName><Indicator>stop C</Indicator><LocalityName>Surbiton</LocalityName><LocalityQualifier>Greater London</LocalityQualifier></AnnotatedStopPointRef><AnnotatedStopPointRef><StopPointRef>490013315S</StopPointRef><CommonName>The Crescent / Claremont Road</CommonName><Indicator>stop NH</Indicator><LocalityName>Surbiton</LocalityName><LocalityQualifier>Greater London</LocalityQualifier></AnnotatedStopPointRef><AnnotatedStopPointRef><StopPointRef>490015165B</StopPointRef><CommonName>Surbiton Station/Claremont Rd</CommonName><Indicator>stop NK</Indicator><LocalityName>Surbiton</LocalityName><LocalityQualifier>Greater London</LocalityQualifier></AnnotatedStopPointRef><AnnotatedStopPointRef><StopPointRef>490001285D</StopPointRef><CommonName>Surbiton</CommonName><Indicator>stop NP</Indicator><LocalityName>Surbiton</LocalityName><LocalityQualifier>Greater London</LocalityQualifier></AnnotatedStopPointRef><AnnotatedStopPointRef><StopPointRef>490013036G</StopPointRef><CommonName>Surbiton Sainsbury's</CommonName><Indicator>stop NR</Indicator><LocalityName>Surbiton</LocalityName><LocalityQualifier>Greater London</LocalityQualifier></AnnotatedStopPointRef><AnnotatedStopPointRef><StopPointRef>490009395S</StopPointRef><CommonName>Lovelace Gardens (KT6)</CommonName><Indicator>stop SD</Indicator><LocalityName>Surbiton</LocalityName><LocalityQualifier>Greater London</LocalityQualifier></AnnotatedStopPointRef><AnnotatedStopPointRef><StopPointRef>490010075S</StopPointRef><CommonName>Mountcombe Close</CommonName><Indicator>stop SE</Indicator><LocalityName>Surbiton</LocalityName><LocalityQualifier>Greater London</LocalityQualifier></AnnotatedStopPointRef><AnnotatedStopPointRef><StopPointRef>490018574S</StopPointRef><CommonName>Langley Road / Langley Avenue</CommonName><Indicator>stop SF</Indicator><LocalityName>Surbiton</LocalityName><LocalityQualifier>Greater London</LocalityQualifier></AnnotatedStopPointRef><AnnotatedStopPointRef><StopPointRef>490008949S</StopPointRef><CommonName>Langley Avenue (KT6)</CommonName><Indicator>stop SG</Indicator><LocalityName>Southborough (Surbiton)</LocalityName><LocalityQualifier>Greater London</LocalityQualifier></AnnotatedStopPointRef><AnnotatedStopPointRef><StopPointRef>490006089S</StopPointRef><CommonName>Ditton Road (KT6)</CommonName><Indicator>stop HA</Indicator><LocalityName>Southborough (Surbiton)</LocalityName><LocalityQualifier>Greater London</LocalityQualifier></AnnotatedStopPointRef><AnnotatedStopPointRef><StopPointRef>490013457HU</StopPointRef><CommonName>Ash Tree Close / The Maypole</CommonName><Indicator>stop HU</Indicator><LocalityName>Southborough (Surbiton)</LocalityName><LocalityQualifier>Greater London</LocalityQualifier></AnnotatedStopPointRef><AnnotatedStopPointRef><StopPointRef>490013628S</StopPointRef><CommonName>Thornhill Road / Hook Road</CommonName><Indicator>stop HB</Indicator><LocalityName>Southborough (Surbiton)</LocalityName><LocalityQualifier>Greater London</LocalityQualifier></AnnotatedStopPointRef><AnnotatedStopPointRef><StopPointRef>490007205S</StopPointRef><CommonName>Gladstone Road (KT6)</CommonName><Indicator>stop HC</Indicator><LocalityName>Hook</LocalityName><LocalityQualifier>Greater London</LocalityQualifier></AnnotatedStopPointRef><AnnotatedStopPointRef><StopPointRef>490006501S</StopPointRef><CommonName>Elmcroft Drive (KT9)</CommonName><Indicator>stop HD</Indicator><LocalityName>Hook</LocalityName><LocalityQualifier>Greater London</LocalityQualifier></AnnotatedStopPointRef><AnnotatedStopPointRef><StopPointRef>490013474S</StopPointRef><CommonName>The North Star</CommonName><Indicator>stop HE</Indicator><LocalityName>Hook</LocalityName><LocalityQualifier>Greater London</LocalityQualifier></AnnotatedStopPointRef><AnnotatedStopPointRef><StopPointRef>490008338S1</StopPointRef><CommonName>Hook Parade (KT9)</CommonName><Indicator>stop HH</Indicator><LocalityName>Hook</LocalityName><LocalityQualifier>Greater London</LocalityQualifier></AnnotatedStopPointRef><AnnotatedStopPointRef><StopPointRef>490013597Q</StopPointRef><CommonName>The White Hart (KT9)</CommonName><Indicator>stop Q</Indicator><LocalityName>Hook</LocalityName><LocalityQualifier>Greater London</LocalityQualifier></AnnotatedStopPointRef><AnnotatedStopPointRef><StopPointRef>490009615R</StopPointRef><CommonName>Mansfield Road (KT9)</CommonName><Indicator>stop R</Indicator><LocalityName>Hook</LocalityName><LocalityQualifier>Greater London</LocalityQualifier></AnnotatedStopPointRef><AnnotatedStopPointRef><StopPointRef>490001061S</StopPointRef><CommonName>Chessington North</CommonName><Indicator>stop S</Indicator><LocalityName>Chessington</LocalityName><LocalityQualifier>Greater London</LocalityQualifier></AnnotatedStopPointRef><AnnotatedStopPointRef><StopPointRef>490013267E</StopPointRef><CommonName>Church Rise</CommonName><Indicator>stop A</Indicator><LocalityName>Chessington</LocalityName><LocalityQualifier>Greater London</LocalityQualifier></AnnotatedStopPointRef><AnnotatedStopPointRef><StopPointRef>490007177E</StopPointRef><CommonName>Melford Close (KT9)</CommonName><Indicator>stop B</Indicator><LocalityName>Chessington</LocalityName><LocalityQualifier>Greater London</LocalityQualifier></AnnotatedStopPointRef><AnnotatedStopPointRef><StopPointRef>490007177S</StopPointRef><CommonName>Gilders Road (KT9)</CommonName><Indicator>stop C</Indicator><LocalityName>Chessington</LocalityName><LocalityQualifier>Greater London</LocalityQualifier></AnnotatedStopPointRef><AnnotatedStopPointRef><StopPointRef>490005593S</StopPointRef><CommonName>Copt Gilders (KT9)</CommonName><Indicator>stop S</Indicator><LocalityName>Chessington</LocalityName><LocalityQualifier>Greater London</LocalityQualifier></AnnotatedStopPointRef><AnnotatedStopPointRef><StopPointRef>490005593N</StopPointRef><CommonName>Copt Gilders (KT9)</CommonName><Indicator>stop R</Indicator><LocalityName>Chessington</LocalityName><LocalityQualifier>Greater London</LocalityQualifier></AnnotatedStopPointRef><AnnotatedStopPointRef><StopPointRef>490007177N</StopPointRef><CommonName>Gilders Road (KT9)</CommonName><Indicator>stop E</Indicator><LocalityName>Chessington</LocalityName><LocalityQualifier>Greater London</LocalityQualifier></AnnotatedStopPointRef><AnnotatedStopPointRef><StopPointRef>490013267W</StopPointRef><CommonName>Church Rise</CommonName><Indicator>stop F</Indicator><LocalityName>Chessington</LocalityName><LocalityQualifier>Greater London</LocalityQualifier></AnnotatedStopPointRef><AnnotatedStopPointRef><StopPointRef>490001061T</StopPointRef><CommonName>Chessington North</CommonName><Indicator>stop T</Indicator><LocalityName>Chessington</LocalityName><LocalityQualifier>Greater London</LocalityQualifier></AnnotatedStopPointRef><AnnotatedStopPointRef><StopPointRef>490005117V</StopPointRef><CommonName>Parbury Rise (KT9)</CommonName><Indicator>stop V</Indicator><LocalityName>Chessington</LocalityName><LocalityQualifier>Greater London</LocalityQualifier></AnnotatedStopPointRef><AnnotatedStopPointRef><StopPointRef>490009615P</StopPointRef><CommonName>Mansfield Road (KT9)</CommonName><Indicator>stop P</Indicator><LocalityName>Hook</LocalityName><LocalityQualifier>Greater London</LocalityQualifier></AnnotatedStopPointRef><AnnotatedStopPointRef><StopPointRef>490013597N</StopPointRef><CommonName>The White Hart (KT9)</CommonName><Indicator>stop W</Indicator><LocalityName>Hook</LocalityName><LocalityQualifier>Greater London</LocalityQualifier></AnnotatedStopPointRef><AnnotatedStopPointRef><StopPointRef>490008338N</StopPointRef><CommonName>Hook Parade (KT9)</CommonName><Indicator>stop HL</Indicator><LocalityName>Hook</LocalityName><LocalityQualifier>Greater London</LocalityQualifier></AnnotatedStopPointRef><AnnotatedStopPointRef><StopPointRef>490013474N</StopPointRef><CommonName>The North Star</CommonName><Indicator>stop HM</Indicator><LocalityName>Hook</LocalityName><LocalityQualifier>Greater London</LocalityQualifier></AnnotatedStopPointRef><AnnotatedStopPointRef><StopPointRef>490006501N</StopPointRef><CommonName>Elmcroft Drive (KT9)</CommonName><Indicator>stop HN</Indicator><LocalityName>Hook</LocalityName><LocalityQualifier>Greater London</LocalityQualifier></AnnotatedStopPointRef><AnnotatedStopPointRef><StopPointRef>490007205N</StopPointRef><CommonName>Gladstone Road (KT6)</CommonName><Indicator>stop HP</Indicator><LocalityName>Hook</LocalityName><LocalityQualifier>Greater London</LocalityQualifier></AnnotatedStopPointRef><AnnotatedStopPointRef><StopPointRef>490013628N</StopPointRef><CommonName>Thornhill Road / Hook Road</CommonName><Indicator>stop HQ</Indicator><LocalityName>Southborough (Surbiton)</LocalityName><LocalityQualifier>Greater London</LocalityQualifier></AnnotatedStopPointRef><AnnotatedStopPointRef><StopPointRef>490013457N</StopPointRef><CommonName>Ash Tree Close / The Maypole</CommonName><Indicator>stop HR</Indicator><LocalityName>Southborough (Surbiton)</LocalityName><LocalityQualifier>Greater London</LocalityQualifier></AnnotatedStopPointRef><AnnotatedStopPointRef><StopPointRef>490008949N</StopPointRef><CommonName>Langley Avenue (KT6)</CommonName><Indicator>stop SA</Indicator><LocalityName>Southborough (Surbiton)</LocalityName><LocalityQualifier>Greater London</LocalityQualifier></AnnotatedStopPointRef><AnnotatedStopPointRef><StopPointRef>490010075N</StopPointRef><CommonName>Mountcombe Close</CommonName><Indicator>stop SB</Indicator><LocalityName>Surbiton</LocalityName><LocalityQualifier>Greater London</LocalityQualifier></AnnotatedStopPointRef><AnnotatedStopPointRef><StopPointRef>490009395N</StopPointRef><CommonName>Lovelace Gardens (KT6)</CommonName><Indicator>stop SC</Indicator><LocalityName>Surbiton</LocalityName><LocalityQualifier>Greater London</LocalityQualifier></AnnotatedStopPointRef><AnnotatedStopPointRef><StopPointRef>490013036H</StopPointRef><CommonName>Surbiton Sainsbury's</CommonName><Indicator>stop NA</Indicator><LocalityName>Surbiton</LocalityName><LocalityQualifier>Greater London</LocalityQualifier></AnnotatedStopPointRef><AnnotatedStopPointRef><StopPointRef>490001285C</StopPointRef><CommonName>Surbiton</CommonName><Indicator>stop NB</Indicator><LocalityName>Surbiton</LocalityName><LocalityQualifier>Greater London</LocalityQualifier></AnnotatedStopPointRef><AnnotatedStopPointRef><StopPointRef>490015165A</StopPointRef><CommonName>Surbiton Station/Claremont Rd</CommonName><Indicator>stop NC</Indicator><LocalityName>Surbiton</LocalityName><LocalityQualifier>Greater London</LocalityQualifier></AnnotatedStopPointRef><AnnotatedStopPointRef><StopPointRef>490013315N</StopPointRef><CommonName>The Crescent / Claremont Road</CommonName><Indicator>stop ND</Indicator><LocalityName>Surbiton</LocalityName><LocalityQualifier>Greater London</LocalityQualifier></AnnotatedStopPointRef><AnnotatedStopPointRef><StopPointRef>490009627N</StopPointRef><CommonName>Maple Road (KT6)</CommonName><Indicator>stop D</Indicator><LocalityName>Surbiton</LocalityName><LocalityQualifier>Greater London</LocalityQualifier></AnnotatedStopPointRef><AnnotatedStopPointRef><StopPointRef>490013035N</StopPointRef><CommonName>Surbiton Road / Penrhyn Road</CommonName><Indicator>stop UE</Indicator><LocalityName>Kingston Upon Thames (London)</LocalityName><LocalityQualifier>Greater London</LocalityQualifier></AnnotatedStopPointRef><AnnotatedStopPointRef><StopPointRef>490008830N</StopPointRef><CommonName>Kingston University (KT1)</CommonName><Indicator>stop UF</Indicator><LocalityName>Kingston Upon Thames (London)</LocalityName><LocalityQualifier>Greater London</LocalityQualifier></AnnotatedStopPointRef><AnnotatedStopPointRef><StopPointRef>490008829N</StopPointRef><CommonName>Kingston Univ / County Hall</CommonName><Indicator>stop UH</Indicator><LocalityName>Kingston Upon Thames (London)</LocalityName><LocalityQualifier>Greater London</LocalityQualifier></AnnotatedStopPointRef><AnnotatedStopPointRef><StopPointRef>490005498N</StopPointRef><CommonName>College Roundabout (KT1)</CommonName><Indicator>stop UJ</Indicator><LocalityName>Kingston Upon Thames (London)</LocalityName><LocalityQualifier>Greater London</LocalityQualifier></AnnotatedStopPointRef><AnnotatedStopPointRef><StopPointRef>490004478G</StopPointRef><CommonName>Brook Street (KT1)</CommonName><Indicator>stop G</Indicator><LocalityName>Kingston Upon Thames (London)</LocalityName><LocalityQualifier>Greater London</LocalityQualifier></AnnotatedStopPointRef><AnnotatedStopPointRef><StopPointRef>490006412E3</StopPointRef><CommonName>Eden Street (KT1)</CommonName><Indicator>stop E3</Indicator><LocalityName>Kingston Upon Thames (London)</LocalityName><LocalityQualifier>Greater London</LocalityQualifier></AnnotatedStopPointRef><AnnotatedStopPointRef><StopPointRef>490001173T</StopPointRef><CommonName>Kingston</CommonName><Indicator>stop T</Indicator><LocalityName>Kingston Upon Thames (London)</LocalityName><LocalityQualifier>Greater London</LocalityQualifier></AnnotatedStopPointRef><AnnotatedStopPointRef><StopPointRef>490008819U</StopPointRef><CommonName>Kingston Station /Kingsgate Rd</CommonName><Indicator>stop U</Indicator><LocalityName>Kingston Upon Thames (London)</LocalityName><LocalityQualifier>Greater London</LocalityQualifier></AnnotatedStopPointRef><AnnotatedStopPointRef><StopPointRef>490008813N</StopPointRef><CommonName>Kings Road / Richmond Road</CommonName><Indicator>stop N</Indicator><LocalityName>Kingston Upon Thames (London)</LocalityName><LocalityQualifier>Greater London</LocalityQualifier></AnnotatedStopPointRef><AnnotatedStopPointRef><StopPointRef>490014895N</StopPointRef><CommonName>Woodside Avenue (KT2)</CommonName><Indicator>stop N</Indicator><LocalityName>Kingston Upon Thames (London)</LocalityName><LocalityQualifier>Greater London</LocalityQualifier></AnnotatedStopPointRef><AnnotatedStopPointRef><StopPointRef>490006276N</StopPointRef><CommonName>Durlston Road (KT2)</CommonName><Indicator>stop F</Indicator><LocalityName>Kingston Upon Thames (London)</LocalityName><LocalityQualifier>Greater London</LocalityQualifier></AnnotatedStopPointRef><AnnotatedStopPointRef><StopPointRef>490013663N</StopPointRef><CommonName>Tiffin School For Girls</CommonName><Indicator>stop G</Indicator><LocalityName>Kingston Upon Thames (London)</LocalityName><LocalityQualifier>Greater London</LocalityQualifier></AnnotatedStopPointRef></StopPoints><RouteSections><RouteSection id="RS_49671g_H_1"><RouteLink id="RL_RS_49671g_H_1_0"><From><StopPointRef>490013663S</StopPointRef></From><To><StopPointRef>490006276S</StopPointRef></To><Direction>outbound</Direction></RouteLink><RouteLink id="RL_RS_49671g_H_1_1"><From><StopPointRef>490006276S</StopPointRef></From><To><StopPointRef>490008988S</StopPointRef></To><Direction>outbound</Direction></RouteLink><RouteLink id="RL_RS_49671g_H_1_2"><From><StopPointRef>490008988S</StopPointRef></From><To><StopPointRef>490018665S</StopPointRef></To><Direction>outbound</Direction></RouteLink><RouteLink id="RL_RS_49671g_H_1_3"><From><StopPointRef>490018665S</StopPointRef></From><To><StopPointRef>490008813S</StopPointRef></To><Direction>outbound</Direction></RouteLink><RouteLink id="RL_RS_49671g_H_1_4"><From><StopPointRef>490008813S</StopPointRef></From><To><StopPointRef>490001173V</StopPointRef></To><Direction>outbound</Direction></RouteLink><RouteLink id="RL_RS_49671g_H_1_5"><From><StopPointRef>490001173V</StopPointRef></From><To><StopPointRef>490005800A3</StopPointRef></To><Direction>outbound</Direction></RouteLink><RouteLink id="RL_RS_49671g_H_1_6"><From><StopPointRef>490005800A3</StopPointRef></From><To><StopPointRef>490006412D2</StopPointRef></To><Direction>outbound</Direction></RouteLink><RouteLink id="RL_RS_49671g_H_1_7"><From><StopPointRef>490006412D2</StopPointRef></From><To><StopPointRef>490004478F</StopPointRef></To><Direction>outbound</Direction></RouteLink><RouteLink id="RL_RS_49671g_H_1_8"><From><StopPointRef>490004478F</StopPointRef></From><To><StopPointRef>490008829S</StopPointRef></To><Direction>outbound</Direction></RouteLink><RouteLink id="RL_RS_49671g_H_1_9"><From><StopPointRef>490008829S</StopPointRef></From><To><StopPointRef>490013034S</StopPointRef></To><Direction>outbound</Direction></RouteLink><RouteLink id="RL_RS_49671g_H_1_10"><From><StopPointRef>490013034S</StopPointRef></From><To><StopPointRef>490009627S</StopPointRef></To><Direction>outbound</Direction></RouteLink><RouteLink id="RL_RS_49671g_H_1_11"><From><StopPointRef>490009627S</StopPointRef></From><To><StopPointRef>490013315S</StopPointRef></To><Direction>outbound</Direction></RouteLink><RouteLink id="RL_RS_49671g_H_1_12"><From><StopPointRef>490013315S</StopPointRef></From><To><StopPointRef>490015165B</StopPointRef></To><Direction>outbound</Direction></RouteLink><RouteLink id="RL_RS_49671g_H_1_13"><From><StopPointRef>490015165B</StopPointRef></From><To><StopPointRef>490001285D</StopPointRef></To><Direction>outbound</Direction></RouteLink><RouteLink id="RL_RS_49671g_H_1_14"><From><StopPointRef>490001285D</StopPointRef></From><To><StopPointRef>490013036G</StopPointRef></To><Direction>outbound</Direction></RouteLink><RouteLink id="RL_RS_49671g_H_1_15"><From><StopPointRef>490013036G</StopPointRef></From><To><StopPointRef>490009395S</StopPointRef></To><Direction>outbound</Direction></RouteLink><RouteLink id="RL_RS_49671g_H_1_16"><From><StopPointRef>490009395S</StopPointRef></From><To><StopPointRef>490010075S</StopPointRef></To><Direction>outbound</Direction></RouteLink><RouteLink id="RL_RS_49671g_H_1_17"><From><StopPointRef>490010075S</StopPointRef></From><To><StopPointRef>490018574S</StopPointRef></To><Direction>outbound</Direction></RouteLink><RouteLink id="RL_RS_49671g_H_1_18"><From><StopPointRef>490018574S</StopPointRef></From><To><StopPointRef>490008949S</StopPointRef></To><Direction>outbound</Direction></RouteLink><RouteLink id="RL_RS_49671g_H_1_19"><From><StopPointRef>490008949S</StopPointRef></From><To><StopPointRef>490006089S</StopPointRef></To><Direction>outbound</Direction></RouteLink><RouteLink id="RL_RS_49671g_H_1_20"><From><StopPointRef>490006089S</StopPointRef></From><To><StopPointRef>490013457HU</StopPointRef></To><Direction>outbound</Direction></RouteLink><RouteLink id="RL_RS_49671g_H_1_21"><From><StopPointRef>490013457HU</StopPointRef></From><To><StopPointRef>490013628S</StopPointRef></To><Direction>outbound</Direction></RouteLink><RouteLink id="RL_RS_49671g_H_1_22"><From><StopPointRef>490013628S</StopPointRef></From><To><StopPointRef>490007205S</StopPointRef></To><Direction>outbound</Direction></RouteLink><RouteLink id="RL_RS_49671g_H_1_23"><From><StopPointRef>490007205S</StopPointRef></From><To><StopPointRef>490006501S</StopPointRef></To><Direction>outbound</Direction></RouteLink><RouteLink id="RL_RS_49671g_H_1_24"><From><StopPointRef>490006501S</StopPointRef></From><To><StopPointRef>490013474S</StopPointRef></To><Direction>outbound</Direction></RouteLink><RouteLink id="RL_RS_49671g_H_1_25"><From><StopPointRef>490013474S</StopPointRef></From><To><StopPointRef>490008338S1</StopPointRef></To><Direction>outbound</Direction></RouteLink><RouteLink id="RL_RS_49671g_H_1_26"><From><StopPointRef>490008338S1</StopPointRef></From><To><StopPointRef>490013597Q</StopPointRef></To><Direction>outbound</Direction></RouteLink><RouteLink id="RL_RS_49671g_H_1_27"><From><StopPointRef>490013597Q</StopPointRef></From><To><StopPointRef>490009615R</StopPointRef></To><Direction>outbound</Direction></RouteLink><RouteLink id="RL_RS_49671g_H_1_28"><From><StopPointRef>490009615R</StopPointRef></From><To><StopPointRef>490001061S</StopPointRef></To><Direction>outbound</Direction></RouteLink><RouteLink id="RL_RS_49671g_H_1_29"><From><StopPointRef>490001061S</StopPointRef></From><To><StopPointRef>490013267E</StopPointRef></To><Direction>outbound</Direction></RouteLink><RouteLink id="RL_RS_49671g_H_1_30"><From><StopPointRef>490013267E</StopPointRef></From><To><StopPointRef>490007177E</StopPointRef></To><Direction>outbound</Direction></RouteLink><RouteLink id="RL_RS_49671g_H_1_31"><From><StopPointRef>490007177E</StopPointRef></From><To><StopPointRef>490007177S</StopPointRef></To><Direction>outbound</Direction></RouteLink><RouteLink id="RL_RS_49671g_H_1_32"><From><StopPointRef>490007177S</StopPointRef></From><To><StopPointRef>490005593S</StopPointRef></To><Direction>outbound</Direction></RouteLink></RouteSection><RouteSection id="RS_49671g_R_2"><RouteLink id="RL_RS_49671g_R_2_0"><From><StopPointRef>490005593N</StopPointRef></From><To><StopPointRef>490007177N</StopPointRef></To><Direction>inbound</Direction></RouteLink><RouteLink id="RL_RS_49671g_R_2_1"><From><StopPointRef>490007177N</StopPointRef></From><To><StopPointRef>490013267W</StopPointRef></To><Direction>inbound</Direction></RouteLink><RouteLink id="RL_RS_49671g_R_2_2"><From><StopPointRef>490013267W</StopPointRef></From><To><StopPointRef>490001061T</StopPointRef></To><Direction>inbound</Direction></RouteLink><RouteLink id="RL_RS_49671g_R_2_3"><From><StopPointRef>490001061T</StopPointRef></From><To><StopPointRef>490005117V</StopPointRef></To><Direction>inbound</Direction></RouteLink><RouteLink id="RL_RS_49671g_R_2_4"><From><StopPointRef>490005117V</StopPointRef></From><To><StopPointRef>490009615P</StopPointRef></To><Direction>inbound</Direction></RouteLink><RouteLink id="RL_RS_49671g_R_2_5"><From><StopPointRef>490009615P</StopPointRef></From><To><StopPointRef>490013597N</StopPointRef></To><Direction>inbound</Direction></RouteLink><RouteLink id="RL_RS_49671g_R_2_6"><From><StopPointRef>490013597N</StopPointRef></From><To><StopPointRef>490008338N</StopPointRef></To><Direction>inbound</Direction></RouteLink><RouteLink id="RL_RS_49671g_R_2_7"><From><StopPointRef>490008338N</StopPointRef></From><To><StopPointRef>490013474N</StopPointRef></To><Direction>inbound</Direction></RouteLink><RouteLink id="RL_RS_49671g_R_2_8"><From><StopPointRef>490013474N</StopPointRef></From><To><StopPointRef>490006501N</StopPointRef></To><Direction>inbound</Direction></RouteLink><RouteLink id="RL_RS_49671g_R_2_9"><From><StopPointRef>490006501N</StopPointRef></From><To><StopPointRef>490007205N</StopPointRef></To><Direction>inbound</Direction></RouteLink><RouteLink id="RL_RS_49671g_R_2_10"><From><StopPointRef>490007205N</StopPointRef></From><To><StopPointRef>490013628N</StopPointRef></To><Direction>inbound</Direction></RouteLink><RouteLink id="RL_RS_49671g_R_2_11"><From><StopPointRef>490013628N</StopPointRef></From><To><StopPointRef>490013457N</StopPointRef></To><Direction>inbound</Direction></RouteLink><RouteLink id="RL_RS_49671g_R_2_12"><From><StopPointRef>490013457N</StopPointRef></From><To><StopPointRef>490008949N</StopPointRef></To><Direction>inbound</Direction></RouteLink><RouteLink id="RL_RS_49671g_R_2_13"><From><StopPointRef>490008949N</StopPointRef></From><To><StopPointRef>490010075N</StopPointRef></To><Direction>inbound</Direction></RouteLink><RouteLink id="RL_RS_49671g_R_2_14"><From><StopPointRef>490010075N</StopPointRef></From><To><StopPointRef>490009395N</StopPointRef></To><Direction>inbound</Direction></RouteLink><RouteLink id="RL_RS_49671g_R_2_15"><From><StopPointRef>490009395N</StopPointRef></From><To><StopPointRef>490013036H</StopPointRef></To><Direction>inbound</Direction></RouteLink><RouteLink id="RL_RS_49671g_R_2_16"><From><StopPointRef>490013036H</StopPointRef></From><To><StopPointRef>490001285C</StopPointRef></To><Direction>inbound</Direction></RouteLink><RouteLink id="RL_RS_49671g_R_2_17"><From><StopPointRef>490001285C</StopPointRef></From><To><StopPointRef>490015165A</StopPointRef></To><Direction>inbound</Direction></RouteLink><RouteLink id="RL_RS_49671g_R_2_18"><From><StopPointRef>490015165A</StopPointRef></From><To><StopPointRef>490013315N</StopPointRef></To><Direction>inbound</Direction></RouteLink><RouteLink id="RL_RS_49671g_R_2_19"><From><StopPointRef>490013315N</StopPointRef></From><To><StopPointRef>490009627N</StopPointRef></To><Direction>inbound</Direction></RouteLink><RouteLink id="RL_RS_49671g_R_2_20"><From><StopPointRef>490009627N</StopPointRef></From><To><StopPointRef>490013035N</StopPointRef></To><Direction>inbound</Direction></RouteLink><RouteLink id="RL_RS_49671g_R_2_21"><From><StopPointRef>490013035N</StopPointRef></From><To><StopPointRef>490008830N</StopPointRef></To><Direction>inbound</Direction></RouteLink><RouteLink id="RL_RS_49671g_R_2_22"><From><StopPointRef>490008830N</StopPointRef></From><To><StopPointRef>490008829N</StopPointRef></To><Direction>inbound</Direction></RouteLink><RouteLink id="RL_RS_49671g_R_2_23"><From><StopPointRef>490008829N</StopPointRef></From><To><StopPointRef>490005498N</StopPointRef></To><Direction>inbound</Direction></RouteLink><RouteLink id="RL_RS_49671g_R_2_24"><From><StopPointRef>490005498N</StopPointRef></From><To><StopPointRef>490004478G</StopPointRef></To><Direction>inbound</Direction></RouteLink><RouteLink id="RL_RS_49671g_R_2_25"><From><StopPointRef>490004478G</StopPointRef></From><To><StopPointRef>490006412E3</StopPointRef></To><Direction>inbound</Direction></RouteLink><RouteLink id="RL_RS_49671g_R_2_26"><From><StopPointRef>490006412E3</StopPointRef></From><To><StopPointRef>490001173T</StopPointRef></To><Direction>inbound</Direction></RouteLink><RouteLink id="RL_RS_49671g_R_2_27"><From><StopPointRef>490001173T</StopPointRef></From><To><StopPointRef>490008819U</StopPointRef></To><Direction>inbound</Direction></RouteLink><RouteLink id="RL_RS_49671g_R_2_28"><From><StopPointRef>490008819U</StopPointRef></From><To><StopPointRef>490008813N</StopPointRef></To><Direction>inbound</Direction></RouteLink><RouteLink id="RL_RS_49671g_R_2_29"><From><StopPointRef>490008813N</StopPointRef></From><To><StopPointRef>490014895N</StopPointRef></To><Direction>inbound</Direction></RouteLink><RouteLink id="RL_RS_49671g_R_2_30"><From><StopPointRef>490014895N</StopPointRef></From><To><StopPointRef>490006276N</StopPointRef></To><Direction>inbound</Direction></RouteLink><RouteLink id="RL_RS_49671g_R_2_31"><From><StopPointRef>490006276N</StopPointRef></From><To><StopPointRef>490013663N</StopPointRef></To><Direction>inbound</Direction></RouteLink></RouteSection></RouteSections><Routes><Route id="R_49671g_H_1"><PrivateCode>R_49671g_H_1</PrivateCode><Description>Tiffin School For Girls - Copt Gilders (KT9)</Description><RouteSectionRef>RS_49671g_H_1</RouteSectionRef></Route><Route id="R_49671g_R_2"><PrivateCode>R_49671g_R_2</PrivateCode><Description>Copt Gilders (KT9) - Tiffin School For Girls</Description><RouteSectionRef>RS_49671g_R_2</RouteSectionRef></Route></Routes><JourneyPatternSections><JourneyPatternSection id="JPS_49671g_H_2"><JourneyPatternTimingLink id="JPL_49671g_H_2_0"><From SequenceNumber="1"><StopPointRef>490013663S</StopPointRef><TimingStatus>PTP</TimingStatus></From><To SequenceNumber="2"><StopPointRef>490006276S</StopPointRef><TimingStatus>PTP</TimingStatus></To><RunTime>PT66S</RunTime></JourneyPatternTimingLink><JourneyPatternTimingLink id="JPL_49671g_H_2_1"><From SequenceNumber="2"><StopPointRef>490006276S</StopPointRef><TimingStatus>PTP</TimingStatus></From><To SequenceNumber="3"><StopPointRef>490008988S</StopPointRef><TimingStatus>PTP</TimingStatus></To><RunTime>PT66S</RunTime></JourneyPatternTimingLink><JourneyPatternTimingLink id="JPL_49671g_H_2_2"><From SequenceNumber="3"><StopPointRef>490008988S</StopPointRef><TimingStatus>PTP</TimingStatus></From><To SequenceNumber="4"><StopPointRef>490018665S</StopPointRef><TimingStatus>PTP</TimingStatus></To><RunTime>PT66S</RunTime></JourneyPatternTimingLink><JourneyPatternTimingLink id="JPL_49671g_H_2_3"><From SequenceNumber="4"><StopPointRef>490018665S</StopPointRef><TimingStatus>PTP</TimingStatus></From><To SequenceNumber="5"><StopPointRef>490008813S</StopPointRef><TimingStatus>PTP</TimingStatus></To><RunTime>PT66S</RunTime></JourneyPatternTimingLink><JourneyPatternTimingLink id="JPL_49671g_H_2_4"><From SequenceNumber="5"><StopPointRef>490008813S</StopPointRef><TimingStatus>PTP</TimingStatus></From><To SequenceNumber="6"><StopPointRef>490001173V</StopPointRef><TimingStatus>PTP</TimingStatus></To><RunTime>PT66S</RunTime></JourneyPatternTimingLink><JourneyPatternTimingLink id="JPL_49671g_H_2_5"><From SequenceNumber="6"><StopPointRef>490001173V</StopPointRef><TimingStatus>PTP</TimingStatus></From><To SequenceNumber="7"><StopPointRef>490005800A3</StopPointRef><TimingStatus>PTP</TimingStatus></To><RunTime>PT90S</RunTime></JourneyPatternTimingLink><JourneyPatternTimingLink id="JPL_49671g_H_2_6"><From SequenceNumber="7"><StopPointRef>490005800A3</StopPointRef><TimingStatus>PTP</TimingStatus></From><To SequenceNumber="8"><StopPointRef>490006412D2</StopPointRef><TimingStatus>PTP</TimingStatus></To><RunTime>PT240S</RunTime></JourneyPatternTimingLink><JourneyPatternTimingLink id="JPL_49671g_H_2_7"><From SequenceNumber="8"><StopPointRef>490006412D2</StopPointRef><TimingStatus>PTP</TimingStatus></From><To SequenceNumber="9"><StopPointRef>490004478F</StopPointRef><TimingStatus>PTP</TimingStatus></To><RunTime>PT66S</RunTime></JourneyPatternTimingLink><JourneyPatternTimingLink id="JPL_49671g_H_2_8"><From SequenceNumber="9"><StopPointRef>490004478F</StopPointRef><TimingStatus>PTP</TimingStatus></From><To SequenceNumber="10"><StopPointRef>490008829S</StopPointRef><TimingStatus>PTP</TimingStatus></To><RunTime>PT66S</RunTime></JourneyPatternTimingLink><JourneyPatternTimingLink id="JPL_49671g_H_2_9"><From SequenceNumber="10"><StopPointRef>490008829S</StopPointRef><TimingStatus>PTP</TimingStatus></From><To SequenceNumber="11"><StopPointRef>490013034S</StopPointRef><TimingStatus>PTP</TimingStatus></To><RunTime>PT66S</RunTime></JourneyPatternTimingLink><JourneyPatternTimingLink id="JPL_49671g_H_2_10"><From SequenceNumber="11"><StopPointRef>490013034S</StopPointRef><TimingStatus>PTP</TimingStatus></From><To SequenceNumber="12"><StopPointRef>490009627S</StopPointRef><TimingStatus>PTP</TimingStatus></To><RunTime>PT66S</RunTime></JourneyPatternTimingLink><JourneyPatternTimingLink id="JPL_49671g_H_2_11"><From SequenceNumber="12"><StopPointRef>490009627S</StopPointRef><TimingStatus>PTP</TimingStatus></From><To SequenceNumber="13"><StopPointRef>490013315S</StopPointRef><TimingStatus>PTP</TimingStatus></To><RunTime>PT66S</RunTime></JourneyPatternTimingLink><JourneyPatternTimingLink id="JPL_49671g_H_2_12"><From SequenceNumber="13"><StopPointRef>490013315S</StopPointRef><TimingStatus>PTP</TimingStatus></From><To SequenceNumber="14"><StopPointRef>490015165B</StopPointRef><TimingStatus>PTP</TimingStatus></To><RunTime>PT90S</RunTime></JourneyPatternTimingLink><JourneyPatternTimingLink id="JPL_49671g_H_2_13"><From SequenceNumber="14"><StopPointRef>490015165B</StopPointRef><TimingStatus>PTP</TimingStatus></From><To SequenceNumber="15"><StopPointRef>490001285D</StopPointRef><TimingStatus>PTP</TimingStatus></To><RunTime>PT42S</RunTime></JourneyPatternTimingLink><JourneyPatternTimingLink id="JPL_49671g_H_2_14"><From SequenceNumber="15"><StopPointRef>490001285D</StopPointRef><TimingStatus>PTP</TimingStatus></From><To SequenceNumber="16"><StopPointRef>490013036G</StopPointRef><TimingStatus>PTP</TimingStatus></To><RunTime>PT42S</RunTime></JourneyPatternTimingLink><JourneyPatternTimingLink id="JPL_49671g_H_2_15"><From SequenceNumber="16"><StopPointRef>490013036G</StopPointRef><TimingStatus>PTP</TimingStatus></From><To SequenceNumber="17"><StopPointRef>490009395S</StopPointRef><TimingStatus>PTP</TimingStatus></To><RunTime>PT42S</RunTime></JourneyPatternTimingLink><JourneyPatternTimingLink id="JPL_49671g_H_2_16"><From SequenceNumber="17"><StopPointRef>490009395S</StopPointRef><TimingStatus>PTP</TimingStatus></From><To SequenceNumber="18"><StopPointRef>490010075S</StopPointRef><TimingStatus>PTP</TimingStatus></To><RunTime>PT42S</RunTime></JourneyPatternTimingLink><JourneyPatternTimingLink id="JPL_49671g_H_2_17"><From SequenceNumber="18"><StopPointRef>490010075S</StopPointRef><TimingStatus>PTP</TimingStatus></From><To SequenceNumber="19"><StopPointRef>490018574S</StopPointRef><TimingStatus>PTP</TimingStatus></To><RunTime>PT42S</RunTime></JourneyPatternTimingLink><JourneyPatternTimingLink id="JPL_49671g_H_2_18"><From SequenceNumber="19"><StopPointRef>490018574S</StopPointRef><TimingStatus>PTP</TimingStatus></From><To SequenceNumber="20"><StopPointRef>490008949S</StopPointRef><TimingStatus>PTP</TimingStatus></To><RunTime>PT42S</RunTime></JourneyPatternTimingLink><JourneyPatternTimingLink id="JPL_49671g_H_2_19"><From SequenceNumber="20"><StopPointRef>490008949S</StopPointRef><TimingStatus>PTP</TimingStatus></From><To SequenceNumber="21"><StopPointRef>490006089S</StopPointRef><TimingStatus>PTP</TimingStatus></To><RunTime>PT42S</RunTime></JourneyPatternTimingLink><JourneyPatternTimingLink id="JPL_49671g_H_2_20"><From SequenceNumber="21"><StopPointRef>490006089S</StopPointRef><TimingStatus>PTP</TimingStatus></From><To SequenceNumber="22"><StopPointRef>490013457HU</StopPointRef><TimingStatus>PTP</TimingStatus></To><RunTime>PT42S</RunTime></JourneyPatternTimingLink><JourneyPatternTimingLink id="JPL_49671g_H_2_21"><From SequenceNumber="22"><StopPointRef>490013457HU</StopPointRef><TimingStatus>PTP</TimingStatus></From><To SequenceNumber="23"><StopPointRef>490013628S</StopPointRef><TimingStatus>PTP</TimingStatus></To><RunTime>PT42S</RunTime></JourneyPatternTimingLink><JourneyPatternTimingLink id="JPL_49671g_H_2_22"><From SequenceNumber="23"><StopPointRef>490013628S</StopPointRef><TimingStatus>PTP</TimingStatus></From><To SequenceNumber="24"><StopPointRef>490007205S</StopPointRef><TimingStatus>PTP</TimingStatus></To><RunTime>PT42S</RunTime></JourneyPatternTimingLink><JourneyPatternTimingLink id="JPL_49671g_H_2_23"><From SequenceNumber="24"><StopPointRef>490007205S</StopPointRef><TimingStatus>PTP</TimingStatus></From><To SequenceNumber="25"><StopPointRef>490006501S</StopPointRef><TimingStatus>PTP</TimingStatus></To><RunTime>PT60S</RunTime></JourneyPatternTimingLink><JourneyPatternTimingLink id="JPL_49671g_H_2_24"><From SequenceNumber="25"><StopPointRef>490006501S</StopPointRef><TimingStatus>PTP</TimingStatus></From><To SequenceNumber="26"><StopPointRef>490013474S</StopPointRef><TimingStatus>PTP</TimingStatus></To><RunTime>PT60S</RunTime></JourneyPatternTimingLink><JourneyPatternTimingLink id="JPL_49671g_H_2_25"><From SequenceNumber="26"><StopPointRef>490013474S</StopPointRef><TimingStatus>PTP</TimingStatus></From><To SequenceNumber="27"><StopPointRef>490008338S1</StopPointRef><TimingStatus>PTP</TimingStatus></To><RunTime>PT60S</RunTime></JourneyPatternTimingLink><JourneyPatternTimingLink id="JPL_49671g_H_2_26"><From SequenceNumber="27"><StopPointRef>490008338S1</StopPointRef><TimingStatus>PTP</TimingStatus></From><To SequenceNumber="28"><StopPointRef>490013597Q</StopPointRef><TimingStatus>PTP</TimingStatus></To><RunTime>PT60S</RunTime></JourneyPatternTimingLink><JourneyPatternTimingLink id="JPL_49671g_H_2_27"><From SequenceNumber="28"><StopPointRef>490013597Q</StopPointRef><TimingStatus>PTP</TimingStatus></From><To SequenceNumber="29"><StopPointRef>490009615R</StopPointRef><TimingStatus>PTP</TimingStatus></To><RunTime>PT60S</RunTime></JourneyPatternTimingLink><JourneyPatternTimingLink id="JPL_49671g_H_2_28"><From SequenceNumber="29"><StopPointRef>490009615R</StopPointRef><TimingStatus>PTP</TimingStatus></From><To SequenceNumber="30"><StopPointRef>490001061S</StopPointRef><TimingStatus>PTP</TimingStatus></To><RunTime>PT60S</RunTime></JourneyPatternTimingLink><JourneyPatternTimingLink id="JPL_49671g_H_2_29"><From SequenceNumber="30"><StopPointRef>490001061S</StopPointRef><TimingStatus>PTP</TimingStatus></From><To SequenceNumber="31"><StopPointRef>490013267E</StopPointRef><TimingStatus>PTP</TimingStatus></To><RunTime>PT60S</RunTime></JourneyPatternTimingLink><JourneyPatternTimingLink id="JPL_49671g_H_2_30"><From SequenceNumber="31"><StopPointRef>490013267E</StopPointRef><TimingStatus>PTP</TimingStatus></From><To SequenceNumber="32"><StopPointRef>490007177E</StopPointRef><TimingStatus>PTP</TimingStatus></To><RunTime>PT60S</RunTime></JourneyPatternTimingLink><JourneyPatternTimingLink id="JPL_49671g_H_2_31"><From SequenceNumber="32"><StopPointRef>490007177E</StopPointRef><TimingStatus>PTP</TimingStatus></From><To SequenceNumber="33"><StopPointRef>490007177S</StopPointRef><TimingStatus>PTP</TimingStatus></To><RunTime>PT60S</RunTime></JourneyPatternTimingLink><JourneyPatternTimingLink id="JPL_49671g_H_2_32"><From SequenceNumber="33"><StopPointRef>490007177S</StopPointRef><TimingStatus>PTP</TimingStatus></From><To SequenceNumber="34"><StopPointRef>490005593S</StopPointRef><TimingStatus>PTP</TimingStatus></To><RunTime>PT60S</RunTime></JourneyPatternTimingLink></JourneyPatternSection><JourneyPatternSection id="JPS_49671g_R_1"><JourneyPatternTimingLink id="JPL_49671g_R_1_0"><From SequenceNumber="1"><StopPointRef>490005593N</StopPointRef><TimingStatus>PTP</TimingStatus></From><To SequenceNumber="2"><StopPointRef>490007177N</StopPointRef><TimingStatus>PTP</TimingStatus></To><RunTime>PT78S</RunTime></JourneyPatternTimingLink><JourneyPatternTimingLink id="JPL_49671g_R_1_1"><From SequenceNumber="2"><StopPointRef>490007177N</StopPointRef><TimingStatus>PTP</TimingStatus></From><To SequenceNumber="3"><StopPointRef>490013267W</StopPointRef><TimingStatus>PTP</TimingStatus></To><RunTime>PT78S</RunTime></JourneyPatternTimingLink><JourneyPatternTimingLink id="JPL_49671g_R_1_2"><From SequenceNumber="3"><StopPointRef>490013267W</StopPointRef><TimingStatus>PTP</TimingStatus></From><To SequenceNumber="4"><StopPointRef>490001061T</StopPointRef><TimingStatus>PTP</TimingStatus></To><RunTime>PT78S</RunTime></JourneyPatternTimingLink><JourneyPatternTimingLink id="JPL_49671g_R_1_3"><From SequenceNumber="4"><StopPointRef>490001061T</StopPointRef><TimingStatus>PTP</TimingStatus></From><To SequenceNumber="5"><StopPointRef>490005117V</StopPointRef><TimingStatus>PTP</TimingStatus></To><RunTime>PT78S</RunTime></JourneyPatternTimingLink><JourneyPatternTimingLink id="JPL_49671g_R_1_4"><From SequenceNumber="5"><StopPointRef>490005117V</StopPointRef><TimingStatus>PTP</TimingStatus></From><To SequenceNumber="6"><StopPointRef>490009615P</StopPointRef><TimingStatus>PTP</TimingStatus></To><RunTime>PT78S</RunTime></JourneyPatternTimingLink><JourneyPatternTimingLink id="JPL_49671g_R_1_5"><From SequenceNumber="6"><StopPointRef>490009615P</StopPointRef><TimingStatus>PTP</TimingStatus></From><To SequenceNumber="7"><StopPointRef>490013597N</StopPointRef><TimingStatus>PTP</TimingStatus></To><RunTime>PT90S</RunTime></JourneyPatternTimingLink><JourneyPatternTimingLink id="JPL_49671g_R_1_6"><From SequenceNumber="7"><StopPointRef>490013597N</StopPointRef><TimingStatus>PTP</TimingStatus></From><To SequenceNumber="8"><StopPointRef>490008338N</StopPointRef><TimingStatus>PTP</TimingStatus></To><RunTime>PT72S</RunTime></JourneyPatternTimingLink><JourneyPatternTimingLink id="JPL_49671g_R_1_7"><From SequenceNumber="8"><StopPointRef>490008338N</StopPointRef><TimingStatus>PTP</TimingStatus></From><To SequenceNumber="9"><StopPointRef>490013474N</StopPointRef><TimingStatus>PTP</TimingStatus></To><RunTime>PT72S</RunTime></JourneyPatternTimingLink><JourneyPatternTimingLink id="JPL_49671g_R_1_8"><From SequenceNumber="9"><StopPointRef>490013474N</StopPointRef><TimingStatus>PTP</TimingStatus></From><To SequenceNumber="10"><StopPointRef>490006501N</StopPointRef><TimingStatus>PTP</TimingStatus></To><RunTime>PT72S</RunTime></JourneyPatternTimingLink><JourneyPatternTimingLink id="JPL_49671g_R_1_9"><From SequenceNumber="10"><StopPointRef>490006501N</StopPointRef><TimingStatus>PTP</TimingStatus></From><To SequenceNumber="11"><StopPointRef>490007205N</StopPointRef><TimingStatus>PTP</TimingStatus></To><RunTime>PT84S</RunTime></JourneyPatternTimingLink><JourneyPatternTimingLink id="JPL_49671g_R_1_10"><From SequenceNumber="11"><StopPointRef>490007205N</StopPointRef><TimingStatus>PTP</TimingStatus></From><To SequenceNumber="12"><StopPointRef>490013628N</StopPointRef><TimingStatus>PTP</TimingStatus></To><RunTime>PT78S</RunTime></JourneyPatternTimingLink><JourneyPatternTimingLink id="JPL_49671g_R_1_11"><From SequenceNumber="12"><StopPointRef>490013628N</StopPointRef><TimingStatus>PTP</TimingStatus></From><To SequenceNumber="13"><StopPointRef>490013457N</StopPointRef><TimingStatus>PTP</TimingStatus></To><RunTime>PT78S</RunTime></JourneyPatternTimingLink><JourneyPatternTimingLink id="JPL_49671g_R_1_12"><From SequenceNumber="13"><StopPointRef>490013457N</StopPointRef><TimingStatus>PTP</TimingStatus></From><To SequenceNumber="14"><StopPointRef>490008949N</StopPointRef><TimingStatus>PTP</TimingStatus></To><RunTime>PT78S</RunTime></JourneyPatternTimingLink><JourneyPatternTimingLink id="JPL_49671g_R_1_13"><From SequenceNumber="14"><StopPointRef>490008949N</StopPointRef><TimingStatus>PTP</TimingStatus></From><To SequenceNumber="15"><StopPointRef>490010075N</StopPointRef><TimingStatus>PTP</TimingStatus></To><RunTime>PT78S</RunTime></JourneyPatternTimingLink><JourneyPatternTimingLink id="JPL_49671g_R_1_14"><From SequenceNumber="15"><StopPointRef>490010075N</StopPointRef><TimingStatus>PTP</TimingStatus></From><To SequenceNumber="16"><StopPointRef>490009395N</StopPointRef><TimingStatus>PTP</TimingStatus></To><RunTime>PT78S</RunTime></JourneyPatternTimingLink><JourneyPatternTimingLink id="JPL_49671g_R_1_15"><From SequenceNumber="16"><StopPointRef>490009395N</StopPointRef><TimingStatus>PTP</TimingStatus></From><To SequenceNumber="17"><StopPointRef>490013036H</StopPointRef><TimingStatus>PTP</TimingStatus></To><RunTime>PT78S</RunTime></JourneyPatternTimingLink><JourneyPatternTimingLink id="JPL_49671g_R_1_16"><From SequenceNumber="17"><StopPointRef>490013036H</StopPointRef><TimingStatus>PTP</TimingStatus></From><To SequenceNumber="18"><StopPointRef>490001285C</StopPointRef><TimingStatus>PTP</TimingStatus></To><RunTime>PT78S</RunTime></JourneyPatternTimingLink><JourneyPatternTimingLink id="JPL_49671g_R_1_17"><From SequenceNumber="18"><StopPointRef>490001285C</StopPointRef><TimingStatus>PTP</TimingStatus></From><To SequenceNumber="19"><StopPointRef>490015165A</StopPointRef><TimingStatus>PTP</TimingStatus></To><RunTime>PT114S</RunTime></JourneyPatternTimingLink><JourneyPatternTimingLink id="JPL_49671g_R_1_18"><From SequenceNumber="19"><StopPointRef>490015165A</StopPointRef><TimingStatus>PTP</TimingStatus></From><To SequenceNumber="20"><StopPointRef>490013315N</StopPointRef><TimingStatus>PTP</TimingStatus></To><RunTime>PT66S</RunTime></JourneyPatternTimingLink><JourneyPatternTimingLink id="JPL_49671g_R_1_19"><From SequenceNumber="20"><StopPointRef>490013315N</StopPointRef><TimingStatus>PTP</TimingStatus></From><To SequenceNumber="21"><StopPointRef>490009627N</StopPointRef><TimingStatus>PTP</TimingStatus></To><RunTime>PT66S</RunTime></JourneyPatternTimingLink><JourneyPatternTimingLink id="JPL_49671g_R_1_20"><From SequenceNumber="21"><StopPointRef>490009627N</StopPointRef><TimingStatus>PTP</TimingStatus></From><To SequenceNumber="22"><StopPointRef>490013035N</StopPointRef><TimingStatus>PTP</TimingStatus></To><RunTime>PT66S</RunTime></JourneyPatternTimingLink><JourneyPatternTimingLink id="JPL_49671g_R_1_21"><From SequenceNumber="22"><StopPointRef>490013035N</StopPointRef><TimingStatus>PTP</TimingStatus></From><To SequenceNumber="23"><StopPointRef>490008830N</StopPointRef><TimingStatus>PTP</TimingStatus></To><RunTime>PT66S</RunTime></JourneyPatternTimingLink><JourneyPatternTimingLink id="JPL_49671g_R_1_22"><From SequenceNumber="23"><StopPointRef>490008830N</StopPointRef><TimingStatus>PTP</TimingStatus></From><To SequenceNumber="24"><StopPointRef>490008829N</StopPointRef><TimingStatus>PTP</TimingStatus></To><RunTime>PT66S</RunTime></JourneyPatternTimingLink><JourneyPatternTimingLink id="JPL_49671g_R_1_23"><From SequenceNumber="24"><StopPointRef>490008829N</StopPointRef><TimingStatus>PTP</TimingStatus></From><To SequenceNumber="25"><StopPointRef>490005498N</StopPointRef><TimingStatus>PTP</TimingStatus></To><RunTime>PT66S</RunTime></JourneyPatternTimingLink><JourneyPatternTimingLink id="JPL_49671g_R_1_24"><From SequenceNumber="25"><StopPointRef>490005498N</StopPointRef><TimingStatus>PTP</TimingStatus></From><To SequenceNumber="26"><StopPointRef>490004478G</StopPointRef><TimingStatus>PTP</TimingStatus></To><RunTime>PT66S</RunTime></JourneyPatternTimingLink><JourneyPatternTimingLink id="JPL_49671g_R_1_25"><From SequenceNumber="26"><StopPointRef>490004478G</StopPointRef><TimingStatus>PTP</TimingStatus></From><To SequenceNumber="27"><StopPointRef>490006412E3</StopPointRef><TimingStatus>PTP</TimingStatus></To><RunTime>PT78S</RunTime></JourneyPatternTimingLink><JourneyPatternTimingLink id="JPL_49671g_R_1_26"><From SequenceNumber="27"><StopPointRef>490006412E3</StopPointRef><TimingStatus>PTP</TimingStatus></From><To SequenceNumber="28"><StopPointRef>490001173T</StopPointRef><TimingStatus>PTP</TimingStatus></To><RunTime>PT120S</RunTime></JourneyPatternTimingLink><JourneyPatternTimingLink id="JPL_49671g_R_1_27"><From SequenceNumber="28"><StopPointRef>490001173T</StopPointRef><TimingStatus>PTP</TimingStatus></From><To SequenceNumber="29"><StopPointRef>490008819U</StopPointRef><TimingStatus>PTP</TimingStatus></To><RunTime>PT120S</RunTime></JourneyPatternTimingLink><JourneyPatternTimingLink id="JPL_49671g_R_1_28"><From SequenceNumber="29"><StopPointRef>490008819U</StopPointRef><TimingStatus>PTP</TimingStatus></From><To SequenceNumber="30"><StopPointRef>490008813N</StopPointRef><TimingStatus>PTP</TimingStatus></To><RunTime>PT72S</RunTime></JourneyPatternTimingLink><JourneyPatternTimingLink id="JPL_49671g_R_1_29"><From SequenceNumber="30"><StopPointRef>490008813N</StopPointRef><TimingStatus>PTP</TimingStatus></From><To SequenceNumber="31"><StopPointRef>490014895N</StopPointRef><TimingStatus>PTP</TimingStatus></To><RunTime>PT72S</RunTime></JourneyPatternTimingLink><JourneyPatternTimingLink id="JPL_49671g_R_1_30"><From SequenceNumber="31"><StopPointRef>490014895N</StopPointRef><TimingStatus>PTP</TimingStatus></From><To SequenceNumber="32"><StopPointRef>490006276N</StopPointRef><TimingStatus>PTP</TimingStatus></To><RunTime>PT72S</RunTime></JourneyPatternTimingLink><JourneyPatternTimingLink id="JPL_49671g_R_1_31"><From SequenceNumber="32"><StopPointRef>490006276N</StopPointRef><TimingStatus>PTP</TimingStatus></From><To SequenceNumber="33"><StopPointRef>490013663N</StopPointRef><TimingStatus>PTP</TimingStatus></To><RunTime>PT84S</RunTime></JourneyPatternTimingLink></JourneyPatternSection></JourneyPatternSections><Operators><Operator id="OId_LU"><OperatorCode>LU</OperatorCode><OperatorShortName>LU</OperatorShortName><OperatorNameOnLicence>LU</OperatorNameOnLicence><TradingName>LU</TradingName></Operator></Operators><Services><Service><ServiceCode>SId_49671g5</ServiceCode><PrivateCode>49671g5</PrivateCode><Lines><Line id="LId_49671g5"><LineName>671</LineName></Line></Lines><OperatingPeriod><StartDate>2009-12-01</StartDate><EndDate>2010-12-23</EndDate></OperatingPeriod><OperatingProfile><RegularDayType>
					<DaysOfWeek>
						<Monday/>
						<Tuesday/>
						<Wednesday/>
						<Thursday/>
					</DaysOfWeek>
				</RegularDayType>
				<BankHolidayOperation><DaysOfNonOperation><AllBankHolidays></AllBankHolidays></DaysOfNonOperation></BankHolidayOperation></OperatingProfile><RegisteredOperatorRef>OId_LU</RegisteredOperatorRef><StopRequirements><NoNewStopsRequired/></StopRequirements><StandardService><Origin>Tiffin School For Girls</Origin><Destination>Copt Gilders (KT9)</Destination><JourneyPattern id="JP_49671g_H5_2"><Direction>outbound</Direction><Operational><VehicleType><VehicleTypeCode>08</VehicleTypeCode><Description>Double Decker Low Floor+Wheelchair</Description></VehicleType></Operational><RouteRef>R_49671g_H_1</RouteRef><JourneyPatternSectionRefs>JPS_49671g_H_2</JourneyPatternSectionRefs></JourneyPattern><JourneyPattern id="JP_49671g_R5_1"><Direction>inbound</Direction><Operational><VehicleType><VehicleTypeCode>08</VehicleTypeCode><Description>Double Decker Low Floor+Wheelchair</Description></VehicleType></Operational><RouteRef>R_49671g_R_2</RouteRef><JourneyPatternSectionRefs>JPS_49671g_R_1</JourneyPatternSectionRefs></JourneyPattern></StandardService></Service><Service><ServiceCode>SId_49671g6</ServiceCode><PrivateCode>49671g6</PrivateCode><Lines><Line id="LId_49671g6"><LineName>671</LineName></Line></Lines><OperatingPeriod><StartDate>2009-12-01</StartDate><EndDate>2010-12-23</EndDate></OperatingPeriod><OperatingProfile><RegularDayType>
					<DaysOfWeek>
						<Friday/>
					</DaysOfWeek>
				</RegularDayType>
				<BankHolidayOperation><DaysOfNonOperation><AllBankHolidays></AllBankHolidays></DaysOfNonOperation></BankHolidayOperation></OperatingProfile><RegisteredOperatorRef>OId_LU</RegisteredOperatorRef><StopRequirements><NoNewStopsRequired/></StopRequirements><StandardService><Origin>Tiffin School For Girls</Origin><Destination>Copt Gilders (KT9)</Destination><JourneyPattern id="JP_49671g_H6_2"><Direction>outbound</Direction><Operational><VehicleType><VehicleTypeCode>08</VehicleTypeCode><Description>Double Decker Low Floor+Wheelchair</Description></VehicleType></Operational><RouteRef>R_49671g_H_1</RouteRef><JourneyPatternSectionRefs>JPS_49671g_H_2</JourneyPatternSectionRefs></JourneyPattern><JourneyPattern id="JP_49671g_R6_1"><Direction>inbound</Direction><Operational><VehicleType><VehicleTypeCode>08</VehicleTypeCode><Description>Double Decker Low Floor+Wheelchair</Description></VehicleType></Operational><RouteRef>R_49671g_R_2</RouteRef><JourneyPatternSectionRefs>JPS_49671g_R_1</JourneyPatternSectionRefs></JourneyPattern></StandardService></Service></Services><VehicleJourneys><VehicleJourney><PrivateCode>49671gg5H6710001</PrivateCode><Operational><VehicleType><VehicleTypeCode>08</VehicleTypeCode><Description>Double Decker Low Floor+Wheelchair</Description></VehicleType></Operational><OperatingProfile><RegularDayType>
					<DaysOfWeek>
						<Monday/>
						<Tuesday/>
						<Wednesday/>
						<Thursday/>
					</DaysOfWeek>
				</RegularDayType>
			</OperatingProfile><VehicleJourneyCode>49671gg5H6710001</VehicleJourneyCode><ServiceRef>SId_49671g5</ServiceRef><LineRef>LId_49671g5</LineRef><JourneyPatternRef>JP_49671g_H5_2</JourneyPatternRef><DepartureTime>16:05:00</DepartureTime></VehicleJourney><VehicleJourney><PrivateCode>49671gg6H6710003</PrivateCode><Operational><VehicleType><VehicleTypeCode>08</VehicleTypeCode><Description>Double Decker Low Floor+Wheelchair</Description></VehicleType></Operational><OperatingProfile><RegularDayType>
					<DaysOfWeek>
						<Friday/>
					</DaysOfWeek>
				</RegularDayType>
			</OperatingProfile><VehicleJourneyCode>49671gg6H6710003</VehicleJourneyCode><ServiceRef>SId_49671g6</ServiceRef><LineRef>LId_49671g6</LineRef><JourneyPatternRef>JP_49671g_H6_2</JourneyPatternRef><DepartureTime>15:05:00</DepartureTime></VehicleJourney><VehicleJourney><PrivateCode>49671gg5R6710002</PrivateCode><Operational><VehicleType><VehicleTypeCode>08</VehicleTypeCode><Description>Double Decker Low Floor+Wheelchair</Description></VehicleType></Operational><OperatingProfile><RegularDayType>
					<DaysOfWeek>
						<Monday/>
						<Tuesday/>
						<Wednesday/>
						<Thursday/>
					</DaysOfWeek>
				</RegularDayType>
			</OperatingProfile><VehicleJourneyCode>49671gg5R6710002</VehicleJourneyCode><ServiceRef>SId_49671g5</ServiceRef><LineRef>LId_49671g5</LineRef><JourneyPatternRef>JP_49671g_R5_1</JourneyPatternRef><DepartureTime>07:28:00</DepartureTime></VehicleJourney><VehicleJourney><PrivateCode>49671gg6R6710004</PrivateCode><Operational><VehicleType><VehicleTypeCode>08</VehicleTypeCode><Description>Double Decker Low Floor+Wheelchair</Description></VehicleType></Operational><OperatingProfile><RegularDayType>
					<DaysOfWeek>
						<Friday/>
					</DaysOfWeek>
				</RegularDayType>
			</OperatingProfile><VehicleJourneyCode>49671gg6R6710004</VehicleJourneyCode><ServiceRef>SId_49671g6</ServiceRef><LineRef>LId_49671g6</LineRef><JourneyPatternRef>JP_49671g_R6_1</JourneyPatternRef><DepartureTime>07:28:00</DepartureTime></VehicleJourney></VehicleJourneys></TransXChange>
