<?xml version="1.0" encoding="UTF-8"?>
<TransXChange CreationDateTime="2010-10-28T09:06:26" ModificationDateTime="2010-10-28T09:06:26" Modification="new" FileName="G:\mentzdv\Datastore\output_txc_48668_.xml" RevisionNumber="0" SchemaVersion="2.1" xmlns:xsi="http://www.w3.org/2001/XMLSchema-instance" xsi:schemaLocation="http://www.transxchange.org.uk/ http://www.transxchange.org.uk/schema/2.1/TransXChange_general.xsd" xmlns="http://www.transxchange.org.uk/" xmlns:n1="http://www.transxchange.org.uk/" xmlns:n2="http://www.govtalk.gov.uk/people/AddressAndPersonalDetails" xmlns:n3="http://www.govtalk.gov.uk/core" xmlns:n4="http://www.govtalk.gov.uk/people/bs7666"><StopPoints><AnnotatedStopPointRef><StopPointRef>40004408186A</StopPointRef><CommonName>St Andrews Secondary School</CommonName><Indicator>stop N</Indicator><LocalityName>Leatherhead</LocalityName><LocalityQualifier>Surrey</LocalityQualifier></AnnotatedStopPointRef><AnnotatedStopPointRef><StopPointRef>40004408185A</StopPointRef><CommonName>Parkers Lane</CommonName><Indicator>stop E</Indicator><LocalityName>Ashtead</LocalityName><LocalityQualifier>Surrey</LocalityQualifier></AnnotatedStopPointRef><AnnotatedStopPointRef><StopPointRef>40004408200A</StopPointRef><CommonName>Berkeley Court</CommonName><Indicator>stop N</Indicator><LocalityName>Ashtead</LocalityName><LocalityQualifier>Surrey</LocalityQualifier></AnnotatedStopPointRef><AnnotatedStopPointRef><StopPointRef>40004408201A</StopPointRef><CommonName>Bramley Way</CommonName><Indicator>stop NW</Indicator><LocalityName>Ashtead</LocalityName><LocalityQualifier>Surrey</LocalityQualifier></AnnotatedStopPointRef><AnnotatedStopPointRef><StopPointRef>40004408202A</StopPointRef><CommonName>Farm Lane (KT21)</CommonName><Indicator>stop NW</Indicator><LocalityName>Ashtead</LocalityName><LocalityQualifier>Surrey</LocalityQualifier></AnnotatedStopPointRef><AnnotatedStopPointRef><StopPointRef>40004406019A</StopPointRef><CommonName>Wells Road / Dorking Road</CommonName><Indicator>stop NE</Indicator><LocalityName>Woodcote (Epsom)</LocalityName><LocalityQualifier>Surrey</LocalityQualifier></AnnotatedStopPointRef><AnnotatedStopPointRef><StopPointRef>40004406035A</StopPointRef><CommonName>Castle Road / Woodcote Side</CommonName><Indicator>stop NE</Indicator><LocalityName>Epsom</LocalityName><LocalityQualifier>Surrey</LocalityQualifier></AnnotatedStopPointRef><AnnotatedStopPointRef><StopPointRef>40004406036A</StopPointRef><CommonName>Epsom General Hospital</CommonName><Indicator>stop R</Indicator><LocalityName>Epsom</LocalityName><LocalityQualifier>Surrey</LocalityQualifier></AnnotatedStopPointRef><AnnotatedStopPointRef><StopPointRef>40004406037A</StopPointRef><CommonName>Elmslie Close</CommonName><Indicator>stop N</Indicator><LocalityName>Epsom</LocalityName><LocalityQualifier>Surrey</LocalityQualifier></AnnotatedStopPointRef><AnnotatedStopPointRef><StopPointRef>40004406038A</StopPointRef><CommonName>Epsom Clock Tower</CommonName><Indicator>stop A</Indicator><LocalityName>Epsom</LocalityName><LocalityQualifier>Surrey</LocalityQualifier></AnnotatedStopPointRef><AnnotatedStopPointRef><StopPointRef>40004406067A</StopPointRef><CommonName>Waterloo Road (KT19)</CommonName><Indicator>stop L</Indicator><LocalityName>Epsom</LocalityName><LocalityQualifier>Surrey</LocalityQualifier></AnnotatedStopPointRef><AnnotatedStopPointRef><StopPointRef>40004406068B</StopPointRef><CommonName>Chase Road</CommonName><Indicator>stop E</Indicator><LocalityName>Epsom</LocalityName><LocalityQualifier>Surrey</LocalityQualifier></AnnotatedStopPointRef><AnnotatedStopPointRef><StopPointRef>40004406069B</StopPointRef><CommonName>Miles Road (KT19)</CommonName><Indicator>stop NW</Indicator><LocalityName>Epsom</LocalityName><LocalityQualifier>Surrey</LocalityQualifier></AnnotatedStopPointRef><AnnotatedStopPointRef><StopPointRef>40004406070B</StopPointRef><CommonName>Pound Lane (KT19)</CommonName><Indicator>stop NW</Indicator><LocalityName>Epsom</LocalityName><LocalityQualifier>Surrey</LocalityQualifier></AnnotatedStopPointRef><AnnotatedStopPointRef><StopPointRef>40004406076A</StopPointRef><CommonName>Felstead Road</CommonName><Indicator>stop NE</Indicator><LocalityName>Epsom</LocalityName><LocalityQualifier>Surrey</LocalityQualifier></AnnotatedStopPointRef><AnnotatedStopPointRef><StopPointRef>40004406077B</StopPointRef><CommonName>Blenheim High School (KT19)</CommonName><Indicator>stop N</Indicator><LocalityName>Epsom</LocalityName><LocalityQualifier>Surrey</LocalityQualifier></AnnotatedStopPointRef><AnnotatedStopPointRef><StopPointRef>40004406078B</StopPointRef><CommonName>Cumberland Close</CommonName><Indicator>stop N</Indicator><LocalityName>Ewell</LocalityName><LocalityQualifier>Surrey</LocalityQualifier></AnnotatedStopPointRef><AnnotatedStopPointRef><StopPointRef>40004406081B</StopPointRef><CommonName>Riverholme Drive</CommonName><Indicator>stop NW</Indicator><LocalityName>Epsom</LocalityName><LocalityQualifier>Surrey</LocalityQualifier></AnnotatedStopPointRef><AnnotatedStopPointRef><StopPointRef>40004406082B</StopPointRef><CommonName>West Ewell / Plough Road</CommonName><Indicator>stop NW</Indicator><LocalityName>West Ewell</LocalityName><LocalityQualifier>Surrey</LocalityQualifier></AnnotatedStopPointRef><AnnotatedStopPointRef><StopPointRef>40004406083B</StopPointRef><CommonName>Hook Arena</CommonName><Indicator>stop NW</Indicator><LocalityName>Epsom</LocalityName><LocalityQualifier>Surrey</LocalityQualifier></AnnotatedStopPointRef><AnnotatedStopPointRef><StopPointRef>40004406084C</StopPointRef><CommonName>Chessington Close / Hook Road</CommonName><Indicator>stop W</Indicator><LocalityName>Epsom</LocalityName><LocalityQualifier>Surrey</LocalityQualifier></AnnotatedStopPointRef><AnnotatedStopPointRef><StopPointRef>40004406085B</StopPointRef><CommonName>Chessington Close</CommonName><Indicator>stop NW</Indicator><LocalityName>Epsom</LocalityName><LocalityQualifier>Surrey</LocalityQualifier></AnnotatedStopPointRef><AnnotatedStopPointRef><StopPointRef>40004406086A</StopPointRef><CommonName>Ruxley Lane /Nightingale Drive</CommonName><Indicator>stop NW</Indicator><LocalityName>West Ewell</LocalityName><LocalityQualifier>Surrey</LocalityQualifier></AnnotatedStopPointRef><AnnotatedStopPointRef><StopPointRef>40004406088B</StopPointRef><CommonName>Goowin Close / Ruxley Lane</CommonName><Indicator>stop NE</Indicator><LocalityName>Epsom</LocalityName><LocalityQualifier>Surrey</LocalityQualifier></AnnotatedStopPointRef><AnnotatedStopPointRef><StopPointRef>40004406133A</StopPointRef><CommonName>Watersedge</CommonName><Indicator>stop E</Indicator><LocalityName>West Ewell</LocalityName><LocalityQualifier>Surrey</LocalityQualifier></AnnotatedStopPointRef><AnnotatedStopPointRef><StopPointRef>40004406089B</StopPointRef><CommonName>Scott Close</CommonName><Indicator>stop E</Indicator><LocalityName>Epsom</LocalityName><LocalityQualifier>Surrey</LocalityQualifier></AnnotatedStopPointRef><AnnotatedStopPointRef><StopPointRef>40004406090B</StopPointRef><CommonName>Pams Way</CommonName><Indicator>stop NE</Indicator><LocalityName>Epsom</LocalityName><LocalityQualifier>Surrey</LocalityQualifier></AnnotatedStopPointRef><AnnotatedStopPointRef><StopPointRef>40004406091B</StopPointRef><CommonName>Ruxley Lane / Kingston Road</CommonName><Indicator>stop SE</Indicator><LocalityName>West Ewell</LocalityName><LocalityQualifier>Surrey</LocalityQualifier></AnnotatedStopPointRef><AnnotatedStopPointRef><StopPointRef>40004406065B</StopPointRef><CommonName>Queen Adelaide</CommonName><Indicator>stop SE</Indicator><LocalityName>Ewell</LocalityName><LocalityQualifier>Surrey</LocalityQualifier></AnnotatedStopPointRef><AnnotatedStopPointRef><StopPointRef>40004406064B</StopPointRef><CommonName>Stoneleigh Park Road</CommonName><Indicator>stop SE</Indicator><LocalityName>Ewell</LocalityName><LocalityQualifier>Surrey</LocalityQualifier></AnnotatedStopPointRef><AnnotatedStopPointRef><StopPointRef>40004406057A</StopPointRef><CommonName>Ewell Park Way (KT17)</CommonName><Indicator>stop N</Indicator><LocalityName>Ewell</LocalityName><LocalityQualifier>Surrey</LocalityQualifier></AnnotatedStopPointRef><AnnotatedStopPointRef><StopPointRef>40004406059A</StopPointRef><CommonName>Briarwood Road (KT17)</CommonName><Indicator>stop N</Indicator><LocalityName>Ewell</LocalityName><LocalityQualifier>Surrey</LocalityQualifier></AnnotatedStopPointRef><AnnotatedStopPointRef><StopPointRef>40004406060A</StopPointRef><CommonName>Nonsuch Park / London Road</CommonName><Indicator>stop N</Indicator><LocalityName>Ewell</LocalityName><LocalityQualifier>Surrey</LocalityQualifier></AnnotatedStopPointRef><AnnotatedStopPointRef><StopPointRef>40004406146A</StopPointRef><CommonName>Sparrow Farm Road</CommonName><Indicator>stop NE</Indicator><LocalityName>Ewell</LocalityName><LocalityQualifier>Surrey</LocalityQualifier></AnnotatedStopPointRef><AnnotatedStopPointRef><StopPointRef>490010502W</StopPointRef><CommonName>Oaks Avenue (KT4)</CommonName><Indicator>stop W</Indicator><LocalityName>North Cheam</LocalityName><LocalityQualifier>Greater London</LocalityQualifier></AnnotatedStopPointRef><AnnotatedStopPointRef><StopPointRef>490009283A</StopPointRef><CommonName>Wellington Avenue (KT4)</CommonName><Indicator>stop A</Indicator><LocalityName>North Cheam</LocalityName><LocalityQualifier>Greater London</LocalityQualifier></AnnotatedStopPointRef><AnnotatedStopPointRef><StopPointRef>490014815N</StopPointRef><CommonName>Woodbine Lane</CommonName><Indicator>stop N</Indicator><LocalityName>North Cheam</LocalityName><LocalityQualifier>Greater London</LocalityQualifier></AnnotatedStopPointRef><AnnotatedStopPointRef><StopPointRef>490009181N</StopPointRef><CommonName>Lindsay Road (KT4)</CommonName><Indicator>stop N</Indicator><LocalityName>Worcester Park (London)</LocalityName><LocalityQualifier>Greater London</LocalityQualifier></AnnotatedStopPointRef><AnnotatedStopPointRef><StopPointRef>490009304D</StopPointRef><CommonName>Longfellow Road (KT4)</CommonName><Indicator>stop D</Indicator><LocalityName>Worcester Park (London)</LocalityName><LocalityQualifier>Greater London</LocalityQualifier></AnnotatedStopPointRef><AnnotatedStopPointRef><StopPointRef>490001346C</StopPointRef><CommonName>Worcester Park</CommonName><Indicator>stop C</Indicator><LocalityName>Worcester Park (London)</LocalityName><LocalityQualifier>Greater London</LocalityQualifier></AnnotatedStopPointRef><AnnotatedStopPointRef><StopPointRef>490001346B</StopPointRef><CommonName>Worcester Park</CommonName><Indicator>stop B</Indicator><LocalityName>Worcester Park (London)</LocalityName><LocalityQualifier>Greater London</LocalityQualifier></AnnotatedStopPointRef><AnnotatedStopPointRef><StopPointRef>490014261E</StopPointRef><CommonName>Longfellow Road (KT4)</CommonName><Indicator>stop E</Indicator><LocalityName>Worcester Park (London)</LocalityName><LocalityQualifier>Greater London</LocalityQualifier></AnnotatedStopPointRef><AnnotatedStopPointRef><StopPointRef>490009181S</StopPointRef><CommonName>Lindsay Road (KT4)</CommonName><Indicator>stop S</Indicator><LocalityName>Worcester Park (London)</LocalityName><LocalityQualifier>Greater London</LocalityQualifier></AnnotatedStopPointRef><AnnotatedStopPointRef><StopPointRef>490014815S</StopPointRef><CommonName>Woodbine Lane</CommonName><Indicator>stop S</Indicator><LocalityName>North Cheam</LocalityName><LocalityQualifier>Greater London</LocalityQualifier></AnnotatedStopPointRef><AnnotatedStopPointRef><StopPointRef>490010502V</StopPointRef><CommonName>Oaks Avenue (KT4)</CommonName><Indicator>stop V</Indicator><LocalityName>North Cheam</LocalityName><LocalityQualifier>Greater London</LocalityQualifier></AnnotatedStopPointRef><AnnotatedStopPointRef><StopPointRef>40004406145A</StopPointRef><CommonName>Sparrow Farm Road</CommonName><Indicator>stop SW</Indicator><LocalityName>Ewell</LocalityName><LocalityQualifier>Surrey</LocalityQualifier></AnnotatedStopPointRef><AnnotatedStopPointRef><StopPointRef>40004406060B</StopPointRef><CommonName>Nonsuch Park / London Road</CommonName><Indicator>stop S</Indicator><LocalityName>Ewell</LocalityName><LocalityQualifier>Surrey</LocalityQualifier></AnnotatedStopPointRef><AnnotatedStopPointRef><StopPointRef>40004406059B</StopPointRef><CommonName>Briarwood Road (KT17)</CommonName><Indicator>stop S</Indicator><LocalityName>Ewell</LocalityName><LocalityQualifier>Surrey</LocalityQualifier></AnnotatedStopPointRef><AnnotatedStopPointRef><StopPointRef>40004406058B</StopPointRef><CommonName>Ewell Park Way (KT17)</CommonName><Indicator>stop S</Indicator><LocalityName>Ewell</LocalityName><LocalityQualifier>Surrey</LocalityQualifier></AnnotatedStopPointRef><AnnotatedStopPointRef><StopPointRef>40004406063A</StopPointRef><CommonName>Beggars Hill</CommonName><Indicator>stop NW</Indicator><LocalityName>Ewell</LocalityName><LocalityQualifier>Surrey</LocalityQualifier></AnnotatedStopPointRef><AnnotatedStopPointRef><StopPointRef>40004406064A</StopPointRef><CommonName>Bradford Drive</CommonName><Indicator>stop NW</Indicator><LocalityName>Ewell</LocalityName><LocalityQualifier>Surrey</LocalityQualifier></AnnotatedStopPointRef><AnnotatedStopPointRef><StopPointRef>40004406065A</StopPointRef><CommonName>Queen Adelaide</CommonName><Indicator>stop NW</Indicator><LocalityName>Ewell</LocalityName><LocalityQualifier>Surrey</LocalityQualifier></AnnotatedStopPointRef><AnnotatedStopPointRef><StopPointRef>40004406066A</StopPointRef><CommonName>Court Farm Avenue (KT19)</CommonName><Indicator>stop N</Indicator><LocalityName>Stoneleigh (Surrey)</LocalityName><LocalityQualifier>Surrey</LocalityQualifier></AnnotatedStopPointRef><AnnotatedStopPointRef><StopPointRef>40004406091A</StopPointRef><CommonName>Ruxley Lane / Kingston Road</CommonName><Indicator>stop SW</Indicator><LocalityName>West Ewell</LocalityName><LocalityQualifier>Surrey</LocalityQualifier></AnnotatedStopPointRef><AnnotatedStopPointRef><StopPointRef>40004406090A</StopPointRef><CommonName>Pams Way</CommonName><Indicator>stop SW</Indicator><LocalityName>Epsom</LocalityName><LocalityQualifier>Surrey</LocalityQualifier></AnnotatedStopPointRef><AnnotatedStopPointRef><StopPointRef>40004406097A</StopPointRef><CommonName>Watersedge</CommonName><Indicator>stop W</Indicator><LocalityName>West Ewell</LocalityName><LocalityQualifier>Surrey</LocalityQualifier></AnnotatedStopPointRef><AnnotatedStopPointRef><StopPointRef>40004406089A</StopPointRef><CommonName>Epsom &amp; Ewell High School</CommonName><Indicator>stop SW</Indicator><LocalityName>Epsom</LocalityName><LocalityQualifier>Surrey</LocalityQualifier></AnnotatedStopPointRef><AnnotatedStopPointRef><StopPointRef>40004406088A</StopPointRef><CommonName>Godwin Close / Gatley Avenue</CommonName><Indicator>stop SW</Indicator><LocalityName>Epsom</LocalityName><LocalityQualifier>Surrey</LocalityQualifier></AnnotatedStopPointRef><AnnotatedStopPointRef><StopPointRef>40004406086B</StopPointRef><CommonName>Ruxley Lane /Nightingale Drive</CommonName><Indicator>stop SE</Indicator><LocalityName>West Ewell</LocalityName><LocalityQualifier>Surrey</LocalityQualifier></AnnotatedStopPointRef><AnnotatedStopPointRef><StopPointRef>40004406085A</StopPointRef><CommonName>Chessington Close / Hook Road</CommonName><Indicator>stop S</Indicator><LocalityName>Epsom</LocalityName><LocalityQualifier>Surrey</LocalityQualifier></AnnotatedStopPointRef><AnnotatedStopPointRef><StopPointRef>40004406084A</StopPointRef><CommonName>Chessington Close / Hook Road</CommonName><Indicator>stop E</Indicator><LocalityName>Epsom</LocalityName><LocalityQualifier>Surrey</LocalityQualifier></AnnotatedStopPointRef><AnnotatedStopPointRef><StopPointRef>40004406083A</StopPointRef><CommonName>Hook Arena</CommonName><Indicator>stop SE</Indicator><LocalityName>Epsom</LocalityName><LocalityQualifier>Surrey</LocalityQualifier></AnnotatedStopPointRef><AnnotatedStopPointRef><StopPointRef>40004406082A</StopPointRef><CommonName>West Ewell / Plough Road</CommonName><Indicator>stop SE</Indicator><LocalityName>West Ewell</LocalityName><LocalityQualifier>Surrey</LocalityQualifier></AnnotatedStopPointRef><AnnotatedStopPointRef><StopPointRef>40004406081A</StopPointRef><CommonName>Riverholme Drive</CommonName><Indicator>stop SE</Indicator><LocalityName>Epsom</LocalityName><LocalityQualifier>Surrey</LocalityQualifier></AnnotatedStopPointRef><AnnotatedStopPointRef><StopPointRef>40004406078A</StopPointRef><CommonName>Longmead Road (KT19)</CommonName><Indicator>stop S</Indicator><LocalityName>Epsom</LocalityName><LocalityQualifier>Surrey</LocalityQualifier></AnnotatedStopPointRef><AnnotatedStopPointRef><StopPointRef>40004406077A</StopPointRef><CommonName>Blenheim High School (KT19)</CommonName><Indicator>stop S</Indicator><LocalityName>Epsom</LocalityName><LocalityQualifier>Surrey</LocalityQualifier></AnnotatedStopPointRef><AnnotatedStopPointRef><StopPointRef>40004406076B</StopPointRef><CommonName>Felstead Road</CommonName><Indicator>stop SW</Indicator><LocalityName>Epsom</LocalityName><LocalityQualifier>Surrey</LocalityQualifier></AnnotatedStopPointRef><AnnotatedStopPointRef><StopPointRef>40004406070A</StopPointRef><CommonName>Pound Lane (KT19)</CommonName><Indicator>stop SE</Indicator><LocalityName>Epsom</LocalityName><LocalityQualifier>Surrey</LocalityQualifier></AnnotatedStopPointRef><AnnotatedStopPointRef><StopPointRef>40004406069A</StopPointRef><CommonName>Miles Road (KT19)</CommonName><Indicator>stop SE</Indicator><LocalityName>Epsom</LocalityName><LocalityQualifier>Surrey</LocalityQualifier></AnnotatedStopPointRef><AnnotatedStopPointRef><StopPointRef>40004406068A</StopPointRef><CommonName>Chase Road</CommonName><Indicator>stop W</Indicator><LocalityName>Epsom</LocalityName><LocalityQualifier>Surrey</LocalityQualifier></AnnotatedStopPointRef><AnnotatedStopPointRef><StopPointRef>40004406067B</StopPointRef><CommonName>Epsom Library</CommonName><Indicator>stop F</Indicator><LocalityName>Epsom</LocalityName><LocalityQualifier>Surrey</LocalityQualifier></AnnotatedStopPointRef><AnnotatedStopPointRef><StopPointRef>40004406119A</StopPointRef><CommonName>Ashley Road (KT18)</CommonName><Indicator>stop M</Indicator><LocalityName>Epsom</LocalityName><LocalityQualifier>Surrey</LocalityQualifier></AnnotatedStopPointRef><AnnotatedStopPointRef><StopPointRef>40004406037B</StopPointRef><CommonName>Elmslie Close</CommonName><Indicator>stop S</Indicator><LocalityName>Epsom</LocalityName><LocalityQualifier>Surrey</LocalityQualifier></AnnotatedStopPointRef><AnnotatedStopPointRef><StopPointRef>40004406036C</StopPointRef><CommonName>Epsom General Hospital</CommonName><Indicator>stop P</Indicator><LocalityName>Epsom</LocalityName><LocalityQualifier>Surrey</LocalityQualifier></AnnotatedStopPointRef><AnnotatedStopPointRef><StopPointRef>40004406114B</StopPointRef><CommonName>Westlands Court (KT18)</CommonName><Indicator>stop S</Indicator><LocalityName>Epsom</LocalityName><LocalityQualifier>Surrey</LocalityQualifier></AnnotatedStopPointRef><AnnotatedStopPointRef><StopPointRef>40004406035B</StopPointRef><CommonName>Woodcote Side / Castle Road</CommonName><Indicator>stop SW</Indicator><LocalityName>Epsom</LocalityName><LocalityQualifier>Surrey</LocalityQualifier></AnnotatedStopPointRef><AnnotatedStopPointRef><StopPointRef>40004408202B</StopPointRef><CommonName>Farm Lane (KT21)</CommonName><Indicator>stop SE</Indicator><LocalityName>Ashtead</LocalityName><LocalityQualifier>Surrey</LocalityQualifier></AnnotatedStopPointRef><AnnotatedStopPointRef><StopPointRef>40004408201B</StopPointRef><CommonName>Bramley Way</CommonName><Indicator>stop SE</Indicator><LocalityName>Ashtead</LocalityName><LocalityQualifier>Surrey</LocalityQualifier></AnnotatedStopPointRef><AnnotatedStopPointRef><StopPointRef>40004408200B</StopPointRef><CommonName>Berkeley Court</CommonName><Indicator>stop S</Indicator><LocalityName>Ashtead</LocalityName><LocalityQualifier>Surrey</LocalityQualifier></AnnotatedStopPointRef><AnnotatedStopPointRef><StopPointRef>40004408185B</StopPointRef><CommonName>Parkers Lane</CommonName><Indicator>stop W</Indicator><LocalityName>Ashtead</LocalityName><LocalityQualifier>Surrey</LocalityQualifier></AnnotatedStopPointRef><AnnotatedStopPointRef><StopPointRef>40004408184B</StopPointRef><CommonName>Ashtead Hospital</CommonName><Indicator>stop W</Indicator><LocalityName>Ashtead</LocalityName><LocalityQualifier>Surrey</LocalityQualifier></AnnotatedStopPointRef><AnnotatedStopPointRef><StopPointRef>40004408183B</StopPointRef><CommonName>Stag Leys</CommonName><Indicator>stop S</Indicator><LocalityName>Ashtead</LocalityName><LocalityQualifier>Surrey</LocalityQualifier></AnnotatedStopPointRef></StopPoints><RouteSections><RouteSection id="RS_48668_H_1"><RouteLink id="RL_RS_48668_H_1_0"><From><StopPointRef>40004408186A</StopPointRef></From><To><StopPointRef>40004408185A</StopPointRef></To><Direction>outbound</Direction></RouteLink><RouteLink id="RL_RS_48668_H_1_1"><From><StopPointRef>40004408185A</StopPointRef></From><To><StopPointRef>40004408200A</StopPointRef></To><Direction>outbound</Direction></RouteLink><RouteLink id="RL_RS_48668_H_1_2"><From><StopPointRef>40004408200A</StopPointRef></From><To><StopPointRef>40004408201A</StopPointRef></To><Direction>outbound</Direction></RouteLink><RouteLink id="RL_RS_48668_H_1_3"><From><StopPointRef>40004408201A</StopPointRef></From><To><StopPointRef>40004408202A</StopPointRef></To><Direction>outbound</Direction></RouteLink><RouteLink id="RL_RS_48668_H_1_4"><From><StopPointRef>40004408202A</StopPointRef></From><To><StopPointRef>40004406019A</StopPointRef></To><Direction>outbound</Direction></RouteLink><RouteLink id="RL_RS_48668_H_1_5"><From><StopPointRef>40004406019A</StopPointRef></From><To><StopPointRef>40004406035A</StopPointRef></To><Direction>outbound</Direction></RouteLink><RouteLink id="RL_RS_48668_H_1_6"><From><StopPointRef>40004406035A</StopPointRef></From><To><StopPointRef>40004406036A</StopPointRef></To><Direction>outbound</Direction></RouteLink><RouteLink id="RL_RS_48668_H_1_7"><From><StopPointRef>40004406036A</StopPointRef></From><To><StopPointRef>40004406037A</StopPointRef></To><Direction>outbound</Direction></RouteLink><RouteLink id="RL_RS_48668_H_1_8"><From><StopPointRef>40004406037A</StopPointRef></From><To><StopPointRef>40004406038A</StopPointRef></To><Direction>outbound</Direction></RouteLink><RouteLink id="RL_RS_48668_H_1_9"><From><StopPointRef>40004406038A</StopPointRef></From><To><StopPointRef>40004406067A</StopPointRef></To><Direction>outbound</Direction></RouteLink><RouteLink id="RL_RS_48668_H_1_10"><From><StopPointRef>40004406067A</StopPointRef></From><To><StopPointRef>40004406068B</StopPointRef></To><Direction>outbound</Direction></RouteLink><RouteLink id="RL_RS_48668_H_1_11"><From><StopPointRef>40004406068B</StopPointRef></From><To><StopPointRef>40004406069B</StopPointRef></To><Direction>outbound</Direction></RouteLink><RouteLink id="RL_RS_48668_H_1_12"><From><StopPointRef>40004406069B</StopPointRef></From><To><StopPointRef>40004406070B</StopPointRef></To><Direction>outbound</Direction></RouteLink><RouteLink id="RL_RS_48668_H_1_13"><From><StopPointRef>40004406070B</StopPointRef></From><To><StopPointRef>40004406076A</StopPointRef></To><Direction>outbound</Direction></RouteLink><RouteLink id="RL_RS_48668_H_1_14"><From><StopPointRef>40004406076A</StopPointRef></From><To><StopPointRef>40004406077B</StopPointRef></To><Direction>outbound</Direction></RouteLink><RouteLink id="RL_RS_48668_H_1_15"><From><StopPointRef>40004406077B</StopPointRef></From><To><StopPointRef>40004406078B</StopPointRef></To><Direction>outbound</Direction></RouteLink><RouteLink id="RL_RS_48668_H_1_16"><From><StopPointRef>40004406078B</StopPointRef></From><To><StopPointRef>40004406081B</StopPointRef></To><Direction>outbound</Direction></RouteLink><RouteLink id="RL_RS_48668_H_1_17"><From><StopPointRef>40004406081B</StopPointRef></From><To><StopPointRef>40004406082B</StopPointRef></To><Direction>outbound</Direction></RouteLink><RouteLink id="RL_RS_48668_H_1_18"><From><StopPointRef>40004406082B</StopPointRef></From><To><StopPointRef>40004406083B</StopPointRef></To><Direction>outbound</Direction></RouteLink><RouteLink id="RL_RS_48668_H_1_19"><From><StopPointRef>40004406083B</StopPointRef></From><To><StopPointRef>40004406084C</StopPointRef></To><Direction>outbound</Direction></RouteLink><RouteLink id="RL_RS_48668_H_1_20"><From><StopPointRef>40004406084C</StopPointRef></From><To><StopPointRef>40004406085B</StopPointRef></To><Direction>outbound</Direction></RouteLink><RouteLink id="RL_RS_48668_H_1_21"><From><StopPointRef>40004406085B</StopPointRef></From><To><StopPointRef>40004406086A</StopPointRef></To><Direction>outbound</Direction></RouteLink><RouteLink id="RL_RS_48668_H_1_22"><From><StopPointRef>40004406086A</StopPointRef></From><To><StopPointRef>40004406088B</StopPointRef></To><Direction>outbound</Direction></RouteLink><RouteLink id="RL_RS_48668_H_1_23"><From><StopPointRef>40004406088B</StopPointRef></From><To><StopPointRef>40004406133A</StopPointRef></To><Direction>outbound</Direction></RouteLink><RouteLink id="RL_RS_48668_H_1_24"><From><StopPointRef>40004406133A</StopPointRef></From><To><StopPointRef>40004406089B</StopPointRef></To><Direction>outbound</Direction></RouteLink><RouteLink id="RL_RS_48668_H_1_25"><From><StopPointRef>40004406089B</StopPointRef></From><To><StopPointRef>40004406090B</StopPointRef></To><Direction>outbound</Direction></RouteLink><RouteLink id="RL_RS_48668_H_1_26"><From><StopPointRef>40004406090B</StopPointRef></From><To><StopPointRef>40004406091B</StopPointRef></To><Direction>outbound</Direction></RouteLink><RouteLink id="RL_RS_48668_H_1_27"><From><StopPointRef>40004406091B</StopPointRef></From><To><StopPointRef>40004406065B</StopPointRef></To><Direction>outbound</Direction></RouteLink><RouteLink id="RL_RS_48668_H_1_28"><From><StopPointRef>40004406065B</StopPointRef></From><To><StopPointRef>40004406064B</StopPointRef></To><Direction>outbound</Direction></RouteLink><RouteLink id="RL_RS_48668_H_1_29"><From><StopPointRef>40004406064B</StopPointRef></From><To><StopPointRef>40004406057A</StopPointRef></To><Direction>outbound</Direction></RouteLink><RouteLink id="RL_RS_48668_H_1_30"><From><StopPointRef>40004406057A</StopPointRef></From><To><StopPointRef>40004406059A</StopPointRef></To><Direction>outbound</Direction></RouteLink><RouteLink id="RL_RS_48668_H_1_31"><From><StopPointRef>40004406059A</StopPointRef></From><To><StopPointRef>40004406060A</StopPointRef></To><Direction>outbound</Direction></RouteLink><RouteLink id="RL_RS_48668_H_1_32"><From><StopPointRef>40004406060A</StopPointRef></From><To><StopPointRef>40004406146A</StopPointRef></To><Direction>outbound</Direction></RouteLink><RouteLink id="RL_RS_48668_H_1_33"><From><StopPointRef>40004406146A</StopPointRef></From><To><StopPointRef>490010502W</StopPointRef></To><Direction>outbound</Direction></RouteLink><RouteLink id="RL_RS_48668_H_1_34"><From><StopPointRef>490010502W</StopPointRef></From><To><StopPointRef>490009283A</StopPointRef></To><Direction>outbound</Direction></RouteLink><RouteLink id="RL_RS_48668_H_1_35"><From><StopPointRef>490009283A</StopPointRef></From><To><StopPointRef>490014815N</StopPointRef></To><Direction>outbound</Direction></RouteLink><RouteLink id="RL_RS_48668_H_1_36"><From><StopPointRef>490014815N</StopPointRef></From><To><StopPointRef>490009181N</StopPointRef></To><Direction>outbound</Direction></RouteLink><RouteLink id="RL_RS_48668_H_1_37"><From><StopPointRef>490009181N</StopPointRef></From><To><StopPointRef>490009304D</StopPointRef></To><Direction>outbound</Direction></RouteLink><RouteLink id="RL_RS_48668_H_1_38"><From><StopPointRef>490009304D</StopPointRef></From><To><StopPointRef>490001346C</StopPointRef></To><Direction>outbound</Direction></RouteLink></RouteSection><RouteSection id="RS_48668_R_2"><RouteLink id="RL_RS_48668_R_2_0"><From><StopPointRef>490001346B</StopPointRef></From><To><StopPointRef>490014261E</StopPointRef></To><Direction>inbound</Direction></RouteLink><RouteLink id="RL_RS_48668_R_2_1"><From><StopPointRef>490014261E</StopPointRef></From><To><StopPointRef>490009181S</StopPointRef></To><Direction>inbound</Direction></RouteLink><RouteLink id="RL_RS_48668_R_2_2"><From><StopPointRef>490009181S</StopPointRef></From><To><StopPointRef>490014815S</StopPointRef></To><Direction>inbound</Direction></RouteLink><RouteLink id="RL_RS_48668_R_2_3"><From><StopPointRef>490014815S</StopPointRef></From><To><StopPointRef>490010502V</StopPointRef></To><Direction>inbound</Direction></RouteLink><RouteLink id="RL_RS_48668_R_2_4"><From><StopPointRef>490010502V</StopPointRef></From><To><StopPointRef>40004406145A</StopPointRef></To><Direction>inbound</Direction></RouteLink><RouteLink id="RL_RS_48668_R_2_5"><From><StopPointRef>40004406145A</StopPointRef></From><To><StopPointRef>40004406060B</StopPointRef></To><Direction>inbound</Direction></RouteLink><RouteLink id="RL_RS_48668_R_2_6"><From><StopPointRef>40004406060B</StopPointRef></From><To><StopPointRef>40004406059B</StopPointRef></To><Direction>inbound</Direction></RouteLink><RouteLink id="RL_RS_48668_R_2_7"><From><StopPointRef>40004406059B</StopPointRef></From><To><StopPointRef>40004406058B</StopPointRef></To><Direction>inbound</Direction></RouteLink><RouteLink id="RL_RS_48668_R_2_8"><From><StopPointRef>40004406058B</StopPointRef></From><To><StopPointRef>40004406063A</StopPointRef></To><Direction>inbound</Direction></RouteLink><RouteLink id="RL_RS_48668_R_2_9"><From><StopPointRef>40004406063A</StopPointRef></From><To><StopPointRef>40004406064A</StopPointRef></To><Direction>inbound</Direction></RouteLink><RouteLink id="RL_RS_48668_R_2_10"><From><StopPointRef>40004406064A</StopPointRef></From><To><StopPointRef>40004406065A</StopPointRef></To><Direction>inbound</Direction></RouteLink><RouteLink id="RL_RS_48668_R_2_11"><From><StopPointRef>40004406065A</StopPointRef></From><To><StopPointRef>40004406066A</StopPointRef></To><Direction>inbound</Direction></RouteLink><RouteLink id="RL_RS_48668_R_2_12"><From><StopPointRef>40004406066A</StopPointRef></From><To><StopPointRef>40004406091A</StopPointRef></To><Direction>inbound</Direction></RouteLink><RouteLink id="RL_RS_48668_R_2_13"><From><StopPointRef>40004406091A</StopPointRef></From><To><StopPointRef>40004406090A</StopPointRef></To><Direction>inbound</Direction></RouteLink><RouteLink id="RL_RS_48668_R_2_14"><From><StopPointRef>40004406090A</StopPointRef></From><To><StopPointRef>40004406097A</StopPointRef></To><Direction>inbound</Direction></RouteLink><RouteLink id="RL_RS_48668_R_2_15"><From><StopPointRef>40004406097A</StopPointRef></From><To><StopPointRef>40004406089A</StopPointRef></To><Direction>inbound</Direction></RouteLink><RouteLink id="RL_RS_48668_R_2_16"><From><StopPointRef>40004406089A</StopPointRef></From><To><StopPointRef>40004406088A</StopPointRef></To><Direction>inbound</Direction></RouteLink><RouteLink id="RL_RS_48668_R_2_17"><From><StopPointRef>40004406088A</StopPointRef></From><To><StopPointRef>40004406086B</StopPointRef></To><Direction>inbound</Direction></RouteLink><RouteLink id="RL_RS_48668_R_2_18"><From><StopPointRef>40004406086B</StopPointRef></From><To><StopPointRef>40004406085A</StopPointRef></To><Direction>inbound</Direction></RouteLink><RouteLink id="RL_RS_48668_R_2_19"><From><StopPointRef>40004406085A</StopPointRef></From><To><StopPointRef>40004406084A</StopPointRef></To><Direction>inbound</Direction></RouteLink><RouteLink id="RL_RS_48668_R_2_20"><From><StopPointRef>40004406084A</StopPointRef></From><To><StopPointRef>40004406083A</StopPointRef></To><Direction>inbound</Direction></RouteLink><RouteLink id="RL_RS_48668_R_2_21"><From><StopPointRef>40004406083A</StopPointRef></From><To><StopPointRef>40004406082A</StopPointRef></To><Direction>inbound</Direction></RouteLink><RouteLink id="RL_RS_48668_R_2_22"><From><StopPointRef>40004406082A</StopPointRef></From><To><StopPointRef>40004406081A</StopPointRef></To><Direction>inbound</Direction></RouteLink><RouteLink id="RL_RS_48668_R_2_23"><From><StopPointRef>40004406081A</StopPointRef></From><To><StopPointRef>40004406078A</StopPointRef></To><Direction>inbound</Direction></RouteLink><RouteLink id="RL_RS_48668_R_2_24"><From><StopPointRef>40004406078A</StopPointRef></From><To><StopPointRef>40004406077A</StopPointRef></To><Direction>inbound</Direction></RouteLink><RouteLink id="RL_RS_48668_R_2_25"><From><StopPointRef>40004406077A</StopPointRef></From><To><StopPointRef>40004406076B</StopPointRef></To><Direction>inbound</Direction></RouteLink><RouteLink id="RL_RS_48668_R_2_26"><From><StopPointRef>40004406076B</StopPointRef></From><To><StopPointRef>40004406070A</StopPointRef></To><Direction>inbound</Direction></RouteLink><RouteLink id="RL_RS_48668_R_2_27"><From><StopPointRef>40004406070A</StopPointRef></From><To><StopPointRef>40004406069A</StopPointRef></To><Direction>inbound</Direction></RouteLink><RouteLink id="RL_RS_48668_R_2_28"><From><StopPointRef>40004406069A</StopPointRef></From><To><StopPointRef>40004406068A</StopPointRef></To><Direction>inbound</Direction></RouteLink><RouteLink id="RL_RS_48668_R_2_29"><From><StopPointRef>40004406068A</StopPointRef></From><To><StopPointRef>40004406067B</StopPointRef></To><Direction>inbound</Direction></RouteLink><RouteLink id="RL_RS_48668_R_2_30"><From><StopPointRef>40004406067B</StopPointRef></From><To><StopPointRef>40004406119A</StopPointRef></To><Direction>inbound</Direction></RouteLink><RouteLink id="RL_RS_48668_R_2_31"><From><StopPointRef>40004406119A</StopPointRef></From><To><StopPointRef>40004406037B</StopPointRef></To><Direction>inbound</Direction></RouteLink><RouteLink id="RL_RS_48668_R_2_32"><From><StopPointRef>40004406037B</StopPointRef></From><To><StopPointRef>40004406036C</StopPointRef></To><Direction>inbound</Direction></RouteLink><RouteLink id="RL_RS_48668_R_2_33"><From><StopPointRef>40004406036C</StopPointRef></From><To><StopPointRef>40004406114B</StopPointRef></To><Direction>inbound</Direction></RouteLink><RouteLink id="RL_RS_48668_R_2_34"><From><StopPointRef>40004406114B</StopPointRef></From><To><StopPointRef>40004406035B</StopPointRef></To><Direction>inbound</Direction></RouteLink><RouteLink id="RL_RS_48668_R_2_35"><From><StopPointRef>40004406035B</StopPointRef></From><To><StopPointRef>40004408202B</StopPointRef></To><Direction>inbound</Direction></RouteLink><RouteLink id="RL_RS_48668_R_2_36"><From><StopPointRef>40004408202B</StopPointRef></From><To><StopPointRef>40004408201B</StopPointRef></To><Direction>inbound</Direction></RouteLink><RouteLink id="RL_RS_48668_R_2_37"><From><StopPointRef>40004408201B</StopPointRef></From><To><StopPointRef>40004408200B</StopPointRef></To><Direction>inbound</Direction></RouteLink><RouteLink id="RL_RS_48668_R_2_38"><From><StopPointRef>40004408200B</StopPointRef></From><To><StopPointRef>40004408185B</StopPointRef></To><Direction>inbound</Direction></RouteLink><RouteLink id="RL_RS_48668_R_2_39"><From><StopPointRef>40004408185B</StopPointRef></From><To><StopPointRef>40004408184B</StopPointRef></To><Direction>inbound</Direction></RouteLink><RouteLink id="RL_RS_48668_R_2_40"><From><StopPointRef>40004408184B</StopPointRef></From><To><StopPointRef>40004408183B</StopPointRef></To><Direction>inbound</Direction></RouteLink><RouteLink id="RL_RS_48668_R_2_41"><From><StopPointRef>40004408183B</StopPointRef></From><To><StopPointRef>40004408186A</StopPointRef></To><Direction>inbound</Direction></RouteLink></RouteSection></RouteSections><Routes><Route id="R_48668_H_1"><PrivateCode>R_48668_H_1</PrivateCode><Description>St Andrews Secondary School - Worcester Park</Description><RouteSectionRef>RS_48668_H_1</RouteSectionRef></Route><Route id="R_48668_R_2"><PrivateCode>R_48668_R_2</PrivateCode><Description>Worcester Park - St Andrews Secondary School</Description><RouteSectionRef>RS_48668_R_2</RouteSectionRef></Route></Routes><JourneyPatternSections><JourneyPatternSection id="JPS_48668_H_1"><JourneyPatternTimingLink id="JPL_48668_H_1_0"><From SequenceNumber="1"><StopPointRef>40004408186A</StopPointRef><TimingStatus>PTP</TimingStatus></From><To SequenceNumber="2"><StopPointRef>40004408185A</StopPointRef><TimingStatus>OTH</TimingStatus></To><RunTime>PT84S</RunTime></JourneyPatternTimingLink><JourneyPatternTimingLink id="JPL_48668_H_1_1"><From SequenceNumber="2"><StopPointRef>40004408185A</StopPointRef><TimingStatus>OTH</TimingStatus></From><To SequenceNumber="3"><StopPointRef>40004408200A</StopPointRef><TimingStatus>OTH</TimingStatus></To><RunTime>PT84S</RunTime></JourneyPatternTimingLink><JourneyPatternTimingLink id="JPL_48668_H_1_2"><From SequenceNumber="3"><StopPointRef>40004408200A</StopPointRef><TimingStatus>OTH</TimingStatus></From><To SequenceNumber="4"><StopPointRef>40004408201A</StopPointRef><TimingStatus>OTH</TimingStatus></To><RunTime>PT84S</RunTime></JourneyPatternTimingLink><JourneyPatternTimingLink id="JPL_48668_H_1_3"><From SequenceNumber="4"><StopPointRef>40004408201A</StopPointRef><TimingStatus>OTH</TimingStatus></From><To SequenceNumber="5"><StopPointRef>40004408202A</StopPointRef><TimingStatus>OTH</TimingStatus></To><RunTime>PT84S</RunTime></JourneyPatternTimingLink><JourneyPatternTimingLink id="JPL_48668_H_1_4"><From SequenceNumber="5"><StopPointRef>40004408202A</StopPointRef><TimingStatus>OTH</TimingStatus></From><To SequenceNumber="6"><StopPointRef>40004406019A</StopPointRef><TimingStatus>OTH</TimingStatus></To><RunTime>PT84S</RunTime></JourneyPatternTimingLink><JourneyPatternTimingLink id="JPL_48668_H_1_5"><From SequenceNumber="6"><StopPointRef>40004406019A</StopPointRef><TimingStatus>OTH</TimingStatus></From><To SequenceNumber="7"><StopPointRef>40004406035A</StopPointRef><TimingStatus>OTH</TimingStatus></To><RunTime>PT84S</RunTime></JourneyPatternTimingLink><JourneyPatternTimingLink id="JPL_48668_H_1_6"><From SequenceNumber="7"><StopPointRef>40004406035A</StopPointRef><TimingStatus>OTH</TimingStatus></From><To SequenceNumber="8"><StopPointRef>40004406036A</StopPointRef><TimingStatus>PTP</TimingStatus></To><RunTime>PT96S</RunTime></JourneyPatternTimingLink><JourneyPatternTimingLink id="JPL_48668_H_1_7"><From SequenceNumber="8"><StopPointRef>40004406036A</StopPointRef><TimingStatus>PTP</TimingStatus></From><To SequenceNumber="9"><StopPointRef>40004406037A</StopPointRef><TimingStatus>OTH</TimingStatus></To><RunTime>PT120S</RunTime></JourneyPatternTimingLink><JourneyPatternTimingLink id="JPL_48668_H_1_8"><From SequenceNumber="9"><StopPointRef>40004406037A</StopPointRef><TimingStatus>OTH</TimingStatus></From><To SequenceNumber="10"><StopPointRef>40004406038A</StopPointRef><TimingStatus>PTP</TimingStatus></To><RunTime>PT120S</RunTime></JourneyPatternTimingLink><JourneyPatternTimingLink id="JPL_48668_H_1_9"><From SequenceNumber="10"><StopPointRef>40004406038A</StopPointRef><TimingStatus>PTP</TimingStatus></From><To SequenceNumber="11"><StopPointRef>40004406067A</StopPointRef><TimingStatus>OTH</TimingStatus></To><RunTime>PT60S</RunTime></JourneyPatternTimingLink><JourneyPatternTimingLink id="JPL_48668_H_1_10"><From SequenceNumber="11"><StopPointRef>40004406067A</StopPointRef><TimingStatus>OTH</TimingStatus></From><To SequenceNumber="12"><StopPointRef>40004406068B</StopPointRef><TimingStatus>OTH</TimingStatus></To><RunTime>PT60S</RunTime></JourneyPatternTimingLink><JourneyPatternTimingLink id="JPL_48668_H_1_11"><From SequenceNumber="12"><StopPointRef>40004406068B</StopPointRef><TimingStatus>OTH</TimingStatus></From><To SequenceNumber="13"><StopPointRef>40004406069B</StopPointRef><TimingStatus>OTH</TimingStatus></To><RunTime>PT60S</RunTime></JourneyPatternTimingLink><JourneyPatternTimingLink id="JPL_48668_H_1_12"><From SequenceNumber="13"><StopPointRef>40004406069B</StopPointRef><TimingStatus>OTH</TimingStatus></From><To SequenceNumber="14"><StopPointRef>40004406070B</StopPointRef><TimingStatus>OTH</TimingStatus></To><RunTime>PT60S</RunTime></JourneyPatternTimingLink><JourneyPatternTimingLink id="JPL_48668_H_1_13"><From SequenceNumber="14"><StopPointRef>40004406070B</StopPointRef><TimingStatus>OTH</TimingStatus></From><To SequenceNumber="15"><StopPointRef>40004406076A</StopPointRef><TimingStatus>OTH</TimingStatus></To><RunTime>PT60S</RunTime></JourneyPatternTimingLink><JourneyPatternTimingLink id="JPL_48668_H_1_14"><From SequenceNumber="15"><StopPointRef>40004406076A</StopPointRef><TimingStatus>OTH</TimingStatus></From><To SequenceNumber="16"><StopPointRef>40004406077B</StopPointRef><TimingStatus>OTH</TimingStatus></To><RunTime>PT60S</RunTime></JourneyPatternTimingLink><JourneyPatternTimingLink id="JPL_48668_H_1_15"><From SequenceNumber="16"><StopPointRef>40004406077B</StopPointRef><TimingStatus>OTH</TimingStatus></From><To SequenceNumber="17"><StopPointRef>40004406078B</StopPointRef><TimingStatus>PTP</TimingStatus></To><RunTime>PT60S</RunTime></JourneyPatternTimingLink><JourneyPatternTimingLink id="JPL_48668_H_1_16"><From SequenceNumber="17"><StopPointRef>40004406078B</StopPointRef><TimingStatus>PTP</TimingStatus></From><To SequenceNumber="18"><StopPointRef>40004406081B</StopPointRef><TimingStatus>OTH</TimingStatus></To><RunTime>PT42S</RunTime></JourneyPatternTimingLink><JourneyPatternTimingLink id="JPL_48668_H_1_17"><From SequenceNumber="18"><StopPointRef>40004406081B</StopPointRef><TimingStatus>OTH</TimingStatus></From><To SequenceNumber="19"><StopPointRef>40004406082B</StopPointRef><TimingStatus>OTH</TimingStatus></To><RunTime>PT42S</RunTime></JourneyPatternTimingLink><JourneyPatternTimingLink id="JPL_48668_H_1_18"><From SequenceNumber="19"><StopPointRef>40004406082B</StopPointRef><TimingStatus>OTH</TimingStatus></From><To SequenceNumber="20"><StopPointRef>40004406083B</StopPointRef><TimingStatus>OTH</TimingStatus></To><RunTime>PT42S</RunTime></JourneyPatternTimingLink><JourneyPatternTimingLink id="JPL_48668_H_1_19"><From SequenceNumber="20"><StopPointRef>40004406083B</StopPointRef><TimingStatus>OTH</TimingStatus></From><To SequenceNumber="21"><StopPointRef>40004406084C</StopPointRef><TimingStatus>PTP</TimingStatus></To><RunTime>PT54S</RunTime></JourneyPatternTimingLink><JourneyPatternTimingLink id="JPL_48668_H_1_20"><From SequenceNumber="21"><StopPointRef>40004406084C</StopPointRef><TimingStatus>PTP</TimingStatus></From><To SequenceNumber="22"><StopPointRef>40004406085B</StopPointRef><TimingStatus>OTH</TimingStatus></To><RunTime>PT90S</RunTime></JourneyPatternTimingLink><JourneyPatternTimingLink id="JPL_48668_H_1_21"><From SequenceNumber="22"><StopPointRef>40004406085B</StopPointRef><TimingStatus>OTH</TimingStatus></From><To SequenceNumber="23"><StopPointRef>40004406086A</StopPointRef><TimingStatus>OTH</TimingStatus></To><RunTime>PT90S</RunTime></JourneyPatternTimingLink><JourneyPatternTimingLink id="JPL_48668_H_1_22"><From SequenceNumber="23"><StopPointRef>40004406086A</StopPointRef><TimingStatus>OTH</TimingStatus></From><To SequenceNumber="24"><StopPointRef>40004406088B</StopPointRef><TimingStatus>OTH</TimingStatus></To><RunTime>PT90S</RunTime></JourneyPatternTimingLink><JourneyPatternTimingLink id="JPL_48668_H_1_23"><From SequenceNumber="24"><StopPointRef>40004406088B</StopPointRef><TimingStatus>OTH</TimingStatus></From><To SequenceNumber="25"><StopPointRef>40004406133A</StopPointRef><TimingStatus>PTP</TimingStatus></To><RunTime>PT90S</RunTime></JourneyPatternTimingLink><JourneyPatternTimingLink id="JPL_48668_H_1_24"><From SequenceNumber="25"><StopPointRef>40004406133A</StopPointRef><TimingStatus>PTP</TimingStatus></From><To SequenceNumber="26"><StopPointRef>40004406089B</StopPointRef><TimingStatus>OTH</TimingStatus></To><RunTime>PT78S</RunTime></JourneyPatternTimingLink><JourneyPatternTimingLink id="JPL_48668_H_1_25"><From SequenceNumber="26"><StopPointRef>40004406089B</StopPointRef><TimingStatus>OTH</TimingStatus></From><To SequenceNumber="27"><StopPointRef>40004406090B</StopPointRef><TimingStatus>OTH</TimingStatus></To><RunTime>PT78S</RunTime></JourneyPatternTimingLink><JourneyPatternTimingLink id="JPL_48668_H_1_26"><From SequenceNumber="27"><StopPointRef>40004406090B</StopPointRef><TimingStatus>OTH</TimingStatus></From><To SequenceNumber="28"><StopPointRef>40004406091B</StopPointRef><TimingStatus>PTP</TimingStatus></To><RunTime>PT84S</RunTime></JourneyPatternTimingLink><JourneyPatternTimingLink id="JPL_48668_H_1_27"><From SequenceNumber="28"><StopPointRef>40004406091B</StopPointRef><TimingStatus>PTP</TimingStatus></From><To SequenceNumber="29"><StopPointRef>40004406065B</StopPointRef><TimingStatus>OTH</TimingStatus></To><RunTime>PT96S</RunTime></JourneyPatternTimingLink><JourneyPatternTimingLink id="JPL_48668_H_1_28"><From SequenceNumber="29"><StopPointRef>40004406065B</StopPointRef><TimingStatus>OTH</TimingStatus></From><To SequenceNumber="30"><StopPointRef>40004406064B</StopPointRef><TimingStatus>OTH</TimingStatus></To><RunTime>PT96S</RunTime></JourneyPatternTimingLink><JourneyPatternTimingLink id="JPL_48668_H_1_29"><From SequenceNumber="30"><StopPointRef>40004406064B</StopPointRef><TimingStatus>OTH</TimingStatus></From><To SequenceNumber="31"><StopPointRef>40004406057A</StopPointRef><TimingStatus>PTP</TimingStatus></To><RunTime>PT108S</RunTime></JourneyPatternTimingLink><JourneyPatternTimingLink id="JPL_48668_H_1_30"><From SequenceNumber="31"><StopPointRef>40004406057A</StopPointRef><TimingStatus>PTP</TimingStatus></From><To SequenceNumber="32"><StopPointRef>40004406059A</StopPointRef><TimingStatus>OTH</TimingStatus></To><RunTime>PT96S</RunTime></JourneyPatternTimingLink><JourneyPatternTimingLink id="JPL_48668_H_1_31"><From SequenceNumber="32"><StopPointRef>40004406059A</StopPointRef><TimingStatus>OTH</TimingStatus></From><To SequenceNumber="33"><StopPointRef>40004406060A</StopPointRef><TimingStatus>OTH</TimingStatus></To><RunTime>PT48S</RunTime></JourneyPatternTimingLink><JourneyPatternTimingLink id="JPL_48668_H_1_32"><From SequenceNumber="33"><StopPointRef>40004406060A</StopPointRef><TimingStatus>OTH</TimingStatus></From><To SequenceNumber="34"><StopPointRef>40004406146A</StopPointRef><TimingStatus>OTH</TimingStatus></To><RunTime>PT48S</RunTime></JourneyPatternTimingLink><JourneyPatternTimingLink id="JPL_48668_H_1_33"><From SequenceNumber="34"><StopPointRef>40004406146A</StopPointRef><TimingStatus>OTH</TimingStatus></From><To SequenceNumber="35"><StopPointRef>490010502W</StopPointRef><TimingStatus>OTH</TimingStatus></To><RunTime>PT48S</RunTime></JourneyPatternTimingLink><JourneyPatternTimingLink id="JPL_48668_H_1_34"><From SequenceNumber="35"><StopPointRef>490010502W</StopPointRef><TimingStatus>OTH</TimingStatus></From><To SequenceNumber="36"><StopPointRef>490009283A</StopPointRef><TimingStatus>PTP</TimingStatus></To><RunTime>PT60S</RunTime></JourneyPatternTimingLink><JourneyPatternTimingLink id="JPL_48668_H_1_35"><From SequenceNumber="36"><StopPointRef>490009283A</StopPointRef><TimingStatus>PTP</TimingStatus></From><To SequenceNumber="37"><StopPointRef>490014815N</StopPointRef><TimingStatus>OTH</TimingStatus></To><RunTime>PT72S</RunTime></JourneyPatternTimingLink><JourneyPatternTimingLink id="JPL_48668_H_1_36"><From SequenceNumber="37"><StopPointRef>490014815N</StopPointRef><TimingStatus>OTH</TimingStatus></From><To SequenceNumber="38"><StopPointRef>490009181N</StopPointRef><TimingStatus>OTH</TimingStatus></To><RunTime>PT72S</RunTime></JourneyPatternTimingLink><JourneyPatternTimingLink id="JPL_48668_H_1_37"><From SequenceNumber="38"><StopPointRef>490009181N</StopPointRef><TimingStatus>OTH</TimingStatus></From><To SequenceNumber="39"><StopPointRef>490009304D</StopPointRef><TimingStatus>OTH</TimingStatus></To><RunTime>PT72S</RunTime></JourneyPatternTimingLink><JourneyPatternTimingLink id="JPL_48668_H_1_38"><From SequenceNumber="39"><StopPointRef>490009304D</StopPointRef><TimingStatus>OTH</TimingStatus></From><To SequenceNumber="40"><StopPointRef>490001346C</StopPointRef><TimingStatus>PTP</TimingStatus></To><RunTime>PT84S</RunTime></JourneyPatternTimingLink></JourneyPatternSection><JourneyPatternSection id="JPS_48668_R_1"><JourneyPatternTimingLink id="JPL_48668_R_1_0"><From SequenceNumber="1"><StopPointRef>490001346B</StopPointRef><TimingStatus>PTP</TimingStatus></From><To SequenceNumber="2"><StopPointRef>490014261E</StopPointRef><TimingStatus>OTH</TimingStatus></To><RunTime>PT150S</RunTime></JourneyPatternTimingLink><JourneyPatternTimingLink id="JPL_48668_R_1_1"><From SequenceNumber="2"><StopPointRef>490014261E</StopPointRef><TimingStatus>OTH</TimingStatus></From><To SequenceNumber="3"><StopPointRef>490009181S</StopPointRef><TimingStatus>OTH</TimingStatus></To><RunTime>PT150S</RunTime></JourneyPatternTimingLink><JourneyPatternTimingLink id="JPL_48668_R_1_2"><From SequenceNumber="3"><StopPointRef>490009181S</StopPointRef><TimingStatus>OTH</TimingStatus></From><To SequenceNumber="4"><StopPointRef>490014815S</StopPointRef><TimingStatus>OTH</TimingStatus></To><RunTime>PT150S</RunTime></JourneyPatternTimingLink><JourneyPatternTimingLink id="JPL_48668_R_1_3"><From SequenceNumber="4"><StopPointRef>490014815S</StopPointRef><TimingStatus>OTH</TimingStatus></From><To SequenceNumber="5"><StopPointRef>490010502V</StopPointRef><TimingStatus>PTP</TimingStatus></To><RunTime>PT150S</RunTime></JourneyPatternTimingLink><JourneyPatternTimingLink id="JPL_48668_R_1_4"><From SequenceNumber="5"><StopPointRef>490010502V</StopPointRef><TimingStatus>PTP</TimingStatus></From><To SequenceNumber="6"><StopPointRef>40004406145A</StopPointRef><TimingStatus>OTH</TimingStatus></To><RunTime>PT102S</RunTime></JourneyPatternTimingLink><JourneyPatternTimingLink id="JPL_48668_R_1_5"><From SequenceNumber="6"><StopPointRef>40004406145A</StopPointRef><TimingStatus>OTH</TimingStatus></From><To SequenceNumber="7"><StopPointRef>40004406060B</StopPointRef><TimingStatus>OTH</TimingStatus></To><RunTime>PT102S</RunTime></JourneyPatternTimingLink><JourneyPatternTimingLink id="JPL_48668_R_1_6"><From SequenceNumber="7"><StopPointRef>40004406060B</StopPointRef><TimingStatus>OTH</TimingStatus></From><To SequenceNumber="8"><StopPointRef>40004406059B</StopPointRef><TimingStatus>OTH</TimingStatus></To><RunTime>PT102S</RunTime></JourneyPatternTimingLink><JourneyPatternTimingLink id="JPL_48668_R_1_7"><From SequenceNumber="8"><StopPointRef>40004406059B</StopPointRef><TimingStatus>OTH</TimingStatus></From><To SequenceNumber="9"><StopPointRef>40004406058B</StopPointRef><TimingStatus>PTP</TimingStatus></To><RunTime>PT114S</RunTime></JourneyPatternTimingLink><JourneyPatternTimingLink id="JPL_48668_R_1_8"><From SequenceNumber="9"><StopPointRef>40004406058B</StopPointRef><TimingStatus>PTP</TimingStatus></From><To SequenceNumber="10"><StopPointRef>40004406063A</StopPointRef><TimingStatus>PTP</TimingStatus></To><RunTime>PT300S</RunTime></JourneyPatternTimingLink><JourneyPatternTimingLink id="JPL_48668_R_1_9"><From SequenceNumber="10"><StopPointRef>40004406063A</StopPointRef><TimingStatus>PTP</TimingStatus></From><To SequenceNumber="11"><StopPointRef>40004406064A</StopPointRef><TimingStatus>OTH</TimingStatus></To><RunTime>PT240S</RunTime></JourneyPatternTimingLink><JourneyPatternTimingLink id="JPL_48668_R_1_10"><From SequenceNumber="11"><StopPointRef>40004406064A</StopPointRef><TimingStatus>OTH</TimingStatus></From><To SequenceNumber="12"><StopPointRef>40004406065A</StopPointRef><TimingStatus>OTH</TimingStatus></To><RunTime>PT240S</RunTime></JourneyPatternTimingLink><JourneyPatternTimingLink id="JPL_48668_R_1_11"><From SequenceNumber="12"><StopPointRef>40004406065A</StopPointRef><TimingStatus>OTH</TimingStatus></From><To SequenceNumber="13"><StopPointRef>40004406066A</StopPointRef><TimingStatus>OTH</TimingStatus></To><RunTime>PT240S</RunTime></JourneyPatternTimingLink><JourneyPatternTimingLink id="JPL_48668_R_1_12"><From SequenceNumber="13"><StopPointRef>40004406066A</StopPointRef><TimingStatus>OTH</TimingStatus></From><To SequenceNumber="14"><StopPointRef>40004406091A</StopPointRef><TimingStatus>PTP</TimingStatus></To><RunTime>PT240S</RunTime></JourneyPatternTimingLink><JourneyPatternTimingLink id="JPL_48668_R_1_13"><From SequenceNumber="14"><StopPointRef>40004406091A</StopPointRef><TimingStatus>PTP</TimingStatus></From><To SequenceNumber="15"><StopPointRef>40004406090A</StopPointRef><TimingStatus>OTH</TimingStatus></To><RunTime>PT120S</RunTime></JourneyPatternTimingLink><JourneyPatternTimingLink id="JPL_48668_R_1_14"><From SequenceNumber="15"><StopPointRef>40004406090A</StopPointRef><TimingStatus>OTH</TimingStatus></From><To SequenceNumber="16"><StopPointRef>40004406097A</StopPointRef><TimingStatus>PTP</TimingStatus></To><RunTime>PT120S</RunTime></JourneyPatternTimingLink><JourneyPatternTimingLink id="JPL_48668_R_1_15"><From SequenceNumber="16"><StopPointRef>40004406097A</StopPointRef><TimingStatus>PTP</TimingStatus></From><To SequenceNumber="17"><StopPointRef>40004406089A</StopPointRef><TimingStatus>OTH</TimingStatus></To><RunTime>PT96S</RunTime></JourneyPatternTimingLink><JourneyPatternTimingLink id="JPL_48668_R_1_16"><From SequenceNumber="17"><StopPointRef>40004406089A</StopPointRef><TimingStatus>OTH</TimingStatus></From><To SequenceNumber="18"><StopPointRef>40004406088A</StopPointRef><TimingStatus>OTH</TimingStatus></To><RunTime>PT96S</RunTime></JourneyPatternTimingLink><JourneyPatternTimingLink id="JPL_48668_R_1_17"><From SequenceNumber="18"><StopPointRef>40004406088A</StopPointRef><TimingStatus>OTH</TimingStatus></From><To SequenceNumber="19"><StopPointRef>40004406086B</StopPointRef><TimingStatus>OTH</TimingStatus></To><RunTime>PT96S</RunTime></JourneyPatternTimingLink><JourneyPatternTimingLink id="JPL_48668_R_1_18"><From SequenceNumber="19"><StopPointRef>40004406086B</StopPointRef><TimingStatus>OTH</TimingStatus></From><To SequenceNumber="20"><StopPointRef>40004406085A</StopPointRef><TimingStatus>OTH</TimingStatus></To><RunTime>PT96S</RunTime></JourneyPatternTimingLink><JourneyPatternTimingLink id="JPL_48668_R_1_19"><From SequenceNumber="20"><StopPointRef>40004406085A</StopPointRef><TimingStatus>OTH</TimingStatus></From><To SequenceNumber="21"><StopPointRef>40004406084A</StopPointRef><TimingStatus>PTP</TimingStatus></To><RunTime>PT96S</RunTime></JourneyPatternTimingLink><JourneyPatternTimingLink id="JPL_48668_R_1_20"><From SequenceNumber="21"><StopPointRef>40004406084A</StopPointRef><TimingStatus>PTP</TimingStatus></From><To SequenceNumber="22"><StopPointRef>40004406083A</StopPointRef><TimingStatus>OTH</TimingStatus></To><RunTime>PT60S</RunTime></JourneyPatternTimingLink><JourneyPatternTimingLink id="JPL_48668_R_1_21"><From SequenceNumber="22"><StopPointRef>40004406083A</StopPointRef><TimingStatus>OTH</TimingStatus></From><To SequenceNumber="23"><StopPointRef>40004406082A</StopPointRef><TimingStatus>OTH</TimingStatus></To><RunTime>PT60S</RunTime></JourneyPatternTimingLink><JourneyPatternTimingLink id="JPL_48668_R_1_22"><From SequenceNumber="23"><StopPointRef>40004406082A</StopPointRef><TimingStatus>OTH</TimingStatus></From><To SequenceNumber="24"><StopPointRef>40004406081A</StopPointRef><TimingStatus>OTH</TimingStatus></To><RunTime>PT60S</RunTime></JourneyPatternTimingLink><JourneyPatternTimingLink id="JPL_48668_R_1_23"><From SequenceNumber="24"><StopPointRef>40004406081A</StopPointRef><TimingStatus>OTH</TimingStatus></From><To SequenceNumber="25"><StopPointRef>40004406078A</StopPointRef><TimingStatus>PTP</TimingStatus></To><RunTime>PT60S</RunTime></JourneyPatternTimingLink><JourneyPatternTimingLink id="JPL_48668_R_1_24"><From SequenceNumber="25"><StopPointRef>40004406078A</StopPointRef><TimingStatus>PTP</TimingStatus></From><To SequenceNumber="26"><StopPointRef>40004406077A</StopPointRef><TimingStatus>OTH</TimingStatus></To><RunTime>PT120S</RunTime></JourneyPatternTimingLink><JourneyPatternTimingLink id="JPL_48668_R_1_25"><From SequenceNumber="26"><StopPointRef>40004406077A</StopPointRef><TimingStatus>OTH</TimingStatus></From><To SequenceNumber="27"><StopPointRef>40004406076B</StopPointRef><TimingStatus>OTH</TimingStatus></To><RunTime>PT120S</RunTime></JourneyPatternTimingLink><JourneyPatternTimingLink id="JPL_48668_R_1_26"><From SequenceNumber="27"><StopPointRef>40004406076B</StopPointRef><TimingStatus>OTH</TimingStatus></From><To SequenceNumber="28"><StopPointRef>40004406070A</StopPointRef><TimingStatus>OTH</TimingStatus></To><RunTime>PT120S</RunTime></JourneyPatternTimingLink><JourneyPatternTimingLink id="JPL_48668_R_1_27"><From SequenceNumber="28"><StopPointRef>40004406070A</StopPointRef><TimingStatus>OTH</TimingStatus></From><To SequenceNumber="29"><StopPointRef>40004406069A</StopPointRef><TimingStatus>OTH</TimingStatus></To><RunTime>PT120S</RunTime></JourneyPatternTimingLink><JourneyPatternTimingLink id="JPL_48668_R_1_28"><From SequenceNumber="29"><StopPointRef>40004406069A</StopPointRef><TimingStatus>OTH</TimingStatus></From><To SequenceNumber="30"><StopPointRef>40004406068A</StopPointRef><TimingStatus>OTH</TimingStatus></To><RunTime>PT120S</RunTime></JourneyPatternTimingLink><JourneyPatternTimingLink id="JPL_48668_R_1_29"><From SequenceNumber="30"><StopPointRef>40004406068A</StopPointRef><TimingStatus>OTH</TimingStatus></From><To SequenceNumber="31"><StopPointRef>40004406067B</StopPointRef><TimingStatus>PTP</TimingStatus></To><RunTime>PT120S</RunTime></JourneyPatternTimingLink><JourneyPatternTimingLink id="JPL_48668_R_1_30"><From SequenceNumber="31"><StopPointRef>40004406067B</StopPointRef><TimingStatus>PTP</TimingStatus></From><To SequenceNumber="32"><StopPointRef>40004406119A</StopPointRef><TimingStatus>OTH</TimingStatus></To><RunTime>PT78S</RunTime></JourneyPatternTimingLink><JourneyPatternTimingLink id="JPL_48668_R_1_31"><From SequenceNumber="32"><StopPointRef>40004406119A</StopPointRef><TimingStatus>OTH</TimingStatus></From><To SequenceNumber="33"><StopPointRef>40004406037B</StopPointRef><TimingStatus>OTH</TimingStatus></To><RunTime>PT78S</RunTime></JourneyPatternTimingLink><JourneyPatternTimingLink id="JPL_48668_R_1_32"><From SequenceNumber="33"><StopPointRef>40004406037B</StopPointRef><TimingStatus>OTH</TimingStatus></From><To SequenceNumber="34"><StopPointRef>40004406036C</StopPointRef><TimingStatus>PTP</TimingStatus></To><RunTime>PT84S</RunTime></JourneyPatternTimingLink><JourneyPatternTimingLink id="JPL_48668_R_1_33"><From SequenceNumber="34"><StopPointRef>40004406036C</StopPointRef><TimingStatus>PTP</TimingStatus></From><To SequenceNumber="35"><StopPointRef>40004406114B</StopPointRef><TimingStatus>OTH</TimingStatus></To><RunTime>PT72S</RunTime></JourneyPatternTimingLink><JourneyPatternTimingLink id="JPL_48668_R_1_34"><From SequenceNumber="35"><StopPointRef>40004406114B</StopPointRef><TimingStatus>OTH</TimingStatus></From><To SequenceNumber="36"><StopPointRef>40004406035B</StopPointRef><TimingStatus>OTH</TimingStatus></To><RunTime>PT72S</RunTime></JourneyPatternTimingLink><JourneyPatternTimingLink id="JPL_48668_R_1_35"><From SequenceNumber="36"><StopPointRef>40004406035B</StopPointRef><TimingStatus>OTH</TimingStatus></From><To SequenceNumber="37"><StopPointRef>40004408202B</StopPointRef><TimingStatus>OTH</TimingStatus></To><RunTime>PT72S</RunTime></JourneyPatternTimingLink><JourneyPatternTimingLink id="JPL_48668_R_1_36"><From SequenceNumber="37"><StopPointRef>40004408202B</StopPointRef><TimingStatus>OTH</TimingStatus></From><To SequenceNumber="38"><StopPointRef>40004408201B</StopPointRef><TimingStatus>OTH</TimingStatus></To><RunTime>PT72S</RunTime></JourneyPatternTimingLink><JourneyPatternTimingLink id="JPL_48668_R_1_37"><From SequenceNumber="38"><StopPointRef>40004408201B</StopPointRef><TimingStatus>OTH</TimingStatus></From><To SequenceNumber="39"><StopPointRef>40004408200B</StopPointRef><TimingStatus>OTH</TimingStatus></To><RunTime>PT72S</RunTime></JourneyPatternTimingLink><JourneyPatternTimingLink id="JPL_48668_R_1_38"><From SequenceNumber="39"><StopPointRef>40004408200B</StopPointRef><TimingStatus>OTH</TimingStatus></From><To SequenceNumber="40"><StopPointRef>40004408185B</StopPointRef><TimingStatus>OTH</TimingStatus></To><RunTime>PT72S</RunTime></JourneyPatternTimingLink><JourneyPatternTimingLink id="JPL_48668_R_1_39"><From SequenceNumber="40"><StopPointRef>40004408185B</StopPointRef><TimingStatus>OTH</TimingStatus></From><To SequenceNumber="41"><StopPointRef>40004408184B</StopPointRef><TimingStatus>OTH</TimingStatus></To><RunTime>PT72S</RunTime></JourneyPatternTimingLink><JourneyPatternTimingLink id="JPL_48668_R_1_40"><From SequenceNumber="41"><StopPointRef>40004408184B</StopPointRef><TimingStatus>OTH</TimingStatus></From><To SequenceNumber="42"><StopPointRef>40004408183B</StopPointRef><TimingStatus>OTH</TimingStatus></To><RunTime>PT72S</RunTime></JourneyPatternTimingLink><JourneyPatternTimingLink id="JPL_48668_R_1_41"><From SequenceNumber="42"><StopPointRef>40004408183B</StopPointRef><TimingStatus>OTH</TimingStatus></From><To SequenceNumber="43"><StopPointRef>40004408186A</StopPointRef><TimingStatus>PTP</TimingStatus></To><RunTime>PT84S</RunTime></JourneyPatternTimingLink></JourneyPatternSection></JourneyPatternSections><Operators><Operator id="OId_48"><OperatorCode>LG</OperatorCode><OperatorShortName>London General</OperatorShortName><OperatorNameOnLicence>London General</OperatorNameOnLicence><TradingName>London General</TradingName></Operator></Operators><Services><Service><ServiceCode>SId_486688</ServiceCode><PrivateCode>486688</PrivateCode><Lines><Line id="LId_486688"><LineName>668</LineName></Line></Lines><OperatingPeriod><StartDate>2009-12-01</StartDate><EndDate>2010-12-23</EndDate></OperatingPeriod><OperatingProfile><RegularDayType>
					<DaysOfWeek>
						<MondayToFriday/>
					</DaysOfWeek>
				</RegularDayType>
				<BankHolidayOperation><DaysOfNonOperation><AllBankHolidays></AllBankHolidays></DaysOfNonOperation></BankHolidayOperation></OperatingProfile><RegisteredOperatorRef>OId_48</RegisteredOperatorRef><StopRequirements><NoNewStopsRequired/></StopRequirements><StandardService><Origin>St Andrews Secondary School</Origin><Destination>Worcester Park</Destination><JourneyPattern id="JP_48668_H8_1"><Direction>outbound</Direction><Operational><VehicleType><VehicleTypeCode>04</VehicleTypeCode><Description>Double Decker, 1-Man</Description></VehicleType></Operational><RouteRef>R_48668_H_1</RouteRef><JourneyPatternSectionRefs>JPS_48668_H_1</JourneyPatternSectionRefs></JourneyPattern><JourneyPattern id="JP_48668_R8_1"><Direction>inbound</Direction><Operational><VehicleType><VehicleTypeCode>04</VehicleTypeCode><Description>Double Decker, 1-Man</Description></VehicleType></Operational><RouteRef>R_48668_R_2</RouteRef><JourneyPatternSectionRefs>JPS_48668_R_1</JourneyPatternSectionRefs></JourneyPattern></StandardService></Service></Services><VehicleJourneys><VehicleJourney><PrivateCode>486688H6680001</PrivateCode><Operational><VehicleType><VehicleTypeCode>04</VehicleTypeCode><Description>Double Decker, 1-Man</Description></VehicleType></Operational><OperatingProfile><RegularDayType>
					<DaysOfWeek>
						<MondayToFriday/>
					</DaysOfWeek>
				</RegularDayType>
			</OperatingProfile><VehicleJourneyCode>486688H6680001</VehicleJourneyCode><ServiceRef>SId_486688</ServiceRef><LineRef>LId_486688</LineRef><JourneyPatternRef>JP_48668_H8_1</JourneyPatternRef><DepartureTime>15:10:00</DepartureTime></VehicleJourney><VehicleJourney><PrivateCode>486688R6680002</PrivateCode><Operational><VehicleType><VehicleTypeCode>04</VehicleTypeCode><Description>Double Decker, 1-Man</Description></VehicleType></Operational><OperatingProfile><RegularDayType>
					<DaysOfWeek>
						<MondayToFriday/>
					</DaysOfWeek>
				</RegularDayType>
			</OperatingProfile><VehicleJourneyCode>486688R6680002</VehicleJourneyCode><ServiceRef>SId_486688</ServiceRef><LineRef>LId_486688</LineRef><JourneyPatternRef>JP_48668_R8_1</JourneyPatternRef><DepartureTime>07:10:00</DepartureTime></VehicleJourney></VehicleJourneys></TransXChange>
