<?xml version="1.0" encoding="UTF-8"?>
<TransXChange CreationDateTime="2010-10-28T09:20:52" ModificationDateTime="2010-10-28T09:20:52" Modification="new" FileName="G:\mentzdv\Datastore\output_txc_59636c.xml" RevisionNumber="0" SchemaVersion="2.1" xmlns:xsi="http://www.w3.org/2001/XMLSchema-instance" xsi:schemaLocation="http://www.transxchange.org.uk/ http://www.transxchange.org.uk/schema/2.1/TransXChange_general.xsd" xmlns="http://www.transxchange.org.uk/" xmlns:n1="http://www.transxchange.org.uk/" xmlns:n2="http://www.govtalk.gov.uk/people/AddressAndPersonalDetails" xmlns:n3="http://www.govtalk.gov.uk/core" xmlns:n4="http://www.govtalk.gov.uk/people/bs7666"><StopPoints><AnnotatedStopPointRef><StopPointRef>490016701N</StopPointRef><CommonName>Kemnal Manor College</CommonName><Indicator>stop N</Indicator><LocalityName>Foots Cray</LocalityName><LocalityQualifier>Greater London</LocalityQualifier></AnnotatedStopPointRef><AnnotatedStopPointRef><StopPointRef>490005825W</StopPointRef><CommonName>Crouch Croft (SE9)</CommonName><Indicator>stop N</Indicator><LocalityName>New Eltham</LocalityName><LocalityQualifier>Greater London</LocalityQualifier></AnnotatedStopPointRef><AnnotatedStopPointRef><StopPointRef>490010863S</StopPointRef><CommonName>Partridge Green</CommonName><Indicator>stop V</Indicator><LocalityName>Mottingham</LocalityName><LocalityQualifier>Greater London</LocalityQualifier></AnnotatedStopPointRef><AnnotatedStopPointRef><StopPointRef>490005465S</StopPointRef><CommonName>Coldharbour Library (SE9)</CommonName><Indicator>stop W</Indicator><LocalityName>Mottingham</LocalityName><LocalityQualifier>Greater London</LocalityQualifier></AnnotatedStopPointRef><AnnotatedStopPointRef><StopPointRef>490012506S</StopPointRef><CommonName>St.Albans Church (SE9)</CommonName><Indicator>stop X</Indicator><LocalityName>Mottingham</LocalityName><LocalityQualifier>Greater London</LocalityQualifier></AnnotatedStopPointRef><AnnotatedStopPointRef><StopPointRef>490006521N</StopPointRef><CommonName>Elmstead Lane (SE9)</CommonName><Indicator>stop Q</Indicator><LocalityName>Mottingham</LocalityName><LocalityQualifier>Greater London</LocalityQualifier></AnnotatedStopPointRef><AnnotatedStopPointRef><StopPointRef>490011447N</StopPointRef><CommonName>Mottingham Rd / Ravensworth Rd</CommonName><Indicator>stop MJ</Indicator><LocalityName>Mottingham</LocalityName><LocalityQualifier>Greater London</LocalityQualifier></AnnotatedStopPointRef><AnnotatedStopPointRef><StopPointRef>490010064N</StopPointRef><CommonName>Mottingham / Prince Of Wales</CommonName><Indicator>stop MK</Indicator><LocalityName>Elmstead</LocalityName><LocalityQualifier>Greater London</LocalityQualifier></AnnotatedStopPointRef><AnnotatedStopPointRef><StopPointRef>490010067N</StopPointRef><CommonName>Mottingham Road / Court Road</CommonName><Indicator>stop N</Indicator><LocalityName>Mottingham</LocalityName><LocalityQualifier>Greater London</LocalityQualifier></AnnotatedStopPointRef><AnnotatedStopPointRef><StopPointRef>490006538W</StopPointRef><CommonName>Eltham College (SE9)</CommonName><Indicator>stop W</Indicator><LocalityName>Elmstead</LocalityName><LocalityQualifier>Greater London</LocalityQualifier></AnnotatedStopPointRef><AnnotatedStopPointRef><StopPointRef>490007683W</StopPointRef><CommonName>Hall View (SE9)</CommonName><Indicator>stop W</Indicator><LocalityName>Elmstead</LocalityName><LocalityQualifier>Greater London</LocalityQualifier></AnnotatedStopPointRef><AnnotatedStopPointRef><StopPointRef>490013403W</StopPointRef><CommonName>Marvels Lane / Chinbrook Road</CommonName><Indicator>stop Z</Indicator><LocalityName>Grove Park (Lewisham)</LocalityName><LocalityQualifier>Greater London</LocalityQualifier></AnnotatedStopPointRef><AnnotatedStopPointRef><StopPointRef>490003290W</StopPointRef><CommonName>Amblecote Road (SE12)</CommonName><Indicator>stop E</Indicator><LocalityName>Grove Park (Lewisham)</LocalityName><LocalityQualifier>Greater London</LocalityQualifier></AnnotatedStopPointRef><AnnotatedStopPointRef><StopPointRef>490015553F</StopPointRef><CommonName>Chinbrook Road / Baring Road</CommonName><Indicator>stop F</Indicator><LocalityName>Grove Park (Lewisham)</LocalityName><LocalityQualifier>Greater London</LocalityQualifier></AnnotatedStopPointRef><AnnotatedStopPointRef><StopPointRef>490001124B</StopPointRef><CommonName>Grove Park</CommonName><Indicator>stop B</Indicator><LocalityName>Grove Park (Lewisham)</LocalityName><LocalityQualifier>Greater London</LocalityQualifier></AnnotatedStopPointRef><AnnotatedStopPointRef><StopPointRef>490008993S</StopPointRef><CommonName>Launcelot Road (BR1)</CommonName><Indicator>stop J</Indicator><LocalityName>Grove Park (Lewisham)</LocalityName><LocalityQualifier>Greater London</LocalityQualifier></AnnotatedStopPointRef><AnnotatedStopPointRef><StopPointRef>490013782S</StopPointRef><CommonName>Treewall Gardens</CommonName><Indicator>stop P</Indicator><LocalityName>Sundridge (London)</LocalityName><LocalityQualifier>Greater London</LocalityQualifier></AnnotatedStopPointRef><AnnotatedStopPointRef><StopPointRef>490010263S</StopPointRef><CommonName>New St Hill / Burnt Ash Lane</CommonName><Indicator>stop Q</Indicator><LocalityName>Sundridge (London)</LocalityName><LocalityQualifier>Greater London</LocalityQualifier></AnnotatedStopPointRef><AnnotatedStopPointRef><StopPointRef>490012325W</StopPointRef><CommonName>Burnt Ash Lane / Southover</CommonName><Indicator>stop R</Indicator><LocalityName>Plaistow (Bromley)</LocalityName><LocalityQualifier>Greater London</LocalityQualifier></AnnotatedStopPointRef><AnnotatedStopPointRef><StopPointRef>490010750S</StopPointRef><CommonName>Park Avenue (BR1)</CommonName><Indicator>stop S</Indicator><LocalityName>Plaistow (Bromley)</LocalityName><LocalityQualifier>Greater London</LocalityQualifier></AnnotatedStopPointRef><AnnotatedStopPointRef><StopPointRef>490009279W</StopPointRef><CommonName>Plaistow Green (BR1)</CommonName><Indicator>stop D</Indicator><LocalityName>Plaistow (Bromley)</LocalityName><LocalityQualifier>Greater London</LocalityQualifier></AnnotatedStopPointRef><AnnotatedStopPointRef><StopPointRef>490010031S</StopPointRef><CommonName>Morgan Road (BR1)</CommonName><Indicator>stop S</Indicator><LocalityName>Plaistow (Bromley)</LocalityName><LocalityQualifier>Greater London</LocalityQualifier></AnnotatedStopPointRef><AnnotatedStopPointRef><StopPointRef>490015515S</StopPointRef><CommonName>Hammelton Road</CommonName><Indicator>stop S</Indicator><LocalityName>Bromley (CHST)</LocalityName><LocalityQualifier>Greater London</LocalityQualifier></AnnotatedStopPointRef><AnnotatedStopPointRef><StopPointRef>490001036D</StopPointRef><CommonName>Bromley North</CommonName><Indicator>stop D</Indicator><LocalityName>Bromley (CHST)</LocalityName><LocalityQualifier>Greater London</LocalityQualifier></AnnotatedStopPointRef><AnnotatedStopPointRef><StopPointRef>490008665N</StopPointRef><CommonName>Bromley Civic Centre (BR1)</CommonName><Indicator>stop N</Indicator><LocalityName>Bromley (CHST)</LocalityName><LocalityQualifier>Greater London</LocalityQualifier></AnnotatedStopPointRef><AnnotatedStopPointRef><StopPointRef>490006507SA</StopPointRef><CommonName>Bromley High Street / The Mall</CommonName><Indicator>stop SA</Indicator><LocalityName>Bromley (London)</LocalityName><LocalityQualifier>Greater London</LocalityQualifier></AnnotatedStopPointRef><AnnotatedStopPointRef><StopPointRef>490001037X</StopPointRef><CommonName>Bromley South</CommonName><Indicator>stop X</Indicator><LocalityName>Bromley (CHST)</LocalityName><LocalityQualifier>Greater London</LocalityQualifier></AnnotatedStopPointRef></StopPoints><RouteSections><RouteSection id="RS_59636c_H_1"><RouteLink id="RL_RS_59636c_H_1_0"><From><StopPointRef>490016701N</StopPointRef></From><To><StopPointRef>490005825W</StopPointRef></To><Direction>outbound</Direction></RouteLink><RouteLink id="RL_RS_59636c_H_1_1"><From><StopPointRef>490005825W</StopPointRef></From><To><StopPointRef>490010863S</StopPointRef></To><Direction>outbound</Direction></RouteLink><RouteLink id="RL_RS_59636c_H_1_2"><From><StopPointRef>490010863S</StopPointRef></From><To><StopPointRef>490005465S</StopPointRef></To><Direction>outbound</Direction></RouteLink><RouteLink id="RL_RS_59636c_H_1_3"><From><StopPointRef>490005465S</StopPointRef></From><To><StopPointRef>490012506S</StopPointRef></To><Direction>outbound</Direction></RouteLink><RouteLink id="RL_RS_59636c_H_1_4"><From><StopPointRef>490012506S</StopPointRef></From><To><StopPointRef>490006521N</StopPointRef></To><Direction>outbound</Direction></RouteLink><RouteLink id="RL_RS_59636c_H_1_5"><From><StopPointRef>490006521N</StopPointRef></From><To><StopPointRef>490011447N</StopPointRef></To><Direction>outbound</Direction></RouteLink><RouteLink id="RL_RS_59636c_H_1_6"><From><StopPointRef>490011447N</StopPointRef></From><To><StopPointRef>490010064N</StopPointRef></To><Direction>outbound</Direction></RouteLink><RouteLink id="RL_RS_59636c_H_1_7"><From><StopPointRef>490010064N</StopPointRef></From><To><StopPointRef>490010067N</StopPointRef></To><Direction>outbound</Direction></RouteLink><RouteLink id="RL_RS_59636c_H_1_8"><From><StopPointRef>490010067N</StopPointRef></From><To><StopPointRef>490006538W</StopPointRef></To><Direction>outbound</Direction></RouteLink><RouteLink id="RL_RS_59636c_H_1_9"><From><StopPointRef>490006538W</StopPointRef></From><To><StopPointRef>490007683W</StopPointRef></To><Direction>outbound</Direction></RouteLink><RouteLink id="RL_RS_59636c_H_1_10"><From><StopPointRef>490007683W</StopPointRef></From><To><StopPointRef>490013403W</StopPointRef></To><Direction>outbound</Direction></RouteLink><RouteLink id="RL_RS_59636c_H_1_11"><From><StopPointRef>490013403W</StopPointRef></From><To><StopPointRef>490003290W</StopPointRef></To><Direction>outbound</Direction></RouteLink><RouteLink id="RL_RS_59636c_H_1_12"><From><StopPointRef>490003290W</StopPointRef></From><To><StopPointRef>490015553F</StopPointRef></To><Direction>outbound</Direction></RouteLink><RouteLink id="RL_RS_59636c_H_1_13"><From><StopPointRef>490015553F</StopPointRef></From><To><StopPointRef>490001124B</StopPointRef></To><Direction>outbound</Direction></RouteLink><RouteLink id="RL_RS_59636c_H_1_14"><From><StopPointRef>490001124B</StopPointRef></From><To><StopPointRef>490008993S</StopPointRef></To><Direction>outbound</Direction></RouteLink><RouteLink id="RL_RS_59636c_H_1_15"><From><StopPointRef>490008993S</StopPointRef></From><To><StopPointRef>490013782S</StopPointRef></To><Direction>outbound</Direction></RouteLink><RouteLink id="RL_RS_59636c_H_1_16"><From><StopPointRef>490013782S</StopPointRef></From><To><StopPointRef>490010263S</StopPointRef></To><Direction>outbound</Direction></RouteLink><RouteLink id="RL_RS_59636c_H_1_17"><From><StopPointRef>490010263S</StopPointRef></From><To><StopPointRef>490012325W</StopPointRef></To><Direction>outbound</Direction></RouteLink><RouteLink id="RL_RS_59636c_H_1_18"><From><StopPointRef>490012325W</StopPointRef></From><To><StopPointRef>490010750S</StopPointRef></To><Direction>outbound</Direction></RouteLink><RouteLink id="RL_RS_59636c_H_1_19"><From><StopPointRef>490010750S</StopPointRef></From><To><StopPointRef>490009279W</StopPointRef></To><Direction>outbound</Direction></RouteLink><RouteLink id="RL_RS_59636c_H_1_20"><From><StopPointRef>490009279W</StopPointRef></From><To><StopPointRef>490010031S</StopPointRef></To><Direction>outbound</Direction></RouteLink><RouteLink id="RL_RS_59636c_H_1_21"><From><StopPointRef>490010031S</StopPointRef></From><To><StopPointRef>490015515S</StopPointRef></To><Direction>outbound</Direction></RouteLink><RouteLink id="RL_RS_59636c_H_1_22"><From><StopPointRef>490015515S</StopPointRef></From><To><StopPointRef>490001036D</StopPointRef></To><Direction>outbound</Direction></RouteLink><RouteLink id="RL_RS_59636c_H_1_23"><From><StopPointRef>490001036D</StopPointRef></From><To><StopPointRef>490008665N</StopPointRef></To><Direction>outbound</Direction></RouteLink><RouteLink id="RL_RS_59636c_H_1_24"><From><StopPointRef>490008665N</StopPointRef></From><To><StopPointRef>490006507SA</StopPointRef></To><Direction>outbound</Direction></RouteLink><RouteLink id="RL_RS_59636c_H_1_25"><From><StopPointRef>490006507SA</StopPointRef></From><To><StopPointRef>490001037X</StopPointRef></To><Direction>outbound</Direction></RouteLink></RouteSection></RouteSections><Routes><Route id="R_59636c_H_1"><PrivateCode>R_59636c_H_1</PrivateCode><Description>Kemnal Manor College - Bromley South</Description><RouteSectionRef>RS_59636c_H_1</RouteSectionRef></Route></Routes><JourneyPatternSections><JourneyPatternSection id="JPS_59636c_H_1"><JourneyPatternTimingLink id="JPL_59636c_H_1_0"><From SequenceNumber="1"><StopPointRef>490016701N</StopPointRef><TimingStatus>PTP</TimingStatus></From><To SequenceNumber="2"><StopPointRef>490005825W</StopPointRef><TimingStatus>PTP</TimingStatus></To><RunTime>PT108S</RunTime></JourneyPatternTimingLink><JourneyPatternTimingLink id="JPL_59636c_H_1_1"><From SequenceNumber="2"><StopPointRef>490005825W</StopPointRef><TimingStatus>PTP</TimingStatus></From><To SequenceNumber="3"><StopPointRef>490010863S</StopPointRef><TimingStatus>PTP</TimingStatus></To><RunTime>PT108S</RunTime></JourneyPatternTimingLink><JourneyPatternTimingLink id="JPL_59636c_H_1_2"><From SequenceNumber="3"><StopPointRef>490010863S</StopPointRef><TimingStatus>PTP</TimingStatus></From><To SequenceNumber="4"><StopPointRef>490005465S</StopPointRef><TimingStatus>PTP</TimingStatus></To><RunTime>PT108S</RunTime></JourneyPatternTimingLink><JourneyPatternTimingLink id="JPL_59636c_H_1_3"><From SequenceNumber="4"><StopPointRef>490005465S</StopPointRef><TimingStatus>PTP</TimingStatus></From><To SequenceNumber="5"><StopPointRef>490012506S</StopPointRef><TimingStatus>PTP</TimingStatus></To><RunTime>PT108S</RunTime></JourneyPatternTimingLink><JourneyPatternTimingLink id="JPL_59636c_H_1_4"><From SequenceNumber="5"><StopPointRef>490012506S</StopPointRef><TimingStatus>PTP</TimingStatus></From><To SequenceNumber="6"><StopPointRef>490006521N</StopPointRef><TimingStatus>PTP</TimingStatus></To><RunTime>PT108S</RunTime></JourneyPatternTimingLink><JourneyPatternTimingLink id="JPL_59636c_H_1_5"><From SequenceNumber="6"><StopPointRef>490006521N</StopPointRef><TimingStatus>PTP</TimingStatus></From><To SequenceNumber="7"><StopPointRef>490011447N</StopPointRef><TimingStatus>PTP</TimingStatus></To><RunTime>PT108S</RunTime></JourneyPatternTimingLink><JourneyPatternTimingLink id="JPL_59636c_H_1_6"><From SequenceNumber="7"><StopPointRef>490011447N</StopPointRef><TimingStatus>PTP</TimingStatus></From><To SequenceNumber="8"><StopPointRef>490010064N</StopPointRef><TimingStatus>PTP</TimingStatus></To><RunTime>PT108S</RunTime></JourneyPatternTimingLink><JourneyPatternTimingLink id="JPL_59636c_H_1_7"><From SequenceNumber="8"><StopPointRef>490010064N</StopPointRef><TimingStatus>PTP</TimingStatus></From><To SequenceNumber="9"><StopPointRef>490010067N</StopPointRef><TimingStatus>PTP</TimingStatus></To><RunTime>PT108S</RunTime></JourneyPatternTimingLink><JourneyPatternTimingLink id="JPL_59636c_H_1_8"><From SequenceNumber="9"><StopPointRef>490010067N</StopPointRef><TimingStatus>PTP</TimingStatus></From><To SequenceNumber="10"><StopPointRef>490006538W</StopPointRef><TimingStatus>PTP</TimingStatus></To><RunTime>PT156S</RunTime></JourneyPatternTimingLink><JourneyPatternTimingLink id="JPL_59636c_H_1_9"><From SequenceNumber="10"><StopPointRef>490006538W</StopPointRef><TimingStatus>PTP</TimingStatus></From><To SequenceNumber="11"><StopPointRef>490007683W</StopPointRef><TimingStatus>PTP</TimingStatus></To><RunTime>PT72S</RunTime></JourneyPatternTimingLink><JourneyPatternTimingLink id="JPL_59636c_H_1_10"><From SequenceNumber="11"><StopPointRef>490007683W</StopPointRef><TimingStatus>PTP</TimingStatus></From><To SequenceNumber="12"><StopPointRef>490013403W</StopPointRef><TimingStatus>PTP</TimingStatus></To><RunTime>PT72S</RunTime></JourneyPatternTimingLink><JourneyPatternTimingLink id="JPL_59636c_H_1_11"><From SequenceNumber="12"><StopPointRef>490013403W</StopPointRef><TimingStatus>PTP</TimingStatus></From><To SequenceNumber="13"><StopPointRef>490003290W</StopPointRef><TimingStatus>PTP</TimingStatus></To><RunTime>PT72S</RunTime></JourneyPatternTimingLink><JourneyPatternTimingLink id="JPL_59636c_H_1_12"><From SequenceNumber="13"><StopPointRef>490003290W</StopPointRef><TimingStatus>PTP</TimingStatus></From><To SequenceNumber="14"><StopPointRef>490015553F</StopPointRef><TimingStatus>PTP</TimingStatus></To><RunTime>PT72S</RunTime></JourneyPatternTimingLink><JourneyPatternTimingLink id="JPL_59636c_H_1_13"><From SequenceNumber="14"><StopPointRef>490015553F</StopPointRef><TimingStatus>PTP</TimingStatus></From><To SequenceNumber="15"><StopPointRef>490001124B</StopPointRef><TimingStatus>PTP</TimingStatus></To><RunTime>PT72S</RunTime></JourneyPatternTimingLink><JourneyPatternTimingLink id="JPL_59636c_H_1_14"><From SequenceNumber="15"><StopPointRef>490001124B</StopPointRef><TimingStatus>PTP</TimingStatus></From><To SequenceNumber="16"><StopPointRef>490008993S</StopPointRef><TimingStatus>PTP</TimingStatus></To><RunTime>PT60S</RunTime></JourneyPatternTimingLink><JourneyPatternTimingLink id="JPL_59636c_H_1_15"><From SequenceNumber="16"><StopPointRef>490008993S</StopPointRef><TimingStatus>PTP</TimingStatus></From><To SequenceNumber="17"><StopPointRef>490013782S</StopPointRef><TimingStatus>PTP</TimingStatus></To><RunTime>PT60S</RunTime></JourneyPatternTimingLink><JourneyPatternTimingLink id="JPL_59636c_H_1_16"><From SequenceNumber="17"><StopPointRef>490013782S</StopPointRef><TimingStatus>PTP</TimingStatus></From><To SequenceNumber="18"><StopPointRef>490010263S</StopPointRef><TimingStatus>PTP</TimingStatus></To><RunTime>PT60S</RunTime></JourneyPatternTimingLink><JourneyPatternTimingLink id="JPL_59636c_H_1_17"><From SequenceNumber="18"><StopPointRef>490010263S</StopPointRef><TimingStatus>PTP</TimingStatus></From><To SequenceNumber="19"><StopPointRef>490012325W</StopPointRef><TimingStatus>PTP</TimingStatus></To><RunTime>PT60S</RunTime></JourneyPatternTimingLink><JourneyPatternTimingLink id="JPL_59636c_H_1_18"><From SequenceNumber="19"><StopPointRef>490012325W</StopPointRef><TimingStatus>PTP</TimingStatus></From><To SequenceNumber="20"><StopPointRef>490010750S</StopPointRef><TimingStatus>PTP</TimingStatus></To><RunTime>PT60S</RunTime></JourneyPatternTimingLink><JourneyPatternTimingLink id="JPL_59636c_H_1_19"><From SequenceNumber="20"><StopPointRef>490010750S</StopPointRef><TimingStatus>PTP</TimingStatus></From><To SequenceNumber="21"><StopPointRef>490009279W</StopPointRef><TimingStatus>PTP</TimingStatus></To><RunTime>PT60S</RunTime></JourneyPatternTimingLink><JourneyPatternTimingLink id="JPL_59636c_H_1_20"><From SequenceNumber="21"><StopPointRef>490009279W</StopPointRef><TimingStatus>PTP</TimingStatus></From><To SequenceNumber="22"><StopPointRef>490010031S</StopPointRef><TimingStatus>PTP</TimingStatus></To><RunTime>PT60S</RunTime></JourneyPatternTimingLink><JourneyPatternTimingLink id="JPL_59636c_H_1_21"><From SequenceNumber="22"><StopPointRef>490010031S</StopPointRef><TimingStatus>PTP</TimingStatus></From><To SequenceNumber="23"><StopPointRef>490015515S</StopPointRef><TimingStatus>PTP</TimingStatus></To><RunTime>PT60S</RunTime></JourneyPatternTimingLink><JourneyPatternTimingLink id="JPL_59636c_H_1_22"><From SequenceNumber="23"><StopPointRef>490015515S</StopPointRef><TimingStatus>PTP</TimingStatus></From><To SequenceNumber="24"><StopPointRef>490001036D</StopPointRef><TimingStatus>PTP</TimingStatus></To><RunTime>PT60S</RunTime></JourneyPatternTimingLink><JourneyPatternTimingLink id="JPL_59636c_H_1_23"><From SequenceNumber="24"><StopPointRef>490001036D</StopPointRef><TimingStatus>PTP</TimingStatus></From><To SequenceNumber="25"><StopPointRef>490008665N</StopPointRef><TimingStatus>PTP</TimingStatus></To><RunTime>PT96S</RunTime></JourneyPatternTimingLink><JourneyPatternTimingLink id="JPL_59636c_H_1_24"><From SequenceNumber="25"><StopPointRef>490008665N</StopPointRef><TimingStatus>PTP</TimingStatus></From><To SequenceNumber="26"><StopPointRef>490006507SA</StopPointRef><TimingStatus>PTP</TimingStatus></To><RunTime>PT96S</RunTime></JourneyPatternTimingLink><JourneyPatternTimingLink id="JPL_59636c_H_1_25"><From SequenceNumber="26"><StopPointRef>490006507SA</StopPointRef><TimingStatus>PTP</TimingStatus></From><To SequenceNumber="27"><StopPointRef>490001037X</StopPointRef><TimingStatus>PTP</TimingStatus></To><RunTime>PT108S</RunTime></JourneyPatternTimingLink></JourneyPatternSection></JourneyPatternSections><Operators><Operator id="OId_SK"><OperatorCode>SK</OperatorCode><OperatorShortName>SK</OperatorShortName><OperatorNameOnLicence>SK</OperatorNameOnLicence><TradingName>SK</TradingName></Operator></Operators><Services><Service><ServiceCode>SId_59636cU</ServiceCode><PrivateCode>59636cU</PrivateCode><Lines><Line id="LId_59636cU"><LineName>636</LineName></Line></Lines><OperatingPeriod><StartDate>2009-12-01</StartDate><EndDate>2010-12-23</EndDate></OperatingPeriod><OperatingProfile><RegularDayType>
					<DaysOfWeek>
						<Wednesday/>
					</DaysOfWeek>
				</RegularDayType>
				<BankHolidayOperation><DaysOfNonOperation><AllBankHolidays></AllBankHolidays></DaysOfNonOperation></BankHolidayOperation></OperatingProfile><RegisteredOperatorRef>OId_SK</RegisteredOperatorRef><StopRequirements><NoNewStopsRequired/></StopRequirements><StandardService><Origin>Kemnal Manor College</Origin><Destination>Bromley South</Destination><JourneyPattern id="JP_59636c_HU_1"><Direction>outbound</Direction><Operational><VehicleType><VehicleTypeCode>08</VehicleTypeCode><Description>Double Decker Low Floor+Wheelchair</Description></VehicleType></Operational><RouteRef>R_59636c_H_1</RouteRef><JourneyPatternSectionRefs>JPS_59636c_H_1</JourneyPatternSectionRefs></JourneyPattern></StandardService></Service><Service><ServiceCode>SId_59636cY</ServiceCode><PrivateCode>59636cY</PrivateCode><Lines><Line id="LId_59636cY"><LineName>636</LineName></Line></Lines><OperatingPeriod><StartDate>2009-12-01</StartDate><EndDate>2010-12-23</EndDate></OperatingPeriod><OperatingProfile><RegularDayType>
					<DaysOfWeek>
						<Monday/>
						<Tuesday/>
						<Thursday/>
						<Friday/>
					</DaysOfWeek>
				</RegularDayType>
				<BankHolidayOperation><DaysOfNonOperation><AllBankHolidays></AllBankHolidays></DaysOfNonOperation></BankHolidayOperation></OperatingProfile><RegisteredOperatorRef>OId_SK</RegisteredOperatorRef><StopRequirements><NoNewStopsRequired/></StopRequirements><StandardService><Origin>Kemnal Manor College</Origin><Destination>Bromley South</Destination><JourneyPattern id="JP_59636c_HY_1"><Direction>outbound</Direction><Operational><VehicleType><VehicleTypeCode>08</VehicleTypeCode><Description>Double Decker Low Floor+Wheelchair</Description></VehicleType></Operational><RouteRef>R_59636c_H_1</RouteRef><JourneyPatternSectionRefs>JPS_59636c_H_1</JourneyPatternSectionRefs></JourneyPattern></StandardService></Service></Services><VehicleJourneys><VehicleJourney><PrivateCode>59636ccUH6360005</PrivateCode><Operational><VehicleType><VehicleTypeCode>08</VehicleTypeCode><Description>Double Decker Low Floor+Wheelchair</Description></VehicleType></Operational><OperatingProfile><RegularDayType>
					<DaysOfWeek>
						<Wednesday/>
					</DaysOfWeek>
				</RegularDayType>
			</OperatingProfile><VehicleJourneyCode>59636ccUH6360005</VehicleJourneyCode><ServiceRef>SId_59636cU</ServiceRef><LineRef>LId_59636cU</LineRef><JourneyPatternRef>JP_59636c_HU_1</JourneyPatternRef><DepartureTime>15:25:00</DepartureTime></VehicleJourney><VehicleJourney><PrivateCode>59636ccYH6360003</PrivateCode><Operational><VehicleType><VehicleTypeCode>08</VehicleTypeCode><Description>Double Decker Low Floor+Wheelchair</Description></VehicleType></Operational><OperatingProfile><RegularDayType>
					<DaysOfWeek>
						<Monday/>
						<Tuesday/>
						<Thursday/>
						<Friday/>
					</DaysOfWeek>
				</RegularDayType>
			</OperatingProfile><VehicleJourneyCode>59636ccYH6360003</VehicleJourneyCode><ServiceRef>SId_59636cY</ServiceRef><LineRef>LId_59636cY</LineRef><JourneyPatternRef>JP_59636c_HY_1</JourneyPatternRef><DepartureTime>14:55:00</DepartureTime></VehicleJourney></VehicleJourneys></TransXChange>
