<?xml version="1.0" encoding="UTF-8"?>
<TransXChange CreationDateTime="2010-10-28T09:12:53" ModificationDateTime="2010-10-28T09:12:53" Modification="new" FileName="G:\mentzdv\Datastore\output_txc_51612j.xml" RevisionNumber="0" SchemaVersion="2.1" xmlns:xsi="http://www.w3.org/2001/XMLSchema-instance" xsi:schemaLocation="http://www.transxchange.org.uk/ http://www.transxchange.org.uk/schema/2.1/TransXChange_general.xsd" xmlns="http://www.transxchange.org.uk/" xmlns:n1="http://www.transxchange.org.uk/" xmlns:n2="http://www.govtalk.gov.uk/people/AddressAndPersonalDetails" xmlns:n3="http://www.govtalk.gov.uk/core" xmlns:n4="http://www.govtalk.gov.uk/people/bs7666"><StopPoints><AnnotatedStopPointRef><StopPointRef>490011990W</StopPointRef><CommonName>Selsdon Pk Hotel/Selsdon Libry</CommonName><Indicator>stop C</Indicator><LocalityName>Selsdon/South Croydon</LocalityName><LocalityQualifier>Greater London</LocalityQualifier></AnnotatedStopPointRef><AnnotatedStopPointRef><StopPointRef>490016426W</StopPointRef><CommonName>Ferns Close</CommonName><Indicator>stop D</Indicator><LocalityName>Selsdon/South Croydon</LocalityName><LocalityQualifier>Greater London</LocalityQualifier></AnnotatedStopPointRef><AnnotatedStopPointRef><StopPointRef>490011898W</StopPointRef><CommonName>Sanderstead Plantation</CommonName><Indicator>stop W</Indicator><LocalityName>Sanderstead</LocalityName><LocalityQualifier>Greater London</LocalityQualifier></AnnotatedStopPointRef><AnnotatedStopPointRef><StopPointRef>490007775W</StopPointRef><CommonName>Harbledown Road (CR2)</CommonName><Indicator>stop W</Indicator><LocalityName>Sanderstead</LocalityName><LocalityQualifier>Greater London</LocalityQualifier></AnnotatedStopPointRef><AnnotatedStopPointRef><StopPointRef>490011894W</StopPointRef><CommonName>Sanderstead Church</CommonName><Indicator>stop W</Indicator><LocalityName>Sanderstead</LocalityName><LocalityQualifier>Greater London</LocalityQualifier></AnnotatedStopPointRef><AnnotatedStopPointRef><StopPointRef>490011895W</StopPointRef><CommonName>Sanderstead Clinic</CommonName><Indicator>stop W</Indicator><LocalityName>Sanderstead</LocalityName><LocalityQualifier>Greater London</LocalityQualifier></AnnotatedStopPointRef><AnnotatedStopPointRef><StopPointRef>490004161W</StopPointRef><CommonName>Borrowdale Drive (CR2)</CommonName><Indicator>stop W</Indicator><LocalityName>Sanderstead</LocalityName><LocalityQualifier>Greater London</LocalityQualifier></AnnotatedStopPointRef><AnnotatedStopPointRef><StopPointRef>490009954W1</StopPointRef><CommonName>Mitchley Hill Rectory Park</CommonName><Indicator>stop W</Indicator><LocalityName>Sanderstead</LocalityName><LocalityQualifier>Greater London</LocalityQualifier></AnnotatedStopPointRef><AnnotatedStopPointRef><StopPointRef>490011568W</StopPointRef><CommonName>Riddlesdown Mitchley Avenue</CommonName><Indicator>stop W</Indicator><LocalityName>Sanderstead</LocalityName><LocalityQualifier>Greater London</LocalityQualifier></AnnotatedStopPointRef><AnnotatedStopPointRef><StopPointRef>490009407W</StopPointRef><CommonName>Lower Barn Road (CR8)</CommonName><Indicator>stop W</Indicator><LocalityName>Purley</LocalityName><LocalityQualifier>Greater London</LocalityQualifier></AnnotatedStopPointRef><AnnotatedStopPointRef><StopPointRef>490011570B</StopPointRef><CommonName>Riddlesdown School / Station</CommonName><Indicator>stop B</Indicator><LocalityName>Purley</LocalityName><LocalityQualifier>Greater London</LocalityQualifier></AnnotatedStopPointRef><AnnotatedStopPointRef><StopPointRef>490011569W</StopPointRef><CommonName>Riddlesdown Road</CommonName><Indicator>stop W</Indicator><LocalityName>Purley</LocalityName><LocalityQualifier>Greater London</LocalityQualifier></AnnotatedStopPointRef><AnnotatedStopPointRef><StopPointRef>490006177W</StopPointRef><CommonName>Downs Court Road / Selcroft Rd</CommonName><Indicator>stop W</Indicator><LocalityName>Purley</LocalityName><LocalityQualifier>Greater London</LocalityQualifier></AnnotatedStopPointRef><AnnotatedStopPointRef><StopPointRef>490006975NB</StopPointRef><CommonName>Foxley Hill Road (CR8)</CommonName><Indicator>stop Q</Indicator><LocalityName>Purley</LocalityName><LocalityQualifier>Greater London</LocalityQualifier></AnnotatedStopPointRef><AnnotatedStopPointRef><StopPointRef>490011274P</StopPointRef><CommonName>Purley High Street/Purley Stn</CommonName><Indicator>stop P</Indicator><LocalityName>Purley</LocalityName><LocalityQualifier>Greater London</LocalityQualifier></AnnotatedStopPointRef><AnnotatedStopPointRef><StopPointRef>490011272Y</StopPointRef><CommonName>Purley Library</CommonName><Indicator>stop Y</Indicator><LocalityName>Purley</LocalityName><LocalityQualifier>Greater London</LocalityQualifier></AnnotatedStopPointRef><AnnotatedStopPointRef><StopPointRef>490011062W</StopPointRef><CommonName>Plough Lane / Foxley Lane</CommonName><Indicator>stop W</Indicator><LocalityName>Purley</LocalityName><LocalityQualifier>Greater London</LocalityQualifier></AnnotatedStopPointRef><AnnotatedStopPointRef><StopPointRef>490013272W</StopPointRef><CommonName>The Bridle Road</CommonName><Indicator>stop W</Indicator><LocalityName>Purley</LocalityName><LocalityQualifier>Greater London</LocalityQualifier></AnnotatedStopPointRef><AnnotatedStopPointRef><StopPointRef>490014828W</StopPointRef><CommonName>Woodcote Drive</CommonName><Indicator>stop W</Indicator><LocalityName>Woodcote (London)</LocalityName><LocalityQualifier>Greater London</LocalityQualifier></AnnotatedStopPointRef><AnnotatedStopPointRef><StopPointRef>490015514W</StopPointRef><CommonName>Woodcote Lane</CommonName><Indicator>stop D</Indicator><LocalityName>Woodcote (London)</LocalityName><LocalityQualifier>Greater London</LocalityQualifier></AnnotatedStopPointRef><AnnotatedStopPointRef><StopPointRef>490012205W</StopPointRef><CommonName>Smithambottom Lane</CommonName><Indicator>stop E</Indicator><LocalityName>Woodcote (London)</LocalityName><LocalityQualifier>Greater London</LocalityQualifier></AnnotatedStopPointRef><AnnotatedStopPointRef><StopPointRef>490006747N</StopPointRef><CommonName>Farm Lane (CR8)</CommonName><Indicator>stop V</Indicator><LocalityName>Woodcote Green (London)</LocalityName><LocalityQualifier>Greater London</LocalityQualifier></AnnotatedStopPointRef><AnnotatedStopPointRef><StopPointRef>490009358N</StopPointRef><CommonName>Lordsbury Field (SM6)</CommonName><Indicator>stop W</Indicator><LocalityName>Woodcote Green (London)</LocalityName><LocalityQualifier>Greater London</LocalityQualifier></AnnotatedStopPointRef><AnnotatedStopPointRef><StopPointRef>490014138N</StopPointRef><CommonName>Woodcote Green</CommonName><Indicator>stop X</Indicator><LocalityName>Woodcote Green (London)</LocalityName><LocalityQualifier>Greater London</LocalityQualifier></AnnotatedStopPointRef><AnnotatedStopPointRef><StopPointRef>490007680N</StopPointRef><CommonName>Hall Road (SM6)</CommonName><Indicator>stop Y</Indicator><LocalityName>Woodcote Green (London)</LocalityName><LocalityQualifier>Greater London</LocalityQualifier></AnnotatedStopPointRef><AnnotatedStopPointRef><StopPointRef>490004100N</StopPointRef><CommonName>Blenheim Gardens (SM6)</CommonName><Indicator>stop Z</Indicator><LocalityName>Wallington</LocalityName><LocalityQualifier>Greater London</LocalityQualifier></AnnotatedStopPointRef><AnnotatedStopPointRef><StopPointRef>490012466G</StopPointRef><CommonName>Woodcote Road / Stafford Road</CommonName><Indicator>stop G</Indicator><LocalityName>Wallington</LocalityName><LocalityQualifier>Greater London</LocalityQualifier></AnnotatedStopPointRef><AnnotatedStopPointRef><StopPointRef>490003775K</StopPointRef><CommonName>Wallington Town Centre</CommonName><Indicator>stop K</Indicator><LocalityName>Wallington</LocalityName><LocalityQualifier>Greater London</LocalityQualifier></AnnotatedStopPointRef><AnnotatedStopPointRef><StopPointRef>490001306D</StopPointRef><CommonName>Wallington</CommonName><Indicator>stop D</Indicator><LocalityName>Wallington</LocalityName><LocalityQualifier>Greater London</LocalityQualifier></AnnotatedStopPointRef><AnnotatedStopPointRef><StopPointRef>490011352N</StopPointRef><CommonName>Queens Road / Manor Road</CommonName><Indicator>stop GK</Indicator><LocalityName>Carshalton</LocalityName><LocalityQualifier>Greater London</LocalityQualifier></AnnotatedStopPointRef><AnnotatedStopPointRef><StopPointRef>490014137E</StopPointRef><CommonName>Croydon Road /Wallington Green</CommonName><Indicator>stop GP</Indicator><LocalityName>Carshalton</LocalityName><LocalityQualifier>Greater London</LocalityQualifier></AnnotatedStopPointRef><AnnotatedStopPointRef><StopPointRef>490013422E</StopPointRef><CommonName>The Holt</CommonName><Indicator>stop GR</Indicator><LocalityName>Beddington</LocalityName><LocalityQualifier>Greater London</LocalityQualifier></AnnotatedStopPointRef><AnnotatedStopPointRef><StopPointRef>490014136W</StopPointRef><CommonName>Wallington County Grammar Sch.</CommonName><Indicator>stop GV</Indicator><LocalityName>Carshalton</LocalityName><LocalityQualifier>Greater London</LocalityQualifier></AnnotatedStopPointRef><AnnotatedStopPointRef><StopPointRef>490014137W</StopPointRef><CommonName>Croydon Road /Wallington Green</CommonName><Indicator>stop GW</Indicator><LocalityName>Carshalton</LocalityName><LocalityQualifier>Greater London</LocalityQualifier></AnnotatedStopPointRef><AnnotatedStopPointRef><StopPointRef>490011352S</StopPointRef><CommonName>Queens Road / Manor Road</CommonName><Indicator>stop GD</Indicator><LocalityName>Carshalton</LocalityName><LocalityQualifier>Greater London</LocalityQualifier></AnnotatedStopPointRef><AnnotatedStopPointRef><StopPointRef>490001306A</StopPointRef><CommonName>Wallington</CommonName><Indicator>stop A</Indicator><LocalityName>Wallington</LocalityName><LocalityQualifier>Greater London</LocalityQualifier></AnnotatedStopPointRef><AnnotatedStopPointRef><StopPointRef>490003775J</StopPointRef><CommonName>Wallington Town Centre</CommonName><Indicator>stop J</Indicator><LocalityName>Wallington</LocalityName><LocalityQualifier>Greater London</LocalityQualifier></AnnotatedStopPointRef><AnnotatedStopPointRef><StopPointRef>490012466H</StopPointRef><CommonName>Woodcote Road / Stafford Road</CommonName><Indicator>stop H</Indicator><LocalityName>Wallington</LocalityName><LocalityQualifier>Greater London</LocalityQualifier></AnnotatedStopPointRef><AnnotatedStopPointRef><StopPointRef>490004100S</StopPointRef><CommonName>Blenheim Gardens (SM6)</CommonName><Indicator>stop P</Indicator><LocalityName>Wallington</LocalityName><LocalityQualifier>Greater London</LocalityQualifier></AnnotatedStopPointRef><AnnotatedStopPointRef><StopPointRef>490007680S</StopPointRef><CommonName>Hall Road (SM6)</CommonName><Indicator>stop Q</Indicator><LocalityName>Woodcote Green (London)</LocalityName><LocalityQualifier>Greater London</LocalityQualifier></AnnotatedStopPointRef><AnnotatedStopPointRef><StopPointRef>490014138S</StopPointRef><CommonName>Woodcote Green</CommonName><Indicator>stop R</Indicator><LocalityName>Woodcote Green (London)</LocalityName><LocalityQualifier>Greater London</LocalityQualifier></AnnotatedStopPointRef><AnnotatedStopPointRef><StopPointRef>490009358S</StopPointRef><CommonName>Lordsbury Field (SM6)</CommonName><Indicator>stop S</Indicator><LocalityName>Woodcote Green (London)</LocalityName><LocalityQualifier>Greater London</LocalityQualifier></AnnotatedStopPointRef><AnnotatedStopPointRef><StopPointRef>490006747S</StopPointRef><CommonName>Farm Lane (CR8)</CommonName><Indicator>stop T</Indicator><LocalityName>Woodcote Green (London)</LocalityName><LocalityQualifier>Greater London</LocalityQualifier></AnnotatedStopPointRef><AnnotatedStopPointRef><StopPointRef>490012205E</StopPointRef><CommonName>Smithambottom Lane</CommonName><Indicator>stop A</Indicator><LocalityName>Woodcote (London)</LocalityName><LocalityQualifier>Greater London</LocalityQualifier></AnnotatedStopPointRef><AnnotatedStopPointRef><StopPointRef>490015514E</StopPointRef><CommonName>Woodcote Lane</CommonName><Indicator>stop B</Indicator><LocalityName>Woodcote (London)</LocalityName><LocalityQualifier>Greater London</LocalityQualifier></AnnotatedStopPointRef><AnnotatedStopPointRef><StopPointRef>490014828E</StopPointRef><CommonName>Woodcote Drive</CommonName><Indicator>stop E</Indicator><LocalityName>Woodcote (London)</LocalityName><LocalityQualifier>Greater London</LocalityQualifier></AnnotatedStopPointRef><AnnotatedStopPointRef><StopPointRef>490013272E</StopPointRef><CommonName>The Bridle Road</CommonName><Indicator>stop E</Indicator><LocalityName>Purley</LocalityName><LocalityQualifier>Greater London</LocalityQualifier></AnnotatedStopPointRef><AnnotatedStopPointRef><StopPointRef>490011062S</StopPointRef><CommonName>Plough Lane / Foxley Lane</CommonName><Indicator>stop S</Indicator><LocalityName>Purley</LocalityName><LocalityQualifier>Greater London</LocalityQualifier></AnnotatedStopPointRef><AnnotatedStopPointRef><StopPointRef>490011272A</StopPointRef><CommonName>Purley Library</CommonName><Indicator>stop A</Indicator><LocalityName>Purley</LocalityName><LocalityQualifier>Greater London</LocalityQualifier></AnnotatedStopPointRef><AnnotatedStopPointRef><StopPointRef>490011258C</StopPointRef><CommonName>Purley Cross</CommonName><Indicator>stop C</Indicator><LocalityName>Purley</LocalityName><LocalityQualifier>Greater London</LocalityQualifier></AnnotatedStopPointRef><AnnotatedStopPointRef><StopPointRef>490011270M</StopPointRef><CommonName>Purley High Street/Purley Stn</CommonName><Indicator>stop M</Indicator><LocalityName>Purley</LocalityName><LocalityQualifier>Greater London</LocalityQualifier></AnnotatedStopPointRef><AnnotatedStopPointRef><StopPointRef>490006975N</StopPointRef><CommonName>Foxley Hill Road (CR8)</CommonName><Indicator>stop N</Indicator><LocalityName>Purley</LocalityName><LocalityQualifier>Greater London</LocalityQualifier></AnnotatedStopPointRef><AnnotatedStopPointRef><StopPointRef>490006177E</StopPointRef><CommonName>Downs Court Road / Selcroft Rd</CommonName><Indicator>stop E</Indicator><LocalityName>Purley</LocalityName><LocalityQualifier>Greater London</LocalityQualifier></AnnotatedStopPointRef><AnnotatedStopPointRef><StopPointRef>490011569E</StopPointRef><CommonName>Riddlesdown Road</CommonName><Indicator>stop E</Indicator><LocalityName>Purley</LocalityName><LocalityQualifier>Greater London</LocalityQualifier></AnnotatedStopPointRef><AnnotatedStopPointRef><StopPointRef>490011570A</StopPointRef><CommonName>Riddlesdown School / Station</CommonName><Indicator>stop A</Indicator><LocalityName>Purley</LocalityName><LocalityQualifier>Greater London</LocalityQualifier></AnnotatedStopPointRef><AnnotatedStopPointRef><StopPointRef>490009407E</StopPointRef><CommonName>Lower Barn Road (CR8)</CommonName><Indicator>stop E</Indicator><LocalityName>Purley</LocalityName><LocalityQualifier>Greater London</LocalityQualifier></AnnotatedStopPointRef><AnnotatedStopPointRef><StopPointRef>490011568E</StopPointRef><CommonName>Riddlesdown Mitchley Avenue</CommonName><Indicator>stop E</Indicator><LocalityName>Sanderstead</LocalityName><LocalityQualifier>Greater London</LocalityQualifier></AnnotatedStopPointRef><AnnotatedStopPointRef><StopPointRef>490009954E</StopPointRef><CommonName>Mitchley Hill Rectory Park</CommonName><Indicator>stop E</Indicator><LocalityName>Sanderstead</LocalityName><LocalityQualifier>Greater London</LocalityQualifier></AnnotatedStopPointRef><AnnotatedStopPointRef><StopPointRef>490004161E</StopPointRef><CommonName>Borrowdale Drive (CR2)</CommonName><Indicator>stop E</Indicator><LocalityName>Sanderstead</LocalityName><LocalityQualifier>Greater London</LocalityQualifier></AnnotatedStopPointRef><AnnotatedStopPointRef><StopPointRef>490011895E</StopPointRef><CommonName>Sanderstead Clinic</CommonName><Indicator>stop E</Indicator><LocalityName>Sanderstead</LocalityName><LocalityQualifier>Greater London</LocalityQualifier></AnnotatedStopPointRef><AnnotatedStopPointRef><StopPointRef>490011894E</StopPointRef><CommonName>Sanderstead Church</CommonName><Indicator>stop E</Indicator><LocalityName>Sanderstead</LocalityName><LocalityQualifier>Greater London</LocalityQualifier></AnnotatedStopPointRef><AnnotatedStopPointRef><StopPointRef>490007775E</StopPointRef><CommonName>Harbledown Road (CR2)</CommonName><Indicator>stop E</Indicator><LocalityName>Sanderstead</LocalityName><LocalityQualifier>Greater London</LocalityQualifier></AnnotatedStopPointRef><AnnotatedStopPointRef><StopPointRef>490011898E</StopPointRef><CommonName>Sanderstead Plantation</CommonName><Indicator>stop E</Indicator><LocalityName>Sanderstead</LocalityName><LocalityQualifier>Greater London</LocalityQualifier></AnnotatedStopPointRef><AnnotatedStopPointRef><StopPointRef>490016426E</StopPointRef><CommonName>Ferns Close</CommonName><Indicator>stop G</Indicator><LocalityName>Selsdon/South Croydon</LocalityName><LocalityQualifier>Greater London</LocalityQualifier></AnnotatedStopPointRef><AnnotatedStopPointRef><StopPointRef>490011992E</StopPointRef><CommonName>Farley Road</CommonName><Indicator>stop Z</Indicator><LocalityName>Selsdon/South Croydon</LocalityName><LocalityQualifier>Greater London</LocalityQualifier></AnnotatedStopPointRef></StopPoints><RouteSections><RouteSection id="RS_51612j_H_1"><RouteLink id="RL_RS_51612j_H_1_0"><From><StopPointRef>490011990W</StopPointRef></From><To><StopPointRef>490016426W</StopPointRef></To><Direction>outbound</Direction></RouteLink><RouteLink id="RL_RS_51612j_H_1_1"><From><StopPointRef>490016426W</StopPointRef></From><To><StopPointRef>490011898W</StopPointRef></To><Direction>outbound</Direction></RouteLink><RouteLink id="RL_RS_51612j_H_1_2"><From><StopPointRef>490011898W</StopPointRef></From><To><StopPointRef>490007775W</StopPointRef></To><Direction>outbound</Direction></RouteLink><RouteLink id="RL_RS_51612j_H_1_3"><From><StopPointRef>490007775W</StopPointRef></From><To><StopPointRef>490011894W</StopPointRef></To><Direction>outbound</Direction></RouteLink><RouteLink id="RL_RS_51612j_H_1_4"><From><StopPointRef>490011894W</StopPointRef></From><To><StopPointRef>490011895W</StopPointRef></To><Direction>outbound</Direction></RouteLink><RouteLink id="RL_RS_51612j_H_1_5"><From><StopPointRef>490011895W</StopPointRef></From><To><StopPointRef>490004161W</StopPointRef></To><Direction>outbound</Direction></RouteLink><RouteLink id="RL_RS_51612j_H_1_6"><From><StopPointRef>490004161W</StopPointRef></From><To><StopPointRef>490009954W1</StopPointRef></To><Direction>outbound</Direction></RouteLink><RouteLink id="RL_RS_51612j_H_1_7"><From><StopPointRef>490009954W1</StopPointRef></From><To><StopPointRef>490011568W</StopPointRef></To><Direction>outbound</Direction></RouteLink><RouteLink id="RL_RS_51612j_H_1_8"><From><StopPointRef>490011568W</StopPointRef></From><To><StopPointRef>490009407W</StopPointRef></To><Direction>outbound</Direction></RouteLink><RouteLink id="RL_RS_51612j_H_1_9"><From><StopPointRef>490009407W</StopPointRef></From><To><StopPointRef>490011570B</StopPointRef></To><Direction>outbound</Direction></RouteLink><RouteLink id="RL_RS_51612j_H_1_10"><From><StopPointRef>490011570B</StopPointRef></From><To><StopPointRef>490011569W</StopPointRef></To><Direction>outbound</Direction></RouteLink><RouteLink id="RL_RS_51612j_H_1_11"><From><StopPointRef>490011569W</StopPointRef></From><To><StopPointRef>490006177W</StopPointRef></To><Direction>outbound</Direction></RouteLink><RouteLink id="RL_RS_51612j_H_1_12"><From><StopPointRef>490006177W</StopPointRef></From><To><StopPointRef>490006975NB</StopPointRef></To><Direction>outbound</Direction></RouteLink><RouteLink id="RL_RS_51612j_H_1_13"><From><StopPointRef>490006975NB</StopPointRef></From><To><StopPointRef>490011274P</StopPointRef></To><Direction>outbound</Direction></RouteLink><RouteLink id="RL_RS_51612j_H_1_14"><From><StopPointRef>490011274P</StopPointRef></From><To><StopPointRef>490011272Y</StopPointRef></To><Direction>outbound</Direction></RouteLink><RouteLink id="RL_RS_51612j_H_1_15"><From><StopPointRef>490011272Y</StopPointRef></From><To><StopPointRef>490011062W</StopPointRef></To><Direction>outbound</Direction></RouteLink><RouteLink id="RL_RS_51612j_H_1_16"><From><StopPointRef>490011062W</StopPointRef></From><To><StopPointRef>490013272W</StopPointRef></To><Direction>outbound</Direction></RouteLink><RouteLink id="RL_RS_51612j_H_1_17"><From><StopPointRef>490013272W</StopPointRef></From><To><StopPointRef>490014828W</StopPointRef></To><Direction>outbound</Direction></RouteLink><RouteLink id="RL_RS_51612j_H_1_18"><From><StopPointRef>490014828W</StopPointRef></From><To><StopPointRef>490015514W</StopPointRef></To><Direction>outbound</Direction></RouteLink><RouteLink id="RL_RS_51612j_H_1_19"><From><StopPointRef>490015514W</StopPointRef></From><To><StopPointRef>490012205W</StopPointRef></To><Direction>outbound</Direction></RouteLink><RouteLink id="RL_RS_51612j_H_1_20"><From><StopPointRef>490012205W</StopPointRef></From><To><StopPointRef>490006747N</StopPointRef></To><Direction>outbound</Direction></RouteLink><RouteLink id="RL_RS_51612j_H_1_21"><From><StopPointRef>490006747N</StopPointRef></From><To><StopPointRef>490009358N</StopPointRef></To><Direction>outbound</Direction></RouteLink><RouteLink id="RL_RS_51612j_H_1_22"><From><StopPointRef>490009358N</StopPointRef></From><To><StopPointRef>490014138N</StopPointRef></To><Direction>outbound</Direction></RouteLink><RouteLink id="RL_RS_51612j_H_1_23"><From><StopPointRef>490014138N</StopPointRef></From><To><StopPointRef>490007680N</StopPointRef></To><Direction>outbound</Direction></RouteLink><RouteLink id="RL_RS_51612j_H_1_24"><From><StopPointRef>490007680N</StopPointRef></From><To><StopPointRef>490004100N</StopPointRef></To><Direction>outbound</Direction></RouteLink><RouteLink id="RL_RS_51612j_H_1_25"><From><StopPointRef>490004100N</StopPointRef></From><To><StopPointRef>490012466G</StopPointRef></To><Direction>outbound</Direction></RouteLink><RouteLink id="RL_RS_51612j_H_1_26"><From><StopPointRef>490012466G</StopPointRef></From><To><StopPointRef>490003775K</StopPointRef></To><Direction>outbound</Direction></RouteLink><RouteLink id="RL_RS_51612j_H_1_27"><From><StopPointRef>490003775K</StopPointRef></From><To><StopPointRef>490001306D</StopPointRef></To><Direction>outbound</Direction></RouteLink><RouteLink id="RL_RS_51612j_H_1_28"><From><StopPointRef>490001306D</StopPointRef></From><To><StopPointRef>490011352N</StopPointRef></To><Direction>outbound</Direction></RouteLink><RouteLink id="RL_RS_51612j_H_1_29"><From><StopPointRef>490011352N</StopPointRef></From><To><StopPointRef>490014137E</StopPointRef></To><Direction>outbound</Direction></RouteLink><RouteLink id="RL_RS_51612j_H_1_30"><From><StopPointRef>490014137E</StopPointRef></From><To><StopPointRef>490013422E</StopPointRef></To><Direction>outbound</Direction></RouteLink></RouteSection><RouteSection id="RS_51612j_R_2"><RouteLink id="RL_RS_51612j_R_2_0"><From><StopPointRef>490014136W</StopPointRef></From><To><StopPointRef>490014137W</StopPointRef></To><Direction>inbound</Direction></RouteLink><RouteLink id="RL_RS_51612j_R_2_1"><From><StopPointRef>490014137W</StopPointRef></From><To><StopPointRef>490011352S</StopPointRef></To><Direction>inbound</Direction></RouteLink><RouteLink id="RL_RS_51612j_R_2_2"><From><StopPointRef>490011352S</StopPointRef></From><To><StopPointRef>490001306A</StopPointRef></To><Direction>inbound</Direction></RouteLink><RouteLink id="RL_RS_51612j_R_2_3"><From><StopPointRef>490001306A</StopPointRef></From><To><StopPointRef>490001306D</StopPointRef></To><Direction>inbound</Direction></RouteLink><RouteLink id="RL_RS_51612j_R_2_4"><From><StopPointRef>490001306D</StopPointRef></From><To><StopPointRef>490003775J</StopPointRef></To><Direction>inbound</Direction></RouteLink><RouteLink id="RL_RS_51612j_R_2_5"><From><StopPointRef>490003775J</StopPointRef></From><To><StopPointRef>490012466H</StopPointRef></To><Direction>inbound</Direction></RouteLink><RouteLink id="RL_RS_51612j_R_2_6"><From><StopPointRef>490012466H</StopPointRef></From><To><StopPointRef>490004100S</StopPointRef></To><Direction>inbound</Direction></RouteLink><RouteLink id="RL_RS_51612j_R_2_7"><From><StopPointRef>490004100S</StopPointRef></From><To><StopPointRef>490007680S</StopPointRef></To><Direction>inbound</Direction></RouteLink><RouteLink id="RL_RS_51612j_R_2_8"><From><StopPointRef>490007680S</StopPointRef></From><To><StopPointRef>490014138S</StopPointRef></To><Direction>inbound</Direction></RouteLink><RouteLink id="RL_RS_51612j_R_2_9"><From><StopPointRef>490014138S</StopPointRef></From><To><StopPointRef>490009358S</StopPointRef></To><Direction>inbound</Direction></RouteLink><RouteLink id="RL_RS_51612j_R_2_10"><From><StopPointRef>490009358S</StopPointRef></From><To><StopPointRef>490006747S</StopPointRef></To><Direction>inbound</Direction></RouteLink><RouteLink id="RL_RS_51612j_R_2_11"><From><StopPointRef>490006747S</StopPointRef></From><To><StopPointRef>490012205E</StopPointRef></To><Direction>inbound</Direction></RouteLink><RouteLink id="RL_RS_51612j_R_2_12"><From><StopPointRef>490012205E</StopPointRef></From><To><StopPointRef>490015514E</StopPointRef></To><Direction>inbound</Direction></RouteLink><RouteLink id="RL_RS_51612j_R_2_13"><From><StopPointRef>490015514E</StopPointRef></From><To><StopPointRef>490014828E</StopPointRef></To><Direction>inbound</Direction></RouteLink><RouteLink id="RL_RS_51612j_R_2_14"><From><StopPointRef>490014828E</StopPointRef></From><To><StopPointRef>490013272E</StopPointRef></To><Direction>inbound</Direction></RouteLink><RouteLink id="RL_RS_51612j_R_2_15"><From><StopPointRef>490013272E</StopPointRef></From><To><StopPointRef>490011062S</StopPointRef></To><Direction>inbound</Direction></RouteLink><RouteLink id="RL_RS_51612j_R_2_16"><From><StopPointRef>490011062S</StopPointRef></From><To><StopPointRef>490011272A</StopPointRef></To><Direction>inbound</Direction></RouteLink><RouteLink id="RL_RS_51612j_R_2_17"><From><StopPointRef>490011272A</StopPointRef></From><To><StopPointRef>490011258C</StopPointRef></To><Direction>inbound</Direction></RouteLink><RouteLink id="RL_RS_51612j_R_2_18"><From><StopPointRef>490011258C</StopPointRef></From><To><StopPointRef>490011270M</StopPointRef></To><Direction>inbound</Direction></RouteLink><RouteLink id="RL_RS_51612j_R_2_19"><From><StopPointRef>490011270M</StopPointRef></From><To><StopPointRef>490006975N</StopPointRef></To><Direction>inbound</Direction></RouteLink><RouteLink id="RL_RS_51612j_R_2_20"><From><StopPointRef>490006975N</StopPointRef></From><To><StopPointRef>490006177E</StopPointRef></To><Direction>inbound</Direction></RouteLink><RouteLink id="RL_RS_51612j_R_2_21"><From><StopPointRef>490006177E</StopPointRef></From><To><StopPointRef>490011569E</StopPointRef></To><Direction>inbound</Direction></RouteLink><RouteLink id="RL_RS_51612j_R_2_22"><From><StopPointRef>490011569E</StopPointRef></From><To><StopPointRef>490011570A</StopPointRef></To><Direction>inbound</Direction></RouteLink><RouteLink id="RL_RS_51612j_R_2_23"><From><StopPointRef>490011570A</StopPointRef></From><To><StopPointRef>490009407E</StopPointRef></To><Direction>inbound</Direction></RouteLink><RouteLink id="RL_RS_51612j_R_2_24"><From><StopPointRef>490009407E</StopPointRef></From><To><StopPointRef>490011568E</StopPointRef></To><Direction>inbound</Direction></RouteLink><RouteLink id="RL_RS_51612j_R_2_25"><From><StopPointRef>490011568E</StopPointRef></From><To><StopPointRef>490009954E</StopPointRef></To><Direction>inbound</Direction></RouteLink><RouteLink id="RL_RS_51612j_R_2_26"><From><StopPointRef>490009954E</StopPointRef></From><To><StopPointRef>490004161E</StopPointRef></To><Direction>inbound</Direction></RouteLink><RouteLink id="RL_RS_51612j_R_2_27"><From><StopPointRef>490004161E</StopPointRef></From><To><StopPointRef>490011895E</StopPointRef></To><Direction>inbound</Direction></RouteLink><RouteLink id="RL_RS_51612j_R_2_28"><From><StopPointRef>490011895E</StopPointRef></From><To><StopPointRef>490011894E</StopPointRef></To><Direction>inbound</Direction></RouteLink><RouteLink id="RL_RS_51612j_R_2_29"><From><StopPointRef>490011894E</StopPointRef></From><To><StopPointRef>490007775E</StopPointRef></To><Direction>inbound</Direction></RouteLink><RouteLink id="RL_RS_51612j_R_2_30"><From><StopPointRef>490007775E</StopPointRef></From><To><StopPointRef>490011898E</StopPointRef></To><Direction>inbound</Direction></RouteLink><RouteLink id="RL_RS_51612j_R_2_31"><From><StopPointRef>490011898E</StopPointRef></From><To><StopPointRef>490016426E</StopPointRef></To><Direction>inbound</Direction></RouteLink><RouteLink id="RL_RS_51612j_R_2_32"><From><StopPointRef>490016426E</StopPointRef></From><To><StopPointRef>490011992E</StopPointRef></To><Direction>inbound</Direction></RouteLink></RouteSection></RouteSections><Routes><Route id="R_51612j_H_1"><PrivateCode>R_51612j_H_1</PrivateCode><Description>Selsdon Pk Hotel/Selsdon Libry - The Holt</Description><RouteSectionRef>RS_51612j_H_1</RouteSectionRef></Route><Route id="R_51612j_R_2"><PrivateCode>R_51612j_R_2</PrivateCode><Description>Wallington County Grammar Sch. - Farley Road</Description><RouteSectionRef>RS_51612j_R_2</RouteSectionRef></Route></Routes><JourneyPatternSections><JourneyPatternSection id="JPS_51612j_H_7"><JourneyPatternTimingLink id="JPL_51612j_H_7_0"><From SequenceNumber="1"><StopPointRef>490011990W</StopPointRef><TimingStatus>PTP</TimingStatus></From><To SequenceNumber="2"><StopPointRef>490016426W</StopPointRef><TimingStatus>PTP</TimingStatus></To><RunTime>PT72S</RunTime></JourneyPatternTimingLink><JourneyPatternTimingLink id="JPL_51612j_H_7_1"><From SequenceNumber="2"><StopPointRef>490016426W</StopPointRef><TimingStatus>PTP</TimingStatus></From><To SequenceNumber="3"><StopPointRef>490011898W</StopPointRef><TimingStatus>PTP</TimingStatus></To><RunTime>PT72S</RunTime></JourneyPatternTimingLink><JourneyPatternTimingLink id="JPL_51612j_H_7_2"><From SequenceNumber="3"><StopPointRef>490011898W</StopPointRef><TimingStatus>PTP</TimingStatus></From><To SequenceNumber="4"><StopPointRef>490007775W</StopPointRef><TimingStatus>PTP</TimingStatus></To><RunTime>PT72S</RunTime></JourneyPatternTimingLink><JourneyPatternTimingLink id="JPL_51612j_H_7_3"><From SequenceNumber="4"><StopPointRef>490007775W</StopPointRef><TimingStatus>PTP</TimingStatus></From><To SequenceNumber="5"><StopPointRef>490011894W</StopPointRef><TimingStatus>PTP</TimingStatus></To><RunTime>PT84S</RunTime></JourneyPatternTimingLink><JourneyPatternTimingLink id="JPL_51612j_H_7_4"><From SequenceNumber="5"><StopPointRef>490011894W</StopPointRef><TimingStatus>PTP</TimingStatus></From><To SequenceNumber="6"><StopPointRef>490011895W</StopPointRef><TimingStatus>PTP</TimingStatus></To><RunTime>PT60S</RunTime></JourneyPatternTimingLink><JourneyPatternTimingLink id="JPL_51612j_H_7_5"><From SequenceNumber="6"><StopPointRef>490011895W</StopPointRef><TimingStatus>PTP</TimingStatus></From><To SequenceNumber="7"><StopPointRef>490004161W</StopPointRef><TimingStatus>PTP</TimingStatus></To><RunTime>PT60S</RunTime></JourneyPatternTimingLink><JourneyPatternTimingLink id="JPL_51612j_H_7_6"><From SequenceNumber="7"><StopPointRef>490004161W</StopPointRef><TimingStatus>PTP</TimingStatus></From><To SequenceNumber="8"><StopPointRef>490009954W1</StopPointRef><TimingStatus>PTP</TimingStatus></To><RunTime>PT60S</RunTime></JourneyPatternTimingLink><JourneyPatternTimingLink id="JPL_51612j_H_7_7"><From SequenceNumber="8"><StopPointRef>490009954W1</StopPointRef><TimingStatus>PTP</TimingStatus></From><To SequenceNumber="9"><StopPointRef>490011568W</StopPointRef><TimingStatus>PTP</TimingStatus></To><RunTime>PT60S</RunTime></JourneyPatternTimingLink><JourneyPatternTimingLink id="JPL_51612j_H_7_8"><From SequenceNumber="9"><StopPointRef>490011568W</StopPointRef><TimingStatus>PTP</TimingStatus></From><To SequenceNumber="10"><StopPointRef>490009407W</StopPointRef><TimingStatus>PTP</TimingStatus></To><RunTime>PT60S</RunTime></JourneyPatternTimingLink><JourneyPatternTimingLink id="JPL_51612j_H_7_9"><From SequenceNumber="10"><StopPointRef>490009407W</StopPointRef><TimingStatus>PTP</TimingStatus></From><To SequenceNumber="11"><StopPointRef>490011570B</StopPointRef><TimingStatus>PTP</TimingStatus></To><RunTime>PT84S</RunTime></JourneyPatternTimingLink><JourneyPatternTimingLink id="JPL_51612j_H_7_10"><From SequenceNumber="11"><StopPointRef>490011570B</StopPointRef><TimingStatus>PTP</TimingStatus></From><To SequenceNumber="12"><StopPointRef>490011569W</StopPointRef><TimingStatus>PTP</TimingStatus></To><RunTime>PT84S</RunTime></JourneyPatternTimingLink><JourneyPatternTimingLink id="JPL_51612j_H_7_11"><From SequenceNumber="12"><StopPointRef>490011569W</StopPointRef><TimingStatus>PTP</TimingStatus></From><To SequenceNumber="13"><StopPointRef>490006177W</StopPointRef><TimingStatus>PTP</TimingStatus></To><RunTime>PT84S</RunTime></JourneyPatternTimingLink><JourneyPatternTimingLink id="JPL_51612j_H_7_12"><From SequenceNumber="13"><StopPointRef>490006177W</StopPointRef><TimingStatus>PTP</TimingStatus></From><To SequenceNumber="14"><StopPointRef>490006975NB</StopPointRef><TimingStatus>PTP</TimingStatus></To><RunTime>PT84S</RunTime></JourneyPatternTimingLink><JourneyPatternTimingLink id="JPL_51612j_H_7_13"><From SequenceNumber="14"><StopPointRef>490006975NB</StopPointRef><TimingStatus>PTP</TimingStatus></From><To SequenceNumber="15"><StopPointRef>490011274P</StopPointRef><TimingStatus>PTP</TimingStatus></To><RunTime>PT84S</RunTime></JourneyPatternTimingLink><JourneyPatternTimingLink id="JPL_51612j_H_7_14"><From SequenceNumber="15"><StopPointRef>490011274P</StopPointRef><TimingStatus>PTP</TimingStatus></From><To SequenceNumber="16"><StopPointRef>490011272Y</StopPointRef><TimingStatus>PTP</TimingStatus></To><RunTime>PT66S</RunTime></JourneyPatternTimingLink><JourneyPatternTimingLink id="JPL_51612j_H_7_15"><From SequenceNumber="16"><StopPointRef>490011272Y</StopPointRef><TimingStatus>PTP</TimingStatus></From><To SequenceNumber="17"><StopPointRef>490011062W</StopPointRef><TimingStatus>PTP</TimingStatus></To><RunTime>PT66S</RunTime></JourneyPatternTimingLink><JourneyPatternTimingLink id="JPL_51612j_H_7_16"><From SequenceNumber="17"><StopPointRef>490011062W</StopPointRef><TimingStatus>PTP</TimingStatus></From><To SequenceNumber="18"><StopPointRef>490013272W</StopPointRef><TimingStatus>PTP</TimingStatus></To><RunTime>PT66S</RunTime></JourneyPatternTimingLink><JourneyPatternTimingLink id="JPL_51612j_H_7_17"><From SequenceNumber="18"><StopPointRef>490013272W</StopPointRef><TimingStatus>PTP</TimingStatus></From><To SequenceNumber="19"><StopPointRef>490014828W</StopPointRef><TimingStatus>PTP</TimingStatus></To><RunTime>PT66S</RunTime></JourneyPatternTimingLink><JourneyPatternTimingLink id="JPL_51612j_H_7_18"><From SequenceNumber="19"><StopPointRef>490014828W</StopPointRef><TimingStatus>PTP</TimingStatus></From><To SequenceNumber="20"><StopPointRef>490015514W</StopPointRef><TimingStatus>PTP</TimingStatus></To><RunTime>PT66S</RunTime></JourneyPatternTimingLink><JourneyPatternTimingLink id="JPL_51612j_H_7_19"><From SequenceNumber="20"><StopPointRef>490015514W</StopPointRef><TimingStatus>PTP</TimingStatus></From><To SequenceNumber="21"><StopPointRef>490012205W</StopPointRef><TimingStatus>PTP</TimingStatus></To><RunTime>PT90S</RunTime></JourneyPatternTimingLink><JourneyPatternTimingLink id="JPL_51612j_H_7_20"><From SequenceNumber="21"><StopPointRef>490012205W</StopPointRef><TimingStatus>PTP</TimingStatus></From><To SequenceNumber="22"><StopPointRef>490006747N</StopPointRef><TimingStatus>PTP</TimingStatus></To><RunTime>PT120S</RunTime></JourneyPatternTimingLink><JourneyPatternTimingLink id="JPL_51612j_H_7_21"><From SequenceNumber="22"><StopPointRef>490006747N</StopPointRef><TimingStatus>PTP</TimingStatus></From><To SequenceNumber="23"><StopPointRef>490009358N</StopPointRef><TimingStatus>PTP</TimingStatus></To><RunTime>PT120S</RunTime></JourneyPatternTimingLink><JourneyPatternTimingLink id="JPL_51612j_H_7_22"><From SequenceNumber="23"><StopPointRef>490009358N</StopPointRef><TimingStatus>PTP</TimingStatus></From><To SequenceNumber="24"><StopPointRef>490014138N</StopPointRef><TimingStatus>PTP</TimingStatus></To><RunTime>PT120S</RunTime></JourneyPatternTimingLink><JourneyPatternTimingLink id="JPL_51612j_H_7_23"><From SequenceNumber="24"><StopPointRef>490014138N</StopPointRef><TimingStatus>PTP</TimingStatus></From><To SequenceNumber="25"><StopPointRef>490007680N</StopPointRef><TimingStatus>PTP</TimingStatus></To><RunTime>PT96S</RunTime></JourneyPatternTimingLink><JourneyPatternTimingLink id="JPL_51612j_H_7_24"><From SequenceNumber="25"><StopPointRef>490007680N</StopPointRef><TimingStatus>PTP</TimingStatus></From><To SequenceNumber="26"><StopPointRef>490004100N</StopPointRef><TimingStatus>PTP</TimingStatus></To><RunTime>PT96S</RunTime></JourneyPatternTimingLink><JourneyPatternTimingLink id="JPL_51612j_H_7_25"><From SequenceNumber="26"><StopPointRef>490004100N</StopPointRef><TimingStatus>PTP</TimingStatus></From><To SequenceNumber="27"><StopPointRef>490012466G</StopPointRef><TimingStatus>PTP</TimingStatus></To><RunTime>PT96S</RunTime></JourneyPatternTimingLink><JourneyPatternTimingLink id="JPL_51612j_H_7_26"><From SequenceNumber="27"><StopPointRef>490012466G</StopPointRef><TimingStatus>PTP</TimingStatus></From><To SequenceNumber="28"><StopPointRef>490003775K</StopPointRef><TimingStatus>PTP</TimingStatus></To><RunTime>PT96S</RunTime></JourneyPatternTimingLink><JourneyPatternTimingLink id="JPL_51612j_H_7_27"><From SequenceNumber="28"><StopPointRef>490003775K</StopPointRef><TimingStatus>PTP</TimingStatus></From><To SequenceNumber="29"><StopPointRef>490001306D</StopPointRef><TimingStatus>PTP</TimingStatus></To><RunTime>PT96S</RunTime></JourneyPatternTimingLink><JourneyPatternTimingLink id="JPL_51612j_H_7_28"><From SequenceNumber="29"><StopPointRef>490001306D</StopPointRef><TimingStatus>PTP</TimingStatus></From><To SequenceNumber="30"><StopPointRef>490011352N</StopPointRef><TimingStatus>PTP</TimingStatus></To><RunTime>PT120S</RunTime></JourneyPatternTimingLink><JourneyPatternTimingLink id="JPL_51612j_H_7_29"><From SequenceNumber="30"><StopPointRef>490011352N</StopPointRef><TimingStatus>PTP</TimingStatus></From><To SequenceNumber="31"><StopPointRef>490014137E</StopPointRef><TimingStatus>PTP</TimingStatus></To><RunTime>PT120S</RunTime></JourneyPatternTimingLink><JourneyPatternTimingLink id="JPL_51612j_H_7_30"><From SequenceNumber="31"><StopPointRef>490014137E</StopPointRef><TimingStatus>PTP</TimingStatus></From><To SequenceNumber="32"><StopPointRef>490013422E</StopPointRef><TimingStatus>PTP</TimingStatus></To><RunTime>PT120S</RunTime></JourneyPatternTimingLink></JourneyPatternSection><JourneyPatternSection id="JPS_51612j_H_8"><JourneyPatternTimingLink id="JPL_51612j_H_8_0"><From SequenceNumber="1"><StopPointRef>490011990W</StopPointRef><TimingStatus>PTP</TimingStatus></From><To SequenceNumber="2"><StopPointRef>490016426W</StopPointRef><TimingStatus>PTP</TimingStatus></To><RunTime>PT72S</RunTime></JourneyPatternTimingLink><JourneyPatternTimingLink id="JPL_51612j_H_8_1"><From SequenceNumber="2"><StopPointRef>490016426W</StopPointRef><TimingStatus>PTP</TimingStatus></From><To SequenceNumber="3"><StopPointRef>490011898W</StopPointRef><TimingStatus>PTP</TimingStatus></To><RunTime>PT72S</RunTime></JourneyPatternTimingLink><JourneyPatternTimingLink id="JPL_51612j_H_8_2"><From SequenceNumber="3"><StopPointRef>490011898W</StopPointRef><TimingStatus>PTP</TimingStatus></From><To SequenceNumber="4"><StopPointRef>490007775W</StopPointRef><TimingStatus>PTP</TimingStatus></To><RunTime>PT72S</RunTime></JourneyPatternTimingLink><JourneyPatternTimingLink id="JPL_51612j_H_8_3"><From SequenceNumber="4"><StopPointRef>490007775W</StopPointRef><TimingStatus>PTP</TimingStatus></From><To SequenceNumber="5"><StopPointRef>490011894W</StopPointRef><TimingStatus>PTP</TimingStatus></To><RunTime>PT84S</RunTime></JourneyPatternTimingLink><JourneyPatternTimingLink id="JPL_51612j_H_8_4"><From SequenceNumber="5"><StopPointRef>490011894W</StopPointRef><TimingStatus>PTP</TimingStatus></From><To SequenceNumber="6"><StopPointRef>490011895W</StopPointRef><TimingStatus>PTP</TimingStatus></To><RunTime>PT60S</RunTime></JourneyPatternTimingLink><JourneyPatternTimingLink id="JPL_51612j_H_8_5"><From SequenceNumber="6"><StopPointRef>490011895W</StopPointRef><TimingStatus>PTP</TimingStatus></From><To SequenceNumber="7"><StopPointRef>490004161W</StopPointRef><TimingStatus>PTP</TimingStatus></To><RunTime>PT60S</RunTime></JourneyPatternTimingLink><JourneyPatternTimingLink id="JPL_51612j_H_8_6"><From SequenceNumber="7"><StopPointRef>490004161W</StopPointRef><TimingStatus>PTP</TimingStatus></From><To SequenceNumber="8"><StopPointRef>490009954W1</StopPointRef><TimingStatus>PTP</TimingStatus></To><RunTime>PT60S</RunTime></JourneyPatternTimingLink><JourneyPatternTimingLink id="JPL_51612j_H_8_7"><From SequenceNumber="8"><StopPointRef>490009954W1</StopPointRef><TimingStatus>PTP</TimingStatus></From><To SequenceNumber="9"><StopPointRef>490011568W</StopPointRef><TimingStatus>PTP</TimingStatus></To><RunTime>PT60S</RunTime></JourneyPatternTimingLink><JourneyPatternTimingLink id="JPL_51612j_H_8_8"><From SequenceNumber="9"><StopPointRef>490011568W</StopPointRef><TimingStatus>PTP</TimingStatus></From><To SequenceNumber="10"><StopPointRef>490009407W</StopPointRef><TimingStatus>PTP</TimingStatus></To><RunTime>PT60S</RunTime></JourneyPatternTimingLink><JourneyPatternTimingLink id="JPL_51612j_H_8_9"><From SequenceNumber="10"><StopPointRef>490009407W</StopPointRef><TimingStatus>PTP</TimingStatus></From><To SequenceNumber="11"><StopPointRef>490011570B</StopPointRef><TimingStatus>PTP</TimingStatus></To><RunTime>PT84S</RunTime></JourneyPatternTimingLink><JourneyPatternTimingLink id="JPL_51612j_H_8_10"><From SequenceNumber="11"><StopPointRef>490011570B</StopPointRef><TimingStatus>PTP</TimingStatus></From><To SequenceNumber="12"><StopPointRef>490011569W</StopPointRef><TimingStatus>PTP</TimingStatus></To><RunTime>PT84S</RunTime></JourneyPatternTimingLink><JourneyPatternTimingLink id="JPL_51612j_H_8_11"><From SequenceNumber="12"><StopPointRef>490011569W</StopPointRef><TimingStatus>PTP</TimingStatus></From><To SequenceNumber="13"><StopPointRef>490006177W</StopPointRef><TimingStatus>PTP</TimingStatus></To><RunTime>PT84S</RunTime></JourneyPatternTimingLink><JourneyPatternTimingLink id="JPL_51612j_H_8_12"><From SequenceNumber="13"><StopPointRef>490006177W</StopPointRef><TimingStatus>PTP</TimingStatus></From><To SequenceNumber="14"><StopPointRef>490006975NB</StopPointRef><TimingStatus>PTP</TimingStatus></To><RunTime>PT84S</RunTime></JourneyPatternTimingLink><JourneyPatternTimingLink id="JPL_51612j_H_8_13"><From SequenceNumber="14"><StopPointRef>490006975NB</StopPointRef><TimingStatus>PTP</TimingStatus></From><To SequenceNumber="15"><StopPointRef>490011274P</StopPointRef><TimingStatus>PTP</TimingStatus></To><RunTime>PT84S</RunTime></JourneyPatternTimingLink><JourneyPatternTimingLink id="JPL_51612j_H_8_14"><From SequenceNumber="15"><StopPointRef>490011274P</StopPointRef><TimingStatus>PTP</TimingStatus></From><To SequenceNumber="16"><StopPointRef>490011272Y</StopPointRef><TimingStatus>PTP</TimingStatus></To><RunTime>PT66S</RunTime></JourneyPatternTimingLink><JourneyPatternTimingLink id="JPL_51612j_H_8_15"><From SequenceNumber="16"><StopPointRef>490011272Y</StopPointRef><TimingStatus>PTP</TimingStatus></From><To SequenceNumber="17"><StopPointRef>490011062W</StopPointRef><TimingStatus>PTP</TimingStatus></To><RunTime>PT66S</RunTime></JourneyPatternTimingLink><JourneyPatternTimingLink id="JPL_51612j_H_8_16"><From SequenceNumber="17"><StopPointRef>490011062W</StopPointRef><TimingStatus>PTP</TimingStatus></From><To SequenceNumber="18"><StopPointRef>490013272W</StopPointRef><TimingStatus>PTP</TimingStatus></To><RunTime>PT66S</RunTime></JourneyPatternTimingLink><JourneyPatternTimingLink id="JPL_51612j_H_8_17"><From SequenceNumber="18"><StopPointRef>490013272W</StopPointRef><TimingStatus>PTP</TimingStatus></From><To SequenceNumber="19"><StopPointRef>490014828W</StopPointRef><TimingStatus>PTP</TimingStatus></To><RunTime>PT66S</RunTime></JourneyPatternTimingLink><JourneyPatternTimingLink id="JPL_51612j_H_8_18"><From SequenceNumber="19"><StopPointRef>490014828W</StopPointRef><TimingStatus>PTP</TimingStatus></From><To SequenceNumber="20"><StopPointRef>490015514W</StopPointRef><TimingStatus>PTP</TimingStatus></To><RunTime>PT66S</RunTime></JourneyPatternTimingLink><JourneyPatternTimingLink id="JPL_51612j_H_8_19"><From SequenceNumber="20"><StopPointRef>490015514W</StopPointRef><TimingStatus>PTP</TimingStatus></From><To SequenceNumber="21"><StopPointRef>490012205W</StopPointRef><TimingStatus>PTP</TimingStatus></To><RunTime>PT90S</RunTime></JourneyPatternTimingLink><JourneyPatternTimingLink id="JPL_51612j_H_8_20"><From SequenceNumber="21"><StopPointRef>490012205W</StopPointRef><TimingStatus>PTP</TimingStatus></From><To SequenceNumber="22"><StopPointRef>490006747N</StopPointRef><TimingStatus>PTP</TimingStatus></To><RunTime>PT120S</RunTime></JourneyPatternTimingLink><JourneyPatternTimingLink id="JPL_51612j_H_8_21"><From SequenceNumber="22"><StopPointRef>490006747N</StopPointRef><TimingStatus>PTP</TimingStatus></From><To SequenceNumber="23"><StopPointRef>490009358N</StopPointRef><TimingStatus>PTP</TimingStatus></To><RunTime>PT120S</RunTime></JourneyPatternTimingLink><JourneyPatternTimingLink id="JPL_51612j_H_8_22"><From SequenceNumber="23"><StopPointRef>490009358N</StopPointRef><TimingStatus>PTP</TimingStatus></From><To SequenceNumber="24"><StopPointRef>490014138N</StopPointRef><TimingStatus>PTP</TimingStatus></To><RunTime>PT120S</RunTime></JourneyPatternTimingLink><JourneyPatternTimingLink id="JPL_51612j_H_8_23"><From SequenceNumber="24"><StopPointRef>490014138N</StopPointRef><TimingStatus>PTP</TimingStatus></From><To SequenceNumber="25"><StopPointRef>490007680N</StopPointRef><TimingStatus>PTP</TimingStatus></To><RunTime>PT144S</RunTime></JourneyPatternTimingLink><JourneyPatternTimingLink id="JPL_51612j_H_8_24"><From SequenceNumber="25"><StopPointRef>490007680N</StopPointRef><TimingStatus>PTP</TimingStatus></From><To SequenceNumber="26"><StopPointRef>490004100N</StopPointRef><TimingStatus>PTP</TimingStatus></To><RunTime>PT144S</RunTime></JourneyPatternTimingLink><JourneyPatternTimingLink id="JPL_51612j_H_8_25"><From SequenceNumber="26"><StopPointRef>490004100N</StopPointRef><TimingStatus>PTP</TimingStatus></From><To SequenceNumber="27"><StopPointRef>490012466G</StopPointRef><TimingStatus>PTP</TimingStatus></To><RunTime>PT144S</RunTime></JourneyPatternTimingLink><JourneyPatternTimingLink id="JPL_51612j_H_8_26"><From SequenceNumber="27"><StopPointRef>490012466G</StopPointRef><TimingStatus>PTP</TimingStatus></From><To SequenceNumber="28"><StopPointRef>490003775K</StopPointRef><TimingStatus>PTP</TimingStatus></To><RunTime>PT144S</RunTime></JourneyPatternTimingLink><JourneyPatternTimingLink id="JPL_51612j_H_8_27"><From SequenceNumber="28"><StopPointRef>490003775K</StopPointRef><TimingStatus>PTP</TimingStatus></From><To SequenceNumber="29"><StopPointRef>490001306D</StopPointRef><TimingStatus>PTP</TimingStatus></To><RunTime>PT144S</RunTime></JourneyPatternTimingLink><JourneyPatternTimingLink id="JPL_51612j_H_8_28"><From SequenceNumber="29"><StopPointRef>490001306D</StopPointRef><TimingStatus>PTP</TimingStatus></From><To SequenceNumber="30"><StopPointRef>490011352N</StopPointRef><TimingStatus>PTP</TimingStatus></To><RunTime>PT120S</RunTime></JourneyPatternTimingLink><JourneyPatternTimingLink id="JPL_51612j_H_8_29"><From SequenceNumber="30"><StopPointRef>490011352N</StopPointRef><TimingStatus>PTP</TimingStatus></From><To SequenceNumber="31"><StopPointRef>490014137E</StopPointRef><TimingStatus>PTP</TimingStatus></To><RunTime>PT120S</RunTime></JourneyPatternTimingLink><JourneyPatternTimingLink id="JPL_51612j_H_8_30"><From SequenceNumber="31"><StopPointRef>490014137E</StopPointRef><TimingStatus>PTP</TimingStatus></From><To SequenceNumber="32"><StopPointRef>490013422E</StopPointRef><TimingStatus>PTP</TimingStatus></To><RunTime>PT120S</RunTime></JourneyPatternTimingLink></JourneyPatternSection><JourneyPatternSection id="JPS_51612j_R_6"><JourneyPatternTimingLink id="JPL_51612j_R_6_0"><From SequenceNumber="1"><StopPointRef>490014136W</StopPointRef><TimingStatus>PTP</TimingStatus></From><To SequenceNumber="2"><StopPointRef>490014137W</StopPointRef><TimingStatus>PTP</TimingStatus></To><RunTime>PT96S</RunTime></JourneyPatternTimingLink><JourneyPatternTimingLink id="JPL_51612j_R_6_1"><From SequenceNumber="2"><StopPointRef>490014137W</StopPointRef><TimingStatus>PTP</TimingStatus></From><To SequenceNumber="3"><StopPointRef>490011352S</StopPointRef><TimingStatus>PTP</TimingStatus></To><RunTime>PT96S</RunTime></JourneyPatternTimingLink><JourneyPatternTimingLink id="JPL_51612j_R_6_2"><From SequenceNumber="3"><StopPointRef>490011352S</StopPointRef><TimingStatus>PTP</TimingStatus></From><To SequenceNumber="4"><StopPointRef>490001306A</StopPointRef><TimingStatus>PTP</TimingStatus></To><RunTime>PT108S</RunTime></JourneyPatternTimingLink><JourneyPatternTimingLink id="JPL_51612j_R_6_3"><From SequenceNumber="4"><StopPointRef>490001306A</StopPointRef><TimingStatus>PTP</TimingStatus></From><To SequenceNumber="5"><StopPointRef>490001306D</StopPointRef><TimingStatus>PTP</TimingStatus></To><RunTime>PT66S</RunTime></JourneyPatternTimingLink><JourneyPatternTimingLink id="JPL_51612j_R_6_4"><From SequenceNumber="5"><StopPointRef>490001306D</StopPointRef><TimingStatus>PTP</TimingStatus></From><To SequenceNumber="6"><StopPointRef>490003775J</StopPointRef><TimingStatus>PTP</TimingStatus></To><RunTime>PT66S</RunTime></JourneyPatternTimingLink><JourneyPatternTimingLink id="JPL_51612j_R_6_5"><From SequenceNumber="6"><StopPointRef>490003775J</StopPointRef><TimingStatus>PTP</TimingStatus></From><To SequenceNumber="7"><StopPointRef>490012466H</StopPointRef><TimingStatus>PTP</TimingStatus></To><RunTime>PT66S</RunTime></JourneyPatternTimingLink><JourneyPatternTimingLink id="JPL_51612j_R_6_6"><From SequenceNumber="7"><StopPointRef>490012466H</StopPointRef><TimingStatus>PTP</TimingStatus></From><To SequenceNumber="8"><StopPointRef>490004100S</StopPointRef><TimingStatus>PTP</TimingStatus></To><RunTime>PT66S</RunTime></JourneyPatternTimingLink><JourneyPatternTimingLink id="JPL_51612j_R_6_7"><From SequenceNumber="8"><StopPointRef>490004100S</StopPointRef><TimingStatus>PTP</TimingStatus></From><To SequenceNumber="9"><StopPointRef>490007680S</StopPointRef><TimingStatus>PTP</TimingStatus></To><RunTime>PT66S</RunTime></JourneyPatternTimingLink><JourneyPatternTimingLink id="JPL_51612j_R_6_8"><From SequenceNumber="9"><StopPointRef>490007680S</StopPointRef><TimingStatus>PTP</TimingStatus></From><To SequenceNumber="10"><StopPointRef>490014138S</StopPointRef><TimingStatus>PTP</TimingStatus></To><RunTime>PT90S</RunTime></JourneyPatternTimingLink><JourneyPatternTimingLink id="JPL_51612j_R_6_9"><From SequenceNumber="10"><StopPointRef>490014138S</StopPointRef><TimingStatus>PTP</TimingStatus></From><To SequenceNumber="11"><StopPointRef>490009358S</StopPointRef><TimingStatus>PTP</TimingStatus></To><RunTime>PT60S</RunTime></JourneyPatternTimingLink><JourneyPatternTimingLink id="JPL_51612j_R_6_10"><From SequenceNumber="11"><StopPointRef>490009358S</StopPointRef><TimingStatus>PTP</TimingStatus></From><To SequenceNumber="12"><StopPointRef>490006747S</StopPointRef><TimingStatus>PTP</TimingStatus></To><RunTime>PT60S</RunTime></JourneyPatternTimingLink><JourneyPatternTimingLink id="JPL_51612j_R_6_11"><From SequenceNumber="12"><StopPointRef>490006747S</StopPointRef><TimingStatus>PTP</TimingStatus></From><To SequenceNumber="13"><StopPointRef>490012205E</StopPointRef><TimingStatus>PTP</TimingStatus></To><RunTime>PT60S</RunTime></JourneyPatternTimingLink><JourneyPatternTimingLink id="JPL_51612j_R_6_12"><From SequenceNumber="13"><StopPointRef>490012205E</StopPointRef><TimingStatus>PTP</TimingStatus></From><To SequenceNumber="14"><StopPointRef>490015514E</StopPointRef><TimingStatus>PTP</TimingStatus></To><RunTime>PT48S</RunTime></JourneyPatternTimingLink><JourneyPatternTimingLink id="JPL_51612j_R_6_13"><From SequenceNumber="14"><StopPointRef>490015514E</StopPointRef><TimingStatus>PTP</TimingStatus></From><To SequenceNumber="15"><StopPointRef>490014828E</StopPointRef><TimingStatus>PTP</TimingStatus></To><RunTime>PT48S</RunTime></JourneyPatternTimingLink><JourneyPatternTimingLink id="JPL_51612j_R_6_14"><From SequenceNumber="15"><StopPointRef>490014828E</StopPointRef><TimingStatus>PTP</TimingStatus></From><To SequenceNumber="16"><StopPointRef>490013272E</StopPointRef><TimingStatus>PTP</TimingStatus></To><RunTime>PT48S</RunTime></JourneyPatternTimingLink><JourneyPatternTimingLink id="JPL_51612j_R_6_15"><From SequenceNumber="16"><StopPointRef>490013272E</StopPointRef><TimingStatus>PTP</TimingStatus></From><To SequenceNumber="17"><StopPointRef>490011062S</StopPointRef><TimingStatus>PTP</TimingStatus></To><RunTime>PT48S</RunTime></JourneyPatternTimingLink><JourneyPatternTimingLink id="JPL_51612j_R_6_16"><From SequenceNumber="17"><StopPointRef>490011062S</StopPointRef><TimingStatus>PTP</TimingStatus></From><To SequenceNumber="18"><StopPointRef>490011272A</StopPointRef><TimingStatus>PTP</TimingStatus></To><RunTime>PT48S</RunTime></JourneyPatternTimingLink><JourneyPatternTimingLink id="JPL_51612j_R_6_17"><From SequenceNumber="18"><StopPointRef>490011272A</StopPointRef><TimingStatus>PTP</TimingStatus></From><To SequenceNumber="19"><StopPointRef>490011258C</StopPointRef><TimingStatus>PTP</TimingStatus></To><RunTime>PT48S</RunTime></JourneyPatternTimingLink><JourneyPatternTimingLink id="JPL_51612j_R_6_18"><From SequenceNumber="19"><StopPointRef>490011258C</StopPointRef><TimingStatus>PTP</TimingStatus></From><To SequenceNumber="20"><StopPointRef>490011270M</StopPointRef><TimingStatus>PTP</TimingStatus></To><RunTime>PT72S</RunTime></JourneyPatternTimingLink><JourneyPatternTimingLink id="JPL_51612j_R_6_19"><From SequenceNumber="20"><StopPointRef>490011270M</StopPointRef><TimingStatus>PTP</TimingStatus></From><To SequenceNumber="21"><StopPointRef>490006975N</StopPointRef><TimingStatus>PTP</TimingStatus></To><RunTime>PT72S</RunTime></JourneyPatternTimingLink><JourneyPatternTimingLink id="JPL_51612j_R_6_20"><From SequenceNumber="21"><StopPointRef>490006975N</StopPointRef><TimingStatus>PTP</TimingStatus></From><To SequenceNumber="22"><StopPointRef>490006177E</StopPointRef><TimingStatus>PTP</TimingStatus></To><RunTime>PT72S</RunTime></JourneyPatternTimingLink><JourneyPatternTimingLink id="JPL_51612j_R_6_21"><From SequenceNumber="22"><StopPointRef>490006177E</StopPointRef><TimingStatus>PTP</TimingStatus></From><To SequenceNumber="23"><StopPointRef>490011569E</StopPointRef><TimingStatus>PTP</TimingStatus></To><RunTime>PT72S</RunTime></JourneyPatternTimingLink><JourneyPatternTimingLink id="JPL_51612j_R_6_22"><From SequenceNumber="23"><StopPointRef>490011569E</StopPointRef><TimingStatus>PTP</TimingStatus></From><To SequenceNumber="24"><StopPointRef>490011570A</StopPointRef><TimingStatus>PTP</TimingStatus></To><RunTime>PT72S</RunTime></JourneyPatternTimingLink><JourneyPatternTimingLink id="JPL_51612j_R_6_23"><From SequenceNumber="24"><StopPointRef>490011570A</StopPointRef><TimingStatus>PTP</TimingStatus></From><To SequenceNumber="25"><StopPointRef>490009407E</StopPointRef><TimingStatus>PTP</TimingStatus></To><RunTime>PT72S</RunTime></JourneyPatternTimingLink><JourneyPatternTimingLink id="JPL_51612j_R_6_24"><From SequenceNumber="25"><StopPointRef>490009407E</StopPointRef><TimingStatus>PTP</TimingStatus></From><To SequenceNumber="26"><StopPointRef>490011568E</StopPointRef><TimingStatus>PTP</TimingStatus></To><RunTime>PT72S</RunTime></JourneyPatternTimingLink><JourneyPatternTimingLink id="JPL_51612j_R_6_25"><From SequenceNumber="26"><StopPointRef>490011568E</StopPointRef><TimingStatus>PTP</TimingStatus></From><To SequenceNumber="27"><StopPointRef>490009954E</StopPointRef><TimingStatus>PTP</TimingStatus></To><RunTime>PT72S</RunTime></JourneyPatternTimingLink><JourneyPatternTimingLink id="JPL_51612j_R_6_26"><From SequenceNumber="27"><StopPointRef>490009954E</StopPointRef><TimingStatus>PTP</TimingStatus></From><To SequenceNumber="28"><StopPointRef>490004161E</StopPointRef><TimingStatus>PTP</TimingStatus></To><RunTime>PT72S</RunTime></JourneyPatternTimingLink><JourneyPatternTimingLink id="JPL_51612j_R_6_27"><From SequenceNumber="28"><StopPointRef>490004161E</StopPointRef><TimingStatus>PTP</TimingStatus></From><To SequenceNumber="29"><StopPointRef>490011895E</StopPointRef><TimingStatus>PTP</TimingStatus></To><RunTime>PT72S</RunTime></JourneyPatternTimingLink><JourneyPatternTimingLink id="JPL_51612j_R_6_28"><From SequenceNumber="29"><StopPointRef>490011895E</StopPointRef><TimingStatus>PTP</TimingStatus></From><To SequenceNumber="30"><StopPointRef>490011894E</StopPointRef><TimingStatus>PTP</TimingStatus></To><RunTime>PT72S</RunTime></JourneyPatternTimingLink><JourneyPatternTimingLink id="JPL_51612j_R_6_29"><From SequenceNumber="30"><StopPointRef>490011894E</StopPointRef><TimingStatus>PTP</TimingStatus></From><To SequenceNumber="31"><StopPointRef>490007775E</StopPointRef><TimingStatus>PTP</TimingStatus></To><RunTime>PT102S</RunTime></JourneyPatternTimingLink><JourneyPatternTimingLink id="JPL_51612j_R_6_30"><From SequenceNumber="31"><StopPointRef>490007775E</StopPointRef><TimingStatus>PTP</TimingStatus></From><To SequenceNumber="32"><StopPointRef>490011898E</StopPointRef><TimingStatus>PTP</TimingStatus></To><RunTime>PT102S</RunTime></JourneyPatternTimingLink><JourneyPatternTimingLink id="JPL_51612j_R_6_31"><From SequenceNumber="32"><StopPointRef>490011898E</StopPointRef><TimingStatus>PTP</TimingStatus></From><To SequenceNumber="33"><StopPointRef>490016426E</StopPointRef><TimingStatus>PTP</TimingStatus></To><RunTime>PT102S</RunTime></JourneyPatternTimingLink><JourneyPatternTimingLink id="JPL_51612j_R_6_32"><From SequenceNumber="33"><StopPointRef>490016426E</StopPointRef><TimingStatus>PTP</TimingStatus></From><To SequenceNumber="34"><StopPointRef>490011992E</StopPointRef><TimingStatus>PTP</TimingStatus></To><RunTime>PT114S</RunTime></JourneyPatternTimingLink></JourneyPatternSection></JourneyPatternSections><Operators><Operator id="OId_ME"><OperatorCode>ME</OperatorCode><OperatorShortName>ME</OperatorShortName><OperatorNameOnLicence>ME</OperatorNameOnLicence><TradingName>ME</TradingName></Operator></Operators><Services><Service><ServiceCode>SId_51612j0</ServiceCode><PrivateCode>51612j0</PrivateCode><Lines><Line id="LId_51612j0"><LineName>612</LineName></Line></Lines><OperatingPeriod><StartDate>2009-12-01</StartDate><EndDate>2010-12-23</EndDate></OperatingPeriod><OperatingProfile><RegularDayType>
					<DaysOfWeek>
						<MondayToFriday/>
					</DaysOfWeek>
				</RegularDayType>
				<BankHolidayOperation><DaysOfNonOperation><AllBankHolidays></AllBankHolidays></DaysOfNonOperation></BankHolidayOperation></OperatingProfile><RegisteredOperatorRef>OId_ME</RegisteredOperatorRef><StopRequirements><NoNewStopsRequired/></StopRequirements><StandardService><Origin>Selsdon Pk Hotel/Selsdon Libry</Origin><Destination>The Holt</Destination><JourneyPattern id="JP_51612j_H0_7"><Direction>outbound</Direction><Operational><VehicleType><VehicleTypeCode>08</VehicleTypeCode><Description>Double Decker Low Floor+Wheelchair</Description></VehicleType></Operational><RouteRef>R_51612j_H_1</RouteRef><JourneyPatternSectionRefs>JPS_51612j_H_7</JourneyPatternSectionRefs></JourneyPattern><JourneyPattern id="JP_51612j_H0_8"><Direction>outbound</Direction><Operational><VehicleType><VehicleTypeCode>08</VehicleTypeCode><Description>Double Decker Low Floor+Wheelchair</Description></VehicleType></Operational><RouteRef>R_51612j_H_1</RouteRef><JourneyPatternSectionRefs>JPS_51612j_H_8</JourneyPatternSectionRefs></JourneyPattern><JourneyPattern id="JP_51612j_R0_6"><Direction>inbound</Direction><Operational><VehicleType><VehicleTypeCode>08</VehicleTypeCode><Description>Double Decker Low Floor+Wheelchair</Description></VehicleType></Operational><RouteRef>R_51612j_R_2</RouteRef><JourneyPatternSectionRefs>JPS_51612j_R_6</JourneyPatternSectionRefs></JourneyPattern></StandardService></Service></Services><VehicleJourneys><VehicleJourney><PrivateCode>51612jj0H6120005</PrivateCode><Operational><VehicleType><VehicleTypeCode>08</VehicleTypeCode><Description>Double Decker Low Floor+Wheelchair</Description></VehicleType></Operational><OperatingProfile><RegularDayType>
					<DaysOfWeek>
						<MondayToFriday/>
					</DaysOfWeek>
				</RegularDayType>
			</OperatingProfile><VehicleJourneyCode>51612jj0H6120005</VehicleJourneyCode><ServiceRef>SId_51612j0</ServiceRef><LineRef>LId_51612j0</LineRef><JourneyPatternRef>JP_51612j_H0_7</JourneyPatternRef><DepartureTime>07:30:00</DepartureTime></VehicleJourney><VehicleJourney><PrivateCode>51612jj0H6120006</PrivateCode><Operational><VehicleType><VehicleTypeCode>08</VehicleTypeCode><Description>Double Decker Low Floor+Wheelchair</Description></VehicleType></Operational><OperatingProfile><RegularDayType>
					<DaysOfWeek>
						<MondayToFriday/>
					</DaysOfWeek>
				</RegularDayType>
			</OperatingProfile><VehicleJourneyCode>51612jj0H6120006</VehicleJourneyCode><ServiceRef>SId_51612j0</ServiceRef><LineRef>LId_51612j0</LineRef><JourneyPatternRef>JP_51612j_H0_8</JourneyPatternRef><DepartureTime>07:32:00</DepartureTime></VehicleJourney><VehicleJourney><PrivateCode>51612jj0R6120007</PrivateCode><Operational><VehicleType><VehicleTypeCode>08</VehicleTypeCode><Description>Double Decker Low Floor+Wheelchair</Description></VehicleType></Operational><OperatingProfile><RegularDayType>
					<DaysOfWeek>
						<MondayToFriday/>
					</DaysOfWeek>
				</RegularDayType>
			</OperatingProfile><VehicleJourneyCode>51612jj0R6120007</VehicleJourneyCode><ServiceRef>SId_51612j0</ServiceRef><LineRef>LId_51612j0</LineRef><JourneyPatternRef>JP_51612j_R0_6</JourneyPatternRef><DepartureTime>15:20:00</DepartureTime></VehicleJourney><VehicleJourney><PrivateCode>51612jj0R6120008</PrivateCode><Operational><VehicleType><VehicleTypeCode>08</VehicleTypeCode><Description>Double Decker Low Floor+Wheelchair</Description></VehicleType></Operational><OperatingProfile><RegularDayType>
					<DaysOfWeek>
						<MondayToFriday/>
					</DaysOfWeek>
				</RegularDayType>
			</OperatingProfile><VehicleJourneyCode>51612jj0R6120008</VehicleJourneyCode><ServiceRef>SId_51612j0</ServiceRef><LineRef>LId_51612j0</LineRef><JourneyPatternRef>JP_51612j_R0_6</JourneyPatternRef><DepartureTime>15:22:00</DepartureTime></VehicleJourney></VehicleJourneys></TransXChange>
