<?xml version="1.0" encoding="UTF-8"?>
<TransXChange CreationDateTime="2010-10-28T09:18:11" ModificationDateTime="2010-10-28T09:18:11" Modification="new" FileName="G:\mentzdv\Datastore\output_txc_54634d.xml" RevisionNumber="0" SchemaVersion="2.1" xmlns:xsi="http://www.w3.org/2001/XMLSchema-instance" xsi:schemaLocation="http://www.transxchange.org.uk/ http://www.transxchange.org.uk/schema/2.1/TransXChange_general.xsd" xmlns="http://www.transxchange.org.uk/" xmlns:n1="http://www.transxchange.org.uk/" xmlns:n2="http://www.govtalk.gov.uk/people/AddressAndPersonalDetails" xmlns:n3="http://www.govtalk.gov.uk/core" xmlns:n4="http://www.govtalk.gov.uk/people/bs7666"><StopPoints><AnnotatedStopPointRef><StopPointRef>490015186A</StopPointRef><CommonName>Queens Avenue (N10)</CommonName><Indicator>stop A</Indicator><LocalityName>Muswell Hill</LocalityName><LocalityQualifier>Greater London</LocalityQualifier></AnnotatedStopPointRef><AnnotatedStopPointRef><StopPointRef>490009765N</StopPointRef><CommonName>Meadow Drive (N10)</CommonName><Indicator>stop CA</Indicator><LocalityName>Muswell Hill</LocalityName><LocalityQualifier>Greater London</LocalityQualifier></AnnotatedStopPointRef><AnnotatedStopPointRef><StopPointRef>490003212N</StopPointRef><CommonName>Alexandra Park Road (N10)</CommonName><Indicator>stop CB</Indicator><LocalityName>Muswell Hill</LocalityName><LocalityQualifier>Greater London</LocalityQualifier></AnnotatedStopPointRef><AnnotatedStopPointRef><StopPointRef>490014725N</StopPointRef><CommonName>Wilton Road /Colney Hatch Lane</CommonName><Indicator>stop CC</Indicator><LocalityName>Colney Hatch</LocalityName><LocalityQualifier>Greater London</LocalityQualifier></AnnotatedStopPointRef><AnnotatedStopPointRef><StopPointRef>490010896N</StopPointRef><CommonName>Pembroke Road/St Peters Church</CommonName><Indicator>stop CD</Indicator><LocalityName>Colney Hatch</LocalityName><LocalityQualifier>Greater London</LocalityQualifier></AnnotatedStopPointRef><AnnotatedStopPointRef><StopPointRef>490007714N</StopPointRef><CommonName>Hampden Road (N10)</CommonName><Indicator>stop CE</Indicator><LocalityName>Colney Hatch</LocalityName><LocalityQualifier>Greater London</LocalityQualifier></AnnotatedStopPointRef><AnnotatedStopPointRef><StopPointRef>490010327N</StopPointRef><CommonName>North Circular Road (N11)</CommonName><Indicator>stop CH</Indicator><LocalityName>Colney Hatch</LocalityName><LocalityQualifier>Greater London</LocalityQualifier></AnnotatedStopPointRef><AnnotatedStopPointRef><StopPointRef>490006852N</StopPointRef><CommonName>Firs Avenue (N11)</CommonName><Indicator>stop CJ</Indicator><LocalityName>Colney Hatch</LocalityName><LocalityQualifier>Greater London</LocalityQualifier></AnnotatedStopPointRef><AnnotatedStopPointRef><StopPointRef>490008237N</StopPointRef><CommonName>Hillside Avenue (N11)</CommonName><Indicator>stop FJ</Indicator><LocalityName>Colney Hatch</LocalityName><LocalityQualifier>Greater London</LocalityQualifier></AnnotatedStopPointRef><AnnotatedStopPointRef><StopPointRef>490007029N</StopPointRef><CommonName>Friern Barnet Road (N11)</CommonName><Indicator>stop FK</Indicator><LocalityName>Friern Barnet</LocalityName><LocalityQualifier>Greater London</LocalityQualifier></AnnotatedStopPointRef><AnnotatedStopPointRef><StopPointRef>490007030N</StopPointRef><CommonName>Constable Close (N11)</CommonName><Indicator>stop FS</Indicator><LocalityName>Friern Barnet</LocalityName><LocalityQualifier>Greater London</LocalityQualifier></AnnotatedStopPointRef><AnnotatedStopPointRef><StopPointRef>490013525N</StopPointRef><CommonName>The Ridgeway (N20)</CommonName><Indicator>stop N</Indicator><LocalityName>Friern Barnet</LocalityName><LocalityQualifier>Greater London</LocalityQualifier></AnnotatedStopPointRef><AnnotatedStopPointRef><StopPointRef>490007018N</StopPointRef><CommonName>Friary Road (N12)</CommonName><Indicator>stop N</Indicator><LocalityName>Brunswick Park</LocalityName><LocalityQualifier>Greater London</LocalityQualifier></AnnotatedStopPointRef><AnnotatedStopPointRef><StopPointRef>490007280N</StopPointRef><CommonName>Golfside Close (N20)</CommonName><Indicator>stop N</Indicator><LocalityName>Whetstone</LocalityName><LocalityQualifier>Greater London</LocalityQualifier></AnnotatedStopPointRef><AnnotatedStopPointRef><StopPointRef>490010139S2</StopPointRef><CommonName>Myddelton Prk/Friern Barnet Ln</CommonName><Indicator>stop N</Indicator><LocalityName>Whetstone</LocalityName><LocalityQualifier>Greater London</LocalityQualifier></AnnotatedStopPointRef><AnnotatedStopPointRef><StopPointRef>490009021N</StopPointRef><CommonName>Lawrence Campe Close (N20)</CommonName><Indicator>stop N</Indicator><LocalityName>Whetstone</LocalityName><LocalityQualifier>Greater London</LocalityQualifier></AnnotatedStopPointRef><AnnotatedStopPointRef><StopPointRef>490014564G</StopPointRef><CommonName>Whetstone Police Station</CommonName><Indicator>stop G</Indicator><LocalityName>Whetstone</LocalityName><LocalityQualifier>Greater London</LocalityQualifier></AnnotatedStopPointRef><AnnotatedStopPointRef><StopPointRef>490007028N</StopPointRef><CommonName>Oakleigh Road North (N20)</CommonName><Indicator>stop I</Indicator><LocalityName>Whetstone</LocalityName><LocalityQualifier>Greater London</LocalityQualifier></AnnotatedStopPointRef><AnnotatedStopPointRef><StopPointRef>490015488J</StopPointRef><CommonName>Athenaeum Road</CommonName><Indicator>stop J</Indicator><LocalityName>Oakleigh Park</LocalityName><LocalityQualifier>Greater London</LocalityQualifier></AnnotatedStopPointRef><AnnotatedStopPointRef><StopPointRef>490004978N</StopPointRef><CommonName>Chandos Avenue (N20)</CommonName><Indicator>stop K</Indicator><LocalityName>Oakleigh Park</LocalityName><LocalityQualifier>Greater London</LocalityQualifier></AnnotatedStopPointRef><AnnotatedStopPointRef><StopPointRef>490004553N</StopPointRef><CommonName>Buckingham Avenue (N20)</CommonName><Indicator>stop N</Indicator><LocalityName>Oakleigh Park</LocalityName><LocalityQualifier>Greater London</LocalityQualifier></AnnotatedStopPointRef><AnnotatedStopPointRef><StopPointRef>490007031N</StopPointRef><CommonName>Friern Mount Drive (N20)</CommonName><Indicator>stop N</Indicator><LocalityName>Oakleigh Park</LocalityName><LocalityQualifier>Greater London</LocalityQualifier></AnnotatedStopPointRef><AnnotatedStopPointRef><StopPointRef>490014131N</StopPointRef><CommonName>Walfield Avenue</CommonName><Indicator>stop L</Indicator><LocalityName>Oakleigh Park</LocalityName><LocalityQualifier>Greater London</LocalityQualifier></AnnotatedStopPointRef><AnnotatedStopPointRef><StopPointRef>490009489N</StopPointRef><CommonName>Lyonsdown Road (EN5)</CommonName><Indicator>stop P</Indicator><LocalityName>New Barnet</LocalityName><LocalityQualifier>Greater London</LocalityQualifier></AnnotatedStopPointRef><AnnotatedStopPointRef><StopPointRef>490006086N</StopPointRef><CommonName>Dinsdale Gardens (EN5)</CommonName><Indicator>stop Q</Indicator><LocalityName>New Barnet</LocalityName><LocalityQualifier>Greater London</LocalityQualifier></AnnotatedStopPointRef><AnnotatedStopPointRef><StopPointRef>490003640N</StopPointRef><CommonName>Barnet Odeon</CommonName><Indicator>stop R</Indicator><LocalityName>New Barnet</LocalityName><LocalityQualifier>Greater London</LocalityQualifier></AnnotatedStopPointRef><AnnotatedStopPointRef><StopPointRef>490013897N</StopPointRef><CommonName>Underhill (EN5)</CommonName><Indicator>stop W</Indicator><LocalityName>Chipping Barnet</LocalityName><LocalityQualifier>Greater London</LocalityQualifier></AnnotatedStopPointRef><AnnotatedStopPointRef><StopPointRef>490000107Q</StopPointRef><CommonName>High Barnet</CommonName><Indicator>stop Q</Indicator><LocalityName>Barnet</LocalityName><LocalityQualifier>Greater London</LocalityQualifier></AnnotatedStopPointRef><AnnotatedStopPointRef><StopPointRef>490003634K</StopPointRef><CommonName>Barnet Church</CommonName><Indicator>stop K</Indicator><LocalityName>Chipping Barnet</LocalityName><LocalityQualifier>Greater London</LocalityQualifier></AnnotatedStopPointRef><AnnotatedStopPointRef><StopPointRef>490015142E</StopPointRef><CommonName>Barnet Church Wood Street</CommonName><Indicator>stop E</Indicator><LocalityName>Barnet</LocalityName><LocalityQualifier>Greater London</LocalityQualifier></AnnotatedStopPointRef><AnnotatedStopPointRef><StopPointRef>490009584W</StopPointRef><CommonName>Manor Road (EN5)</CommonName><Indicator>stop W</Indicator><LocalityName>Barnet</LocalityName><LocalityQualifier>Greater London</LocalityQualifier></AnnotatedStopPointRef><AnnotatedStopPointRef><StopPointRef>490013909W</StopPointRef><CommonName>Union Street (EN5)</CommonName><Indicator>stop W</Indicator><LocalityName>High Barnet</LocalityName><LocalityQualifier>Greater London</LocalityQualifier></AnnotatedStopPointRef><AnnotatedStopPointRef><StopPointRef>490003637N</StopPointRef><CommonName>Barnet Hospital</CommonName><Indicator>stop B1</Indicator><LocalityName>High Barnet</LocalityName><LocalityQualifier>Greater London</LocalityQualifier></AnnotatedStopPointRef><AnnotatedStopPointRef><StopPointRef>490013909E</StopPointRef><CommonName>Union Street (EN5)</CommonName><Indicator>stop E</Indicator><LocalityName>High Barnet</LocalityName><LocalityQualifier>Greater London</LocalityQualifier></AnnotatedStopPointRef><AnnotatedStopPointRef><StopPointRef>490015142F</StopPointRef><CommonName>Barnet Church Wood Street</CommonName><Indicator>stop F</Indicator><LocalityName>Barnet</LocalityName><LocalityQualifier>Greater London</LocalityQualifier></AnnotatedStopPointRef><AnnotatedStopPointRef><StopPointRef>490003634G</StopPointRef><CommonName>Barnet High St / Barnet Church</CommonName><Indicator>stop G</Indicator><LocalityName>Chipping Barnet</LocalityName><LocalityQualifier>Greater London</LocalityQualifier></AnnotatedStopPointRef><AnnotatedStopPointRef><StopPointRef>490009772N</StopPointRef><CommonName>Meadway / High Barnet Station</CommonName><Indicator>stop N</Indicator><LocalityName>Chipping Barnet</LocalityName><LocalityQualifier>Greater London</LocalityQualifier></AnnotatedStopPointRef><AnnotatedStopPointRef><StopPointRef>490000107R</StopPointRef><CommonName>High Barnet</CommonName><Indicator>stop R</Indicator><LocalityName>Barnet</LocalityName><LocalityQualifier>Greater London</LocalityQualifier></AnnotatedStopPointRef><AnnotatedStopPointRef><StopPointRef>490003640S</StopPointRef><CommonName>Potters Lane (EN5)</CommonName><Indicator>stop A</Indicator><LocalityName>Chipping Barnet</LocalityName><LocalityQualifier>Greater London</LocalityQualifier></AnnotatedStopPointRef><AnnotatedStopPointRef><StopPointRef>490012613S</StopPointRef><CommonName>Barnet Odeon</CommonName><Indicator>stop D</Indicator><LocalityName>New Barnet</LocalityName><LocalityQualifier>Greater London</LocalityQualifier></AnnotatedStopPointRef><AnnotatedStopPointRef><StopPointRef>490006086S</StopPointRef><CommonName>Dinsdale Gardens (EN5)</CommonName><Indicator>stop E</Indicator><LocalityName>New Barnet</LocalityName><LocalityQualifier>Greater London</LocalityQualifier></AnnotatedStopPointRef><AnnotatedStopPointRef><StopPointRef>490009489S</StopPointRef><CommonName>Lyonsdown Road (EN5)</CommonName><Indicator>stop J</Indicator><LocalityName>New Barnet</LocalityName><LocalityQualifier>Greater London</LocalityQualifier></AnnotatedStopPointRef><AnnotatedStopPointRef><StopPointRef>490014131S</StopPointRef><CommonName>Walfield Avenue</CommonName><Indicator>stop K</Indicator><LocalityName>Oakleigh Park</LocalityName><LocalityQualifier>Greater London</LocalityQualifier></AnnotatedStopPointRef><AnnotatedStopPointRef><StopPointRef>490007031S</StopPointRef><CommonName>Friern Mount Drive (N20)</CommonName><Indicator>stop S</Indicator><LocalityName>Oakleigh Park</LocalityName><LocalityQualifier>Greater London</LocalityQualifier></AnnotatedStopPointRef><AnnotatedStopPointRef><StopPointRef>490004978S</StopPointRef><CommonName>Chandos Avenue (N20)</CommonName><Indicator>stop L</Indicator><LocalityName>Oakleigh Park</LocalityName><LocalityQualifier>Greater London</LocalityQualifier></AnnotatedStopPointRef><AnnotatedStopPointRef><StopPointRef>490015488M</StopPointRef><CommonName>Athenaeum Road</CommonName><Indicator>stop M</Indicator><LocalityName>Oakleigh Park</LocalityName><LocalityQualifier>Greater London</LocalityQualifier></AnnotatedStopPointRef><AnnotatedStopPointRef><StopPointRef>490007028S</StopPointRef><CommonName>Oakleigh Road North (N20)</CommonName><Indicator>stop E</Indicator><LocalityName>Whetstone</LocalityName><LocalityQualifier>Greater London</LocalityQualifier></AnnotatedStopPointRef><AnnotatedStopPointRef><StopPointRef>490014564F</StopPointRef><CommonName>Whetstone Police Station</CommonName><Indicator>stop F</Indicator><LocalityName>Whetstone</LocalityName><LocalityQualifier>Greater London</LocalityQualifier></AnnotatedStopPointRef><AnnotatedStopPointRef><StopPointRef>490010139S1</StopPointRef><CommonName>Lawrence Campe Close (N20)</CommonName><Indicator>stop S</Indicator><LocalityName>Whetstone</LocalityName><LocalityQualifier>Greater London</LocalityQualifier></AnnotatedStopPointRef><AnnotatedStopPointRef><StopPointRef>490007280S</StopPointRef><CommonName>Golfside Close (N20)</CommonName><Indicator>stop S</Indicator><LocalityName>Whetstone</LocalityName><LocalityQualifier>Greater London</LocalityQualifier></AnnotatedStopPointRef><AnnotatedStopPointRef><StopPointRef>490007018S</StopPointRef><CommonName>Friary Road (N12)</CommonName><Indicator>stop S</Indicator><LocalityName>Brunswick Park</LocalityName><LocalityQualifier>Greater London</LocalityQualifier></AnnotatedStopPointRef><AnnotatedStopPointRef><StopPointRef>490013525S</StopPointRef><CommonName>The Ridgeway (N20)</CommonName><Indicator>stop S</Indicator><LocalityName>Friern Barnet</LocalityName><LocalityQualifier>Greater London</LocalityQualifier></AnnotatedStopPointRef><AnnotatedStopPointRef><StopPointRef>490007030S</StopPointRef><CommonName>Constable Close (N11)</CommonName><Indicator>stop FT</Indicator><LocalityName>Friern Barnet</LocalityName><LocalityQualifier>Greater London</LocalityQualifier></AnnotatedStopPointRef><AnnotatedStopPointRef><StopPointRef>490007029S</StopPointRef><CommonName>Friern Barnet Road (N11)</CommonName><Indicator>stop FD</Indicator><LocalityName>Friern Barnet</LocalityName><LocalityQualifier>Greater London</LocalityQualifier></AnnotatedStopPointRef><AnnotatedStopPointRef><StopPointRef>490003443S</StopPointRef><CommonName>Hillside Avenue (N11)</CommonName><Indicator>stop FE</Indicator><LocalityName>Colney Hatch</LocalityName><LocalityQualifier>Greater London</LocalityQualifier></AnnotatedStopPointRef><AnnotatedStopPointRef><StopPointRef>490010327S</StopPointRef><CommonName>North Circular Road (N11)</CommonName><Indicator>stop CK</Indicator><LocalityName>Colney Hatch</LocalityName><LocalityQualifier>Greater London</LocalityQualifier></AnnotatedStopPointRef><AnnotatedStopPointRef><StopPointRef>490007714S</StopPointRef><CommonName>Cromwell Road (N10)</CommonName><Indicator>stop CL</Indicator><LocalityName>Colney Hatch</LocalityName><LocalityQualifier>Greater London</LocalityQualifier></AnnotatedStopPointRef><AnnotatedStopPointRef><StopPointRef>490010896S</StopPointRef><CommonName>Pembroke Road/St Peters Church</CommonName><Indicator>stop CM</Indicator><LocalityName>Colney Hatch</LocalityName><LocalityQualifier>Greater London</LocalityQualifier></AnnotatedStopPointRef><AnnotatedStopPointRef><StopPointRef>490014725S</StopPointRef><CommonName>Wilton Road /Colney Hatch Lane</CommonName><Indicator>stop CN</Indicator><LocalityName>Colney Hatch</LocalityName><LocalityQualifier>Greater London</LocalityQualifier></AnnotatedStopPointRef><AnnotatedStopPointRef><StopPointRef>490003212S</StopPointRef><CommonName>Alexandra Park Road (N10)</CommonName><Indicator>stop CQ</Indicator><LocalityName>Muswell Hill</LocalityName><LocalityQualifier>Greater London</LocalityQualifier></AnnotatedStopPointRef><AnnotatedStopPointRef><StopPointRef>490015186B</StopPointRef><CommonName>Muswell Hill (N10)</CommonName><Indicator>stop B</Indicator><LocalityName>Muswell Hill</LocalityName><LocalityQualifier>Greater London</LocalityQualifier></AnnotatedStopPointRef></StopPoints><RouteSections><RouteSection id="RS_54634d_H_1"><RouteLink id="RL_RS_54634d_H_1_0"><From><StopPointRef>490015186A</StopPointRef></From><To><StopPointRef>490009765N</StopPointRef></To><Direction>outbound</Direction></RouteLink><RouteLink id="RL_RS_54634d_H_1_1"><From><StopPointRef>490009765N</StopPointRef></From><To><StopPointRef>490003212N</StopPointRef></To><Direction>outbound</Direction></RouteLink><RouteLink id="RL_RS_54634d_H_1_2"><From><StopPointRef>490003212N</StopPointRef></From><To><StopPointRef>490014725N</StopPointRef></To><Direction>outbound</Direction></RouteLink><RouteLink id="RL_RS_54634d_H_1_3"><From><StopPointRef>490014725N</StopPointRef></From><To><StopPointRef>490010896N</StopPointRef></To><Direction>outbound</Direction></RouteLink><RouteLink id="RL_RS_54634d_H_1_4"><From><StopPointRef>490010896N</StopPointRef></From><To><StopPointRef>490007714N</StopPointRef></To><Direction>outbound</Direction></RouteLink><RouteLink id="RL_RS_54634d_H_1_5"><From><StopPointRef>490007714N</StopPointRef></From><To><StopPointRef>490010327N</StopPointRef></To><Direction>outbound</Direction></RouteLink><RouteLink id="RL_RS_54634d_H_1_6"><From><StopPointRef>490010327N</StopPointRef></From><To><StopPointRef>490006852N</StopPointRef></To><Direction>outbound</Direction></RouteLink><RouteLink id="RL_RS_54634d_H_1_7"><From><StopPointRef>490006852N</StopPointRef></From><To><StopPointRef>490008237N</StopPointRef></To><Direction>outbound</Direction></RouteLink><RouteLink id="RL_RS_54634d_H_1_8"><From><StopPointRef>490008237N</StopPointRef></From><To><StopPointRef>490007029N</StopPointRef></To><Direction>outbound</Direction></RouteLink><RouteLink id="RL_RS_54634d_H_1_9"><From><StopPointRef>490007029N</StopPointRef></From><To><StopPointRef>490007030N</StopPointRef></To><Direction>outbound</Direction></RouteLink><RouteLink id="RL_RS_54634d_H_1_10"><From><StopPointRef>490007030N</StopPointRef></From><To><StopPointRef>490013525N</StopPointRef></To><Direction>outbound</Direction></RouteLink><RouteLink id="RL_RS_54634d_H_1_11"><From><StopPointRef>490013525N</StopPointRef></From><To><StopPointRef>490007018N</StopPointRef></To><Direction>outbound</Direction></RouteLink><RouteLink id="RL_RS_54634d_H_1_12"><From><StopPointRef>490007018N</StopPointRef></From><To><StopPointRef>490007280N</StopPointRef></To><Direction>outbound</Direction></RouteLink><RouteLink id="RL_RS_54634d_H_1_13"><From><StopPointRef>490007280N</StopPointRef></From><To><StopPointRef>490010139S2</StopPointRef></To><Direction>outbound</Direction></RouteLink><RouteLink id="RL_RS_54634d_H_1_14"><From><StopPointRef>490010139S2</StopPointRef></From><To><StopPointRef>490009021N</StopPointRef></To><Direction>outbound</Direction></RouteLink><RouteLink id="RL_RS_54634d_H_1_15"><From><StopPointRef>490009021N</StopPointRef></From><To><StopPointRef>490014564G</StopPointRef></To><Direction>outbound</Direction></RouteLink><RouteLink id="RL_RS_54634d_H_1_16"><From><StopPointRef>490014564G</StopPointRef></From><To><StopPointRef>490007028N</StopPointRef></To><Direction>outbound</Direction></RouteLink><RouteLink id="RL_RS_54634d_H_1_17"><From><StopPointRef>490007028N</StopPointRef></From><To><StopPointRef>490015488J</StopPointRef></To><Direction>outbound</Direction></RouteLink><RouteLink id="RL_RS_54634d_H_1_18"><From><StopPointRef>490015488J</StopPointRef></From><To><StopPointRef>490004978N</StopPointRef></To><Direction>outbound</Direction></RouteLink><RouteLink id="RL_RS_54634d_H_1_19"><From><StopPointRef>490004978N</StopPointRef></From><To><StopPointRef>490004553N</StopPointRef></To><Direction>outbound</Direction></RouteLink><RouteLink id="RL_RS_54634d_H_1_20"><From><StopPointRef>490004553N</StopPointRef></From><To><StopPointRef>490007031N</StopPointRef></To><Direction>outbound</Direction></RouteLink><RouteLink id="RL_RS_54634d_H_1_21"><From><StopPointRef>490007031N</StopPointRef></From><To><StopPointRef>490014131N</StopPointRef></To><Direction>outbound</Direction></RouteLink><RouteLink id="RL_RS_54634d_H_1_22"><From><StopPointRef>490014131N</StopPointRef></From><To><StopPointRef>490009489N</StopPointRef></To><Direction>outbound</Direction></RouteLink><RouteLink id="RL_RS_54634d_H_1_23"><From><StopPointRef>490009489N</StopPointRef></From><To><StopPointRef>490006086N</StopPointRef></To><Direction>outbound</Direction></RouteLink><RouteLink id="RL_RS_54634d_H_1_24"><From><StopPointRef>490006086N</StopPointRef></From><To><StopPointRef>490003640N</StopPointRef></To><Direction>outbound</Direction></RouteLink><RouteLink id="RL_RS_54634d_H_1_25"><From><StopPointRef>490003640N</StopPointRef></From><To><StopPointRef>490013897N</StopPointRef></To><Direction>outbound</Direction></RouteLink><RouteLink id="RL_RS_54634d_H_1_26"><From><StopPointRef>490013897N</StopPointRef></From><To><StopPointRef>490000107Q</StopPointRef></To><Direction>outbound</Direction></RouteLink><RouteLink id="RL_RS_54634d_H_1_27"><From><StopPointRef>490000107Q</StopPointRef></From><To><StopPointRef>490003634K</StopPointRef></To><Direction>outbound</Direction></RouteLink><RouteLink id="RL_RS_54634d_H_1_28"><From><StopPointRef>490003634K</StopPointRef></From><To><StopPointRef>490015142E</StopPointRef></To><Direction>outbound</Direction></RouteLink><RouteLink id="RL_RS_54634d_H_1_29"><From><StopPointRef>490015142E</StopPointRef></From><To><StopPointRef>490009584W</StopPointRef></To><Direction>outbound</Direction></RouteLink><RouteLink id="RL_RS_54634d_H_1_30"><From><StopPointRef>490009584W</StopPointRef></From><To><StopPointRef>490013909W</StopPointRef></To><Direction>outbound</Direction></RouteLink><RouteLink id="RL_RS_54634d_H_1_31"><From><StopPointRef>490013909W</StopPointRef></From><To><StopPointRef>490003637N</StopPointRef></To><Direction>outbound</Direction></RouteLink></RouteSection><RouteSection id="RS_54634d_R_2"><RouteLink id="RL_RS_54634d_R_2_0"><From><StopPointRef>490003637N</StopPointRef></From><To><StopPointRef>490013909E</StopPointRef></To><Direction>inbound</Direction></RouteLink><RouteLink id="RL_RS_54634d_R_2_1"><From><StopPointRef>490013909E</StopPointRef></From><To><StopPointRef>490015142F</StopPointRef></To><Direction>inbound</Direction></RouteLink><RouteLink id="RL_RS_54634d_R_2_2"><From><StopPointRef>490015142F</StopPointRef></From><To><StopPointRef>490003634G</StopPointRef></To><Direction>inbound</Direction></RouteLink><RouteLink id="RL_RS_54634d_R_2_3"><From><StopPointRef>490003634G</StopPointRef></From><To><StopPointRef>490009772N</StopPointRef></To><Direction>inbound</Direction></RouteLink><RouteLink id="RL_RS_54634d_R_2_4"><From><StopPointRef>490009772N</StopPointRef></From><To><StopPointRef>490000107R</StopPointRef></To><Direction>inbound</Direction></RouteLink><RouteLink id="RL_RS_54634d_R_2_5"><From><StopPointRef>490000107R</StopPointRef></From><To><StopPointRef>490003640S</StopPointRef></To><Direction>inbound</Direction></RouteLink><RouteLink id="RL_RS_54634d_R_2_6"><From><StopPointRef>490003640S</StopPointRef></From><To><StopPointRef>490012613S</StopPointRef></To><Direction>inbound</Direction></RouteLink><RouteLink id="RL_RS_54634d_R_2_7"><From><StopPointRef>490012613S</StopPointRef></From><To><StopPointRef>490006086S</StopPointRef></To><Direction>inbound</Direction></RouteLink><RouteLink id="RL_RS_54634d_R_2_8"><From><StopPointRef>490006086S</StopPointRef></From><To><StopPointRef>490009489S</StopPointRef></To><Direction>inbound</Direction></RouteLink><RouteLink id="RL_RS_54634d_R_2_9"><From><StopPointRef>490009489S</StopPointRef></From><To><StopPointRef>490014131S</StopPointRef></To><Direction>inbound</Direction></RouteLink><RouteLink id="RL_RS_54634d_R_2_10"><From><StopPointRef>490014131S</StopPointRef></From><To><StopPointRef>490007031S</StopPointRef></To><Direction>inbound</Direction></RouteLink><RouteLink id="RL_RS_54634d_R_2_11"><From><StopPointRef>490007031S</StopPointRef></From><To><StopPointRef>490004978S</StopPointRef></To><Direction>inbound</Direction></RouteLink><RouteLink id="RL_RS_54634d_R_2_12"><From><StopPointRef>490004978S</StopPointRef></From><To><StopPointRef>490015488M</StopPointRef></To><Direction>inbound</Direction></RouteLink><RouteLink id="RL_RS_54634d_R_2_13"><From><StopPointRef>490015488M</StopPointRef></From><To><StopPointRef>490007028S</StopPointRef></To><Direction>inbound</Direction></RouteLink><RouteLink id="RL_RS_54634d_R_2_14"><From><StopPointRef>490007028S</StopPointRef></From><To><StopPointRef>490014564F</StopPointRef></To><Direction>inbound</Direction></RouteLink><RouteLink id="RL_RS_54634d_R_2_15"><From><StopPointRef>490014564F</StopPointRef></From><To><StopPointRef>490010139S1</StopPointRef></To><Direction>inbound</Direction></RouteLink><RouteLink id="RL_RS_54634d_R_2_16"><From><StopPointRef>490010139S1</StopPointRef></From><To><StopPointRef>490007280S</StopPointRef></To><Direction>inbound</Direction></RouteLink><RouteLink id="RL_RS_54634d_R_2_17"><From><StopPointRef>490007280S</StopPointRef></From><To><StopPointRef>490007018S</StopPointRef></To><Direction>inbound</Direction></RouteLink><RouteLink id="RL_RS_54634d_R_2_18"><From><StopPointRef>490007018S</StopPointRef></From><To><StopPointRef>490013525S</StopPointRef></To><Direction>inbound</Direction></RouteLink><RouteLink id="RL_RS_54634d_R_2_19"><From><StopPointRef>490013525S</StopPointRef></From><To><StopPointRef>490007030S</StopPointRef></To><Direction>inbound</Direction></RouteLink><RouteLink id="RL_RS_54634d_R_2_20"><From><StopPointRef>490007030S</StopPointRef></From><To><StopPointRef>490007029S</StopPointRef></To><Direction>inbound</Direction></RouteLink><RouteLink id="RL_RS_54634d_R_2_21"><From><StopPointRef>490007029S</StopPointRef></From><To><StopPointRef>490003443S</StopPointRef></To><Direction>inbound</Direction></RouteLink><RouteLink id="RL_RS_54634d_R_2_22"><From><StopPointRef>490003443S</StopPointRef></From><To><StopPointRef>490010327S</StopPointRef></To><Direction>inbound</Direction></RouteLink><RouteLink id="RL_RS_54634d_R_2_23"><From><StopPointRef>490010327S</StopPointRef></From><To><StopPointRef>490007714S</StopPointRef></To><Direction>inbound</Direction></RouteLink><RouteLink id="RL_RS_54634d_R_2_24"><From><StopPointRef>490007714S</StopPointRef></From><To><StopPointRef>490010896S</StopPointRef></To><Direction>inbound</Direction></RouteLink><RouteLink id="RL_RS_54634d_R_2_25"><From><StopPointRef>490010896S</StopPointRef></From><To><StopPointRef>490014725S</StopPointRef></To><Direction>inbound</Direction></RouteLink><RouteLink id="RL_RS_54634d_R_2_26"><From><StopPointRef>490014725S</StopPointRef></From><To><StopPointRef>490003212S</StopPointRef></To><Direction>inbound</Direction></RouteLink><RouteLink id="RL_RS_54634d_R_2_27"><From><StopPointRef>490003212S</StopPointRef></From><To><StopPointRef>490015186B</StopPointRef></To><Direction>inbound</Direction></RouteLink></RouteSection></RouteSections><Routes><Route id="R_54634d_H_1"><PrivateCode>R_54634d_H_1</PrivateCode><Description>Queens Avenue (N10) - Barnet Hospital</Description><RouteSectionRef>RS_54634d_H_1</RouteSectionRef></Route><Route id="R_54634d_R_2"><PrivateCode>R_54634d_R_2</PrivateCode><Description>Barnet Hospital - Muswell Hill (N10)</Description><RouteSectionRef>RS_54634d_R_2</RouteSectionRef></Route></Routes><JourneyPatternSections><JourneyPatternSection id="JPS_54634d_H_1"><JourneyPatternTimingLink id="JPL_54634d_H_1_0"><From SequenceNumber="1"><StopPointRef>490015186A</StopPointRef><TimingStatus>PTP</TimingStatus></From><To SequenceNumber="2"><StopPointRef>490009765N</StopPointRef><TimingStatus>PTP</TimingStatus></To><RunTime>PT120S</RunTime></JourneyPatternTimingLink><JourneyPatternTimingLink id="JPL_54634d_H_1_1"><From SequenceNumber="2"><StopPointRef>490009765N</StopPointRef><TimingStatus>PTP</TimingStatus></From><To SequenceNumber="3"><StopPointRef>490003212N</StopPointRef><TimingStatus>PTP</TimingStatus></To><RunTime>PT120S</RunTime></JourneyPatternTimingLink><JourneyPatternTimingLink id="JPL_54634d_H_1_2"><From SequenceNumber="3"><StopPointRef>490003212N</StopPointRef><TimingStatus>PTP</TimingStatus></From><To SequenceNumber="4"><StopPointRef>490014725N</StopPointRef><TimingStatus>PTP</TimingStatus></To><RunTime>PT120S</RunTime></JourneyPatternTimingLink><JourneyPatternTimingLink id="JPL_54634d_H_1_3"><From SequenceNumber="4"><StopPointRef>490014725N</StopPointRef><TimingStatus>PTP</TimingStatus></From><To SequenceNumber="5"><StopPointRef>490010896N</StopPointRef><TimingStatus>PTP</TimingStatus></To><RunTime>PT120S</RunTime></JourneyPatternTimingLink><JourneyPatternTimingLink id="JPL_54634d_H_1_4"><From SequenceNumber="5"><StopPointRef>490010896N</StopPointRef><TimingStatus>PTP</TimingStatus></From><To SequenceNumber="6"><StopPointRef>490007714N</StopPointRef><TimingStatus>PTP</TimingStatus></To><RunTime>PT120S</RunTime></JourneyPatternTimingLink><JourneyPatternTimingLink id="JPL_54634d_H_1_5"><From SequenceNumber="6"><StopPointRef>490007714N</StopPointRef><TimingStatus>PTP</TimingStatus></From><To SequenceNumber="7"><StopPointRef>490010327N</StopPointRef><TimingStatus>PTP</TimingStatus></To><RunTime>PT72S</RunTime></JourneyPatternTimingLink><JourneyPatternTimingLink id="JPL_54634d_H_1_6"><From SequenceNumber="7"><StopPointRef>490010327N</StopPointRef><TimingStatus>PTP</TimingStatus></From><To SequenceNumber="8"><StopPointRef>490006852N</StopPointRef><TimingStatus>PTP</TimingStatus></To><RunTime>PT78S</RunTime></JourneyPatternTimingLink><JourneyPatternTimingLink id="JPL_54634d_H_1_7"><From SequenceNumber="8"><StopPointRef>490006852N</StopPointRef><TimingStatus>PTP</TimingStatus></From><To SequenceNumber="9"><StopPointRef>490008237N</StopPointRef><TimingStatus>PTP</TimingStatus></To><RunTime>PT72S</RunTime></JourneyPatternTimingLink><JourneyPatternTimingLink id="JPL_54634d_H_1_8"><From SequenceNumber="9"><StopPointRef>490008237N</StopPointRef><TimingStatus>PTP</TimingStatus></From><To SequenceNumber="10"><StopPointRef>490007029N</StopPointRef><TimingStatus>PTP</TimingStatus></To><RunTime>PT78S</RunTime></JourneyPatternTimingLink><JourneyPatternTimingLink id="JPL_54634d_H_1_9"><From SequenceNumber="10"><StopPointRef>490007029N</StopPointRef><TimingStatus>PTP</TimingStatus></From><To SequenceNumber="11"><StopPointRef>490007030N</StopPointRef><TimingStatus>PTP</TimingStatus></To><RunTime>PT48S</RunTime></JourneyPatternTimingLink><JourneyPatternTimingLink id="JPL_54634d_H_1_10"><From SequenceNumber="11"><StopPointRef>490007030N</StopPointRef><TimingStatus>PTP</TimingStatus></From><To SequenceNumber="12"><StopPointRef>490013525N</StopPointRef><TimingStatus>PTP</TimingStatus></To><RunTime>PT54S</RunTime></JourneyPatternTimingLink><JourneyPatternTimingLink id="JPL_54634d_H_1_11"><From SequenceNumber="12"><StopPointRef>490013525N</StopPointRef><TimingStatus>PTP</TimingStatus></From><To SequenceNumber="13"><StopPointRef>490007018N</StopPointRef><TimingStatus>PTP</TimingStatus></To><RunTime>PT54S</RunTime></JourneyPatternTimingLink><JourneyPatternTimingLink id="JPL_54634d_H_1_12"><From SequenceNumber="13"><StopPointRef>490007018N</StopPointRef><TimingStatus>PTP</TimingStatus></From><To SequenceNumber="14"><StopPointRef>490007280N</StopPointRef><TimingStatus>PTP</TimingStatus></To><RunTime>PT48S</RunTime></JourneyPatternTimingLink><JourneyPatternTimingLink id="JPL_54634d_H_1_13"><From SequenceNumber="14"><StopPointRef>490007280N</StopPointRef><TimingStatus>PTP</TimingStatus></From><To SequenceNumber="15"><StopPointRef>490010139S2</StopPointRef><TimingStatus>PTP</TimingStatus></To><RunTime>PT54S</RunTime></JourneyPatternTimingLink><JourneyPatternTimingLink id="JPL_54634d_H_1_14"><From SequenceNumber="15"><StopPointRef>490010139S2</StopPointRef><TimingStatus>PTP</TimingStatus></From><To SequenceNumber="16"><StopPointRef>490009021N</StopPointRef><TimingStatus>PTP</TimingStatus></To><RunTime>PT54S</RunTime></JourneyPatternTimingLink><JourneyPatternTimingLink id="JPL_54634d_H_1_15"><From SequenceNumber="16"><StopPointRef>490009021N</StopPointRef><TimingStatus>PTP</TimingStatus></From><To SequenceNumber="17"><StopPointRef>490014564G</StopPointRef><TimingStatus>PTP</TimingStatus></To><RunTime>PT48S</RunTime></JourneyPatternTimingLink><JourneyPatternTimingLink id="JPL_54634d_H_1_16"><From SequenceNumber="17"><StopPointRef>490014564G</StopPointRef><TimingStatus>PTP</TimingStatus></From><To SequenceNumber="18"><StopPointRef>490007028N</StopPointRef><TimingStatus>PTP</TimingStatus></To><RunTime>PT60S</RunTime></JourneyPatternTimingLink><JourneyPatternTimingLink id="JPL_54634d_H_1_17"><From SequenceNumber="18"><StopPointRef>490007028N</StopPointRef><TimingStatus>PTP</TimingStatus></From><To SequenceNumber="19"><StopPointRef>490015488J</StopPointRef><TimingStatus>PTP</TimingStatus></To><RunTime>PT54S</RunTime></JourneyPatternTimingLink><JourneyPatternTimingLink id="JPL_54634d_H_1_18"><From SequenceNumber="19"><StopPointRef>490015488J</StopPointRef><TimingStatus>PTP</TimingStatus></From><To SequenceNumber="20"><StopPointRef>490004978N</StopPointRef><TimingStatus>PTP</TimingStatus></To><RunTime>PT54S</RunTime></JourneyPatternTimingLink><JourneyPatternTimingLink id="JPL_54634d_H_1_19"><From SequenceNumber="20"><StopPointRef>490004978N</StopPointRef><TimingStatus>PTP</TimingStatus></From><To SequenceNumber="21"><StopPointRef>490004553N</StopPointRef><TimingStatus>PTP</TimingStatus></To><RunTime>PT54S</RunTime></JourneyPatternTimingLink><JourneyPatternTimingLink id="JPL_54634d_H_1_20"><From SequenceNumber="21"><StopPointRef>490004553N</StopPointRef><TimingStatus>PTP</TimingStatus></From><To SequenceNumber="22"><StopPointRef>490007031N</StopPointRef><TimingStatus>PTP</TimingStatus></To><RunTime>PT54S</RunTime></JourneyPatternTimingLink><JourneyPatternTimingLink id="JPL_54634d_H_1_21"><From SequenceNumber="22"><StopPointRef>490007031N</StopPointRef><TimingStatus>PTP</TimingStatus></From><To SequenceNumber="23"><StopPointRef>490014131N</StopPointRef><TimingStatus>PTP</TimingStatus></To><RunTime>PT54S</RunTime></JourneyPatternTimingLink><JourneyPatternTimingLink id="JPL_54634d_H_1_22"><From SequenceNumber="23"><StopPointRef>490014131N</StopPointRef><TimingStatus>PTP</TimingStatus></From><To SequenceNumber="24"><StopPointRef>490009489N</StopPointRef><TimingStatus>PTP</TimingStatus></To><RunTime>PT54S</RunTime></JourneyPatternTimingLink><JourneyPatternTimingLink id="JPL_54634d_H_1_23"><From SequenceNumber="24"><StopPointRef>490009489N</StopPointRef><TimingStatus>PTP</TimingStatus></From><To SequenceNumber="25"><StopPointRef>490006086N</StopPointRef><TimingStatus>PTP</TimingStatus></To><RunTime>PT54S</RunTime></JourneyPatternTimingLink><JourneyPatternTimingLink id="JPL_54634d_H_1_24"><From SequenceNumber="25"><StopPointRef>490006086N</StopPointRef><TimingStatus>PTP</TimingStatus></From><To SequenceNumber="26"><StopPointRef>490003640N</StopPointRef><TimingStatus>PTP</TimingStatus></To><RunTime>PT54S</RunTime></JourneyPatternTimingLink><JourneyPatternTimingLink id="JPL_54634d_H_1_25"><From SequenceNumber="26"><StopPointRef>490003640N</StopPointRef><TimingStatus>PTP</TimingStatus></From><To SequenceNumber="27"><StopPointRef>490013897N</StopPointRef><TimingStatus>PTP</TimingStatus></To><RunTime>PT54S</RunTime></JourneyPatternTimingLink><JourneyPatternTimingLink id="JPL_54634d_H_1_26"><From SequenceNumber="27"><StopPointRef>490013897N</StopPointRef><TimingStatus>PTP</TimingStatus></From><To SequenceNumber="28"><StopPointRef>490000107Q</StopPointRef><TimingStatus>PTP</TimingStatus></To><RunTime>PT54S</RunTime></JourneyPatternTimingLink><JourneyPatternTimingLink id="JPL_54634d_H_1_27"><From SequenceNumber="28"><StopPointRef>490000107Q</StopPointRef><TimingStatus>PTP</TimingStatus></From><To SequenceNumber="29"><StopPointRef>490003634K</StopPointRef><TimingStatus>PTP</TimingStatus></To><RunTime>PT60S</RunTime></JourneyPatternTimingLink><JourneyPatternTimingLink id="JPL_54634d_H_1_28"><From SequenceNumber="29"><StopPointRef>490003634K</StopPointRef><TimingStatus>PTP</TimingStatus></From><To SequenceNumber="30"><StopPointRef>490015142E</StopPointRef><TimingStatus>PTP</TimingStatus></To><RunTime>PT42S</RunTime></JourneyPatternTimingLink><JourneyPatternTimingLink id="JPL_54634d_H_1_29"><From SequenceNumber="30"><StopPointRef>490015142E</StopPointRef><TimingStatus>PTP</TimingStatus></From><To SequenceNumber="31"><StopPointRef>490009584W</StopPointRef><TimingStatus>PTP</TimingStatus></To><RunTime>PT48S</RunTime></JourneyPatternTimingLink><JourneyPatternTimingLink id="JPL_54634d_H_1_30"><From SequenceNumber="31"><StopPointRef>490009584W</StopPointRef><TimingStatus>PTP</TimingStatus></From><To SequenceNumber="32"><StopPointRef>490013909W</StopPointRef><TimingStatus>PTP</TimingStatus></To><RunTime>PT42S</RunTime></JourneyPatternTimingLink><JourneyPatternTimingLink id="JPL_54634d_H_1_31"><From SequenceNumber="32"><StopPointRef>490013909W</StopPointRef><TimingStatus>PTP</TimingStatus></From><To SequenceNumber="33"><StopPointRef>490003637N</StopPointRef><TimingStatus>PTP</TimingStatus></To><RunTime>PT48S</RunTime></JourneyPatternTimingLink></JourneyPatternSection><JourneyPatternSection id="JPS_54634d_R_2"><JourneyPatternTimingLink id="JPL_54634d_R_2_0"><From SequenceNumber="1"><StopPointRef>490003637N</StopPointRef><TimingStatus>PTP</TimingStatus></From><To SequenceNumber="2"><StopPointRef>490013909E</StopPointRef><TimingStatus>PTP</TimingStatus></To><RunTime>PT96S</RunTime></JourneyPatternTimingLink><JourneyPatternTimingLink id="JPL_54634d_R_2_1"><From SequenceNumber="2"><StopPointRef>490013909E</StopPointRef><TimingStatus>PTP</TimingStatus></From><To SequenceNumber="3"><StopPointRef>490015142F</StopPointRef><TimingStatus>PTP</TimingStatus></To><RunTime>PT102S</RunTime></JourneyPatternTimingLink><JourneyPatternTimingLink id="JPL_54634d_R_2_2"><From SequenceNumber="3"><StopPointRef>490015142F</StopPointRef><TimingStatus>PTP</TimingStatus></From><To SequenceNumber="4"><StopPointRef>490003634G</StopPointRef><TimingStatus>PTP</TimingStatus></To><RunTime>PT102S</RunTime></JourneyPatternTimingLink><JourneyPatternTimingLink id="JPL_54634d_R_2_3"><From SequenceNumber="4"><StopPointRef>490003634G</StopPointRef><TimingStatus>PTP</TimingStatus></From><To SequenceNumber="5"><StopPointRef>490009772N</StopPointRef><TimingStatus>PTP</TimingStatus></To><RunTime>PT66S</RunTime></JourneyPatternTimingLink><JourneyPatternTimingLink id="JPL_54634d_R_2_4"><From SequenceNumber="5"><StopPointRef>490009772N</StopPointRef><TimingStatus>PTP</TimingStatus></From><To SequenceNumber="6"><StopPointRef>490000107R</StopPointRef><TimingStatus>PTP</TimingStatus></To><RunTime>PT66S</RunTime></JourneyPatternTimingLink><JourneyPatternTimingLink id="JPL_54634d_R_2_5"><From SequenceNumber="6"><StopPointRef>490000107R</StopPointRef><TimingStatus>PTP</TimingStatus></From><To SequenceNumber="7"><StopPointRef>490003640S</StopPointRef><TimingStatus>PTP</TimingStatus></To><RunTime>PT66S</RunTime></JourneyPatternTimingLink><JourneyPatternTimingLink id="JPL_54634d_R_2_6"><From SequenceNumber="7"><StopPointRef>490003640S</StopPointRef><TimingStatus>PTP</TimingStatus></From><To SequenceNumber="8"><StopPointRef>490012613S</StopPointRef><TimingStatus>PTP</TimingStatus></To><RunTime>PT66S</RunTime></JourneyPatternTimingLink><JourneyPatternTimingLink id="JPL_54634d_R_2_7"><From SequenceNumber="8"><StopPointRef>490012613S</StopPointRef><TimingStatus>PTP</TimingStatus></From><To SequenceNumber="9"><StopPointRef>490006086S</StopPointRef><TimingStatus>PTP</TimingStatus></To><RunTime>PT66S</RunTime></JourneyPatternTimingLink><JourneyPatternTimingLink id="JPL_54634d_R_2_8"><From SequenceNumber="9"><StopPointRef>490006086S</StopPointRef><TimingStatus>PTP</TimingStatus></From><To SequenceNumber="10"><StopPointRef>490009489S</StopPointRef><TimingStatus>PTP</TimingStatus></To><RunTime>PT66S</RunTime></JourneyPatternTimingLink><JourneyPatternTimingLink id="JPL_54634d_R_2_9"><From SequenceNumber="10"><StopPointRef>490009489S</StopPointRef><TimingStatus>PTP</TimingStatus></From><To SequenceNumber="11"><StopPointRef>490014131S</StopPointRef><TimingStatus>PTP</TimingStatus></To><RunTime>PT66S</RunTime></JourneyPatternTimingLink><JourneyPatternTimingLink id="JPL_54634d_R_2_10"><From SequenceNumber="11"><StopPointRef>490014131S</StopPointRef><TimingStatus>PTP</TimingStatus></From><To SequenceNumber="12"><StopPointRef>490007031S</StopPointRef><TimingStatus>PTP</TimingStatus></To><RunTime>PT66S</RunTime></JourneyPatternTimingLink><JourneyPatternTimingLink id="JPL_54634d_R_2_11"><From SequenceNumber="12"><StopPointRef>490007031S</StopPointRef><TimingStatus>PTP</TimingStatus></From><To SequenceNumber="13"><StopPointRef>490004978S</StopPointRef><TimingStatus>PTP</TimingStatus></To><RunTime>PT66S</RunTime></JourneyPatternTimingLink><JourneyPatternTimingLink id="JPL_54634d_R_2_12"><From SequenceNumber="13"><StopPointRef>490004978S</StopPointRef><TimingStatus>PTP</TimingStatus></From><To SequenceNumber="14"><StopPointRef>490015488M</StopPointRef><TimingStatus>PTP</TimingStatus></To><RunTime>PT66S</RunTime></JourneyPatternTimingLink><JourneyPatternTimingLink id="JPL_54634d_R_2_13"><From SequenceNumber="14"><StopPointRef>490015488M</StopPointRef><TimingStatus>PTP</TimingStatus></From><To SequenceNumber="15"><StopPointRef>490007028S</StopPointRef><TimingStatus>PTP</TimingStatus></To><RunTime>PT48S</RunTime></JourneyPatternTimingLink><JourneyPatternTimingLink id="JPL_54634d_R_2_14"><From SequenceNumber="15"><StopPointRef>490007028S</StopPointRef><TimingStatus>PTP</TimingStatus></From><To SequenceNumber="16"><StopPointRef>490014564F</StopPointRef><TimingStatus>PTP</TimingStatus></To><RunTime>PT54S</RunTime></JourneyPatternTimingLink><JourneyPatternTimingLink id="JPL_54634d_R_2_15"><From SequenceNumber="16"><StopPointRef>490014564F</StopPointRef><TimingStatus>PTP</TimingStatus></From><To SequenceNumber="17"><StopPointRef>490010139S1</StopPointRef><TimingStatus>PTP</TimingStatus></To><RunTime>PT48S</RunTime></JourneyPatternTimingLink><JourneyPatternTimingLink id="JPL_54634d_R_2_16"><From SequenceNumber="17"><StopPointRef>490010139S1</StopPointRef><TimingStatus>PTP</TimingStatus></From><To SequenceNumber="18"><StopPointRef>490007280S</StopPointRef><TimingStatus>PTP</TimingStatus></To><RunTime>PT54S</RunTime></JourneyPatternTimingLink><JourneyPatternTimingLink id="JPL_54634d_R_2_17"><From SequenceNumber="18"><StopPointRef>490007280S</StopPointRef><TimingStatus>PTP</TimingStatus></From><To SequenceNumber="19"><StopPointRef>490007018S</StopPointRef><TimingStatus>PTP</TimingStatus></To><RunTime>PT48S</RunTime></JourneyPatternTimingLink><JourneyPatternTimingLink id="JPL_54634d_R_2_18"><From SequenceNumber="19"><StopPointRef>490007018S</StopPointRef><TimingStatus>PTP</TimingStatus></From><To SequenceNumber="20"><StopPointRef>490013525S</StopPointRef><TimingStatus>PTP</TimingStatus></To><RunTime>PT54S</RunTime></JourneyPatternTimingLink><JourneyPatternTimingLink id="JPL_54634d_R_2_19"><From SequenceNumber="20"><StopPointRef>490013525S</StopPointRef><TimingStatus>PTP</TimingStatus></From><To SequenceNumber="21"><StopPointRef>490007030S</StopPointRef><TimingStatus>PTP</TimingStatus></To><RunTime>PT54S</RunTime></JourneyPatternTimingLink><JourneyPatternTimingLink id="JPL_54634d_R_2_20"><From SequenceNumber="21"><StopPointRef>490007030S</StopPointRef><TimingStatus>PTP</TimingStatus></From><To SequenceNumber="22"><StopPointRef>490007029S</StopPointRef><TimingStatus>PTP</TimingStatus></To><RunTime>PT72S</RunTime></JourneyPatternTimingLink><JourneyPatternTimingLink id="JPL_54634d_R_2_21"><From SequenceNumber="22"><StopPointRef>490007029S</StopPointRef><TimingStatus>PTP</TimingStatus></From><To SequenceNumber="23"><StopPointRef>490003443S</StopPointRef><TimingStatus>PTP</TimingStatus></To><RunTime>PT78S</RunTime></JourneyPatternTimingLink><JourneyPatternTimingLink id="JPL_54634d_R_2_22"><From SequenceNumber="23"><StopPointRef>490003443S</StopPointRef><TimingStatus>PTP</TimingStatus></From><To SequenceNumber="24"><StopPointRef>490010327S</StopPointRef><TimingStatus>PTP</TimingStatus></To><RunTime>PT72S</RunTime></JourneyPatternTimingLink><JourneyPatternTimingLink id="JPL_54634d_R_2_23"><From SequenceNumber="24"><StopPointRef>490010327S</StopPointRef><TimingStatus>PTP</TimingStatus></From><To SequenceNumber="25"><StopPointRef>490007714S</StopPointRef><TimingStatus>PTP</TimingStatus></To><RunTime>PT78S</RunTime></JourneyPatternTimingLink><JourneyPatternTimingLink id="JPL_54634d_R_2_24"><From SequenceNumber="25"><StopPointRef>490007714S</StopPointRef><TimingStatus>PTP</TimingStatus></From><To SequenceNumber="26"><StopPointRef>490010896S</StopPointRef><TimingStatus>PTP</TimingStatus></To><RunTime>PT90S</RunTime></JourneyPatternTimingLink><JourneyPatternTimingLink id="JPL_54634d_R_2_25"><From SequenceNumber="26"><StopPointRef>490010896S</StopPointRef><TimingStatus>PTP</TimingStatus></From><To SequenceNumber="27"><StopPointRef>490014725S</StopPointRef><TimingStatus>PTP</TimingStatus></To><RunTime>PT90S</RunTime></JourneyPatternTimingLink><JourneyPatternTimingLink id="JPL_54634d_R_2_26"><From SequenceNumber="27"><StopPointRef>490014725S</StopPointRef><TimingStatus>PTP</TimingStatus></From><To SequenceNumber="28"><StopPointRef>490003212S</StopPointRef><TimingStatus>PTP</TimingStatus></To><RunTime>PT90S</RunTime></JourneyPatternTimingLink><JourneyPatternTimingLink id="JPL_54634d_R_2_27"><From SequenceNumber="28"><StopPointRef>490003212S</StopPointRef><TimingStatus>PTP</TimingStatus></From><To SequenceNumber="29"><StopPointRef>490015186B</StopPointRef><TimingStatus>PTP</TimingStatus></To><RunTime>PT90S</RunTime></JourneyPatternTimingLink></JourneyPatternSection></JourneyPatternSections><Operators><Operator id="OId_54"><OperatorCode>ML</OperatorCode><OperatorShortName>Metroline</OperatorShortName><OperatorNameOnLicence>Metroline</OperatorNameOnLicence><TradingName>Metroline</TradingName></Operator></Operators><Services><Service><ServiceCode>SId_54634d0</ServiceCode><PrivateCode>54634d0</PrivateCode><Lines><Line id="LId_54634d0"><LineName>634</LineName></Line></Lines><OperatingPeriod><StartDate>2009-12-01</StartDate><EndDate>2010-12-23</EndDate></OperatingPeriod><OperatingProfile><RegularDayType>
					<DaysOfWeek>
						<MondayToFriday/>
					</DaysOfWeek>
				</RegularDayType>
				<BankHolidayOperation><DaysOfNonOperation><AllBankHolidays></AllBankHolidays></DaysOfNonOperation></BankHolidayOperation></OperatingProfile><RegisteredOperatorRef>OId_54</RegisteredOperatorRef><StopRequirements><NoNewStopsRequired/></StopRequirements><StandardService><Origin>Queens Avenue (N10)</Origin><Destination>Barnet Hospital</Destination><JourneyPattern id="JP_54634d_H0_1"><Direction>outbound</Direction><Operational><VehicleType><VehicleTypeCode>02</VehicleTypeCode><Description>Single Decker</Description></VehicleType></Operational><RouteRef>R_54634d_H_1</RouteRef><JourneyPatternSectionRefs>JPS_54634d_H_1</JourneyPatternSectionRefs></JourneyPattern><JourneyPattern id="JP_54634d_R0_2"><Direction>inbound</Direction><Operational><VehicleType><VehicleTypeCode>02</VehicleTypeCode><Description>Single Decker</Description></VehicleType></Operational><RouteRef>R_54634d_R_2</RouteRef><JourneyPatternSectionRefs>JPS_54634d_R_2</JourneyPatternSectionRefs></JourneyPattern></StandardService></Service></Services><VehicleJourneys><VehicleJourney><PrivateCode>54634dd0H6340001</PrivateCode><Operational><VehicleType><VehicleTypeCode>02</VehicleTypeCode><Description>Single Decker</Description></VehicleType></Operational><OperatingProfile><RegularDayType>
					<DaysOfWeek>
						<MondayToFriday/>
					</DaysOfWeek>
				</RegularDayType>
			</OperatingProfile><VehicleJourneyCode>54634dd0H6340001</VehicleJourneyCode><ServiceRef>SId_54634d0</ServiceRef><LineRef>LId_54634d0</LineRef><JourneyPatternRef>JP_54634d_H0_1</JourneyPatternRef><DepartureTime>07:55:00</DepartureTime></VehicleJourney><VehicleJourney><PrivateCode>54634dd0R6340002</PrivateCode><Operational><VehicleType><VehicleTypeCode>02</VehicleTypeCode><Description>Single Decker</Description></VehicleType></Operational><OperatingProfile><RegularDayType>
					<DaysOfWeek>
						<MondayToFriday/>
					</DaysOfWeek>
				</RegularDayType>
			</OperatingProfile><VehicleJourneyCode>54634dd0R6340002</VehicleJourneyCode><ServiceRef>SId_54634d0</ServiceRef><LineRef>LId_54634d0</LineRef><JourneyPatternRef>JP_54634d_R0_2</JourneyPatternRef><DepartureTime>15:40:00</DepartureTime></VehicleJourney></VehicleJourneys></TransXChange>
