<?xml version="1.0" encoding="UTF-8"?>
<TransXChange CreationDateTime="2010-10-28T09:18:11" ModificationDateTime="2010-10-28T09:18:11" Modification="new" FileName="G:\mentzdv\Datastore\output_txc_54643d.xml" RevisionNumber="0" SchemaVersion="2.1" xmlns:xsi="http://www.w3.org/2001/XMLSchema-instance" xsi:schemaLocation="http://www.transxchange.org.uk/ http://www.transxchange.org.uk/schema/2.1/TransXChange_general.xsd" xmlns="http://www.transxchange.org.uk/" xmlns:n1="http://www.transxchange.org.uk/" xmlns:n2="http://www.govtalk.gov.uk/people/AddressAndPersonalDetails" xmlns:n3="http://www.govtalk.gov.uk/core" xmlns:n4="http://www.govtalk.gov.uk/people/bs7666"><StopPoints><AnnotatedStopPointRef><StopPointRef>490004282C</StopPointRef><CommonName>Brent Cross Shopping Centre</CommonName><Indicator>stop C</Indicator><LocalityName>Brent Cross</LocalityName><LocalityQualifier>Greater London</LocalityQualifier></AnnotatedStopPointRef><AnnotatedStopPointRef><StopPointRef>490012366E</StopPointRef><CommonName>Spalding Road</CommonName><Indicator>stop E</Indicator><LocalityName>Brent Cross</LocalityName><LocalityQualifier>Greater London</LocalityQualifier></AnnotatedStopPointRef><AnnotatedStopPointRef><StopPointRef>490007337CA</StopPointRef><CommonName>Graham Road (NW4)</CommonName><Indicator>stop CA</Indicator><LocalityName>Hendon</LocalityName><LocalityQualifier>Greater London</LocalityQualifier></AnnotatedStopPointRef><AnnotatedStopPointRef><StopPointRef>490000106F</StopPointRef><CommonName>Hendon Central</CommonName><Indicator>stop F</Indicator><LocalityName>Hendon Central</LocalityName><LocalityQualifier>Greater London</LocalityQualifier></AnnotatedStopPointRef><AnnotatedStopPointRef><StopPointRef>490008056O</StopPointRef><CommonName>Hendon Town Hall</CommonName><Indicator>stop O</Indicator><LocalityName>Hendon</LocalityName><LocalityQualifier>Greater London</LocalityQualifier></AnnotatedStopPointRef><AnnotatedStopPointRef><StopPointRef>490005253Q</StopPointRef><CommonName>Middlesex University (NW4)</CommonName><Indicator>stop Q</Indicator><LocalityName>Hendon</LocalityName><LocalityQualifier>Greater London</LocalityQualifier></AnnotatedStopPointRef><AnnotatedStopPointRef><StopPointRef>490013512E</StopPointRef><CommonName>Hendon / The Quadrant</CommonName><Indicator>stop S</Indicator><LocalityName>Hendon</LocalityName><LocalityQualifier>Greater London</LocalityQualifier></AnnotatedStopPointRef><AnnotatedStopPointRef><StopPointRef>490003218E</StopPointRef><CommonName>Alexandra Road (NW4)</CommonName><Indicator>stop E</Indicator><LocalityName>Hendon</LocalityName><LocalityQualifier>Greater London</LocalityQualifier></AnnotatedStopPointRef><AnnotatedStopPointRef><StopPointRef>490007411E1</StopPointRef><CommonName>Great North Way (NW4)</CommonName><Indicator>stop E</Indicator><LocalityName>Hendon</LocalityName><LocalityQualifier>Greater London</LocalityQualifier></AnnotatedStopPointRef><AnnotatedStopPointRef><StopPointRef>490007422E</StopPointRef><CommonName>Broughton Avenue (N3)</CommonName><Indicator>stop E</Indicator><LocalityName>Hendon (London)</LocalityName><LocalityQualifier>Greater London</LocalityQualifier></AnnotatedStopPointRef><AnnotatedStopPointRef><StopPointRef>490005803N</StopPointRef><CommonName>Crooked Usage (N3)</CommonName><Indicator>stop N</Indicator><LocalityName>Church End (Finchley)</LocalityName><LocalityQualifier>Greater London</LocalityQualifier></AnnotatedStopPointRef><AnnotatedStopPointRef><StopPointRef>490003366N</StopPointRef><CommonName>Arden Road</CommonName><Indicator>stop P</Indicator><LocalityName>Church End (Finchley)</LocalityName><LocalityQualifier>Greater London</LocalityQualifier></AnnotatedStopPointRef><AnnotatedStopPointRef><StopPointRef>490012787E</StopPointRef><CommonName>St Mary's Avenue / Hendon Lane</CommonName><Indicator>stop Q</Indicator><LocalityName>Church End (Finchley)</LocalityName><LocalityQualifier>Greater London</LocalityQualifier></AnnotatedStopPointRef><AnnotatedStopPointRef><StopPointRef>490007385W</StopPointRef><CommonName>Gravel Hill (N3)</CommonName><Indicator>stop R</Indicator><LocalityName>Finchley</LocalityName><LocalityQualifier>Greater London</LocalityQualifier></AnnotatedStopPointRef><AnnotatedStopPointRef><StopPointRef>490008311E</StopPointRef><CommonName>Holmwood Gardens (N3)</CommonName><Indicator>stop T</Indicator><LocalityName>Finchley</LocalityName><LocalityQualifier>Greater London</LocalityQualifier></AnnotatedStopPointRef><AnnotatedStopPointRef><StopPointRef>490009594E1</StopPointRef><CommonName>Manor View (N3)</CommonName><Indicator>stop V</Indicator><LocalityName>Finchley</LocalityName><LocalityQualifier>Greater London</LocalityQualifier></AnnotatedStopPointRef><AnnotatedStopPointRef><StopPointRef>490003670E</StopPointRef><CommonName>Basing Way</CommonName><Indicator>stop W</Indicator><LocalityName>Finchley</LocalityName><LocalityQualifier>Greater London</LocalityQualifier></AnnotatedStopPointRef><AnnotatedStopPointRef><StopPointRef>490005243N</StopPointRef><CommonName>Christ's College (N2)</CommonName><Indicator>stop C</Indicator><LocalityName>Finchley</LocalityName><LocalityQualifier>Greater London</LocalityQualifier></AnnotatedStopPointRef><AnnotatedStopPointRef><StopPointRef>490003670W</StopPointRef><CommonName>Basing Way</CommonName><Indicator>stop D</Indicator><LocalityName>Finchley</LocalityName><LocalityQualifier>Greater London</LocalityQualifier></AnnotatedStopPointRef><AnnotatedStopPointRef><StopPointRef>490009594W1</StopPointRef><CommonName>Manor View (N3)</CommonName><Indicator>stop E</Indicator><LocalityName>Finchley</LocalityName><LocalityQualifier>Greater London</LocalityQualifier></AnnotatedStopPointRef><AnnotatedStopPointRef><StopPointRef>490008311W</StopPointRef><CommonName>Holmwood Gardens (N3)</CommonName><Indicator>stop F</Indicator><LocalityName>Finchley</LocalityName><LocalityQualifier>Greater London</LocalityQualifier></AnnotatedStopPointRef><AnnotatedStopPointRef><StopPointRef>490005254W</StopPointRef><CommonName>Church End (N3)</CommonName><Indicator>stop G</Indicator><LocalityName>Finchley</LocalityName><LocalityQualifier>Greater London</LocalityQualifier></AnnotatedStopPointRef><AnnotatedStopPointRef><StopPointRef>490007385N</StopPointRef><CommonName>Gravel Hill (N3)</CommonName><Indicator>stop L</Indicator><LocalityName>Finchley</LocalityName><LocalityQualifier>Greater London</LocalityQualifier></AnnotatedStopPointRef><AnnotatedStopPointRef><StopPointRef>490012787W</StopPointRef><CommonName>St Mary's Avenue / Hendon Lane</CommonName><Indicator>stop M</Indicator><LocalityName>Church End (Finchley)</LocalityName><LocalityQualifier>Greater London</LocalityQualifier></AnnotatedStopPointRef><AnnotatedStopPointRef><StopPointRef>490003366S</StopPointRef><CommonName>Arden Road</CommonName><Indicator>stop N</Indicator><LocalityName>Church End (Finchley)</LocalityName><LocalityQualifier>Greater London</LocalityQualifier></AnnotatedStopPointRef><AnnotatedStopPointRef><StopPointRef>490005803S</StopPointRef><CommonName>Crooked Usage (N3)</CommonName><Indicator>stop S</Indicator><LocalityName>Church End (Finchley)</LocalityName><LocalityQualifier>Greater London</LocalityQualifier></AnnotatedStopPointRef><AnnotatedStopPointRef><StopPointRef>490007411W2</StopPointRef><CommonName>Broughton Avenue (N3)</CommonName><Indicator>stop W</Indicator><LocalityName>Hendon (London)</LocalityName><LocalityQualifier>Greater London</LocalityQualifier></AnnotatedStopPointRef><AnnotatedStopPointRef><StopPointRef>490007411W1</StopPointRef><CommonName>Great North Way (NW4)</CommonName><Indicator>stop W</Indicator><LocalityName>Hendon</LocalityName><LocalityQualifier>Greater London</LocalityQualifier></AnnotatedStopPointRef><AnnotatedStopPointRef><StopPointRef>490003218W</StopPointRef><CommonName>Alexandra Road (NW4)</CommonName><Indicator>stop W</Indicator><LocalityName>Hendon</LocalityName><LocalityQualifier>Greater London</LocalityQualifier></AnnotatedStopPointRef><AnnotatedStopPointRef><StopPointRef>490013512T</StopPointRef><CommonName>Hendon / The Quadrant</CommonName><Indicator>stop T</Indicator><LocalityName>Hendon</LocalityName><LocalityQualifier>Greater London</LocalityQualifier></AnnotatedStopPointRef><AnnotatedStopPointRef><StopPointRef>490005253R</StopPointRef><CommonName>Church End (NW4)</CommonName><Indicator>stop R</Indicator><LocalityName>Hendon</LocalityName><LocalityQualifier>Greater London</LocalityQualifier></AnnotatedStopPointRef><AnnotatedStopPointRef><StopPointRef>490008056P</StopPointRef><CommonName>Hendon Town Hall</CommonName><Indicator>stop P</Indicator><LocalityName>Hendon</LocalityName><LocalityQualifier>Greater London</LocalityQualifier></AnnotatedStopPointRef><AnnotatedStopPointRef><StopPointRef>490015519N</StopPointRef><CommonName>The Burroughs</CommonName><Indicator>stop N</Indicator><LocalityName>Hendon</LocalityName><LocalityQualifier>Greater London</LocalityQualifier></AnnotatedStopPointRef><AnnotatedStopPointRef><StopPointRef>490008057J</StopPointRef><CommonName>Hendon War Memorial</CommonName><Indicator>stop J</Indicator><LocalityName>Hendon</LocalityName><LocalityQualifier>Greater London</LocalityQualifier></AnnotatedStopPointRef><AnnotatedStopPointRef><StopPointRef>490000106G</StopPointRef><CommonName>Hendon Central</CommonName><Indicator>stop G</Indicator><LocalityName>Hendon Central</LocalityName><LocalityQualifier>Greater London</LocalityQualifier></AnnotatedStopPointRef><AnnotatedStopPointRef><StopPointRef>490003724S</StopPointRef><CommonName>Beaufort Gardens (NW4)</CommonName><Indicator>stop S</Indicator><LocalityName>Hendon</LocalityName><LocalityQualifier>Greater London</LocalityQualifier></AnnotatedStopPointRef><AnnotatedStopPointRef><StopPointRef>490010329H</StopPointRef><CommonName>North Circular Rd / Hendon Way</CommonName><Indicator>stop H</Indicator><LocalityName>Brent Cross</LocalityName><LocalityQualifier>Greater London</LocalityQualifier></AnnotatedStopPointRef><AnnotatedStopPointRef><StopPointRef>490011191F</StopPointRef><CommonName>Prince Charles Drive</CommonName><Indicator>stop F</Indicator><LocalityName>Golders Green</LocalityName><LocalityQualifier>Greater London</LocalityQualifier></AnnotatedStopPointRef><AnnotatedStopPointRef><StopPointRef>490004282A</StopPointRef><CommonName>Brent Cross Shopping Centre</CommonName><Indicator>stop A</Indicator><LocalityName>Brent Cross</LocalityName><LocalityQualifier>Greater London</LocalityQualifier></AnnotatedStopPointRef></StopPoints><RouteSections><RouteSection id="RS_54643d_H_1"><RouteLink id="RL_RS_54643d_H_1_0"><From><StopPointRef>490004282C</StopPointRef></From><To><StopPointRef>490012366E</StopPointRef></To><Direction>outbound</Direction></RouteLink><RouteLink id="RL_RS_54643d_H_1_1"><From><StopPointRef>490012366E</StopPointRef></From><To><StopPointRef>490007337CA</StopPointRef></To><Distance>585</Distance><Direction>outbound</Direction></RouteLink><RouteLink id="RL_RS_54643d_H_1_2"><From><StopPointRef>490007337CA</StopPointRef></From><To><StopPointRef>490000106F</StopPointRef></To><Distance>278</Distance><Direction>outbound</Direction></RouteLink><RouteLink id="RL_RS_54643d_H_1_3"><From><StopPointRef>490000106F</StopPointRef></From><To><StopPointRef>490008056O</StopPointRef></To><Distance>473</Distance><Direction>outbound</Direction></RouteLink><RouteLink id="RL_RS_54643d_H_1_4"><From><StopPointRef>490008056O</StopPointRef></From><To><StopPointRef>490005253Q</StopPointRef></To><Direction>outbound</Direction></RouteLink><RouteLink id="RL_RS_54643d_H_1_5"><From><StopPointRef>490005253Q</StopPointRef></From><To><StopPointRef>490013512E</StopPointRef></To><Direction>outbound</Direction></RouteLink><RouteLink id="RL_RS_54643d_H_1_6"><From><StopPointRef>490013512E</StopPointRef></From><To><StopPointRef>490003218E</StopPointRef></To><Distance>382</Distance><Direction>outbound</Direction></RouteLink><RouteLink id="RL_RS_54643d_H_1_7"><From><StopPointRef>490003218E</StopPointRef></From><To><StopPointRef>490007411E1</StopPointRef></To><Distance>205</Distance><Direction>outbound</Direction></RouteLink><RouteLink id="RL_RS_54643d_H_1_8"><From><StopPointRef>490007411E1</StopPointRef></From><To><StopPointRef>490007422E</StopPointRef></To><Distance>170</Distance><Direction>outbound</Direction></RouteLink><RouteLink id="RL_RS_54643d_H_1_9"><From><StopPointRef>490007422E</StopPointRef></From><To><StopPointRef>490005803N</StopPointRef></To><Distance>266</Distance><Direction>outbound</Direction></RouteLink><RouteLink id="RL_RS_54643d_H_1_10"><From><StopPointRef>490005803N</StopPointRef></From><To><StopPointRef>490003366N</StopPointRef></To><Distance>349</Distance><Direction>outbound</Direction></RouteLink><RouteLink id="RL_RS_54643d_H_1_11"><From><StopPointRef>490003366N</StopPointRef></From><To><StopPointRef>490012787E</StopPointRef></To><Distance>303</Distance><Direction>outbound</Direction></RouteLink><RouteLink id="RL_RS_54643d_H_1_12"><From><StopPointRef>490012787E</StopPointRef></From><To><StopPointRef>490007385W</StopPointRef></To><Distance>267</Distance><Direction>outbound</Direction></RouteLink><RouteLink id="RL_RS_54643d_H_1_13"><From><StopPointRef>490007385W</StopPointRef></From><To><StopPointRef>490008311E</StopPointRef></To><Direction>outbound</Direction></RouteLink><RouteLink id="RL_RS_54643d_H_1_14"><From><StopPointRef>490008311E</StopPointRef></From><To><StopPointRef>490009594E1</StopPointRef></To><Direction>outbound</Direction></RouteLink><RouteLink id="RL_RS_54643d_H_1_15"><From><StopPointRef>490009594E1</StopPointRef></From><To><StopPointRef>490003670E</StopPointRef></To><Direction>outbound</Direction></RouteLink><RouteLink id="RL_RS_54643d_H_1_16"><From><StopPointRef>490003670E</StopPointRef></From><To><StopPointRef>490005243N</StopPointRef></To><Direction>outbound</Direction></RouteLink></RouteSection><RouteSection id="RS_54643d_R_2"><RouteLink id="RL_RS_54643d_R_2_0"><From><StopPointRef>490005243N</StopPointRef></From><To><StopPointRef>490003670W</StopPointRef></To><Direction>inbound</Direction></RouteLink><RouteLink id="RL_RS_54643d_R_2_1"><From><StopPointRef>490003670W</StopPointRef></From><To><StopPointRef>490009594W1</StopPointRef></To><Direction>inbound</Direction></RouteLink><RouteLink id="RL_RS_54643d_R_2_2"><From><StopPointRef>490009594W1</StopPointRef></From><To><StopPointRef>490008311W</StopPointRef></To><Direction>inbound</Direction></RouteLink><RouteLink id="RL_RS_54643d_R_2_3"><From><StopPointRef>490008311W</StopPointRef></From><To><StopPointRef>490005254W</StopPointRef></To><Direction>inbound</Direction></RouteLink><RouteLink id="RL_RS_54643d_R_2_4"><From><StopPointRef>490005254W</StopPointRef></From><To><StopPointRef>490007385N</StopPointRef></To><Direction>inbound</Direction></RouteLink><RouteLink id="RL_RS_54643d_R_2_5"><From><StopPointRef>490007385N</StopPointRef></From><To><StopPointRef>490012787W</StopPointRef></To><Distance>307</Distance><Direction>inbound</Direction></RouteLink><RouteLink id="RL_RS_54643d_R_2_6"><From><StopPointRef>490012787W</StopPointRef></From><To><StopPointRef>490003366S</StopPointRef></To><Distance>331</Distance><Direction>inbound</Direction></RouteLink><RouteLink id="RL_RS_54643d_R_2_7"><From><StopPointRef>490003366S</StopPointRef></From><To><StopPointRef>490005803S</StopPointRef></To><Distance>286</Distance><Direction>inbound</Direction></RouteLink><RouteLink id="RL_RS_54643d_R_2_8"><From><StopPointRef>490005803S</StopPointRef></From><To><StopPointRef>490007411W2</StopPointRef></To><Direction>inbound</Direction></RouteLink><RouteLink id="RL_RS_54643d_R_2_9"><From><StopPointRef>490007411W2</StopPointRef></From><To><StopPointRef>490007411W1</StopPointRef></To><Direction>inbound</Direction></RouteLink><RouteLink id="RL_RS_54643d_R_2_10"><From><StopPointRef>490007411W1</StopPointRef></From><To><StopPointRef>490003218W</StopPointRef></To><Distance>231</Distance><Direction>inbound</Direction></RouteLink><RouteLink id="RL_RS_54643d_R_2_11"><From><StopPointRef>490003218W</StopPointRef></From><To><StopPointRef>490013512T</StopPointRef></To><Distance>322</Distance><Direction>inbound</Direction></RouteLink><RouteLink id="RL_RS_54643d_R_2_12"><From><StopPointRef>490013512T</StopPointRef></From><To><StopPointRef>490005253R</StopPointRef></To><Distance>297</Distance><Direction>inbound</Direction></RouteLink><RouteLink id="RL_RS_54643d_R_2_13"><From><StopPointRef>490005253R</StopPointRef></From><To><StopPointRef>490008056P</StopPointRef></To><Distance>365</Distance><Direction>inbound</Direction></RouteLink><RouteLink id="RL_RS_54643d_R_2_14"><From><StopPointRef>490008056P</StopPointRef></From><To><StopPointRef>490015519N</StopPointRef></To><Distance>178</Distance><Direction>inbound</Direction></RouteLink><RouteLink id="RL_RS_54643d_R_2_15"><From><StopPointRef>490015519N</StopPointRef></From><To><StopPointRef>490008057J</StopPointRef></To><Distance>114</Distance><Direction>inbound</Direction></RouteLink><RouteLink id="RL_RS_54643d_R_2_16"><From><StopPointRef>490008057J</StopPointRef></From><To><StopPointRef>490000106G</StopPointRef></To><Distance>267</Distance><Direction>inbound</Direction></RouteLink><RouteLink id="RL_RS_54643d_R_2_17"><From><StopPointRef>490000106G</StopPointRef></From><To><StopPointRef>490003724S</StopPointRef></To><Distance>474</Distance><Direction>inbound</Direction></RouteLink><RouteLink id="RL_RS_54643d_R_2_18"><From><StopPointRef>490003724S</StopPointRef></From><To><StopPointRef>490010329H</StopPointRef></To><Distance>496</Distance><Direction>inbound</Direction></RouteLink><RouteLink id="RL_RS_54643d_R_2_19"><From><StopPointRef>490010329H</StopPointRef></From><To><StopPointRef>490011191F</StopPointRef></To><Distance>409</Distance><Direction>inbound</Direction></RouteLink><RouteLink id="RL_RS_54643d_R_2_20"><From><StopPointRef>490011191F</StopPointRef></From><To><StopPointRef>490004282A</StopPointRef></To><Distance>256</Distance><Direction>inbound</Direction></RouteLink></RouteSection></RouteSections><Routes><Route id="R_54643d_H_1"><PrivateCode>R_54643d_H_1</PrivateCode><Description>Brent Cross Shopping Centre - Christ's College (N2)</Description><RouteSectionRef>RS_54643d_H_1</RouteSectionRef></Route><Route id="R_54643d_R_2"><PrivateCode>R_54643d_R_2</PrivateCode><Description>Christ's College (N2) - Brent Cross Shopping Centre</Description><RouteSectionRef>RS_54643d_R_2</RouteSectionRef></Route></Routes><JourneyPatternSections><JourneyPatternSection id="JPS_54643d_H_1"><JourneyPatternTimingLink id="JPL_54643d_H_1_0"><From SequenceNumber="1"><StopPointRef>490004282C</StopPointRef><TimingStatus>PTP</TimingStatus></From><To SequenceNumber="2"><StopPointRef>490012366E</StopPointRef><TimingStatus>PTP</TimingStatus></To><RunTime>PT96S</RunTime></JourneyPatternTimingLink><JourneyPatternTimingLink id="JPL_54643d_H_1_1"><From SequenceNumber="2"><StopPointRef>490012366E</StopPointRef><TimingStatus>PTP</TimingStatus></From><To SequenceNumber="3"><StopPointRef>490007337CA</StopPointRef><TimingStatus>PTP</TimingStatus></To><RunTime>PT96S</RunTime></JourneyPatternTimingLink><JourneyPatternTimingLink id="JPL_54643d_H_1_2"><From SequenceNumber="3"><StopPointRef>490007337CA</StopPointRef><TimingStatus>PTP</TimingStatus></From><To SequenceNumber="4"><StopPointRef>490000106F</StopPointRef><TimingStatus>PTP</TimingStatus></To><RunTime>PT108S</RunTime></JourneyPatternTimingLink><JourneyPatternTimingLink id="JPL_54643d_H_1_3"><From SequenceNumber="4"><StopPointRef>490000106F</StopPointRef><TimingStatus>PTP</TimingStatus></From><To SequenceNumber="5"><StopPointRef>490008056O</StopPointRef><TimingStatus>PTP</TimingStatus></To><RunTime>PT96S</RunTime></JourneyPatternTimingLink><JourneyPatternTimingLink id="JPL_54643d_H_1_4"><From SequenceNumber="5"><StopPointRef>490008056O</StopPointRef><TimingStatus>PTP</TimingStatus></From><To SequenceNumber="6"><StopPointRef>490005253Q</StopPointRef><TimingStatus>PTP</TimingStatus></To><RunTime>PT96S</RunTime></JourneyPatternTimingLink><JourneyPatternTimingLink id="JPL_54643d_H_1_5"><From SequenceNumber="6"><StopPointRef>490005253Q</StopPointRef><TimingStatus>PTP</TimingStatus></From><To SequenceNumber="7"><StopPointRef>490013512E</StopPointRef><TimingStatus>PTP</TimingStatus></To><RunTime>PT108S</RunTime></JourneyPatternTimingLink><JourneyPatternTimingLink id="JPL_54643d_H_1_6"><From SequenceNumber="7"><StopPointRef>490013512E</StopPointRef><TimingStatus>PTP</TimingStatus></From><To SequenceNumber="8"><StopPointRef>490003218E</StopPointRef><TimingStatus>PTP</TimingStatus></To><RunTime>PT66S</RunTime></JourneyPatternTimingLink><JourneyPatternTimingLink id="JPL_54643d_H_1_7"><From SequenceNumber="8"><StopPointRef>490003218E</StopPointRef><TimingStatus>PTP</TimingStatus></From><To SequenceNumber="9"><StopPointRef>490007411E1</StopPointRef><TimingStatus>PTP</TimingStatus></To><RunTime>PT66S</RunTime></JourneyPatternTimingLink><JourneyPatternTimingLink id="JPL_54643d_H_1_8"><From SequenceNumber="9"><StopPointRef>490007411E1</StopPointRef><TimingStatus>PTP</TimingStatus></From><To SequenceNumber="10"><StopPointRef>490007422E</StopPointRef><TimingStatus>PTP</TimingStatus></To><RunTime>PT66S</RunTime></JourneyPatternTimingLink><JourneyPatternTimingLink id="JPL_54643d_H_1_9"><From SequenceNumber="10"><StopPointRef>490007422E</StopPointRef><TimingStatus>PTP</TimingStatus></From><To SequenceNumber="11"><StopPointRef>490005803N</StopPointRef><TimingStatus>PTP</TimingStatus></To><RunTime>PT66S</RunTime></JourneyPatternTimingLink><JourneyPatternTimingLink id="JPL_54643d_H_1_10"><From SequenceNumber="11"><StopPointRef>490005803N</StopPointRef><TimingStatus>PTP</TimingStatus></From><To SequenceNumber="12"><StopPointRef>490003366N</StopPointRef><TimingStatus>PTP</TimingStatus></To><RunTime>PT66S</RunTime></JourneyPatternTimingLink><JourneyPatternTimingLink id="JPL_54643d_H_1_11"><From SequenceNumber="12"><StopPointRef>490003366N</StopPointRef><TimingStatus>PTP</TimingStatus></From><To SequenceNumber="13"><StopPointRef>490012787E</StopPointRef><TimingStatus>PTP</TimingStatus></To><RunTime>PT66S</RunTime></JourneyPatternTimingLink><JourneyPatternTimingLink id="JPL_54643d_H_1_12"><From SequenceNumber="13"><StopPointRef>490012787E</StopPointRef><TimingStatus>PTP</TimingStatus></From><To SequenceNumber="14"><StopPointRef>490007385W</StopPointRef><TimingStatus>PTP</TimingStatus></To><RunTime>PT84S</RunTime></JourneyPatternTimingLink><JourneyPatternTimingLink id="JPL_54643d_H_1_13"><From SequenceNumber="14"><StopPointRef>490007385W</StopPointRef><TimingStatus>PTP</TimingStatus></From><To SequenceNumber="15"><StopPointRef>490008311E</StopPointRef><TimingStatus>PTP</TimingStatus></To><RunTime>PT150S</RunTime></JourneyPatternTimingLink><JourneyPatternTimingLink id="JPL_54643d_H_1_14"><From SequenceNumber="15"><StopPointRef>490008311E</StopPointRef><TimingStatus>PTP</TimingStatus></From><To SequenceNumber="16"><StopPointRef>490009594E1</StopPointRef><TimingStatus>PTP</TimingStatus></To><RunTime>PT150S</RunTime></JourneyPatternTimingLink><JourneyPatternTimingLink id="JPL_54643d_H_1_15"><From SequenceNumber="16"><StopPointRef>490009594E1</StopPointRef><TimingStatus>PTP</TimingStatus></From><To SequenceNumber="17"><StopPointRef>490003670E</StopPointRef><TimingStatus>PTP</TimingStatus></To><RunTime>PT150S</RunTime></JourneyPatternTimingLink><JourneyPatternTimingLink id="JPL_54643d_H_1_16"><From SequenceNumber="17"><StopPointRef>490003670E</StopPointRef><TimingStatus>PTP</TimingStatus></From><To SequenceNumber="18"><StopPointRef>490005243N</StopPointRef><TimingStatus>PTP</TimingStatus></To><RunTime>PT150S</RunTime></JourneyPatternTimingLink></JourneyPatternSection><JourneyPatternSection id="JPS_54643d_R_2"><JourneyPatternTimingLink id="JPL_54643d_R_2_0"><From SequenceNumber="1"><StopPointRef>490005243N</StopPointRef><TimingStatus>PTP</TimingStatus></From><To SequenceNumber="2"><StopPointRef>490003670W</StopPointRef><TimingStatus>PTP</TimingStatus></To><RunTime>PT42S</RunTime></JourneyPatternTimingLink><JourneyPatternTimingLink id="JPL_54643d_R_2_1"><From SequenceNumber="2"><StopPointRef>490003670W</StopPointRef><TimingStatus>PTP</TimingStatus></From><To SequenceNumber="3"><StopPointRef>490009594W1</StopPointRef><TimingStatus>PTP</TimingStatus></To><RunTime>PT42S</RunTime></JourneyPatternTimingLink><JourneyPatternTimingLink id="JPL_54643d_R_2_2"><From SequenceNumber="3"><StopPointRef>490009594W1</StopPointRef><TimingStatus>PTP</TimingStatus></From><To SequenceNumber="4"><StopPointRef>490008311W</StopPointRef><TimingStatus>PTP</TimingStatus></To><RunTime>PT42S</RunTime></JourneyPatternTimingLink><JourneyPatternTimingLink id="JPL_54643d_R_2_3"><From SequenceNumber="4"><StopPointRef>490008311W</StopPointRef><TimingStatus>PTP</TimingStatus></From><To SequenceNumber="5"><StopPointRef>490005254W</StopPointRef><TimingStatus>PTP</TimingStatus></To><RunTime>PT54S</RunTime></JourneyPatternTimingLink><JourneyPatternTimingLink id="JPL_54643d_R_2_4"><From SequenceNumber="5"><StopPointRef>490005254W</StopPointRef><TimingStatus>PTP</TimingStatus></From><To SequenceNumber="6"><StopPointRef>490007385N</StopPointRef><TimingStatus>PTP</TimingStatus></To><RunTime>PT66S</RunTime></JourneyPatternTimingLink><JourneyPatternTimingLink id="JPL_54643d_R_2_5"><From SequenceNumber="6"><StopPointRef>490007385N</StopPointRef><TimingStatus>PTP</TimingStatus></From><To SequenceNumber="7"><StopPointRef>490012787W</StopPointRef><TimingStatus>PTP</TimingStatus></To><RunTime>PT66S</RunTime></JourneyPatternTimingLink><JourneyPatternTimingLink id="JPL_54643d_R_2_6"><From SequenceNumber="7"><StopPointRef>490012787W</StopPointRef><TimingStatus>PTP</TimingStatus></From><To SequenceNumber="8"><StopPointRef>490003366S</StopPointRef><TimingStatus>PTP</TimingStatus></To><RunTime>PT66S</RunTime></JourneyPatternTimingLink><JourneyPatternTimingLink id="JPL_54643d_R_2_7"><From SequenceNumber="8"><StopPointRef>490003366S</StopPointRef><TimingStatus>PTP</TimingStatus></From><To SequenceNumber="9"><StopPointRef>490005803S</StopPointRef><TimingStatus>PTP</TimingStatus></To><RunTime>PT66S</RunTime></JourneyPatternTimingLink><JourneyPatternTimingLink id="JPL_54643d_R_2_8"><From SequenceNumber="9"><StopPointRef>490005803S</StopPointRef><TimingStatus>PTP</TimingStatus></From><To SequenceNumber="10"><StopPointRef>490007411W2</StopPointRef><TimingStatus>PTP</TimingStatus></To><RunTime>PT66S</RunTime></JourneyPatternTimingLink><JourneyPatternTimingLink id="JPL_54643d_R_2_9"><From SequenceNumber="10"><StopPointRef>490007411W2</StopPointRef><TimingStatus>PTP</TimingStatus></From><To SequenceNumber="11"><StopPointRef>490007411W1</StopPointRef><TimingStatus>PTP</TimingStatus></To><RunTime>PT66S</RunTime></JourneyPatternTimingLink><JourneyPatternTimingLink id="JPL_54643d_R_2_10"><From SequenceNumber="11"><StopPointRef>490007411W1</StopPointRef><TimingStatus>PTP</TimingStatus></From><To SequenceNumber="12"><StopPointRef>490003218W</StopPointRef><TimingStatus>PTP</TimingStatus></To><RunTime>PT66S</RunTime></JourneyPatternTimingLink><JourneyPatternTimingLink id="JPL_54643d_R_2_11"><From SequenceNumber="12"><StopPointRef>490003218W</StopPointRef><TimingStatus>PTP</TimingStatus></From><To SequenceNumber="13"><StopPointRef>490013512T</StopPointRef><TimingStatus>PTP</TimingStatus></To><RunTime>PT78S</RunTime></JourneyPatternTimingLink><JourneyPatternTimingLink id="JPL_54643d_R_2_12"><From SequenceNumber="13"><StopPointRef>490013512T</StopPointRef><TimingStatus>PTP</TimingStatus></From><To SequenceNumber="14"><StopPointRef>490005253R</StopPointRef><TimingStatus>PTP</TimingStatus></To><RunTime>PT72S</RunTime></JourneyPatternTimingLink><JourneyPatternTimingLink id="JPL_54643d_R_2_13"><From SequenceNumber="14"><StopPointRef>490005253R</StopPointRef><TimingStatus>PTP</TimingStatus></From><To SequenceNumber="15"><StopPointRef>490008056P</StopPointRef><TimingStatus>PTP</TimingStatus></To><RunTime>PT72S</RunTime></JourneyPatternTimingLink><JourneyPatternTimingLink id="JPL_54643d_R_2_14"><From SequenceNumber="15"><StopPointRef>490008056P</StopPointRef><TimingStatus>PTP</TimingStatus></From><To SequenceNumber="16"><StopPointRef>490015519N</StopPointRef><TimingStatus>PTP</TimingStatus></To><RunTime>PT72S</RunTime></JourneyPatternTimingLink><JourneyPatternTimingLink id="JPL_54643d_R_2_15"><From SequenceNumber="16"><StopPointRef>490015519N</StopPointRef><TimingStatus>PTP</TimingStatus></From><To SequenceNumber="17"><StopPointRef>490008057J</StopPointRef><TimingStatus>PTP</TimingStatus></To><RunTime>PT72S</RunTime></JourneyPatternTimingLink><JourneyPatternTimingLink id="JPL_54643d_R_2_16"><From SequenceNumber="17"><StopPointRef>490008057J</StopPointRef><TimingStatus>PTP</TimingStatus></From><To SequenceNumber="18"><StopPointRef>490000106G</StopPointRef><TimingStatus>PTP</TimingStatus></To><RunTime>PT72S</RunTime></JourneyPatternTimingLink><JourneyPatternTimingLink id="JPL_54643d_R_2_17"><From SequenceNumber="18"><StopPointRef>490000106G</StopPointRef><TimingStatus>PTP</TimingStatus></From><To SequenceNumber="19"><StopPointRef>490003724S</StopPointRef><TimingStatus>PTP</TimingStatus></To><RunTime>PT72S</RunTime></JourneyPatternTimingLink><JourneyPatternTimingLink id="JPL_54643d_R_2_18"><From SequenceNumber="19"><StopPointRef>490003724S</StopPointRef><TimingStatus>PTP</TimingStatus></From><To SequenceNumber="20"><StopPointRef>490010329H</StopPointRef><TimingStatus>PTP</TimingStatus></To><RunTime>PT72S</RunTime></JourneyPatternTimingLink><JourneyPatternTimingLink id="JPL_54643d_R_2_19"><From SequenceNumber="20"><StopPointRef>490010329H</StopPointRef><TimingStatus>PTP</TimingStatus></From><To SequenceNumber="21"><StopPointRef>490011191F</StopPointRef><TimingStatus>PTP</TimingStatus></To><RunTime>PT72S</RunTime></JourneyPatternTimingLink><JourneyPatternTimingLink id="JPL_54643d_R_2_20"><From SequenceNumber="21"><StopPointRef>490011191F</StopPointRef><TimingStatus>PTP</TimingStatus></From><To SequenceNumber="22"><StopPointRef>490004282A</StopPointRef><TimingStatus>PTP</TimingStatus></To><RunTime>PT84S</RunTime></JourneyPatternTimingLink></JourneyPatternSection></JourneyPatternSections><Operators><Operator id="OId_ML"><OperatorCode>ML</OperatorCode><OperatorShortName>ML</OperatorShortName><OperatorNameOnLicence>ML</OperatorNameOnLicence><TradingName>ML</TradingName></Operator></Operators><Services><Service><ServiceCode>SId_54643d0</ServiceCode><PrivateCode>54643d0</PrivateCode><Lines><Line id="LId_54643d0"><LineName>643</LineName></Line></Lines><OperatingPeriod><StartDate>2009-12-01</StartDate><EndDate>2010-12-23</EndDate></OperatingPeriod><OperatingProfile><RegularDayType>
					<DaysOfWeek>
						<MondayToFriday/>
					</DaysOfWeek>
				</RegularDayType>
				<BankHolidayOperation><DaysOfNonOperation><AllBankHolidays></AllBankHolidays></DaysOfNonOperation></BankHolidayOperation></OperatingProfile><RegisteredOperatorRef>OId_ML</RegisteredOperatorRef><StopRequirements><NoNewStopsRequired/></StopRequirements><StandardService><Origin>Brent Cross Shopping Centre</Origin><Destination>Christ's College (N2)</Destination><JourneyPattern id="JP_54643d_H0_1"><Direction>outbound</Direction><Operational><VehicleType><VehicleTypeCode>07</VehicleTypeCode><Description>Double Decker Low Floor</Description></VehicleType></Operational><RouteRef>R_54643d_H_1</RouteRef><JourneyPatternSectionRefs>JPS_54643d_H_1</JourneyPatternSectionRefs></JourneyPattern><JourneyPattern id="JP_54643d_R0_2"><Direction>inbound</Direction><Operational><VehicleType><VehicleTypeCode>07</VehicleTypeCode><Description>Double Decker Low Floor</Description></VehicleType></Operational><RouteRef>R_54643d_R_2</RouteRef><JourneyPatternSectionRefs>JPS_54643d_R_2</JourneyPatternSectionRefs></JourneyPattern></StandardService></Service></Services><VehicleJourneys><VehicleJourney><PrivateCode>54643dd0H6430002</PrivateCode><Operational><VehicleType><VehicleTypeCode>07</VehicleTypeCode><Description>Double Decker Low Floor</Description></VehicleType></Operational><OperatingProfile><RegularDayType>
					<DaysOfWeek>
						<MondayToFriday/>
					</DaysOfWeek>
				</RegularDayType>
			</OperatingProfile><VehicleJourneyCode>54643dd0H6430002</VehicleJourneyCode><ServiceRef>SId_54643d0</ServiceRef><LineRef>LId_54643d0</LineRef><JourneyPatternRef>JP_54643d_H0_1</JourneyPatternRef><DepartureTime>08:00:00</DepartureTime></VehicleJourney><VehicleJourney><PrivateCode>54643dd0H6430004</PrivateCode><Operational><VehicleType><VehicleTypeCode>07</VehicleTypeCode><Description>Double Decker Low Floor</Description></VehicleType></Operational><OperatingProfile><RegularDayType>
					<DaysOfWeek>
						<MondayToFriday/>
					</DaysOfWeek>
				</RegularDayType>
			</OperatingProfile><VehicleJourneyCode>54643dd0H6430004</VehicleJourneyCode><ServiceRef>SId_54643d0</ServiceRef><LineRef>LId_54643d0</LineRef><JourneyPatternRef>JP_54643d_H0_1</JourneyPatternRef><DepartureTime>08:02:00</DepartureTime></VehicleJourney><VehicleJourney><PrivateCode>54643dd0R6430001</PrivateCode><Operational><VehicleType><VehicleTypeCode>07</VehicleTypeCode><Description>Double Decker Low Floor</Description></VehicleType></Operational><OperatingProfile><RegularDayType>
					<DaysOfWeek>
						<MondayToFriday/>
					</DaysOfWeek>
				</RegularDayType>
			</OperatingProfile><VehicleJourneyCode>54643dd0R6430001</VehicleJourneyCode><ServiceRef>SId_54643d0</ServiceRef><LineRef>LId_54643d0</LineRef><JourneyPatternRef>JP_54643d_R0_2</JourneyPatternRef><DepartureTime>15:45:00</DepartureTime></VehicleJourney><VehicleJourney><PrivateCode>54643dd0R6430003</PrivateCode><Operational><VehicleType><VehicleTypeCode>07</VehicleTypeCode><Description>Double Decker Low Floor</Description></VehicleType></Operational><OperatingProfile><RegularDayType>
					<DaysOfWeek>
						<MondayToFriday/>
					</DaysOfWeek>
				</RegularDayType>
			</OperatingProfile><VehicleJourneyCode>54643dd0R6430003</VehicleJourneyCode><ServiceRef>SId_54643d0</ServiceRef><LineRef>LId_54643d0</LineRef><JourneyPatternRef>JP_54643d_R0_2</JourneyPatternRef><DepartureTime>15:47:00</DepartureTime></VehicleJourney></VehicleJourneys></TransXChange>
