<?xml version="1.0" encoding="UTF-8"?>
<TransXChange CreationDateTime="2010-10-28T09:06:26" ModificationDateTime="2010-10-28T09:06:26" Modification="new" FileName="G:\mentzdv\Datastore\output_txc_48661a.xml" RevisionNumber="0" SchemaVersion="2.1" xmlns:xsi="http://www.w3.org/2001/XMLSchema-instance" xsi:schemaLocation="http://www.transxchange.org.uk/ http://www.transxchange.org.uk/schema/2.1/TransXChange_general.xsd" xmlns="http://www.transxchange.org.uk/" xmlns:n1="http://www.transxchange.org.uk/" xmlns:n2="http://www.govtalk.gov.uk/people/AddressAndPersonalDetails" xmlns:n3="http://www.govtalk.gov.uk/core" xmlns:n4="http://www.govtalk.gov.uk/people/bs7666"><StopPoints><AnnotatedStopPointRef><StopPointRef>40004405165A</StopPointRef><CommonName>Claygate Lane (KT10)</CommonName><Indicator>stop S</Indicator><LocalityName>Hinchley Wood/Surrey</LocalityName><LocalityQualifier>Surrey</LocalityQualifier></AnnotatedStopPointRef><AnnotatedStopPointRef><StopPointRef>40004405170B</StopPointRef><CommonName>Hinchley Wood / Crossroads</CommonName><Indicator>stop W</Indicator><LocalityName>Hinchley Wood</LocalityName><LocalityQualifier>Surrey</LocalityQualifier></AnnotatedStopPointRef><AnnotatedStopPointRef><StopPointRef>40004405132A</StopPointRef><CommonName>Weston Green / Weston Green Rd</CommonName><Indicator>stop N</Indicator><LocalityName>Weston Green (Surrey)</LocalityName><LocalityQualifier>Surrey</LocalityQualifier></AnnotatedStopPointRef><AnnotatedStopPointRef><StopPointRef>40004405133A</StopPointRef><CommonName>Lime Trees Avenue</CommonName><Indicator>stop N</Indicator><LocalityName>Weston Green (Surrey)</LocalityName><LocalityQualifier>Surrey</LocalityQualifier></AnnotatedStopPointRef><AnnotatedStopPointRef><StopPointRef>40004405134A</StopPointRef><CommonName>Thames Ditton / Embercourt Rd</CommonName><Indicator>stop N</Indicator><LocalityName>Thames Ditton</LocalityName><LocalityQualifier>Surrey</LocalityQualifier></AnnotatedStopPointRef><AnnotatedStopPointRef><StopPointRef>40004405216A</StopPointRef><CommonName>Thames Ditton / Ember Gardens</CommonName><Indicator>stop W</Indicator><LocalityName>Thames Ditton</LocalityName><LocalityQualifier>Surrey</LocalityQualifier></AnnotatedStopPointRef><AnnotatedStopPointRef><StopPointRef>40004405181B</StopPointRef><CommonName>Orchard Lane / Ember Lane</CommonName><Indicator>stop N</Indicator><LocalityName>East Molesey</LocalityName><LocalityQualifier>Surrey</LocalityQualifier></AnnotatedStopPointRef><AnnotatedStopPointRef><StopPointRef>40004405249B</StopPointRef><CommonName>Thames Ditton / Riverside Ave</CommonName><Indicator>stop N</Indicator><LocalityName>Thames Ditton</LocalityName><LocalityQualifier>Surrey</LocalityQualifier></AnnotatedStopPointRef><AnnotatedStopPointRef><StopPointRef>40004405302A</StopPointRef><CommonName>Hanser Grove</CommonName><Indicator>stop W</Indicator><LocalityName>East Molesey</LocalityName><LocalityQualifier>Surrey</LocalityQualifier></AnnotatedStopPointRef><AnnotatedStopPointRef><StopPointRef>40004405128B</StopPointRef><CommonName>Manor Road / Spencer Road</CommonName><Indicator>stop NW</Indicator><LocalityName>East Molesey</LocalityName><LocalityQualifier>Surrey</LocalityQualifier></AnnotatedStopPointRef><AnnotatedStopPointRef><StopPointRef>40004405127B</StopPointRef><CommonName>Dennis Road</CommonName><Indicator>stop NW</Indicator><LocalityName>West Molesey</LocalityName><LocalityQualifier>Surrey</LocalityQualifier></AnnotatedStopPointRef><AnnotatedStopPointRef><StopPointRef>40004405126A</StopPointRef><CommonName>Spreighton Road (KT8)</CommonName><Indicator>stop W</Indicator><LocalityName>West Molesey</LocalityName><LocalityQualifier>Surrey</LocalityQualifier></AnnotatedStopPointRef><AnnotatedStopPointRef><StopPointRef>40004405125B</StopPointRef><CommonName>West Molesey War Memorial</CommonName><Indicator>stop W</Indicator><LocalityName>West Molesey</LocalityName><LocalityQualifier>Surrey</LocalityQualifier></AnnotatedStopPointRef><AnnotatedStopPointRef><StopPointRef>40004405118A</StopPointRef><CommonName>Faraday Road (KT8)</CommonName><Indicator>stop W</Indicator><LocalityName>West Molesey</LocalityName><LocalityQualifier>Surrey</LocalityQualifier></AnnotatedStopPointRef><AnnotatedStopPointRef><StopPointRef>40004405117A</StopPointRef><CommonName>First Avenue / Walton Road</CommonName><Indicator>stop SW</Indicator><LocalityName>West Molesey</LocalityName><LocalityQualifier>Surrey</LocalityQualifier></AnnotatedStopPointRef><AnnotatedStopPointRef><StopPointRef>40004405116A</StopPointRef><CommonName>Central Square (KT8)</CommonName><Indicator>stop E</Indicator><LocalityName>West Molesey</LocalityName><LocalityQualifier>Surrey</LocalityQualifier></AnnotatedStopPointRef><AnnotatedStopPointRef><StopPointRef>40004405117B</StopPointRef><CommonName>First Avenue / Walton Road</CommonName><Indicator>stop NE</Indicator><LocalityName>West Molesey</LocalityName><LocalityQualifier>Surrey</LocalityQualifier></AnnotatedStopPointRef><AnnotatedStopPointRef><StopPointRef>40004405118B</StopPointRef><CommonName>Faraday Road (KT8)</CommonName><Indicator>stop E</Indicator><LocalityName>West Molesey</LocalityName><LocalityQualifier>Surrey</LocalityQualifier></AnnotatedStopPointRef><AnnotatedStopPointRef><StopPointRef>40004405119B</StopPointRef><CommonName>New Road</CommonName><Indicator>stop N</Indicator><LocalityName>West Molesey</LocalityName><LocalityQualifier>Surrey</LocalityQualifier></AnnotatedStopPointRef><AnnotatedStopPointRef><StopPointRef>40004405120B</StopPointRef><CommonName>The Paddock</CommonName><Indicator>stop E</Indicator><LocalityName>West Molesey</LocalityName><LocalityQualifier>Surrey</LocalityQualifier></AnnotatedStopPointRef><AnnotatedStopPointRef><StopPointRef>40004405121A</StopPointRef><CommonName>Lavender Court (KT8)</CommonName><Indicator>stop E</Indicator><LocalityName>West Molesey</LocalityName><LocalityQualifier>Surrey</LocalityQualifier></AnnotatedStopPointRef><AnnotatedStopPointRef><StopPointRef>40004405122B</StopPointRef><CommonName>Merton Way</CommonName><Indicator>stop E</Indicator><LocalityName>West Molesey</LocalityName><LocalityQualifier>Surrey</LocalityQualifier></AnnotatedStopPointRef><AnnotatedStopPointRef><StopPointRef>40004405123B</StopPointRef><CommonName>Graburn Way</CommonName><Indicator>stop SE</Indicator><LocalityName>East Molesey</LocalityName><LocalityQualifier>Surrey</LocalityQualifier></AnnotatedStopPointRef><AnnotatedStopPointRef><StopPointRef>40004405217A</StopPointRef><CommonName>Hampton Court</CommonName><Indicator>stop H</Indicator><LocalityName>East Molesey</LocalityName><LocalityQualifier>Surrey</LocalityQualifier></AnnotatedStopPointRef><AnnotatedStopPointRef><StopPointRef>40004405217B</StopPointRef><CommonName>Hampton Court</CommonName><Indicator>stop J</Indicator><LocalityName>East Molesey</LocalityName><LocalityQualifier>Surrey</LocalityQualifier></AnnotatedStopPointRef><AnnotatedStopPointRef><StopPointRef>40004405124A</StopPointRef><CommonName>Swimming Pool</CommonName><Indicator>stop NW</Indicator><LocalityName>East Molesey</LocalityName><LocalityQualifier>Surrey</LocalityQualifier></AnnotatedStopPointRef><AnnotatedStopPointRef><StopPointRef>40004405123A</StopPointRef><CommonName>Graburn Way</CommonName><Indicator>stop NW</Indicator><LocalityName>East Molesey</LocalityName><LocalityQualifier>Surrey</LocalityQualifier></AnnotatedStopPointRef><AnnotatedStopPointRef><StopPointRef>40004405122A</StopPointRef><CommonName>Merton Way</CommonName><Indicator>stop W</Indicator><LocalityName>West Molesey</LocalityName><LocalityQualifier>Surrey</LocalityQualifier></AnnotatedStopPointRef><AnnotatedStopPointRef><StopPointRef>40004405121B</StopPointRef><CommonName>Lavender Court (KT8)</CommonName><Indicator>stop W</Indicator><LocalityName>West Molesey</LocalityName><LocalityQualifier>Surrey</LocalityQualifier></AnnotatedStopPointRef><AnnotatedStopPointRef><StopPointRef>40004405120A</StopPointRef><CommonName>The Paddock</CommonName><Indicator>stop W</Indicator><LocalityName>West Molesey</LocalityName><LocalityQualifier>Surrey</LocalityQualifier></AnnotatedStopPointRef><AnnotatedStopPointRef><StopPointRef>40004405119A</StopPointRef><CommonName>New Road</CommonName><Indicator>stop S</Indicator><LocalityName>West Molesey</LocalityName><LocalityQualifier>Surrey</LocalityQualifier></AnnotatedStopPointRef><AnnotatedStopPointRef><StopPointRef>40004405125A</StopPointRef><CommonName>West Molesey War Memorial</CommonName><Indicator>stop E</Indicator><LocalityName>West Molesey</LocalityName><LocalityQualifier>Surrey</LocalityQualifier></AnnotatedStopPointRef><AnnotatedStopPointRef><StopPointRef>40004405126B</StopPointRef><CommonName>Spreighton Road (KT8)</CommonName><Indicator>stop E</Indicator><LocalityName>West Molesey</LocalityName><LocalityQualifier>Surrey</LocalityQualifier></AnnotatedStopPointRef><AnnotatedStopPointRef><StopPointRef>40004405127A</StopPointRef><CommonName>Dennis Road</CommonName><Indicator>stop SE</Indicator><LocalityName>West Molesey</LocalityName><LocalityQualifier>Surrey</LocalityQualifier></AnnotatedStopPointRef><AnnotatedStopPointRef><StopPointRef>40004405128A</StopPointRef><CommonName>Manor Road / Spencer Road</CommonName><Indicator>stop SE</Indicator><LocalityName>East Molesey</LocalityName><LocalityQualifier>Surrey</LocalityQualifier></AnnotatedStopPointRef><AnnotatedStopPointRef><StopPointRef>40004405129A</StopPointRef><CommonName>East Molesey Police Station</CommonName><Indicator>stop E</Indicator><LocalityName>East Molesey</LocalityName><LocalityQualifier>Surrey</LocalityQualifier></AnnotatedStopPointRef><AnnotatedStopPointRef><StopPointRef>40004405249A</StopPointRef><CommonName>Thames Ditton / Riverside Ave</CommonName><Indicator>stop S</Indicator><LocalityName>Thames Ditton</LocalityName><LocalityQualifier>Surrey</LocalityQualifier></AnnotatedStopPointRef><AnnotatedStopPointRef><StopPointRef>40004405181A</StopPointRef><CommonName>Orchard Lane / Ember Lane</CommonName><Indicator>stop S</Indicator><LocalityName>East Molesey</LocalityName><LocalityQualifier>Surrey</LocalityQualifier></AnnotatedStopPointRef><AnnotatedStopPointRef><StopPointRef>40004405216B</StopPointRef><CommonName>Thames Ditton / Ember Gardens</CommonName><Indicator>stop E</Indicator><LocalityName>Thames Ditton</LocalityName><LocalityQualifier>Surrey</LocalityQualifier></AnnotatedStopPointRef><AnnotatedStopPointRef><StopPointRef>40004405134B</StopPointRef><CommonName>Thames Ditton / Embercourt Rd</CommonName><Indicator>stop S</Indicator><LocalityName>Thames Ditton</LocalityName><LocalityQualifier>Surrey</LocalityQualifier></AnnotatedStopPointRef><AnnotatedStopPointRef><StopPointRef>40004405133B</StopPointRef><CommonName>Lime Trees Avenue</CommonName><Indicator>stop S</Indicator><LocalityName>Weston Green (Surrey)</LocalityName><LocalityQualifier>Surrey</LocalityQualifier></AnnotatedStopPointRef><AnnotatedStopPointRef><StopPointRef>40004405132B</StopPointRef><CommonName>Weston Green / Weston Green Rd</CommonName><Indicator>stop S</Indicator><LocalityName>Weston Green (Surrey)</LocalityName><LocalityQualifier>Surrey</LocalityQualifier></AnnotatedStopPointRef><AnnotatedStopPointRef><StopPointRef>40004405164B</StopPointRef><CommonName>Hinchley Wood</CommonName><Indicator>stop N</Indicator><LocalityName>Hinchley Wood/Surrey</LocalityName><LocalityQualifier>Surrey</LocalityQualifier></AnnotatedStopPointRef></StopPoints><RouteSections><RouteSection id="RS_48661a_H_1"><RouteLink id="RL_RS_48661a_H_1_0"><From><StopPointRef>40004405165A</StopPointRef></From><To><StopPointRef>40004405170B</StopPointRef></To><Direction>outbound</Direction></RouteLink><RouteLink id="RL_RS_48661a_H_1_1"><From><StopPointRef>40004405170B</StopPointRef></From><To><StopPointRef>40004405132A</StopPointRef></To><Direction>outbound</Direction></RouteLink><RouteLink id="RL_RS_48661a_H_1_2"><From><StopPointRef>40004405132A</StopPointRef></From><To><StopPointRef>40004405133A</StopPointRef></To><Direction>outbound</Direction></RouteLink><RouteLink id="RL_RS_48661a_H_1_3"><From><StopPointRef>40004405133A</StopPointRef></From><To><StopPointRef>40004405134A</StopPointRef></To><Direction>outbound</Direction></RouteLink><RouteLink id="RL_RS_48661a_H_1_4"><From><StopPointRef>40004405134A</StopPointRef></From><To><StopPointRef>40004405216A</StopPointRef></To><Direction>outbound</Direction></RouteLink><RouteLink id="RL_RS_48661a_H_1_5"><From><StopPointRef>40004405216A</StopPointRef></From><To><StopPointRef>40004405181B</StopPointRef></To><Direction>outbound</Direction></RouteLink><RouteLink id="RL_RS_48661a_H_1_6"><From><StopPointRef>40004405181B</StopPointRef></From><To><StopPointRef>40004405249B</StopPointRef></To><Direction>outbound</Direction></RouteLink><RouteLink id="RL_RS_48661a_H_1_7"><From><StopPointRef>40004405249B</StopPointRef></From><To><StopPointRef>40004405302A</StopPointRef></To><Direction>outbound</Direction></RouteLink><RouteLink id="RL_RS_48661a_H_1_8"><From><StopPointRef>40004405302A</StopPointRef></From><To><StopPointRef>40004405128B</StopPointRef></To><Direction>outbound</Direction></RouteLink><RouteLink id="RL_RS_48661a_H_1_9"><From><StopPointRef>40004405128B</StopPointRef></From><To><StopPointRef>40004405127B</StopPointRef></To><Direction>outbound</Direction></RouteLink><RouteLink id="RL_RS_48661a_H_1_10"><From><StopPointRef>40004405127B</StopPointRef></From><To><StopPointRef>40004405126A</StopPointRef></To><Direction>outbound</Direction></RouteLink><RouteLink id="RL_RS_48661a_H_1_11"><From><StopPointRef>40004405126A</StopPointRef></From><To><StopPointRef>40004405125B</StopPointRef></To><Direction>outbound</Direction></RouteLink><RouteLink id="RL_RS_48661a_H_1_12"><From><StopPointRef>40004405125B</StopPointRef></From><To><StopPointRef>40004405118A</StopPointRef></To><Direction>outbound</Direction></RouteLink><RouteLink id="RL_RS_48661a_H_1_13"><From><StopPointRef>40004405118A</StopPointRef></From><To><StopPointRef>40004405117A</StopPointRef></To><Direction>outbound</Direction></RouteLink><RouteLink id="RL_RS_48661a_H_1_14"><From><StopPointRef>40004405117A</StopPointRef></From><To><StopPointRef>40004405116A</StopPointRef></To><Direction>outbound</Direction></RouteLink><RouteLink id="RL_RS_48661a_H_1_15"><From><StopPointRef>40004405116A</StopPointRef></From><To><StopPointRef>40004405117B</StopPointRef></To><Direction>outbound</Direction></RouteLink><RouteLink id="RL_RS_48661a_H_1_16"><From><StopPointRef>40004405117B</StopPointRef></From><To><StopPointRef>40004405118B</StopPointRef></To><Direction>outbound</Direction></RouteLink><RouteLink id="RL_RS_48661a_H_1_17"><From><StopPointRef>40004405118B</StopPointRef></From><To><StopPointRef>40004405119B</StopPointRef></To><Direction>outbound</Direction></RouteLink><RouteLink id="RL_RS_48661a_H_1_18"><From><StopPointRef>40004405119B</StopPointRef></From><To><StopPointRef>40004405120B</StopPointRef></To><Direction>outbound</Direction></RouteLink><RouteLink id="RL_RS_48661a_H_1_19"><From><StopPointRef>40004405120B</StopPointRef></From><To><StopPointRef>40004405121A</StopPointRef></To><Direction>outbound</Direction></RouteLink><RouteLink id="RL_RS_48661a_H_1_20"><From><StopPointRef>40004405121A</StopPointRef></From><To><StopPointRef>40004405122B</StopPointRef></To><Direction>outbound</Direction></RouteLink><RouteLink id="RL_RS_48661a_H_1_21"><From><StopPointRef>40004405122B</StopPointRef></From><To><StopPointRef>40004405123B</StopPointRef></To><Direction>outbound</Direction></RouteLink><RouteLink id="RL_RS_48661a_H_1_22"><From><StopPointRef>40004405123B</StopPointRef></From><To><StopPointRef>40004405217A</StopPointRef></To><Direction>outbound</Direction></RouteLink></RouteSection><RouteSection id="RS_48661a_R_2"><RouteLink id="RL_RS_48661a_R_2_0"><From><StopPointRef>40004405217B</StopPointRef></From><To><StopPointRef>40004405124A</StopPointRef></To><Direction>inbound</Direction></RouteLink><RouteLink id="RL_RS_48661a_R_2_1"><From><StopPointRef>40004405124A</StopPointRef></From><To><StopPointRef>40004405123A</StopPointRef></To><Direction>inbound</Direction></RouteLink><RouteLink id="RL_RS_48661a_R_2_2"><From><StopPointRef>40004405123A</StopPointRef></From><To><StopPointRef>40004405122A</StopPointRef></To><Direction>inbound</Direction></RouteLink><RouteLink id="RL_RS_48661a_R_2_3"><From><StopPointRef>40004405122A</StopPointRef></From><To><StopPointRef>40004405121B</StopPointRef></To><Direction>inbound</Direction></RouteLink><RouteLink id="RL_RS_48661a_R_2_4"><From><StopPointRef>40004405121B</StopPointRef></From><To><StopPointRef>40004405120A</StopPointRef></To><Direction>inbound</Direction></RouteLink><RouteLink id="RL_RS_48661a_R_2_5"><From><StopPointRef>40004405120A</StopPointRef></From><To><StopPointRef>40004405119A</StopPointRef></To><Direction>inbound</Direction></RouteLink><RouteLink id="RL_RS_48661a_R_2_6"><From><StopPointRef>40004405119A</StopPointRef></From><To><StopPointRef>40004405118A</StopPointRef></To><Direction>inbound</Direction></RouteLink><RouteLink id="RL_RS_48661a_R_2_7"><From><StopPointRef>40004405118A</StopPointRef></From><To><StopPointRef>40004405117A</StopPointRef></To><Direction>inbound</Direction></RouteLink><RouteLink id="RL_RS_48661a_R_2_8"><From><StopPointRef>40004405117A</StopPointRef></From><To><StopPointRef>40004405116A</StopPointRef></To><Direction>inbound</Direction></RouteLink><RouteLink id="RL_RS_48661a_R_2_9"><From><StopPointRef>40004405116A</StopPointRef></From><To><StopPointRef>40004405117B</StopPointRef></To><Direction>inbound</Direction></RouteLink><RouteLink id="RL_RS_48661a_R_2_10"><From><StopPointRef>40004405117B</StopPointRef></From><To><StopPointRef>40004405118B</StopPointRef></To><Direction>inbound</Direction></RouteLink><RouteLink id="RL_RS_48661a_R_2_11"><From><StopPointRef>40004405118B</StopPointRef></From><To><StopPointRef>40004405125A</StopPointRef></To><Direction>inbound</Direction></RouteLink><RouteLink id="RL_RS_48661a_R_2_12"><From><StopPointRef>40004405125A</StopPointRef></From><To><StopPointRef>40004405126B</StopPointRef></To><Direction>inbound</Direction></RouteLink><RouteLink id="RL_RS_48661a_R_2_13"><From><StopPointRef>40004405126B</StopPointRef></From><To><StopPointRef>40004405127A</StopPointRef></To><Direction>inbound</Direction></RouteLink><RouteLink id="RL_RS_48661a_R_2_14"><From><StopPointRef>40004405127A</StopPointRef></From><To><StopPointRef>40004405128A</StopPointRef></To><Direction>inbound</Direction></RouteLink><RouteLink id="RL_RS_48661a_R_2_15"><From><StopPointRef>40004405128A</StopPointRef></From><To><StopPointRef>40004405129A</StopPointRef></To><Direction>inbound</Direction></RouteLink><RouteLink id="RL_RS_48661a_R_2_16"><From><StopPointRef>40004405129A</StopPointRef></From><To><StopPointRef>40004405249A</StopPointRef></To><Direction>inbound</Direction></RouteLink><RouteLink id="RL_RS_48661a_R_2_17"><From><StopPointRef>40004405249A</StopPointRef></From><To><StopPointRef>40004405181A</StopPointRef></To><Direction>inbound</Direction></RouteLink><RouteLink id="RL_RS_48661a_R_2_18"><From><StopPointRef>40004405181A</StopPointRef></From><To><StopPointRef>40004405216B</StopPointRef></To><Direction>inbound</Direction></RouteLink><RouteLink id="RL_RS_48661a_R_2_19"><From><StopPointRef>40004405216B</StopPointRef></From><To><StopPointRef>40004405134B</StopPointRef></To><Direction>inbound</Direction></RouteLink><RouteLink id="RL_RS_48661a_R_2_20"><From><StopPointRef>40004405134B</StopPointRef></From><To><StopPointRef>40004405133B</StopPointRef></To><Direction>inbound</Direction></RouteLink><RouteLink id="RL_RS_48661a_R_2_21"><From><StopPointRef>40004405133B</StopPointRef></From><To><StopPointRef>40004405132B</StopPointRef></To><Direction>inbound</Direction></RouteLink><RouteLink id="RL_RS_48661a_R_2_22"><From><StopPointRef>40004405132B</StopPointRef></From><To><StopPointRef>40004405164B</StopPointRef></To><Direction>inbound</Direction></RouteLink><RouteLink id="RL_RS_48661a_R_2_23"><From><StopPointRef>40004405164B</StopPointRef></From><To><StopPointRef>40004405165A</StopPointRef></To><Direction>inbound</Direction></RouteLink></RouteSection></RouteSections><Routes><Route id="R_48661a_H_1"><PrivateCode>R_48661a_H_1</PrivateCode><Description>Claygate Lane (KT10) - Hampton Court</Description><RouteSectionRef>RS_48661a_H_1</RouteSectionRef></Route><Route id="R_48661a_R_2"><PrivateCode>R_48661a_R_2</PrivateCode><Description>Hampton Court - Claygate Lane (KT10)</Description><RouteSectionRef>RS_48661a_R_2</RouteSectionRef></Route></Routes><JourneyPatternSections><JourneyPatternSection id="JPS_48661a_H_1"><JourneyPatternTimingLink id="JPL_48661a_H_1_0"><From SequenceNumber="1"><StopPointRef>40004405165A</StopPointRef><TimingStatus>PTP</TimingStatus></From><To SequenceNumber="2"><StopPointRef>40004405170B</StopPointRef><TimingStatus>OTH</TimingStatus></To><RunTime>PT138S</RunTime></JourneyPatternTimingLink><JourneyPatternTimingLink id="JPL_48661a_H_1_1"><From SequenceNumber="2"><StopPointRef>40004405170B</StopPointRef><TimingStatus>OTH</TimingStatus></From><To SequenceNumber="3"><StopPointRef>40004405132A</StopPointRef><TimingStatus>OTH</TimingStatus></To><RunTime>PT138S</RunTime></JourneyPatternTimingLink><JourneyPatternTimingLink id="JPL_48661a_H_1_2"><From SequenceNumber="3"><StopPointRef>40004405132A</StopPointRef><TimingStatus>OTH</TimingStatus></From><To SequenceNumber="4"><StopPointRef>40004405133A</StopPointRef><TimingStatus>OTH</TimingStatus></To><RunTime>PT138S</RunTime></JourneyPatternTimingLink><JourneyPatternTimingLink id="JPL_48661a_H_1_3"><From SequenceNumber="4"><StopPointRef>40004405133A</StopPointRef><TimingStatus>OTH</TimingStatus></From><To SequenceNumber="5"><StopPointRef>40004405134A</StopPointRef><TimingStatus>OTH</TimingStatus></To><RunTime>PT138S</RunTime></JourneyPatternTimingLink><JourneyPatternTimingLink id="JPL_48661a_H_1_4"><From SequenceNumber="5"><StopPointRef>40004405134A</StopPointRef><TimingStatus>OTH</TimingStatus></From><To SequenceNumber="6"><StopPointRef>40004405216A</StopPointRef><TimingStatus>OTH</TimingStatus></To><RunTime>PT138S</RunTime></JourneyPatternTimingLink><JourneyPatternTimingLink id="JPL_48661a_H_1_5"><From SequenceNumber="6"><StopPointRef>40004405216A</StopPointRef><TimingStatus>OTH</TimingStatus></From><To SequenceNumber="7"><StopPointRef>40004405181B</StopPointRef><TimingStatus>PTP</TimingStatus></To><RunTime>PT150S</RunTime></JourneyPatternTimingLink><JourneyPatternTimingLink id="JPL_48661a_H_1_6"><From SequenceNumber="7"><StopPointRef>40004405181B</StopPointRef><TimingStatus>PTP</TimingStatus></From><To SequenceNumber="8"><StopPointRef>40004405249B</StopPointRef><TimingStatus>OTH</TimingStatus></To><RunTime>PT36S</RunTime></JourneyPatternTimingLink><JourneyPatternTimingLink id="JPL_48661a_H_1_7"><From SequenceNumber="8"><StopPointRef>40004405249B</StopPointRef><TimingStatus>OTH</TimingStatus></From><To SequenceNumber="9"><StopPointRef>40004405302A</StopPointRef><TimingStatus>OTH</TimingStatus></To><RunTime>PT36S</RunTime></JourneyPatternTimingLink><JourneyPatternTimingLink id="JPL_48661a_H_1_8"><From SequenceNumber="9"><StopPointRef>40004405302A</StopPointRef><TimingStatus>OTH</TimingStatus></From><To SequenceNumber="10"><StopPointRef>40004405128B</StopPointRef><TimingStatus>PTP</TimingStatus></To><RunTime>PT48S</RunTime></JourneyPatternTimingLink><JourneyPatternTimingLink id="JPL_48661a_H_1_9"><From SequenceNumber="10"><StopPointRef>40004405128B</StopPointRef><TimingStatus>PTP</TimingStatus></From><To SequenceNumber="11"><StopPointRef>40004405127B</StopPointRef><TimingStatus>OTH</TimingStatus></To><RunTime>PT36S</RunTime></JourneyPatternTimingLink><JourneyPatternTimingLink id="JPL_48661a_H_1_10"><From SequenceNumber="11"><StopPointRef>40004405127B</StopPointRef><TimingStatus>OTH</TimingStatus></From><To SequenceNumber="12"><StopPointRef>40004405126A</StopPointRef><TimingStatus>OTH</TimingStatus></To><RunTime>PT36S</RunTime></JourneyPatternTimingLink><JourneyPatternTimingLink id="JPL_48661a_H_1_11"><From SequenceNumber="12"><StopPointRef>40004405126A</StopPointRef><TimingStatus>OTH</TimingStatus></From><To SequenceNumber="13"><StopPointRef>40004405125B</StopPointRef><TimingStatus>PTP</TimingStatus></To><RunTime>PT48S</RunTime></JourneyPatternTimingLink><JourneyPatternTimingLink id="JPL_48661a_H_1_12"><From SequenceNumber="13"><StopPointRef>40004405125B</StopPointRef><TimingStatus>PTP</TimingStatus></From><To SequenceNumber="14"><StopPointRef>40004405118A</StopPointRef><TimingStatus>OTH</TimingStatus></To><RunTime>PT36S</RunTime></JourneyPatternTimingLink><JourneyPatternTimingLink id="JPL_48661a_H_1_13"><From SequenceNumber="14"><StopPointRef>40004405118A</StopPointRef><TimingStatus>OTH</TimingStatus></From><To SequenceNumber="15"><StopPointRef>40004405117A</StopPointRef><TimingStatus>OTH</TimingStatus></To><RunTime>PT36S</RunTime></JourneyPatternTimingLink><JourneyPatternTimingLink id="JPL_48661a_H_1_14"><From SequenceNumber="15"><StopPointRef>40004405117A</StopPointRef><TimingStatus>OTH</TimingStatus></From><To SequenceNumber="16"><StopPointRef>40004405116A</StopPointRef><TimingStatus>PTP</TimingStatus></To><RunTime>PT48S</RunTime></JourneyPatternTimingLink><JourneyPatternTimingLink id="JPL_48661a_H_1_15"><From SequenceNumber="16"><StopPointRef>40004405116A</StopPointRef><TimingStatus>PTP</TimingStatus></From><To SequenceNumber="17"><StopPointRef>40004405117B</StopPointRef><TimingStatus>OTH</TimingStatus></To><RunTime>PT60S</RunTime></JourneyPatternTimingLink><JourneyPatternTimingLink id="JPL_48661a_H_1_16"><From SequenceNumber="17"><StopPointRef>40004405117B</StopPointRef><TimingStatus>OTH</TimingStatus></From><To SequenceNumber="18"><StopPointRef>40004405118B</StopPointRef><TimingStatus>OTH</TimingStatus></To><RunTime>PT60S</RunTime></JourneyPatternTimingLink><JourneyPatternTimingLink id="JPL_48661a_H_1_17"><From SequenceNumber="18"><StopPointRef>40004405118B</StopPointRef><TimingStatus>OTH</TimingStatus></From><To SequenceNumber="19"><StopPointRef>40004405119B</StopPointRef><TimingStatus>OTH</TimingStatus></To><RunTime>PT60S</RunTime></JourneyPatternTimingLink><JourneyPatternTimingLink id="JPL_48661a_H_1_18"><From SequenceNumber="19"><StopPointRef>40004405119B</StopPointRef><TimingStatus>OTH</TimingStatus></From><To SequenceNumber="20"><StopPointRef>40004405120B</StopPointRef><TimingStatus>PTP</TimingStatus></To><RunTime>PT60S</RunTime></JourneyPatternTimingLink><JourneyPatternTimingLink id="JPL_48661a_H_1_19"><From SequenceNumber="20"><StopPointRef>40004405120B</StopPointRef><TimingStatus>PTP</TimingStatus></From><To SequenceNumber="21"><StopPointRef>40004405121A</StopPointRef><TimingStatus>OTH</TimingStatus></To><RunTime>PT42S</RunTime></JourneyPatternTimingLink><JourneyPatternTimingLink id="JPL_48661a_H_1_20"><From SequenceNumber="21"><StopPointRef>40004405121A</StopPointRef><TimingStatus>OTH</TimingStatus></From><To SequenceNumber="22"><StopPointRef>40004405122B</StopPointRef><TimingStatus>OTH</TimingStatus></To><RunTime>PT42S</RunTime></JourneyPatternTimingLink><JourneyPatternTimingLink id="JPL_48661a_H_1_21"><From SequenceNumber="22"><StopPointRef>40004405122B</StopPointRef><TimingStatus>OTH</TimingStatus></From><To SequenceNumber="23"><StopPointRef>40004405123B</StopPointRef><TimingStatus>OTH</TimingStatus></To><RunTime>PT42S</RunTime></JourneyPatternTimingLink><JourneyPatternTimingLink id="JPL_48661a_H_1_22"><From SequenceNumber="23"><StopPointRef>40004405123B</StopPointRef><TimingStatus>OTH</TimingStatus></From><To SequenceNumber="24"><StopPointRef>40004405217A</StopPointRef><TimingStatus>PTP</TimingStatus></To><RunTime>PT54S</RunTime></JourneyPatternTimingLink></JourneyPatternSection><JourneyPatternSection id="JPS_48661a_R_1"><JourneyPatternTimingLink id="JPL_48661a_R_1_0"><From SequenceNumber="1"><StopPointRef>40004405217B</StopPointRef><TimingStatus>PTP</TimingStatus></From><To SequenceNumber="2"><StopPointRef>40004405124A</StopPointRef><TimingStatus>OTH</TimingStatus></To><RunTime>PT36S</RunTime></JourneyPatternTimingLink><JourneyPatternTimingLink id="JPL_48661a_R_1_1"><From SequenceNumber="2"><StopPointRef>40004405124A</StopPointRef><TimingStatus>OTH</TimingStatus></From><To SequenceNumber="3"><StopPointRef>40004405123A</StopPointRef><TimingStatus>OTH</TimingStatus></To><RunTime>PT36S</RunTime></JourneyPatternTimingLink><JourneyPatternTimingLink id="JPL_48661a_R_1_2"><From SequenceNumber="3"><StopPointRef>40004405123A</StopPointRef><TimingStatus>OTH</TimingStatus></From><To SequenceNumber="4"><StopPointRef>40004405122A</StopPointRef><TimingStatus>OTH</TimingStatus></To><RunTime>PT36S</RunTime></JourneyPatternTimingLink><JourneyPatternTimingLink id="JPL_48661a_R_1_3"><From SequenceNumber="4"><StopPointRef>40004405122A</StopPointRef><TimingStatus>OTH</TimingStatus></From><To SequenceNumber="5"><StopPointRef>40004405121B</StopPointRef><TimingStatus>OTH</TimingStatus></To><RunTime>PT36S</RunTime></JourneyPatternTimingLink><JourneyPatternTimingLink id="JPL_48661a_R_1_4"><From SequenceNumber="5"><StopPointRef>40004405121B</StopPointRef><TimingStatus>OTH</TimingStatus></From><To SequenceNumber="6"><StopPointRef>40004405120A</StopPointRef><TimingStatus>PTP</TimingStatus></To><RunTime>PT36S</RunTime></JourneyPatternTimingLink><JourneyPatternTimingLink id="JPL_48661a_R_1_5"><From SequenceNumber="6"><StopPointRef>40004405120A</StopPointRef><TimingStatus>PTP</TimingStatus></From><To SequenceNumber="7"><StopPointRef>40004405119A</StopPointRef><TimingStatus>OTH</TimingStatus></To><RunTime>PT42S</RunTime></JourneyPatternTimingLink><JourneyPatternTimingLink id="JPL_48661a_R_1_6"><From SequenceNumber="7"><StopPointRef>40004405119A</StopPointRef><TimingStatus>OTH</TimingStatus></From><To SequenceNumber="8"><StopPointRef>40004405118A</StopPointRef><TimingStatus>OTH</TimingStatus></To><RunTime>PT42S</RunTime></JourneyPatternTimingLink><JourneyPatternTimingLink id="JPL_48661a_R_1_7"><From SequenceNumber="8"><StopPointRef>40004405118A</StopPointRef><TimingStatus>OTH</TimingStatus></From><To SequenceNumber="9"><StopPointRef>40004405117A</StopPointRef><TimingStatus>OTH</TimingStatus></To><RunTime>PT42S</RunTime></JourneyPatternTimingLink><JourneyPatternTimingLink id="JPL_48661a_R_1_8"><From SequenceNumber="9"><StopPointRef>40004405117A</StopPointRef><TimingStatus>OTH</TimingStatus></From><To SequenceNumber="10"><StopPointRef>40004405116A</StopPointRef><TimingStatus>PTP</TimingStatus></To><RunTime>PT54S</RunTime></JourneyPatternTimingLink><JourneyPatternTimingLink id="JPL_48661a_R_1_9"><From SequenceNumber="10"><StopPointRef>40004405116A</StopPointRef><TimingStatus>PTP</TimingStatus></From><To SequenceNumber="11"><StopPointRef>40004405117B</StopPointRef><TimingStatus>OTH</TimingStatus></To><RunTime>PT78S</RunTime></JourneyPatternTimingLink><JourneyPatternTimingLink id="JPL_48661a_R_1_10"><From SequenceNumber="11"><StopPointRef>40004405117B</StopPointRef><TimingStatus>OTH</TimingStatus></From><To SequenceNumber="12"><StopPointRef>40004405118B</StopPointRef><TimingStatus>OTH</TimingStatus></To><RunTime>PT78S</RunTime></JourneyPatternTimingLink><JourneyPatternTimingLink id="JPL_48661a_R_1_11"><From SequenceNumber="12"><StopPointRef>40004405118B</StopPointRef><TimingStatus>OTH</TimingStatus></From><To SequenceNumber="13"><StopPointRef>40004405125A</StopPointRef><TimingStatus>PTP</TimingStatus></To><RunTime>PT84S</RunTime></JourneyPatternTimingLink><JourneyPatternTimingLink id="JPL_48661a_R_1_12"><From SequenceNumber="13"><StopPointRef>40004405125A</StopPointRef><TimingStatus>PTP</TimingStatus></From><To SequenceNumber="14"><StopPointRef>40004405126B</StopPointRef><TimingStatus>OTH</TimingStatus></To><RunTime>PT36S</RunTime></JourneyPatternTimingLink><JourneyPatternTimingLink id="JPL_48661a_R_1_13"><From SequenceNumber="14"><StopPointRef>40004405126B</StopPointRef><TimingStatus>OTH</TimingStatus></From><To SequenceNumber="15"><StopPointRef>40004405127A</StopPointRef><TimingStatus>OTH</TimingStatus></To><RunTime>PT36S</RunTime></JourneyPatternTimingLink><JourneyPatternTimingLink id="JPL_48661a_R_1_14"><From SequenceNumber="15"><StopPointRef>40004405127A</StopPointRef><TimingStatus>OTH</TimingStatus></From><To SequenceNumber="16"><StopPointRef>40004405128A</StopPointRef><TimingStatus>PTP</TimingStatus></To><RunTime>PT48S</RunTime></JourneyPatternTimingLink><JourneyPatternTimingLink id="JPL_48661a_R_1_15"><From SequenceNumber="16"><StopPointRef>40004405128A</StopPointRef><TimingStatus>PTP</TimingStatus></From><To SequenceNumber="17"><StopPointRef>40004405129A</StopPointRef><TimingStatus>OTH</TimingStatus></To><RunTime>PT60S</RunTime></JourneyPatternTimingLink><JourneyPatternTimingLink id="JPL_48661a_R_1_16"><From SequenceNumber="17"><StopPointRef>40004405129A</StopPointRef><TimingStatus>OTH</TimingStatus></From><To SequenceNumber="18"><StopPointRef>40004405249A</StopPointRef><TimingStatus>OTH</TimingStatus></To><RunTime>PT60S</RunTime></JourneyPatternTimingLink><JourneyPatternTimingLink id="JPL_48661a_R_1_17"><From SequenceNumber="18"><StopPointRef>40004405249A</StopPointRef><TimingStatus>OTH</TimingStatus></From><To SequenceNumber="19"><StopPointRef>40004405181A</StopPointRef><TimingStatus>PTP</TimingStatus></To><RunTime>PT60S</RunTime></JourneyPatternTimingLink><JourneyPatternTimingLink id="JPL_48661a_R_1_18"><From SequenceNumber="19"><StopPointRef>40004405181A</StopPointRef><TimingStatus>PTP</TimingStatus></From><To SequenceNumber="20"><StopPointRef>40004405216B</StopPointRef><TimingStatus>OTH</TimingStatus></To><RunTime>PT186S</RunTime></JourneyPatternTimingLink><JourneyPatternTimingLink id="JPL_48661a_R_1_19"><From SequenceNumber="20"><StopPointRef>40004405216B</StopPointRef><TimingStatus>OTH</TimingStatus></From><To SequenceNumber="21"><StopPointRef>40004405134B</StopPointRef><TimingStatus>OTH</TimingStatus></To><RunTime>PT186S</RunTime></JourneyPatternTimingLink><JourneyPatternTimingLink id="JPL_48661a_R_1_20"><From SequenceNumber="21"><StopPointRef>40004405134B</StopPointRef><TimingStatus>OTH</TimingStatus></From><To SequenceNumber="22"><StopPointRef>40004405133B</StopPointRef><TimingStatus>OTH</TimingStatus></To><RunTime>PT186S</RunTime></JourneyPatternTimingLink><JourneyPatternTimingLink id="JPL_48661a_R_1_21"><From SequenceNumber="22"><StopPointRef>40004405133B</StopPointRef><TimingStatus>OTH</TimingStatus></From><To SequenceNumber="23"><StopPointRef>40004405132B</StopPointRef><TimingStatus>OTH</TimingStatus></To><RunTime>PT186S</RunTime></JourneyPatternTimingLink><JourneyPatternTimingLink id="JPL_48661a_R_1_22"><From SequenceNumber="23"><StopPointRef>40004405132B</StopPointRef><TimingStatus>OTH</TimingStatus></From><To SequenceNumber="24"><StopPointRef>40004405164B</StopPointRef><TimingStatus>OTH</TimingStatus></To><RunTime>PT186S</RunTime></JourneyPatternTimingLink><JourneyPatternTimingLink id="JPL_48661a_R_1_23"><From SequenceNumber="24"><StopPointRef>40004405164B</StopPointRef><TimingStatus>OTH</TimingStatus></From><To SequenceNumber="25"><StopPointRef>40004405165A</StopPointRef><TimingStatus>PTP</TimingStatus></To><RunTime>PT210S</RunTime></JourneyPatternTimingLink></JourneyPatternSection></JourneyPatternSections><Operators><Operator id="OId_48"><OperatorCode>LG</OperatorCode><OperatorShortName>London General</OperatorShortName><OperatorNameOnLicence>London General</OperatorNameOnLicence><TradingName>London General</TradingName></Operator></Operators><Services><Service><ServiceCode>SId_48661a5</ServiceCode><PrivateCode>48661a5</PrivateCode><Lines><Line id="LId_48661a5"><LineName>661</LineName></Line></Lines><OperatingPeriod><StartDate>2009-12-01</StartDate><EndDate>2010-12-23</EndDate></OperatingPeriod><OperatingProfile><RegularDayType>
					<DaysOfWeek>
						<Monday/>
						<Tuesday/>
						<Wednesday/>
						<Thursday/>
					</DaysOfWeek>
				</RegularDayType>
				<BankHolidayOperation><DaysOfNonOperation><AllBankHolidays></AllBankHolidays></DaysOfNonOperation></BankHolidayOperation></OperatingProfile><RegisteredOperatorRef>OId_48</RegisteredOperatorRef><StopRequirements><NoNewStopsRequired/></StopRequirements><StandardService><Origin>Claygate Lane (KT10)</Origin><Destination>Hampton Court</Destination><JourneyPattern id="JP_48661a_H5_1"><Direction>outbound</Direction><Operational><VehicleType><VehicleTypeCode>02</VehicleTypeCode><Description>Single Decker</Description></VehicleType></Operational><RouteRef>R_48661a_H_1</RouteRef><JourneyPatternSectionRefs>JPS_48661a_H_1</JourneyPatternSectionRefs></JourneyPattern><JourneyPattern id="JP_48661a_R5_1"><Direction>inbound</Direction><Operational><VehicleType><VehicleTypeCode>02</VehicleTypeCode><Description>Single Decker</Description></VehicleType></Operational><RouteRef>R_48661a_R_2</RouteRef><JourneyPatternSectionRefs>JPS_48661a_R_1</JourneyPatternSectionRefs></JourneyPattern></StandardService></Service><Service><ServiceCode>SId_48661a6</ServiceCode><PrivateCode>48661a6</PrivateCode><Lines><Line id="LId_48661a6"><LineName>661</LineName></Line></Lines><OperatingPeriod><StartDate>2009-12-01</StartDate><EndDate>2010-12-23</EndDate></OperatingPeriod><OperatingProfile><RegularDayType>
					<DaysOfWeek>
						<Friday/>
					</DaysOfWeek>
				</RegularDayType>
				<BankHolidayOperation><DaysOfNonOperation><AllBankHolidays></AllBankHolidays></DaysOfNonOperation></BankHolidayOperation></OperatingProfile><RegisteredOperatorRef>OId_48</RegisteredOperatorRef><StopRequirements><NoNewStopsRequired/></StopRequirements><StandardService><Origin>Claygate Lane (KT10)</Origin><Destination>Hampton Court</Destination><JourneyPattern id="JP_48661a_H6_1"><Direction>outbound</Direction><Operational><VehicleType><VehicleTypeCode>02</VehicleTypeCode><Description>Single Decker</Description></VehicleType></Operational><RouteRef>R_48661a_H_1</RouteRef><JourneyPatternSectionRefs>JPS_48661a_H_1</JourneyPatternSectionRefs></JourneyPattern><JourneyPattern id="JP_48661a_R6_1"><Direction>inbound</Direction><Operational><VehicleType><VehicleTypeCode>02</VehicleTypeCode><Description>Single Decker</Description></VehicleType></Operational><RouteRef>R_48661a_R_2</RouteRef><JourneyPatternSectionRefs>JPS_48661a_R_1</JourneyPatternSectionRefs></JourneyPattern></StandardService></Service></Services><VehicleJourneys><VehicleJourney><PrivateCode>48661aa5H6610005</PrivateCode><Operational><VehicleType><VehicleTypeCode>02</VehicleTypeCode><Description>Single Decker</Description></VehicleType></Operational><OperatingProfile><RegularDayType>
					<DaysOfWeek>
						<Monday/>
						<Tuesday/>
						<Wednesday/>
						<Thursday/>
					</DaysOfWeek>
				</RegularDayType>
			</OperatingProfile><VehicleJourneyCode>48661aa5H6610005</VehicleJourneyCode><ServiceRef>SId_48661a5</ServiceRef><LineRef>LId_48661a5</LineRef><JourneyPatternRef>JP_48661a_H5_1</JourneyPatternRef><DepartureTime>15:10:00</DepartureTime></VehicleJourney><VehicleJourney><PrivateCode>48661aa6H6610003</PrivateCode><Operational><VehicleType><VehicleTypeCode>02</VehicleTypeCode><Description>Single Decker</Description></VehicleType></Operational><OperatingProfile><RegularDayType>
					<DaysOfWeek>
						<Friday/>
					</DaysOfWeek>
				</RegularDayType>
			</OperatingProfile><VehicleJourneyCode>48661aa6H6610003</VehicleJourneyCode><ServiceRef>SId_48661a6</ServiceRef><LineRef>LId_48661a6</LineRef><JourneyPatternRef>JP_48661a_H6_1</JourneyPatternRef><DepartureTime>13:40:00</DepartureTime></VehicleJourney><VehicleJourney><PrivateCode>48661aa5R6610002</PrivateCode><Operational><VehicleType><VehicleTypeCode>02</VehicleTypeCode><Description>Single Decker</Description></VehicleType></Operational><OperatingProfile><RegularDayType>
					<DaysOfWeek>
						<Monday/>
						<Tuesday/>
						<Wednesday/>
						<Thursday/>
					</DaysOfWeek>
				</RegularDayType>
			</OperatingProfile><VehicleJourneyCode>48661aa5R6610002</VehicleJourneyCode><ServiceRef>SId_48661a5</ServiceRef><LineRef>LId_48661a5</LineRef><JourneyPatternRef>JP_48661a_R5_1</JourneyPatternRef><DepartureTime>07:48:00</DepartureTime></VehicleJourney><VehicleJourney><PrivateCode>48661aa6R6610004</PrivateCode><Operational><VehicleType><VehicleTypeCode>02</VehicleTypeCode><Description>Single Decker</Description></VehicleType></Operational><OperatingProfile><RegularDayType>
					<DaysOfWeek>
						<Friday/>
					</DaysOfWeek>
				</RegularDayType>
			</OperatingProfile><VehicleJourneyCode>48661aa6R6610004</VehicleJourneyCode><ServiceRef>SId_48661a6</ServiceRef><LineRef>LId_48661a6</LineRef><JourneyPatternRef>JP_48661a_R6_1</JourneyPatternRef><DepartureTime>07:48:00</DepartureTime></VehicleJourney></VehicleJourneys></TransXChange>
