<?xml version="1.0" encoding="UTF-8"?>
<TransXChange CreationDateTime="2010-10-28T09:12:53" ModificationDateTime="2010-10-28T09:12:53" Modification="new" FileName="G:\mentzdv\Datastore\output_txc_51917c.xml" RevisionNumber="0" SchemaVersion="2.1" xmlns:xsi="http://www.w3.org/2001/XMLSchema-instance" xsi:schemaLocation="http://www.transxchange.org.uk/ http://www.transxchange.org.uk/schema/2.1/TransXChange_general.xsd" xmlns="http://www.transxchange.org.uk/" xmlns:n1="http://www.transxchange.org.uk/" xmlns:n2="http://www.govtalk.gov.uk/people/AddressAndPersonalDetails" xmlns:n3="http://www.govtalk.gov.uk/core" xmlns:n4="http://www.govtalk.gov.uk/people/bs7666"><StopPoints><AnnotatedStopPointRef><StopPointRef>490014614E15</StopPointRef><CommonName>Whitgift Centre</CommonName><Indicator>stop WL</Indicator><LocalityName>Croydon</LocalityName><LocalityQualifier>Greater London</LocalityQualifier></AnnotatedStopPointRef><AnnotatedStopPointRef><StopPointRef>490014614E10</StopPointRef><CommonName>Whitgift Centre</CommonName><Indicator>stop WK</Indicator><LocalityName>Croydon</LocalityName><LocalityQualifier>Greater London</LocalityQualifier></AnnotatedStopPointRef><AnnotatedStopPointRef><StopPointRef>490006706C13</StopPointRef><CommonName>Park Lane / Fairfield Halls</CommonName><Indicator>stop KA</Indicator><LocalityName>Croydon</LocalityName><LocalityQualifier>Greater London</LocalityQualifier></AnnotatedStopPointRef><AnnotatedStopPointRef><StopPointRef>490005088S</StopPointRef><CommonName>Fairfield Road (CR0)</CommonName><Indicator>stop S</Indicator><LocalityName>Croydon</LocalityName><LocalityQualifier>Greater London</LocalityQualifier></AnnotatedStopPointRef><AnnotatedStopPointRef><StopPointRef>490018473N</StopPointRef><CommonName>Runnymead Court (CR0)</CommonName><Indicator>stop N</Indicator><LocalityName>Croydon (London)</LocalityName><LocalityQualifier>Greater London</LocalityQualifier></AnnotatedStopPointRef><AnnotatedStopPointRef><StopPointRef>490018473S</StopPointRef><CommonName>Park Hill Rise (CR0)</CommonName><Indicator>stop S</Indicator><LocalityName>Croydon (London)</LocalityName><LocalityQualifier>Greater London</LocalityQualifier></AnnotatedStopPointRef><AnnotatedStopPointRef><StopPointRef>490006709N</StopPointRef><CommonName>Fairfield Road (CR0)</CommonName><Indicator>stop N</Indicator><LocalityName>Croydon</LocalityName><LocalityQualifier>Greater London</LocalityQualifier></AnnotatedStopPointRef><AnnotatedStopPointRef><StopPointRef>490006706C9</StopPointRef><CommonName>Fairfield Halls (CR0)</CommonName><Indicator>stop KD</Indicator><LocalityName>Croydon</LocalityName><LocalityQualifier>Greater London</LocalityQualifier></AnnotatedStopPointRef><AnnotatedStopPointRef><StopPointRef>490006466E16</StopPointRef><CommonName>Electric House (CR0)</CommonName><Indicator>stop WY</Indicator><LocalityName>Croydon</LocalityName><LocalityQualifier>Greater London</LocalityQualifier></AnnotatedStopPointRef></StopPoints><RouteSections><RouteSection id="RS_51917c_H_1"><RouteLink id="RL_RS_51917c_H_1_0"><From><StopPointRef>490014614E15</StopPointRef></From><To><StopPointRef>490014614E10</StopPointRef></To><Direction>outbound</Direction></RouteLink><RouteLink id="RL_RS_51917c_H_1_1"><From><StopPointRef>490014614E10</StopPointRef></From><To><StopPointRef>490006706C13</StopPointRef></To><Direction>outbound</Direction></RouteLink><RouteLink id="RL_RS_51917c_H_1_2"><From><StopPointRef>490006706C13</StopPointRef></From><To><StopPointRef>490005088S</StopPointRef></To><Direction>outbound</Direction></RouteLink><RouteLink id="RL_RS_51917c_H_1_3"><From><StopPointRef>490005088S</StopPointRef></From><To><StopPointRef>490018473N</StopPointRef></To><Direction>outbound</Direction></RouteLink></RouteSection><RouteSection id="RS_51917c_R_2"><RouteLink id="RL_RS_51917c_R_2_0"><From><StopPointRef>490018473S</StopPointRef></From><To><StopPointRef>490006709N</StopPointRef></To><Direction>inbound</Direction></RouteLink><RouteLink id="RL_RS_51917c_R_2_1"><From><StopPointRef>490006709N</StopPointRef></From><To><StopPointRef>490006706C9</StopPointRef></To><Direction>inbound</Direction></RouteLink><RouteLink id="RL_RS_51917c_R_2_2"><From><StopPointRef>490006706C9</StopPointRef></From><To><StopPointRef>490006466E16</StopPointRef></To><Direction>inbound</Direction></RouteLink><RouteLink id="RL_RS_51917c_R_2_3"><From><StopPointRef>490006466E16</StopPointRef></From><To><StopPointRef>490014614E15</StopPointRef></To><Direction>inbound</Direction></RouteLink></RouteSection></RouteSections><Routes><Route id="R_51917c_H_1"><PrivateCode>R_51917c_H_1</PrivateCode><Description>Whitgift Centre - Runnymead Court (CR0)</Description><RouteSectionRef>RS_51917c_H_1</RouteSectionRef></Route><Route id="R_51917c_R_2"><PrivateCode>R_51917c_R_2</PrivateCode><Description>Park Hill Rise (CR0) - Whitgift Centre</Description><RouteSectionRef>RS_51917c_R_2</RouteSectionRef></Route></Routes><JourneyPatternSections><JourneyPatternSection id="JPS_51917c_H_1"><JourneyPatternTimingLink id="JPL_51917c_H_1_0"><From SequenceNumber="1"><StopPointRef>490014614E15</StopPointRef><TimingStatus>PTP</TimingStatus></From><To SequenceNumber="2"><StopPointRef>490014614E10</StopPointRef><TimingStatus>PTP</TimingStatus></To><RunTime>PT138S</RunTime></JourneyPatternTimingLink><JourneyPatternTimingLink id="JPL_51917c_H_1_1"><From SequenceNumber="2"><StopPointRef>490014614E10</StopPointRef><TimingStatus>PTP</TimingStatus></From><To SequenceNumber="3"><StopPointRef>490006706C13</StopPointRef><TimingStatus>PTP</TimingStatus></To><RunTime>PT138S</RunTime></JourneyPatternTimingLink><JourneyPatternTimingLink id="JPL_51917c_H_1_2"><From SequenceNumber="3"><StopPointRef>490006706C13</StopPointRef><TimingStatus>PTP</TimingStatus></From><To SequenceNumber="4"><StopPointRef>490005088S</StopPointRef><TimingStatus>PTP</TimingStatus></To><RunTime>PT144S</RunTime></JourneyPatternTimingLink><JourneyPatternTimingLink id="JPL_51917c_H_1_3"><From SequenceNumber="4"><StopPointRef>490005088S</StopPointRef><TimingStatus>PTP</TimingStatus></From><To SequenceNumber="5"><StopPointRef>490018473N</StopPointRef><TimingStatus>PTP</TimingStatus></To><RunTime>PT360S</RunTime></JourneyPatternTimingLink></JourneyPatternSection><JourneyPatternSection id="JPS_51917c_R_1"><JourneyPatternTimingLink id="JPL_51917c_R_1_0"><From SequenceNumber="1"><StopPointRef>490018473S</StopPointRef><TimingStatus>PTP</TimingStatus></From><To SequenceNumber="2"><StopPointRef>490006709N</StopPointRef><TimingStatus>PTP</TimingStatus></To><RunTime>PT300S</RunTime></JourneyPatternTimingLink><JourneyPatternTimingLink id="JPL_51917c_R_1_1"><From SequenceNumber="2"><StopPointRef>490006709N</StopPointRef><TimingStatus>PTP</TimingStatus></From><To SequenceNumber="3"><StopPointRef>490006706C9</StopPointRef><TimingStatus>PTP</TimingStatus></To><RunTime>PT138S</RunTime></JourneyPatternTimingLink><JourneyPatternTimingLink id="JPL_51917c_R_1_2"><From SequenceNumber="3"><StopPointRef>490006706C9</StopPointRef><TimingStatus>PTP</TimingStatus></From><To SequenceNumber="4"><StopPointRef>490006466E16</StopPointRef><TimingStatus>PTP</TimingStatus></To><RunTime>PT138S</RunTime></JourneyPatternTimingLink><JourneyPatternTimingLink id="JPL_51917c_R_1_3"><From SequenceNumber="4"><StopPointRef>490006466E16</StopPointRef><TimingStatus>PTP</TimingStatus></From><To SequenceNumber="5"><StopPointRef>490014614E15</StopPointRef><TimingStatus>PTP</TimingStatus></To><RunTime>PT144S</RunTime></JourneyPatternTimingLink></JourneyPatternSection></JourneyPatternSections><Operators><Operator id="OId_51"><OperatorCode>MB</OperatorCode><OperatorShortName>Metrobus</OperatorShortName><OperatorNameOnLicence>Metrobus</OperatorNameOnLicence><TradingName>Metrobus</TradingName></Operator></Operators><Services><Service><ServiceCode>SId_51917cU</ServiceCode><PrivateCode>51917cU</PrivateCode><Lines><Line id="LId_51917cU"><LineName>917</LineName></Line></Lines><OperatingPeriod><StartDate>2009-12-01</StartDate><EndDate>2010-12-23</EndDate></OperatingPeriod><OperatingProfile><RegularDayType>
					<DaysOfWeek>
						<Wednesday/>
					</DaysOfWeek>
				</RegularDayType>
				<BankHolidayOperation><DaysOfNonOperation><AllBankHolidays></AllBankHolidays></DaysOfNonOperation></BankHolidayOperation></OperatingProfile><RegisteredOperatorRef>OId_51</RegisteredOperatorRef><StopRequirements><NoNewStopsRequired/></StopRequirements><StandardService><Origin>Whitgift Centre</Origin><Destination>Runnymead Court (CR0)</Destination><JourneyPattern id="JP_51917c_HU_1"><Direction>outbound</Direction><Operational><VehicleType><VehicleTypeCode>06</VehicleTypeCode><Description>Single Decker Low Floor+Wheelchair</Description></VehicleType></Operational><RouteRef>R_51917c_H_1</RouteRef><JourneyPatternSectionRefs>JPS_51917c_H_1</JourneyPatternSectionRefs></JourneyPattern><JourneyPattern id="JP_51917c_RU_1"><Direction>inbound</Direction><Operational><VehicleType><VehicleTypeCode>06</VehicleTypeCode><Description>Single Decker Low Floor+Wheelchair</Description></VehicleType></Operational><RouteRef>R_51917c_R_2</RouteRef><JourneyPatternSectionRefs>JPS_51917c_R_1</JourneyPatternSectionRefs></JourneyPattern></StandardService></Service></Services><VehicleJourneys><VehicleJourney><PrivateCode>51917ccUH9170003</PrivateCode><Operational><VehicleType><VehicleTypeCode>06</VehicleTypeCode><Description>Single Decker Low Floor+Wheelchair</Description></VehicleType></Operational><OperatingProfile><RegularDayType>
					<DaysOfWeek>
						<Wednesday/>
					</DaysOfWeek>
				</RegularDayType>
			</OperatingProfile><VehicleJourneyCode>51917ccUH9170003</VehicleJourneyCode><ServiceRef>SId_51917cU</ServiceRef><LineRef>LId_51917cU</LineRef><JourneyPatternRef>JP_51917c_HU_1</JourneyPatternRef><DepartureTime>11:55:00</DepartureTime></VehicleJourney><VehicleJourney><PrivateCode>51917ccUR9170001</PrivateCode><Operational><VehicleType><VehicleTypeCode>06</VehicleTypeCode><Description>Single Decker Low Floor+Wheelchair</Description></VehicleType></Operational><OperatingProfile><RegularDayType>
					<DaysOfWeek>
						<Wednesday/>
					</DaysOfWeek>
				</RegularDayType>
			</OperatingProfile><VehicleJourneyCode>51917ccUR9170001</VehicleJourneyCode><ServiceRef>SId_51917cU</ServiceRef><LineRef>LId_51917cU</LineRef><JourneyPatternRef>JP_51917c_RU_1</JourneyPatternRef><DepartureTime>10:05:00</DepartureTime></VehicleJourney></VehicleJourneys></TransXChange>
