<?xml version="1.0" encoding="UTF-8"?>
<TransXChange CreationDateTime="2010-10-28T09:11:07" ModificationDateTime="2010-10-28T09:11:07" Modification="new" FileName="G:\mentzdv\Datastore\output_txc_49698e.xml" RevisionNumber="0" SchemaVersion="2.1" xmlns:xsi="http://www.w3.org/2001/XMLSchema-instance" xsi:schemaLocation="http://www.transxchange.org.uk/ http://www.transxchange.org.uk/schema/2.1/TransXChange_general.xsd" xmlns="http://www.transxchange.org.uk/" xmlns:n1="http://www.transxchange.org.uk/" xmlns:n2="http://www.govtalk.gov.uk/people/AddressAndPersonalDetails" xmlns:n3="http://www.govtalk.gov.uk/core" xmlns:n4="http://www.govtalk.gov.uk/people/bs7666"><StopPoints><AnnotatedStopPointRef><StopPointRef>490001325F</StopPointRef><CommonName>West Drayton</CommonName><Indicator>stop F</Indicator><LocalityName>West Drayton (London)</LocalityName><LocalityQualifier>Greater London</LocalityQualifier></AnnotatedStopPointRef><AnnotatedStopPointRef><StopPointRef>490006815H</StopPointRef><CommonName>Ferrers Avenue (UB7)</CommonName><Indicator>stop H</Indicator><LocalityName>West Drayton (London)</LocalityName><LocalityQualifier>Greater London</LocalityQualifier></AnnotatedStopPointRef><AnnotatedStopPointRef><StopPointRef>490004259J</StopPointRef><CommonName>Brandville Road (UB7)</CommonName><Indicator>stop J</Indicator><LocalityName>West Drayton (London)</LocalityName><LocalityQualifier>Greater London</LocalityQualifier></AnnotatedStopPointRef><AnnotatedStopPointRef><StopPointRef>490005291S</StopPointRef><CommonName>Church Road / Station Road</CommonName><Indicator>stop S</Indicator><LocalityName>West Drayton (London)</LocalityName><LocalityQualifier>Greater London</LocalityQualifier></AnnotatedStopPointRef><AnnotatedStopPointRef><StopPointRef>490014424S</StopPointRef><CommonName>West Drayton Police Station</CommonName><Indicator>stop S</Indicator><LocalityName>West Drayton (London)</LocalityName><LocalityQualifier>Greater London</LocalityQualifier></AnnotatedStopPointRef><AnnotatedStopPointRef><StopPointRef>490009727S</StopPointRef><CommonName>Maxwell Road (UB7)</CommonName><Indicator>stop S</Indicator><LocalityName>West Drayton (London)</LocalityName><LocalityQualifier>Greater London</LocalityQualifier></AnnotatedStopPointRef><AnnotatedStopPointRef><StopPointRef>490005095E</StopPointRef><CommonName>Cherry Lane Schools (UB7)</CommonName><Indicator>stop E</Indicator><LocalityName>Sipson</LocalityName><LocalityQualifier>Greater London</LocalityQualifier></AnnotatedStopPointRef><AnnotatedStopPointRef><StopPointRef>490005094E</StopPointRef><CommonName>Cherry Lane Cemetery (UB3)</CommonName><Indicator>stop E</Indicator><LocalityName>Sipson</LocalityName><LocalityQualifier>Greater London</LocalityQualifier></AnnotatedStopPointRef><AnnotatedStopPointRef><StopPointRef>490011885N</StopPointRef><CommonName>Sam Phillip Recreation Ground</CommonName><Indicator>stop N</Indicator><LocalityName>Harlington</LocalityName><LocalityQualifier>Greater London</LocalityQualifier></AnnotatedStopPointRef><AnnotatedStopPointRef><StopPointRef>490005989E</StopPointRef><CommonName>Clement Gardens (UB3)</CommonName><Indicator>stop X</Indicator><LocalityName>Harlington</LocalityName><LocalityQualifier>Greater London</LocalityQualifier></AnnotatedStopPointRef><AnnotatedStopPointRef><StopPointRef>490011489N</StopPointRef><CommonName>Redmead Road (UB3)</CommonName><Indicator>stop U</Indicator><LocalityName>Hayes Town</LocalityName><LocalityQualifier>Greater London</LocalityQualifier></AnnotatedStopPointRef><AnnotatedStopPointRef><StopPointRef>490006702N</StopPointRef><CommonName>Fairey Corner (UB3)</CommonName><Indicator>stop K</Indicator><LocalityName>Hayes Town</LocalityName><LocalityQualifier>Greater London</LocalityQualifier></AnnotatedStopPointRef><AnnotatedStopPointRef><StopPointRef>490001144N</StopPointRef><CommonName>Hayes &amp; Harlington</CommonName><Indicator>stop L</Indicator><LocalityName>Hayes Town</LocalityName><LocalityQualifier>Greater London</LocalityQualifier></AnnotatedStopPointRef><AnnotatedStopPointRef><StopPointRef>490007942K</StopPointRef><CommonName>Clayton Road (UB3)</CommonName><Indicator>stop M</Indicator><LocalityName>Hayes Town</LocalityName><LocalityQualifier>Greater London</LocalityQualifier></AnnotatedStopPointRef><AnnotatedStopPointRef><StopPointRef>490007956F</StopPointRef><CommonName>Hayes Town / Pump Lane</CommonName><Indicator>stop P</Indicator><LocalityName>Hayes Town</LocalityName><LocalityQualifier>Greater London</LocalityQualifier></AnnotatedStopPointRef><AnnotatedStopPointRef><StopPointRef>490004178N</StopPointRef><CommonName>Botwell Lane (UB3)</CommonName><Indicator>stop N</Indicator><LocalityName>Hayes Town</LocalityName><LocalityQualifier>Greater London</LocalityQualifier></AnnotatedStopPointRef><AnnotatedStopPointRef><StopPointRef>490013751N</StopPointRef><CommonName>Townfield Road</CommonName><Indicator>stop M</Indicator><LocalityName>Hayes (Hillingdon)</LocalityName><LocalityQualifier>Greater London</LocalityQualifier></AnnotatedStopPointRef><AnnotatedStopPointRef><StopPointRef>490007009N</StopPointRef><CommonName>Freemans Lane (UB3)</CommonName><Indicator>stop L</Indicator><LocalityName>Hayes (Hillingdon)</LocalityName><LocalityQualifier>Greater London</LocalityQualifier></AnnotatedStopPointRef><AnnotatedStopPointRef><StopPointRef>490005262N</StopPointRef><CommonName>Church Green (UB3)</CommonName><Indicator>stop K</Indicator><LocalityName>Wood End (London)</LocalityName><LocalityQualifier>Greater London</LocalityQualifier></AnnotatedStopPointRef><AnnotatedStopPointRef><StopPointRef>490013977G</StopPointRef><CommonName>Adam &amp; Eve</CommonName><Indicator>stop G</Indicator><LocalityName>Wood End (London)</LocalityName><LocalityQualifier>Greater London</LocalityQualifier></AnnotatedStopPointRef><AnnotatedStopPointRef><StopPointRef>490008962F</StopPointRef><CommonName>Uxbridge County Court (UB4)</CommonName><Indicator>stop F</Indicator><LocalityName>Wood End (London)</LocalityName><LocalityQualifier>Greater London</LocalityQualifier></AnnotatedStopPointRef><AnnotatedStopPointRef><StopPointRef>490011690B</StopPointRef><CommonName>Rosedale Park</CommonName><Indicator>stop B</Indicator><LocalityName>Wood End Green</LocalityName><LocalityQualifier>Greater London</LocalityQualifier></AnnotatedStopPointRef><AnnotatedStopPointRef><StopPointRef>490010802W</StopPointRef><CommonName>Park Road (UB4)</CommonName><Indicator>stop XE</Indicator><LocalityName>Wood End Green</LocalityName><LocalityQualifier>Greater London</LocalityQualifier></AnnotatedStopPointRef><AnnotatedStopPointRef><StopPointRef>490015348W</StopPointRef><CommonName>Hayes End</CommonName><Indicator>stop XF</Indicator><LocalityName>Wood End Green</LocalityName><LocalityQualifier>Greater London</LocalityQualifier></AnnotatedStopPointRef><AnnotatedStopPointRef><StopPointRef>490010032W</StopPointRef><CommonName>Morgans Lane / Uxbridge Road</CommonName><Indicator>stop XH</Indicator><LocalityName>Hayes End</LocalityName><LocalityQualifier>Greater London</LocalityQualifier></AnnotatedStopPointRef><AnnotatedStopPointRef><StopPointRef>490014426W</StopPointRef><CommonName>West Drayton Rd / Uxbridge Rd</CommonName><Indicator>stop XJ</Indicator><LocalityName>Hayes End</LocalityName><LocalityQualifier>Greater London</LocalityQualifier></AnnotatedStopPointRef><AnnotatedStopPointRef><StopPointRef>490008006W</StopPointRef><CommonName>New Road (UB10)</CommonName><Indicator>stop UH</Indicator><LocalityName>Hillingdon Heath</LocalityName><LocalityQualifier>Greater London</LocalityQualifier></AnnotatedStopPointRef><AnnotatedStopPointRef><StopPointRef>490009069W</StopPointRef><CommonName>Lees Road / Uxbridge Road</CommonName><Indicator>stop UJ</Indicator><LocalityName>Hillingdon Heath</LocalityName><LocalityQualifier>Greater London</LocalityQualifier></AnnotatedStopPointRef><AnnotatedStopPointRef><StopPointRef>490008227W</StopPointRef><CommonName>Hillingdon School (UB10)</CommonName><Indicator>stop UK</Indicator><LocalityName>Hillingdon</LocalityName><LocalityQualifier>Greater London</LocalityQualifier></AnnotatedStopPointRef><AnnotatedStopPointRef><StopPointRef>490013974N</StopPointRef><CommonName>Crescent Parade (UB10)</CommonName><Indicator>stop US</Indicator><LocalityName>Hillingdon</LocalityName><LocalityQualifier>Greater London</LocalityQualifier></AnnotatedStopPointRef><AnnotatedStopPointRef><StopPointRef>490005422N</StopPointRef><CommonName>Clifton Gardens (UB10)</CommonName><Indicator>stop UT</Indicator><LocalityName>Hillingdon</LocalityName><LocalityQualifier>Greater London</LocalityQualifier></AnnotatedStopPointRef><AnnotatedStopPointRef><StopPointRef>490010483N</StopPointRef><CommonName>Oak Farm Library</CommonName><Indicator>stop N</Indicator><LocalityName>North Hillingdon</LocalityName><LocalityQualifier>Greater London</LocalityQualifier></AnnotatedStopPointRef><AnnotatedStopPointRef><StopPointRef>490007540N</StopPointRef><CommonName>Grosvenor Crescent / Long Lane</CommonName><Indicator>stop N</Indicator><LocalityName>North Hillingdon</LocalityName><LocalityQualifier>Greater London</LocalityQualifier></AnnotatedStopPointRef><AnnotatedStopPointRef><StopPointRef>490008222N</StopPointRef><CommonName>Hillingdon Circus (UB10)</CommonName><Indicator>stop E</Indicator><LocalityName>North Hillingdon</LocalityName><LocalityQualifier>Greater London</LocalityQualifier></AnnotatedStopPointRef><AnnotatedStopPointRef><StopPointRef>490000111N</StopPointRef><CommonName>Hillingdon</CommonName><Indicator>stop A</Indicator><LocalityName>North Hillingdon</LocalityName><LocalityQualifier>Greater London</LocalityQualifier></AnnotatedStopPointRef><AnnotatedStopPointRef><StopPointRef>490013089N</StopPointRef><CommonName>Swakeleys Drive</CommonName><Indicator>stop N</Indicator><LocalityName>Ickenham</LocalityName><LocalityQualifier>Greater London</LocalityQualifier></AnnotatedStopPointRef><AnnotatedStopPointRef><StopPointRef>490006136N</StopPointRef><CommonName>Douay Martyrs School</CommonName><Indicator>stop N</Indicator><LocalityName>Ickenham</LocalityName><LocalityQualifier>Greater London</LocalityQualifier></AnnotatedStopPointRef><AnnotatedStopPointRef><StopPointRef>490000120D</StopPointRef><CommonName>Ickenham</CommonName><Indicator>stop D</Indicator><LocalityName>Ickenham</LocalityName><LocalityQualifier>Greater London</LocalityQualifier></AnnotatedStopPointRef><AnnotatedStopPointRef><StopPointRef>490013091A</StopPointRef><CommonName>Swakeleys Road / Austins Lane</CommonName><Indicator>stop A</Indicator><LocalityName>Ickenham</LocalityName><LocalityQualifier>Greater London</LocalityQualifier></AnnotatedStopPointRef><AnnotatedStopPointRef><StopPointRef>490013091C</StopPointRef><CommonName>Swakeleys Road / Austins Lane</CommonName><Indicator>stop C</Indicator><LocalityName>Ickenham</LocalityName><LocalityQualifier>Greater London</LocalityQualifier></AnnotatedStopPointRef><AnnotatedStopPointRef><StopPointRef>490006136S</StopPointRef><CommonName>Douay Martyrs School</CommonName><Indicator>stop EE</Indicator><LocalityName>Ickenham</LocalityName><LocalityQualifier>Greater London</LocalityQualifier></AnnotatedStopPointRef><AnnotatedStopPointRef><StopPointRef>490013089S</StopPointRef><CommonName>Swakeleys Drive</CommonName><Indicator>stop S</Indicator><LocalityName>Ickenham</LocalityName><LocalityQualifier>Greater London</LocalityQualifier></AnnotatedStopPointRef><AnnotatedStopPointRef><StopPointRef>490000111B</StopPointRef><CommonName>Hillingdon</CommonName><Indicator>stop B</Indicator><LocalityName>North Hillingdon</LocalityName><LocalityQualifier>Greater London</LocalityQualifier></AnnotatedStopPointRef><AnnotatedStopPointRef><StopPointRef>490008222S</StopPointRef><CommonName>Hillingdon Circus (UB10)</CommonName><Indicator>stop F</Indicator><LocalityName>North Hillingdon</LocalityName><LocalityQualifier>Greater London</LocalityQualifier></AnnotatedStopPointRef><AnnotatedStopPointRef><StopPointRef>490007540S</StopPointRef><CommonName>Grosvenor Crescent / Long Lane</CommonName><Indicator>stop S</Indicator><LocalityName>North Hillingdon</LocalityName><LocalityQualifier>Greater London</LocalityQualifier></AnnotatedStopPointRef><AnnotatedStopPointRef><StopPointRef>490010483S</StopPointRef><CommonName>Oak Farm Library</CommonName><Indicator>stop S</Indicator><LocalityName>North Hillingdon</LocalityName><LocalityQualifier>Greater London</LocalityQualifier></AnnotatedStopPointRef><AnnotatedStopPointRef><StopPointRef>490005422S</StopPointRef><CommonName>Clifton Gardens (UB10)</CommonName><Indicator>stop UU</Indicator><LocalityName>Hillingdon</LocalityName><LocalityQualifier>Greater London</LocalityQualifier></AnnotatedStopPointRef><AnnotatedStopPointRef><StopPointRef>490013974S</StopPointRef><CommonName>Crescent Parade (UB10)</CommonName><Indicator>stop UV</Indicator><LocalityName>Hillingdon</LocalityName><LocalityQualifier>Greater London</LocalityQualifier></AnnotatedStopPointRef><AnnotatedStopPointRef><StopPointRef>490008227E</StopPointRef><CommonName>Hillingdon School (UB10)</CommonName><Indicator>stop UE</Indicator><LocalityName>Hillingdon</LocalityName><LocalityQualifier>Greater London</LocalityQualifier></AnnotatedStopPointRef><AnnotatedStopPointRef><StopPointRef>490009069E</StopPointRef><CommonName>Lees Road / Uxbridge Road</CommonName><Indicator>stop UF</Indicator><LocalityName>Hillingdon Heath</LocalityName><LocalityQualifier>Greater London</LocalityQualifier></AnnotatedStopPointRef><AnnotatedStopPointRef><StopPointRef>490008006E</StopPointRef><CommonName>Heath Road (UB10)</CommonName><Indicator>stop UG</Indicator><LocalityName>Hillingdon Heath</LocalityName><LocalityQualifier>Greater London</LocalityQualifier></AnnotatedStopPointRef><AnnotatedStopPointRef><StopPointRef>490008117E</StopPointRef><CommonName>Hewens Road (UB10)</CommonName><Indicator>stop XA</Indicator><LocalityName>Hayes End</LocalityName><LocalityQualifier>Greater London</LocalityQualifier></AnnotatedStopPointRef><AnnotatedStopPointRef><StopPointRef>490007952E</StopPointRef><CommonName>Hayes Police Station</CommonName><Indicator>stop XB</Indicator><LocalityName>Hayes End</LocalityName><LocalityQualifier>Greater London</LocalityQualifier></AnnotatedStopPointRef><AnnotatedStopPointRef><StopPointRef>490007946E</StopPointRef><CommonName>Hayes End</CommonName><Indicator>stop XC</Indicator><LocalityName>Wood End Green</LocalityName><LocalityQualifier>Greater London</LocalityQualifier></AnnotatedStopPointRef><AnnotatedStopPointRef><StopPointRef>490010802E</StopPointRef><CommonName>Park Road (UB4)</CommonName><Indicator>stop XD</Indicator><LocalityName>Wood End Green</LocalityName><LocalityQualifier>Greater London</LocalityQualifier></AnnotatedStopPointRef><AnnotatedStopPointRef><StopPointRef>490011690A</StopPointRef><CommonName>Rosedale Park</CommonName><Indicator>stop A</Indicator><LocalityName>Wood End Green</LocalityName><LocalityQualifier>Greater London</LocalityQualifier></AnnotatedStopPointRef><AnnotatedStopPointRef><StopPointRef>490008962E</StopPointRef><CommonName>Uxbridge County Court (UB4)</CommonName><Indicator>stop E</Indicator><LocalityName>Wood End (London)</LocalityName><LocalityQualifier>Greater London</LocalityQualifier></AnnotatedStopPointRef><AnnotatedStopPointRef><StopPointRef>490013977H</StopPointRef><CommonName>Adam &amp; Eve</CommonName><Indicator>stop H</Indicator><LocalityName>Wood End (London)</LocalityName><LocalityQualifier>Greater London</LocalityQualifier></AnnotatedStopPointRef><AnnotatedStopPointRef><StopPointRef>490005262S</StopPointRef><CommonName>Church Green (UB3)</CommonName><Indicator>stop SK</Indicator><LocalityName>Wood End (London)</LocalityName><LocalityQualifier>Greater London</LocalityQualifier></AnnotatedStopPointRef><AnnotatedStopPointRef><StopPointRef>490009334S</StopPointRef><CommonName>Longmead Road (UB3)</CommonName><Indicator>stop SL</Indicator><LocalityName>Hayes (Hillingdon)</LocalityName><LocalityQualifier>Greater London</LocalityQualifier></AnnotatedStopPointRef><AnnotatedStopPointRef><StopPointRef>490013751S</StopPointRef><CommonName>Townfield Road</CommonName><Indicator>stop SM</Indicator><LocalityName>Hayes (Hillingdon)</LocalityName><LocalityQualifier>Greater London</LocalityQualifier></AnnotatedStopPointRef><AnnotatedStopPointRef><StopPointRef>490004178S</StopPointRef><CommonName>Botwell Lane (UB3)</CommonName><Indicator>stop SN</Indicator><LocalityName>Hayes Town</LocalityName><LocalityQualifier>Greater London</LocalityQualifier></AnnotatedStopPointRef><AnnotatedStopPointRef><StopPointRef>490004177E</StopPointRef><CommonName>Botwell Green (UB3)</CommonName><Indicator>stop SP</Indicator><LocalityName>Hayes Town</LocalityName><LocalityQualifier>Greater London</LocalityQualifier></AnnotatedStopPointRef><AnnotatedStopPointRef><StopPointRef>490007955H</StopPointRef><CommonName>Clayton Road (UB3)</CommonName><Indicator>stop D</Indicator><LocalityName>Hayes Town</LocalityName><LocalityQualifier>Greater London</LocalityQualifier></AnnotatedStopPointRef><AnnotatedStopPointRef><StopPointRef>490001144M</StopPointRef><CommonName>Hayes &amp; Harlington</CommonName><Indicator>stop E</Indicator><LocalityName>Hayes Town</LocalityName><LocalityQualifier>Greater London</LocalityQualifier></AnnotatedStopPointRef><AnnotatedStopPointRef><StopPointRef>490006702S1</StopPointRef><CommonName>Fairey Corner (UB3)</CommonName><Indicator>stop F</Indicator><LocalityName>Hayes Town</LocalityName><LocalityQualifier>Greater London</LocalityQualifier></AnnotatedStopPointRef><AnnotatedStopPointRef><StopPointRef>490011489S1</StopPointRef><CommonName>Redmead Road (UB3)</CommonName><Indicator>stop R</Indicator><LocalityName>Hayes Town</LocalityName><LocalityQualifier>Greater London</LocalityQualifier></AnnotatedStopPointRef><AnnotatedStopPointRef><StopPointRef>490005989W</StopPointRef><CommonName>Clement Gardens (UB3)</CommonName><Indicator>stop W</Indicator><LocalityName>Harlington</LocalityName><LocalityQualifier>Greater London</LocalityQualifier></AnnotatedStopPointRef><AnnotatedStopPointRef><StopPointRef>490005989S</StopPointRef><CommonName>Dawley Road (UB3)</CommonName><Indicator>stop S</Indicator><LocalityName>Harlington</LocalityName><LocalityQualifier>Greater London</LocalityQualifier></AnnotatedStopPointRef><AnnotatedStopPointRef><StopPointRef>490011885S</StopPointRef><CommonName>Sam Phillip Recreation Ground</CommonName><Indicator>stop S</Indicator><LocalityName>Harlington</LocalityName><LocalityQualifier>Greater London</LocalityQualifier></AnnotatedStopPointRef><AnnotatedStopPointRef><StopPointRef>490005095W</StopPointRef><CommonName>Cherry Lane Schools (UB7)</CommonName><Indicator>stop W</Indicator><LocalityName>Sipson</LocalityName><LocalityQualifier>Greater London</LocalityQualifier></AnnotatedStopPointRef><AnnotatedStopPointRef><StopPointRef>490009727N</StopPointRef><CommonName>Maxwell Road (UB7)</CommonName><Indicator>stop N</Indicator><LocalityName>West Drayton (London)</LocalityName><LocalityQualifier>Greater London</LocalityQualifier></AnnotatedStopPointRef><AnnotatedStopPointRef><StopPointRef>490014424N</StopPointRef><CommonName>West Drayton Police Station</CommonName><Indicator>stop N</Indicator><LocalityName>West Drayton (London)</LocalityName><LocalityQualifier>Greater London</LocalityQualifier></AnnotatedStopPointRef><AnnotatedStopPointRef><StopPointRef>490005291K</StopPointRef><CommonName>Church Road / Station Road</CommonName><Indicator>stop K</Indicator><LocalityName>West Drayton (London)</LocalityName><LocalityQualifier>Greater London</LocalityQualifier></AnnotatedStopPointRef><AnnotatedStopPointRef><StopPointRef>490006815G</StopPointRef><CommonName>Ferrers Avenue (UB7)</CommonName><Indicator>stop G</Indicator><LocalityName>West Drayton (London)</LocalityName><LocalityQualifier>Greater London</LocalityQualifier></AnnotatedStopPointRef></StopPoints><RouteSections><RouteSection id="RS_49698e_H_1"><RouteLink id="RL_RS_49698e_H_1_0"><From><StopPointRef>490001325F</StopPointRef></From><To><StopPointRef>490006815H</StopPointRef></To><Direction>outbound</Direction></RouteLink><RouteLink id="RL_RS_49698e_H_1_1"><From><StopPointRef>490006815H</StopPointRef></From><To><StopPointRef>490004259J</StopPointRef></To><Direction>outbound</Direction></RouteLink><RouteLink id="RL_RS_49698e_H_1_2"><From><StopPointRef>490004259J</StopPointRef></From><To><StopPointRef>490005291S</StopPointRef></To><Direction>outbound</Direction></RouteLink><RouteLink id="RL_RS_49698e_H_1_3"><From><StopPointRef>490005291S</StopPointRef></From><To><StopPointRef>490014424S</StopPointRef></To><Direction>outbound</Direction></RouteLink><RouteLink id="RL_RS_49698e_H_1_4"><From><StopPointRef>490014424S</StopPointRef></From><To><StopPointRef>490009727S</StopPointRef></To><Direction>outbound</Direction></RouteLink><RouteLink id="RL_RS_49698e_H_1_5"><From><StopPointRef>490009727S</StopPointRef></From><To><StopPointRef>490005095E</StopPointRef></To><Direction>outbound</Direction></RouteLink><RouteLink id="RL_RS_49698e_H_1_6"><From><StopPointRef>490005095E</StopPointRef></From><To><StopPointRef>490005094E</StopPointRef></To><Direction>outbound</Direction></RouteLink><RouteLink id="RL_RS_49698e_H_1_7"><From><StopPointRef>490005094E</StopPointRef></From><To><StopPointRef>490011885N</StopPointRef></To><Direction>outbound</Direction></RouteLink><RouteLink id="RL_RS_49698e_H_1_8"><From><StopPointRef>490011885N</StopPointRef></From><To><StopPointRef>490005989E</StopPointRef></To><Direction>outbound</Direction></RouteLink><RouteLink id="RL_RS_49698e_H_1_9"><From><StopPointRef>490005989E</StopPointRef></From><To><StopPointRef>490011489N</StopPointRef></To><Direction>outbound</Direction></RouteLink><RouteLink id="RL_RS_49698e_H_1_10"><From><StopPointRef>490011489N</StopPointRef></From><To><StopPointRef>490006702N</StopPointRef></To><Direction>outbound</Direction></RouteLink><RouteLink id="RL_RS_49698e_H_1_11"><From><StopPointRef>490006702N</StopPointRef></From><To><StopPointRef>490001144N</StopPointRef></To><Direction>outbound</Direction></RouteLink><RouteLink id="RL_RS_49698e_H_1_12"><From><StopPointRef>490001144N</StopPointRef></From><To><StopPointRef>490007942K</StopPointRef></To><Direction>outbound</Direction></RouteLink><RouteLink id="RL_RS_49698e_H_1_13"><From><StopPointRef>490007942K</StopPointRef></From><To><StopPointRef>490007956F</StopPointRef></To><Direction>outbound</Direction></RouteLink><RouteLink id="RL_RS_49698e_H_1_14"><From><StopPointRef>490007956F</StopPointRef></From><To><StopPointRef>490004178N</StopPointRef></To><Direction>outbound</Direction></RouteLink><RouteLink id="RL_RS_49698e_H_1_15"><From><StopPointRef>490004178N</StopPointRef></From><To><StopPointRef>490013751N</StopPointRef></To><Direction>outbound</Direction></RouteLink><RouteLink id="RL_RS_49698e_H_1_16"><From><StopPointRef>490013751N</StopPointRef></From><To><StopPointRef>490007009N</StopPointRef></To><Direction>outbound</Direction></RouteLink><RouteLink id="RL_RS_49698e_H_1_17"><From><StopPointRef>490007009N</StopPointRef></From><To><StopPointRef>490005262N</StopPointRef></To><Direction>outbound</Direction></RouteLink><RouteLink id="RL_RS_49698e_H_1_18"><From><StopPointRef>490005262N</StopPointRef></From><To><StopPointRef>490013977G</StopPointRef></To><Direction>outbound</Direction></RouteLink><RouteLink id="RL_RS_49698e_H_1_19"><From><StopPointRef>490013977G</StopPointRef></From><To><StopPointRef>490008962F</StopPointRef></To><Direction>outbound</Direction></RouteLink><RouteLink id="RL_RS_49698e_H_1_20"><From><StopPointRef>490008962F</StopPointRef></From><To><StopPointRef>490011690B</StopPointRef></To><Direction>outbound</Direction></RouteLink><RouteLink id="RL_RS_49698e_H_1_21"><From><StopPointRef>490011690B</StopPointRef></From><To><StopPointRef>490010802W</StopPointRef></To><Direction>outbound</Direction></RouteLink><RouteLink id="RL_RS_49698e_H_1_22"><From><StopPointRef>490010802W</StopPointRef></From><To><StopPointRef>490015348W</StopPointRef></To><Direction>outbound</Direction></RouteLink><RouteLink id="RL_RS_49698e_H_1_23"><From><StopPointRef>490015348W</StopPointRef></From><To><StopPointRef>490010032W</StopPointRef></To><Direction>outbound</Direction></RouteLink><RouteLink id="RL_RS_49698e_H_1_24"><From><StopPointRef>490010032W</StopPointRef></From><To><StopPointRef>490014426W</StopPointRef></To><Direction>outbound</Direction></RouteLink><RouteLink id="RL_RS_49698e_H_1_25"><From><StopPointRef>490014426W</StopPointRef></From><To><StopPointRef>490008006W</StopPointRef></To><Direction>outbound</Direction></RouteLink><RouteLink id="RL_RS_49698e_H_1_26"><From><StopPointRef>490008006W</StopPointRef></From><To><StopPointRef>490009069W</StopPointRef></To><Direction>outbound</Direction></RouteLink><RouteLink id="RL_RS_49698e_H_1_27"><From><StopPointRef>490009069W</StopPointRef></From><To><StopPointRef>490008227W</StopPointRef></To><Direction>outbound</Direction></RouteLink><RouteLink id="RL_RS_49698e_H_1_28"><From><StopPointRef>490008227W</StopPointRef></From><To><StopPointRef>490013974N</StopPointRef></To><Direction>outbound</Direction></RouteLink><RouteLink id="RL_RS_49698e_H_1_29"><From><StopPointRef>490013974N</StopPointRef></From><To><StopPointRef>490005422N</StopPointRef></To><Direction>outbound</Direction></RouteLink><RouteLink id="RL_RS_49698e_H_1_30"><From><StopPointRef>490005422N</StopPointRef></From><To><StopPointRef>490010483N</StopPointRef></To><Direction>outbound</Direction></RouteLink><RouteLink id="RL_RS_49698e_H_1_31"><From><StopPointRef>490010483N</StopPointRef></From><To><StopPointRef>490007540N</StopPointRef></To><Direction>outbound</Direction></RouteLink><RouteLink id="RL_RS_49698e_H_1_32"><From><StopPointRef>490007540N</StopPointRef></From><To><StopPointRef>490008222N</StopPointRef></To><Direction>outbound</Direction></RouteLink><RouteLink id="RL_RS_49698e_H_1_33"><From><StopPointRef>490008222N</StopPointRef></From><To><StopPointRef>490000111N</StopPointRef></To><Direction>outbound</Direction></RouteLink><RouteLink id="RL_RS_49698e_H_1_34"><From><StopPointRef>490000111N</StopPointRef></From><To><StopPointRef>490013089N</StopPointRef></To><Direction>outbound</Direction></RouteLink><RouteLink id="RL_RS_49698e_H_1_35"><From><StopPointRef>490013089N</StopPointRef></From><To><StopPointRef>490006136N</StopPointRef></To><Direction>outbound</Direction></RouteLink><RouteLink id="RL_RS_49698e_H_1_36"><From><StopPointRef>490006136N</StopPointRef></From><To><StopPointRef>490000120D</StopPointRef></To><Direction>outbound</Direction></RouteLink><RouteLink id="RL_RS_49698e_H_1_37"><From><StopPointRef>490000120D</StopPointRef></From><To><StopPointRef>490013091A</StopPointRef></To><Direction>outbound</Direction></RouteLink></RouteSection><RouteSection id="RS_49698e_R_2"><RouteLink id="RL_RS_49698e_R_2_0"><From><StopPointRef>490013091C</StopPointRef></From><To><StopPointRef>490006136S</StopPointRef></To><Direction>inbound</Direction></RouteLink><RouteLink id="RL_RS_49698e_R_2_1"><From><StopPointRef>490006136S</StopPointRef></From><To><StopPointRef>490013089S</StopPointRef></To><Direction>inbound</Direction></RouteLink><RouteLink id="RL_RS_49698e_R_2_2"><From><StopPointRef>490013089S</StopPointRef></From><To><StopPointRef>490000111B</StopPointRef></To><Direction>inbound</Direction></RouteLink><RouteLink id="RL_RS_49698e_R_2_3"><From><StopPointRef>490000111B</StopPointRef></From><To><StopPointRef>490008222S</StopPointRef></To><Direction>inbound</Direction></RouteLink><RouteLink id="RL_RS_49698e_R_2_4"><From><StopPointRef>490008222S</StopPointRef></From><To><StopPointRef>490007540S</StopPointRef></To><Direction>inbound</Direction></RouteLink><RouteLink id="RL_RS_49698e_R_2_5"><From><StopPointRef>490007540S</StopPointRef></From><To><StopPointRef>490010483S</StopPointRef></To><Direction>inbound</Direction></RouteLink><RouteLink id="RL_RS_49698e_R_2_6"><From><StopPointRef>490010483S</StopPointRef></From><To><StopPointRef>490005422S</StopPointRef></To><Direction>inbound</Direction></RouteLink><RouteLink id="RL_RS_49698e_R_2_7"><From><StopPointRef>490005422S</StopPointRef></From><To><StopPointRef>490013974S</StopPointRef></To><Direction>inbound</Direction></RouteLink><RouteLink id="RL_RS_49698e_R_2_8"><From><StopPointRef>490013974S</StopPointRef></From><To><StopPointRef>490008227E</StopPointRef></To><Direction>inbound</Direction></RouteLink><RouteLink id="RL_RS_49698e_R_2_9"><From><StopPointRef>490008227E</StopPointRef></From><To><StopPointRef>490009069E</StopPointRef></To><Direction>inbound</Direction></RouteLink><RouteLink id="RL_RS_49698e_R_2_10"><From><StopPointRef>490009069E</StopPointRef></From><To><StopPointRef>490008006E</StopPointRef></To><Direction>inbound</Direction></RouteLink><RouteLink id="RL_RS_49698e_R_2_11"><From><StopPointRef>490008006E</StopPointRef></From><To><StopPointRef>490008117E</StopPointRef></To><Direction>inbound</Direction></RouteLink><RouteLink id="RL_RS_49698e_R_2_12"><From><StopPointRef>490008117E</StopPointRef></From><To><StopPointRef>490007952E</StopPointRef></To><Direction>inbound</Direction></RouteLink><RouteLink id="RL_RS_49698e_R_2_13"><From><StopPointRef>490007952E</StopPointRef></From><To><StopPointRef>490007946E</StopPointRef></To><Direction>inbound</Direction></RouteLink><RouteLink id="RL_RS_49698e_R_2_14"><From><StopPointRef>490007946E</StopPointRef></From><To><StopPointRef>490010802E</StopPointRef></To><Direction>inbound</Direction></RouteLink><RouteLink id="RL_RS_49698e_R_2_15"><From><StopPointRef>490010802E</StopPointRef></From><To><StopPointRef>490011690A</StopPointRef></To><Direction>inbound</Direction></RouteLink><RouteLink id="RL_RS_49698e_R_2_16"><From><StopPointRef>490011690A</StopPointRef></From><To><StopPointRef>490008962E</StopPointRef></To><Direction>inbound</Direction></RouteLink><RouteLink id="RL_RS_49698e_R_2_17"><From><StopPointRef>490008962E</StopPointRef></From><To><StopPointRef>490013977H</StopPointRef></To><Direction>inbound</Direction></RouteLink><RouteLink id="RL_RS_49698e_R_2_18"><From><StopPointRef>490013977H</StopPointRef></From><To><StopPointRef>490005262S</StopPointRef></To><Direction>inbound</Direction></RouteLink><RouteLink id="RL_RS_49698e_R_2_19"><From><StopPointRef>490005262S</StopPointRef></From><To><StopPointRef>490009334S</StopPointRef></To><Direction>inbound</Direction></RouteLink><RouteLink id="RL_RS_49698e_R_2_20"><From><StopPointRef>490009334S</StopPointRef></From><To><StopPointRef>490013751S</StopPointRef></To><Direction>inbound</Direction></RouteLink><RouteLink id="RL_RS_49698e_R_2_21"><From><StopPointRef>490013751S</StopPointRef></From><To><StopPointRef>490004178S</StopPointRef></To><Direction>inbound</Direction></RouteLink><RouteLink id="RL_RS_49698e_R_2_22"><From><StopPointRef>490004178S</StopPointRef></From><To><StopPointRef>490004177E</StopPointRef></To><Direction>inbound</Direction></RouteLink><RouteLink id="RL_RS_49698e_R_2_23"><From><StopPointRef>490004177E</StopPointRef></From><To><StopPointRef>490007955H</StopPointRef></To><Direction>inbound</Direction></RouteLink><RouteLink id="RL_RS_49698e_R_2_24"><From><StopPointRef>490007955H</StopPointRef></From><To><StopPointRef>490001144M</StopPointRef></To><Direction>inbound</Direction></RouteLink><RouteLink id="RL_RS_49698e_R_2_25"><From><StopPointRef>490001144M</StopPointRef></From><To><StopPointRef>490006702S1</StopPointRef></To><Direction>inbound</Direction></RouteLink><RouteLink id="RL_RS_49698e_R_2_26"><From><StopPointRef>490006702S1</StopPointRef></From><To><StopPointRef>490011489S1</StopPointRef></To><Direction>inbound</Direction></RouteLink><RouteLink id="RL_RS_49698e_R_2_27"><From><StopPointRef>490011489S1</StopPointRef></From><To><StopPointRef>490005989W</StopPointRef></To><Direction>inbound</Direction></RouteLink><RouteLink id="RL_RS_49698e_R_2_28"><From><StopPointRef>490005989W</StopPointRef></From><To><StopPointRef>490005989S</StopPointRef></To><Direction>inbound</Direction></RouteLink><RouteLink id="RL_RS_49698e_R_2_29"><From><StopPointRef>490005989S</StopPointRef></From><To><StopPointRef>490011885S</StopPointRef></To><Direction>inbound</Direction></RouteLink><RouteLink id="RL_RS_49698e_R_2_30"><From><StopPointRef>490011885S</StopPointRef></From><To><StopPointRef>490005095W</StopPointRef></To><Direction>inbound</Direction></RouteLink><RouteLink id="RL_RS_49698e_R_2_31"><From><StopPointRef>490005095W</StopPointRef></From><To><StopPointRef>490009727N</StopPointRef></To><Direction>inbound</Direction></RouteLink><RouteLink id="RL_RS_49698e_R_2_32"><From><StopPointRef>490009727N</StopPointRef></From><To><StopPointRef>490014424N</StopPointRef></To><Direction>inbound</Direction></RouteLink><RouteLink id="RL_RS_49698e_R_2_33"><From><StopPointRef>490014424N</StopPointRef></From><To><StopPointRef>490005291K</StopPointRef></To><Direction>inbound</Direction></RouteLink><RouteLink id="RL_RS_49698e_R_2_34"><From><StopPointRef>490005291K</StopPointRef></From><To><StopPointRef>490006815G</StopPointRef></To><Direction>inbound</Direction></RouteLink><RouteLink id="RL_RS_49698e_R_2_35"><From><StopPointRef>490006815G</StopPointRef></From><To><StopPointRef>490001325F</StopPointRef></To><Direction>inbound</Direction></RouteLink></RouteSection></RouteSections><Routes><Route id="R_49698e_H_1"><PrivateCode>R_49698e_H_1</PrivateCode><Description>West Drayton - Swakeleys Road / Austins Lane</Description><RouteSectionRef>RS_49698e_H_1</RouteSectionRef></Route><Route id="R_49698e_R_2"><PrivateCode>R_49698e_R_2</PrivateCode><Description>Swakeleys Road / Austins Lane - West Drayton</Description><RouteSectionRef>RS_49698e_R_2</RouteSectionRef></Route></Routes><JourneyPatternSections><JourneyPatternSection id="JPS_49698e_H_1"><JourneyPatternTimingLink id="JPL_49698e_H_1_0"><From SequenceNumber="1"><StopPointRef>490001325F</StopPointRef><TimingStatus>PTP</TimingStatus></From><To SequenceNumber="2"><StopPointRef>490006815H</StopPointRef><TimingStatus>PTP</TimingStatus></To><RunTime>PT60S</RunTime></JourneyPatternTimingLink><JourneyPatternTimingLink id="JPL_49698e_H_1_1"><From SequenceNumber="2"><StopPointRef>490006815H</StopPointRef><TimingStatus>PTP</TimingStatus></From><To SequenceNumber="3"><StopPointRef>490004259J</StopPointRef><TimingStatus>PTP</TimingStatus></To><RunTime>PT66S</RunTime></JourneyPatternTimingLink><JourneyPatternTimingLink id="JPL_49698e_H_1_2"><From SequenceNumber="3"><StopPointRef>490004259J</StopPointRef><TimingStatus>PTP</TimingStatus></From><To SequenceNumber="4"><StopPointRef>490005291S</StopPointRef><TimingStatus>PTP</TimingStatus></To><RunTime>PT66S</RunTime></JourneyPatternTimingLink><JourneyPatternTimingLink id="JPL_49698e_H_1_3"><From SequenceNumber="4"><StopPointRef>490005291S</StopPointRef><TimingStatus>PTP</TimingStatus></From><To SequenceNumber="5"><StopPointRef>490014424S</StopPointRef><TimingStatus>PTP</TimingStatus></To><RunTime>PT66S</RunTime></JourneyPatternTimingLink><JourneyPatternTimingLink id="JPL_49698e_H_1_4"><From SequenceNumber="5"><StopPointRef>490014424S</StopPointRef><TimingStatus>PTP</TimingStatus></From><To SequenceNumber="6"><StopPointRef>490009727S</StopPointRef><TimingStatus>PTP</TimingStatus></To><RunTime>PT66S</RunTime></JourneyPatternTimingLink><JourneyPatternTimingLink id="JPL_49698e_H_1_5"><From SequenceNumber="6"><StopPointRef>490009727S</StopPointRef><TimingStatus>PTP</TimingStatus></From><To SequenceNumber="7"><StopPointRef>490005095E</StopPointRef><TimingStatus>PTP</TimingStatus></To><RunTime>PT66S</RunTime></JourneyPatternTimingLink><JourneyPatternTimingLink id="JPL_49698e_H_1_6"><From SequenceNumber="7"><StopPointRef>490005095E</StopPointRef><TimingStatus>PTP</TimingStatus></From><To SequenceNumber="8"><StopPointRef>490005094E</StopPointRef><TimingStatus>PTP</TimingStatus></To><RunTime>PT60S</RunTime></JourneyPatternTimingLink><JourneyPatternTimingLink id="JPL_49698e_H_1_7"><From SequenceNumber="8"><StopPointRef>490005094E</StopPointRef><TimingStatus>PTP</TimingStatus></From><To SequenceNumber="9"><StopPointRef>490011885N</StopPointRef><TimingStatus>PTP</TimingStatus></To><RunTime>PT66S</RunTime></JourneyPatternTimingLink><JourneyPatternTimingLink id="JPL_49698e_H_1_8"><From SequenceNumber="9"><StopPointRef>490011885N</StopPointRef><TimingStatus>PTP</TimingStatus></From><To SequenceNumber="10"><StopPointRef>490005989E</StopPointRef><TimingStatus>PTP</TimingStatus></To><RunTime>PT66S</RunTime></JourneyPatternTimingLink><JourneyPatternTimingLink id="JPL_49698e_H_1_9"><From SequenceNumber="10"><StopPointRef>490005989E</StopPointRef><TimingStatus>PTP</TimingStatus></From><To SequenceNumber="11"><StopPointRef>490011489N</StopPointRef><TimingStatus>PTP</TimingStatus></To><RunTime>PT66S</RunTime></JourneyPatternTimingLink><JourneyPatternTimingLink id="JPL_49698e_H_1_10"><From SequenceNumber="11"><StopPointRef>490011489N</StopPointRef><TimingStatus>PTP</TimingStatus></From><To SequenceNumber="12"><StopPointRef>490006702N</StopPointRef><TimingStatus>PTP</TimingStatus></To><RunTime>PT66S</RunTime></JourneyPatternTimingLink><JourneyPatternTimingLink id="JPL_49698e_H_1_11"><From SequenceNumber="12"><StopPointRef>490006702N</StopPointRef><TimingStatus>PTP</TimingStatus></From><To SequenceNumber="13"><StopPointRef>490001144N</StopPointRef><TimingStatus>PTP</TimingStatus></To><RunTime>PT66S</RunTime></JourneyPatternTimingLink><JourneyPatternTimingLink id="JPL_49698e_H_1_12"><From SequenceNumber="13"><StopPointRef>490001144N</StopPointRef><TimingStatus>PTP</TimingStatus></From><To SequenceNumber="14"><StopPointRef>490007942K</StopPointRef><TimingStatus>PTP</TimingStatus></To><RunTime>PT54S</RunTime></JourneyPatternTimingLink><JourneyPatternTimingLink id="JPL_49698e_H_1_13"><From SequenceNumber="14"><StopPointRef>490007942K</StopPointRef><TimingStatus>PTP</TimingStatus></From><To SequenceNumber="15"><StopPointRef>490007956F</StopPointRef><TimingStatus>PTP</TimingStatus></To><RunTime>PT54S</RunTime></JourneyPatternTimingLink><JourneyPatternTimingLink id="JPL_49698e_H_1_14"><From SequenceNumber="15"><StopPointRef>490007956F</StopPointRef><TimingStatus>PTP</TimingStatus></From><To SequenceNumber="16"><StopPointRef>490004178N</StopPointRef><TimingStatus>PTP</TimingStatus></To><RunTime>PT54S</RunTime></JourneyPatternTimingLink><JourneyPatternTimingLink id="JPL_49698e_H_1_15"><From SequenceNumber="16"><StopPointRef>490004178N</StopPointRef><TimingStatus>PTP</TimingStatus></From><To SequenceNumber="17"><StopPointRef>490013751N</StopPointRef><TimingStatus>PTP</TimingStatus></To><RunTime>PT54S</RunTime></JourneyPatternTimingLink><JourneyPatternTimingLink id="JPL_49698e_H_1_16"><From SequenceNumber="17"><StopPointRef>490013751N</StopPointRef><TimingStatus>PTP</TimingStatus></From><To SequenceNumber="18"><StopPointRef>490007009N</StopPointRef><TimingStatus>PTP</TimingStatus></To><RunTime>PT54S</RunTime></JourneyPatternTimingLink><JourneyPatternTimingLink id="JPL_49698e_H_1_17"><From SequenceNumber="18"><StopPointRef>490007009N</StopPointRef><TimingStatus>PTP</TimingStatus></From><To SequenceNumber="19"><StopPointRef>490005262N</StopPointRef><TimingStatus>PTP</TimingStatus></To><RunTime>PT54S</RunTime></JourneyPatternTimingLink><JourneyPatternTimingLink id="JPL_49698e_H_1_18"><From SequenceNumber="19"><StopPointRef>490005262N</StopPointRef><TimingStatus>PTP</TimingStatus></From><To SequenceNumber="20"><StopPointRef>490013977G</StopPointRef><TimingStatus>PTP</TimingStatus></To><RunTime>PT54S</RunTime></JourneyPatternTimingLink><JourneyPatternTimingLink id="JPL_49698e_H_1_19"><From SequenceNumber="20"><StopPointRef>490013977G</StopPointRef><TimingStatus>PTP</TimingStatus></From><To SequenceNumber="21"><StopPointRef>490008962F</StopPointRef><TimingStatus>PTP</TimingStatus></To><RunTime>PT54S</RunTime></JourneyPatternTimingLink><JourneyPatternTimingLink id="JPL_49698e_H_1_20"><From SequenceNumber="21"><StopPointRef>490008962F</StopPointRef><TimingStatus>PTP</TimingStatus></From><To SequenceNumber="22"><StopPointRef>490011690B</StopPointRef><TimingStatus>PTP</TimingStatus></To><RunTime>PT54S</RunTime></JourneyPatternTimingLink><JourneyPatternTimingLink id="JPL_49698e_H_1_21"><From SequenceNumber="22"><StopPointRef>490011690B</StopPointRef><TimingStatus>PTP</TimingStatus></From><To SequenceNumber="23"><StopPointRef>490010802W</StopPointRef><TimingStatus>PTP</TimingStatus></To><RunTime>PT54S</RunTime></JourneyPatternTimingLink><JourneyPatternTimingLink id="JPL_49698e_H_1_22"><From SequenceNumber="23"><StopPointRef>490010802W</StopPointRef><TimingStatus>PTP</TimingStatus></From><To SequenceNumber="24"><StopPointRef>490015348W</StopPointRef><TimingStatus>PTP</TimingStatus></To><RunTime>PT60S</RunTime></JourneyPatternTimingLink><JourneyPatternTimingLink id="JPL_49698e_H_1_23"><From SequenceNumber="24"><StopPointRef>490015348W</StopPointRef><TimingStatus>PTP</TimingStatus></From><To SequenceNumber="25"><StopPointRef>490010032W</StopPointRef><TimingStatus>PTP</TimingStatus></To><RunTime>PT48S</RunTime></JourneyPatternTimingLink><JourneyPatternTimingLink id="JPL_49698e_H_1_24"><From SequenceNumber="25"><StopPointRef>490010032W</StopPointRef><TimingStatus>PTP</TimingStatus></From><To SequenceNumber="26"><StopPointRef>490014426W</StopPointRef><TimingStatus>PTP</TimingStatus></To><RunTime>PT48S</RunTime></JourneyPatternTimingLink><JourneyPatternTimingLink id="JPL_49698e_H_1_25"><From SequenceNumber="26"><StopPointRef>490014426W</StopPointRef><TimingStatus>PTP</TimingStatus></From><To SequenceNumber="27"><StopPointRef>490008006W</StopPointRef><TimingStatus>PTP</TimingStatus></To><RunTime>PT54S</RunTime></JourneyPatternTimingLink><JourneyPatternTimingLink id="JPL_49698e_H_1_26"><From SequenceNumber="27"><StopPointRef>490008006W</StopPointRef><TimingStatus>PTP</TimingStatus></From><To SequenceNumber="28"><StopPointRef>490009069W</StopPointRef><TimingStatus>PTP</TimingStatus></To><RunTime>PT48S</RunTime></JourneyPatternTimingLink><JourneyPatternTimingLink id="JPL_49698e_H_1_27"><From SequenceNumber="28"><StopPointRef>490009069W</StopPointRef><TimingStatus>PTP</TimingStatus></From><To SequenceNumber="29"><StopPointRef>490008227W</StopPointRef><TimingStatus>PTP</TimingStatus></To><RunTime>PT48S</RunTime></JourneyPatternTimingLink><JourneyPatternTimingLink id="JPL_49698e_H_1_28"><From SequenceNumber="29"><StopPointRef>490008227W</StopPointRef><TimingStatus>PTP</TimingStatus></From><To SequenceNumber="30"><StopPointRef>490013974N</StopPointRef><TimingStatus>PTP</TimingStatus></To><RunTime>PT54S</RunTime></JourneyPatternTimingLink><JourneyPatternTimingLink id="JPL_49698e_H_1_29"><From SequenceNumber="30"><StopPointRef>490013974N</StopPointRef><TimingStatus>PTP</TimingStatus></From><To SequenceNumber="31"><StopPointRef>490005422N</StopPointRef><TimingStatus>PTP</TimingStatus></To><RunTime>PT132S</RunTime></JourneyPatternTimingLink><JourneyPatternTimingLink id="JPL_49698e_H_1_30"><From SequenceNumber="31"><StopPointRef>490005422N</StopPointRef><TimingStatus>PTP</TimingStatus></From><To SequenceNumber="32"><StopPointRef>490010483N</StopPointRef><TimingStatus>PTP</TimingStatus></To><RunTime>PT132S</RunTime></JourneyPatternTimingLink><JourneyPatternTimingLink id="JPL_49698e_H_1_31"><From SequenceNumber="32"><StopPointRef>490010483N</StopPointRef><TimingStatus>PTP</TimingStatus></From><To SequenceNumber="33"><StopPointRef>490007540N</StopPointRef><TimingStatus>PTP</TimingStatus></To><RunTime>PT132S</RunTime></JourneyPatternTimingLink><JourneyPatternTimingLink id="JPL_49698e_H_1_32"><From SequenceNumber="33"><StopPointRef>490007540N</StopPointRef><TimingStatus>PTP</TimingStatus></From><To SequenceNumber="34"><StopPointRef>490008222N</StopPointRef><TimingStatus>PTP</TimingStatus></To><RunTime>PT132S</RunTime></JourneyPatternTimingLink><JourneyPatternTimingLink id="JPL_49698e_H_1_33"><From SequenceNumber="34"><StopPointRef>490008222N</StopPointRef><TimingStatus>PTP</TimingStatus></From><To SequenceNumber="35"><StopPointRef>490000111N</StopPointRef><TimingStatus>PTP</TimingStatus></To><RunTime>PT132S</RunTime></JourneyPatternTimingLink><JourneyPatternTimingLink id="JPL_49698e_H_1_34"><From SequenceNumber="35"><StopPointRef>490000111N</StopPointRef><TimingStatus>PTP</TimingStatus></From><To SequenceNumber="36"><StopPointRef>490013089N</StopPointRef><TimingStatus>PTP</TimingStatus></To><RunTime>PT90S</RunTime></JourneyPatternTimingLink><JourneyPatternTimingLink id="JPL_49698e_H_1_35"><From SequenceNumber="36"><StopPointRef>490013089N</StopPointRef><TimingStatus>PTP</TimingStatus></From><To SequenceNumber="37"><StopPointRef>490006136N</StopPointRef><TimingStatus>PTP</TimingStatus></To><RunTime>PT90S</RunTime></JourneyPatternTimingLink><JourneyPatternTimingLink id="JPL_49698e_H_1_36"><From SequenceNumber="37"><StopPointRef>490006136N</StopPointRef><TimingStatus>PTP</TimingStatus></From><To SequenceNumber="38"><StopPointRef>490000120D</StopPointRef><TimingStatus>PTP</TimingStatus></To><RunTime>PT90S</RunTime></JourneyPatternTimingLink><JourneyPatternTimingLink id="JPL_49698e_H_1_37"><From SequenceNumber="38"><StopPointRef>490000120D</StopPointRef><TimingStatus>PTP</TimingStatus></From><To SequenceNumber="39"><StopPointRef>490013091A</StopPointRef><TimingStatus>PTP</TimingStatus></To><RunTime>PT90S</RunTime></JourneyPatternTimingLink></JourneyPatternSection><JourneyPatternSection id="JPS_49698e_R_1"><JourneyPatternTimingLink id="JPL_49698e_R_1_0"><From SequenceNumber="1"><StopPointRef>490013091C</StopPointRef><TimingStatus>PTP</TimingStatus></From><To SequenceNumber="2"><StopPointRef>490006136S</StopPointRef><TimingStatus>PTP</TimingStatus></To><RunTime>PT78S</RunTime></JourneyPatternTimingLink><JourneyPatternTimingLink id="JPL_49698e_R_1_1"><From SequenceNumber="2"><StopPointRef>490006136S</StopPointRef><TimingStatus>PTP</TimingStatus></From><To SequenceNumber="3"><StopPointRef>490013089S</StopPointRef><TimingStatus>PTP</TimingStatus></To><RunTime>PT78S</RunTime></JourneyPatternTimingLink><JourneyPatternTimingLink id="JPL_49698e_R_1_2"><From SequenceNumber="3"><StopPointRef>490013089S</StopPointRef><TimingStatus>PTP</TimingStatus></From><To SequenceNumber="4"><StopPointRef>490000111B</StopPointRef><TimingStatus>PTP</TimingStatus></To><RunTime>PT84S</RunTime></JourneyPatternTimingLink><JourneyPatternTimingLink id="JPL_49698e_R_1_3"><From SequenceNumber="4"><StopPointRef>490000111B</StopPointRef><TimingStatus>PTP</TimingStatus></From><To SequenceNumber="5"><StopPointRef>490008222S</StopPointRef><TimingStatus>PTP</TimingStatus></To><RunTime>PT84S</RunTime></JourneyPatternTimingLink><JourneyPatternTimingLink id="JPL_49698e_R_1_4"><From SequenceNumber="5"><StopPointRef>490008222S</StopPointRef><TimingStatus>PTP</TimingStatus></From><To SequenceNumber="6"><StopPointRef>490007540S</StopPointRef><TimingStatus>PTP</TimingStatus></To><RunTime>PT84S</RunTime></JourneyPatternTimingLink><JourneyPatternTimingLink id="JPL_49698e_R_1_5"><From SequenceNumber="6"><StopPointRef>490007540S</StopPointRef><TimingStatus>PTP</TimingStatus></From><To SequenceNumber="7"><StopPointRef>490010483S</StopPointRef><TimingStatus>PTP</TimingStatus></To><RunTime>PT84S</RunTime></JourneyPatternTimingLink><JourneyPatternTimingLink id="JPL_49698e_R_1_6"><From SequenceNumber="7"><StopPointRef>490010483S</StopPointRef><TimingStatus>PTP</TimingStatus></From><To SequenceNumber="8"><StopPointRef>490005422S</StopPointRef><TimingStatus>PTP</TimingStatus></To><RunTime>PT84S</RunTime></JourneyPatternTimingLink><JourneyPatternTimingLink id="JPL_49698e_R_1_7"><From SequenceNumber="8"><StopPointRef>490005422S</StopPointRef><TimingStatus>PTP</TimingStatus></From><To SequenceNumber="9"><StopPointRef>490013974S</StopPointRef><TimingStatus>PTP</TimingStatus></To><RunTime>PT84S</RunTime></JourneyPatternTimingLink><JourneyPatternTimingLink id="JPL_49698e_R_1_8"><From SequenceNumber="9"><StopPointRef>490013974S</StopPointRef><TimingStatus>PTP</TimingStatus></From><To SequenceNumber="10"><StopPointRef>490008227E</StopPointRef><TimingStatus>PTP</TimingStatus></To><RunTime>PT60S</RunTime></JourneyPatternTimingLink><JourneyPatternTimingLink id="JPL_49698e_R_1_9"><From SequenceNumber="10"><StopPointRef>490008227E</StopPointRef><TimingStatus>PTP</TimingStatus></From><To SequenceNumber="11"><StopPointRef>490009069E</StopPointRef><TimingStatus>PTP</TimingStatus></To><RunTime>PT60S</RunTime></JourneyPatternTimingLink><JourneyPatternTimingLink id="JPL_49698e_R_1_10"><From SequenceNumber="11"><StopPointRef>490009069E</StopPointRef><TimingStatus>PTP</TimingStatus></From><To SequenceNumber="12"><StopPointRef>490008006E</StopPointRef><TimingStatus>PTP</TimingStatus></To><RunTime>PT60S</RunTime></JourneyPatternTimingLink><JourneyPatternTimingLink id="JPL_49698e_R_1_11"><From SequenceNumber="12"><StopPointRef>490008006E</StopPointRef><TimingStatus>PTP</TimingStatus></From><To SequenceNumber="13"><StopPointRef>490008117E</StopPointRef><TimingStatus>PTP</TimingStatus></To><RunTime>PT60S</RunTime></JourneyPatternTimingLink><JourneyPatternTimingLink id="JPL_49698e_R_1_12"><From SequenceNumber="13"><StopPointRef>490008117E</StopPointRef><TimingStatus>PTP</TimingStatus></From><To SequenceNumber="14"><StopPointRef>490007952E</StopPointRef><TimingStatus>PTP</TimingStatus></To><RunTime>PT60S</RunTime></JourneyPatternTimingLink><JourneyPatternTimingLink id="JPL_49698e_R_1_13"><From SequenceNumber="14"><StopPointRef>490007952E</StopPointRef><TimingStatus>PTP</TimingStatus></From><To SequenceNumber="15"><StopPointRef>490007946E</StopPointRef><TimingStatus>PTP</TimingStatus></To><RunTime>PT60S</RunTime></JourneyPatternTimingLink><JourneyPatternTimingLink id="JPL_49698e_R_1_14"><From SequenceNumber="15"><StopPointRef>490007946E</StopPointRef><TimingStatus>PTP</TimingStatus></From><To SequenceNumber="16"><StopPointRef>490010802E</StopPointRef><TimingStatus>PTP</TimingStatus></To><RunTime>PT60S</RunTime></JourneyPatternTimingLink><JourneyPatternTimingLink id="JPL_49698e_R_1_15"><From SequenceNumber="16"><StopPointRef>490010802E</StopPointRef><TimingStatus>PTP</TimingStatus></From><To SequenceNumber="17"><StopPointRef>490011690A</StopPointRef><TimingStatus>PTP</TimingStatus></To><RunTime>PT60S</RunTime></JourneyPatternTimingLink><JourneyPatternTimingLink id="JPL_49698e_R_1_16"><From SequenceNumber="17"><StopPointRef>490011690A</StopPointRef><TimingStatus>PTP</TimingStatus></From><To SequenceNumber="18"><StopPointRef>490008962E</StopPointRef><TimingStatus>PTP</TimingStatus></To><RunTime>PT60S</RunTime></JourneyPatternTimingLink><JourneyPatternTimingLink id="JPL_49698e_R_1_17"><From SequenceNumber="18"><StopPointRef>490008962E</StopPointRef><TimingStatus>PTP</TimingStatus></From><To SequenceNumber="19"><StopPointRef>490013977H</StopPointRef><TimingStatus>PTP</TimingStatus></To><RunTime>PT60S</RunTime></JourneyPatternTimingLink><JourneyPatternTimingLink id="JPL_49698e_R_1_18"><From SequenceNumber="19"><StopPointRef>490013977H</StopPointRef><TimingStatus>PTP</TimingStatus></From><To SequenceNumber="20"><StopPointRef>490005262S</StopPointRef><TimingStatus>PTP</TimingStatus></To><RunTime>PT60S</RunTime></JourneyPatternTimingLink><JourneyPatternTimingLink id="JPL_49698e_R_1_19"><From SequenceNumber="20"><StopPointRef>490005262S</StopPointRef><TimingStatus>PTP</TimingStatus></From><To SequenceNumber="21"><StopPointRef>490009334S</StopPointRef><TimingStatus>PTP</TimingStatus></To><RunTime>PT60S</RunTime></JourneyPatternTimingLink><JourneyPatternTimingLink id="JPL_49698e_R_1_20"><From SequenceNumber="21"><StopPointRef>490009334S</StopPointRef><TimingStatus>PTP</TimingStatus></From><To SequenceNumber="22"><StopPointRef>490013751S</StopPointRef><TimingStatus>PTP</TimingStatus></To><RunTime>PT60S</RunTime></JourneyPatternTimingLink><JourneyPatternTimingLink id="JPL_49698e_R_1_21"><From SequenceNumber="22"><StopPointRef>490013751S</StopPointRef><TimingStatus>PTP</TimingStatus></From><To SequenceNumber="23"><StopPointRef>490004178S</StopPointRef><TimingStatus>PTP</TimingStatus></To><RunTime>PT60S</RunTime></JourneyPatternTimingLink><JourneyPatternTimingLink id="JPL_49698e_R_1_22"><From SequenceNumber="23"><StopPointRef>490004178S</StopPointRef><TimingStatus>PTP</TimingStatus></From><To SequenceNumber="24"><StopPointRef>490004177E</StopPointRef><TimingStatus>PTP</TimingStatus></To><RunTime>PT60S</RunTime></JourneyPatternTimingLink><JourneyPatternTimingLink id="JPL_49698e_R_1_23"><From SequenceNumber="24"><StopPointRef>490004177E</StopPointRef><TimingStatus>PTP</TimingStatus></From><To SequenceNumber="25"><StopPointRef>490007955H</StopPointRef><TimingStatus>PTP</TimingStatus></To><RunTime>PT60S</RunTime></JourneyPatternTimingLink><JourneyPatternTimingLink id="JPL_49698e_R_1_24"><From SequenceNumber="25"><StopPointRef>490007955H</StopPointRef><TimingStatus>PTP</TimingStatus></From><To SequenceNumber="26"><StopPointRef>490001144M</StopPointRef><TimingStatus>PTP</TimingStatus></To><RunTime>PT60S</RunTime></JourneyPatternTimingLink><JourneyPatternTimingLink id="JPL_49698e_R_1_25"><From SequenceNumber="26"><StopPointRef>490001144M</StopPointRef><TimingStatus>PTP</TimingStatus></From><To SequenceNumber="27"><StopPointRef>490006702S1</StopPointRef><TimingStatus>PTP</TimingStatus></To><RunTime>PT60S</RunTime></JourneyPatternTimingLink><JourneyPatternTimingLink id="JPL_49698e_R_1_26"><From SequenceNumber="27"><StopPointRef>490006702S1</StopPointRef><TimingStatus>PTP</TimingStatus></From><To SequenceNumber="28"><StopPointRef>490011489S1</StopPointRef><TimingStatus>PTP</TimingStatus></To><RunTime>PT66S</RunTime></JourneyPatternTimingLink><JourneyPatternTimingLink id="JPL_49698e_R_1_27"><From SequenceNumber="28"><StopPointRef>490011489S1</StopPointRef><TimingStatus>PTP</TimingStatus></From><To SequenceNumber="29"><StopPointRef>490005989W</StopPointRef><TimingStatus>PTP</TimingStatus></To><RunTime>PT66S</RunTime></JourneyPatternTimingLink><JourneyPatternTimingLink id="JPL_49698e_R_1_28"><From SequenceNumber="29"><StopPointRef>490005989W</StopPointRef><TimingStatus>PTP</TimingStatus></From><To SequenceNumber="30"><StopPointRef>490005989S</StopPointRef><TimingStatus>PTP</TimingStatus></To><RunTime>PT66S</RunTime></JourneyPatternTimingLink><JourneyPatternTimingLink id="JPL_49698e_R_1_29"><From SequenceNumber="30"><StopPointRef>490005989S</StopPointRef><TimingStatus>PTP</TimingStatus></From><To SequenceNumber="31"><StopPointRef>490011885S</StopPointRef><TimingStatus>PTP</TimingStatus></To><RunTime>PT66S</RunTime></JourneyPatternTimingLink><JourneyPatternTimingLink id="JPL_49698e_R_1_30"><From SequenceNumber="31"><StopPointRef>490011885S</StopPointRef><TimingStatus>PTP</TimingStatus></From><To SequenceNumber="32"><StopPointRef>490005095W</StopPointRef><TimingStatus>PTP</TimingStatus></To><RunTime>PT66S</RunTime></JourneyPatternTimingLink><JourneyPatternTimingLink id="JPL_49698e_R_1_31"><From SequenceNumber="32"><StopPointRef>490005095W</StopPointRef><TimingStatus>PTP</TimingStatus></From><To SequenceNumber="33"><StopPointRef>490009727N</StopPointRef><TimingStatus>PTP</TimingStatus></To><RunTime>PT60S</RunTime></JourneyPatternTimingLink><JourneyPatternTimingLink id="JPL_49698e_R_1_32"><From SequenceNumber="33"><StopPointRef>490009727N</StopPointRef><TimingStatus>PTP</TimingStatus></From><To SequenceNumber="34"><StopPointRef>490014424N</StopPointRef><TimingStatus>PTP</TimingStatus></To><RunTime>PT66S</RunTime></JourneyPatternTimingLink><JourneyPatternTimingLink id="JPL_49698e_R_1_33"><From SequenceNumber="34"><StopPointRef>490014424N</StopPointRef><TimingStatus>PTP</TimingStatus></From><To SequenceNumber="35"><StopPointRef>490005291K</StopPointRef><TimingStatus>PTP</TimingStatus></To><RunTime>PT66S</RunTime></JourneyPatternTimingLink><JourneyPatternTimingLink id="JPL_49698e_R_1_34"><From SequenceNumber="35"><StopPointRef>490005291K</StopPointRef><TimingStatus>PTP</TimingStatus></From><To SequenceNumber="36"><StopPointRef>490006815G</StopPointRef><TimingStatus>PTP</TimingStatus></To><RunTime>PT66S</RunTime></JourneyPatternTimingLink><JourneyPatternTimingLink id="JPL_49698e_R_1_35"><From SequenceNumber="36"><StopPointRef>490006815G</StopPointRef><TimingStatus>PTP</TimingStatus></From><To SequenceNumber="37"><StopPointRef>490001325F</StopPointRef><TimingStatus>PTP</TimingStatus></To><RunTime>PT72S</RunTime></JourneyPatternTimingLink></JourneyPatternSection></JourneyPatternSections><Operators><Operator id="OId_49"><OperatorCode>LU</OperatorCode><OperatorShortName>London United       </OperatorShortName><OperatorNameOnLicence>London United       </OperatorNameOnLicence><TradingName>LU  </TradingName><ContactTelephoneNumber><TelNationalNumber>02084006665         </TelNationalNumber></ContactTelephoneNumber><OperatorAddresses><CorrespondenceAddress><Line xmlns="http://www.govtalk.gov.uk/people/AddressAndPersonalDetails">London United                      </Line><Line xmlns="http://www.govtalk.gov.uk/people/AddressAndPersonalDetails">2 Wellington Road                  </Line><Line xmlns="http://www.govtalk.gov.uk/people/AddressAndPersonalDetails">Fulwell                            </Line><Line xmlns="http://www.govtalk.gov.uk/people/AddressAndPersonalDetails">Twickenham Middx                   </Line></CorrespondenceAddress></OperatorAddresses></Operator></Operators><Services><Service><ServiceCode>SId_49698e0</ServiceCode><PrivateCode>49698e0</PrivateCode><Lines><Line id="LId_49698e0"><LineName>698</LineName></Line></Lines><OperatingPeriod><StartDate>2009-12-01</StartDate><EndDate>2010-12-23</EndDate></OperatingPeriod><OperatingProfile><RegularDayType>
					<DaysOfWeek>
						<MondayToFriday/>
					</DaysOfWeek>
				</RegularDayType>
				<BankHolidayOperation><DaysOfNonOperation><AllBankHolidays></AllBankHolidays></DaysOfNonOperation></BankHolidayOperation></OperatingProfile><RegisteredOperatorRef>OId_49</RegisteredOperatorRef><StopRequirements><NoNewStopsRequired/></StopRequirements><StandardService><Origin>West Drayton</Origin><Destination>Swakeleys Road / Austins Lane</Destination><JourneyPattern id="JP_49698e_H0_1"><Direction>outbound</Direction><Operational><VehicleType><VehicleTypeCode>08</VehicleTypeCode><Description>Double Decker Low Floor+Wheelchair</Description></VehicleType></Operational><RouteRef>R_49698e_H_1</RouteRef><JourneyPatternSectionRefs>JPS_49698e_H_1</JourneyPatternSectionRefs></JourneyPattern><JourneyPattern id="JP_49698e_R0_1"><Direction>inbound</Direction><Operational><VehicleType><VehicleTypeCode>08</VehicleTypeCode><Description>Double Decker Low Floor+Wheelchair</Description></VehicleType></Operational><RouteRef>R_49698e_R_2</RouteRef><JourneyPatternSectionRefs>JPS_49698e_R_1</JourneyPatternSectionRefs></JourneyPattern></StandardService></Service></Services><VehicleJourneys><VehicleJourney><PrivateCode>49698ee0H6980001</PrivateCode><Operational><VehicleType><VehicleTypeCode>08</VehicleTypeCode><Description>Double Decker Low Floor+Wheelchair</Description></VehicleType></Operational><OperatingProfile><RegularDayType>
					<DaysOfWeek>
						<MondayToFriday/>
					</DaysOfWeek>
				</RegularDayType>
			</OperatingProfile><VehicleJourneyCode>49698ee0H6980001</VehicleJourneyCode><ServiceRef>SId_49698e0</ServiceRef><LineRef>LId_49698e0</LineRef><JourneyPatternRef>JP_49698e_H0_1</JourneyPatternRef><DepartureTime>07:32:00</DepartureTime></VehicleJourney><VehicleJourney><PrivateCode>49698ee0H6980002</PrivateCode><Operational><VehicleType><VehicleTypeCode>08</VehicleTypeCode><Description>Double Decker Low Floor+Wheelchair</Description></VehicleType></Operational><OperatingProfile><RegularDayType>
					<DaysOfWeek>
						<MondayToFriday/>
					</DaysOfWeek>
				</RegularDayType>
			</OperatingProfile><VehicleJourneyCode>49698ee0H6980002</VehicleJourneyCode><ServiceRef>SId_49698e0</ServiceRef><LineRef>LId_49698e0</LineRef><JourneyPatternRef>JP_49698e_H0_1</JourneyPatternRef><DepartureTime>07:37:00</DepartureTime></VehicleJourney><VehicleJourney><PrivateCode>49698ee0H6980003</PrivateCode><Operational><VehicleType><VehicleTypeCode>08</VehicleTypeCode><Description>Double Decker Low Floor+Wheelchair</Description></VehicleType></Operational><OperatingProfile><RegularDayType>
					<DaysOfWeek>
						<MondayToFriday/>
					</DaysOfWeek>
				</RegularDayType>
			</OperatingProfile><VehicleJourneyCode>49698ee0H6980003</VehicleJourneyCode><ServiceRef>SId_49698e0</ServiceRef><LineRef>LId_49698e0</LineRef><JourneyPatternRef>JP_49698e_H0_1</JourneyPatternRef><DepartureTime>07:49:00</DepartureTime></VehicleJourney><VehicleJourney><PrivateCode>49698ee0R6980004</PrivateCode><Operational><VehicleType><VehicleTypeCode>08</VehicleTypeCode><Description>Double Decker Low Floor+Wheelchair</Description></VehicleType></Operational><OperatingProfile><RegularDayType>
					<DaysOfWeek>
						<MondayToFriday/>
					</DaysOfWeek>
				</RegularDayType>
			</OperatingProfile><VehicleJourneyCode>49698ee0R6980004</VehicleJourneyCode><ServiceRef>SId_49698e0</ServiceRef><LineRef>LId_49698e0</LineRef><JourneyPatternRef>JP_49698e_R0_1</JourneyPatternRef><DepartureTime>15:05:00</DepartureTime></VehicleJourney><VehicleJourney><PrivateCode>49698ee0R6980005</PrivateCode><Operational><VehicleType><VehicleTypeCode>08</VehicleTypeCode><Description>Double Decker Low Floor+Wheelchair</Description></VehicleType></Operational><OperatingProfile><RegularDayType>
					<DaysOfWeek>
						<MondayToFriday/>
					</DaysOfWeek>
				</RegularDayType>
			</OperatingProfile><VehicleJourneyCode>49698ee0R6980005</VehicleJourneyCode><ServiceRef>SId_49698e0</ServiceRef><LineRef>LId_49698e0</LineRef><JourneyPatternRef>JP_49698e_R0_1</JourneyPatternRef><DepartureTime>15:15:00</DepartureTime></VehicleJourney><VehicleJourney><PrivateCode>49698ee0R6980006</PrivateCode><Operational><VehicleType><VehicleTypeCode>08</VehicleTypeCode><Description>Double Decker Low Floor+Wheelchair</Description></VehicleType></Operational><OperatingProfile><RegularDayType>
					<DaysOfWeek>
						<MondayToFriday/>
					</DaysOfWeek>
				</RegularDayType>
			</OperatingProfile><VehicleJourneyCode>49698ee0R6980006</VehicleJourneyCode><ServiceRef>SId_49698e0</ServiceRef><LineRef>LId_49698e0</LineRef><JourneyPatternRef>JP_49698e_R0_1</JourneyPatternRef><DepartureTime>15:20:00</DepartureTime></VehicleJourney><VehicleJourney><PrivateCode>49698ee0R6980007</PrivateCode><Operational><VehicleType><VehicleTypeCode>08</VehicleTypeCode><Description>Double Decker Low Floor+Wheelchair</Description></VehicleType></Operational><OperatingProfile><RegularDayType>
					<DaysOfWeek>
						<MondayToFriday/>
					</DaysOfWeek>
				</RegularDayType>
			</OperatingProfile><VehicleJourneyCode>49698ee0R6980007</VehicleJourneyCode><ServiceRef>SId_49698e0</ServiceRef><LineRef>LId_49698e0</LineRef><JourneyPatternRef>JP_49698e_R0_1</JourneyPatternRef><DepartureTime>15:40:00</DepartureTime></VehicleJourney></VehicleJourneys></TransXChange>
