<?xml version="1.0" encoding="UTF-8"?>
<TransXChange CreationDateTime="2010-10-28T09:11:06" ModificationDateTime="2010-10-28T09:11:06" Modification="new" FileName="G:\mentzdv\Datastore\output_txc_49681g.xml" RevisionNumber="0" SchemaVersion="2.1" xmlns:xsi="http://www.w3.org/2001/XMLSchema-instance" xsi:schemaLocation="http://www.transxchange.org.uk/ http://www.transxchange.org.uk/schema/2.1/TransXChange_general.xsd" xmlns="http://www.transxchange.org.uk/" xmlns:n1="http://www.transxchange.org.uk/" xmlns:n2="http://www.govtalk.gov.uk/people/AddressAndPersonalDetails" xmlns:n3="http://www.govtalk.gov.uk/core" xmlns:n4="http://www.govtalk.gov.uk/people/bs7666"><StopPoints><AnnotatedStopPointRef><StopPointRef>490008393W</StopPointRef><CommonName>Hounslow Bus Station</CommonName><Indicator>stop A</Indicator><LocalityName>Hounslow</LocalityName><LocalityQualifier>Greater London</LocalityQualifier></AnnotatedStopPointRef><AnnotatedStopPointRef><StopPointRef>490007766M</StopPointRef><CommonName>Douglas Road (TW3)</CommonName><Indicator>stop M</Indicator><LocalityName>Hounslow</LocalityName><LocalityQualifier>Greater London</LocalityQualifier></AnnotatedStopPointRef><AnnotatedStopPointRef><StopPointRef>490007573T</StopPointRef><CommonName>Grove Road (TW3)</CommonName><Indicator>stop T</Indicator><LocalityName>Hounslow</LocalityName><LocalityQualifier>Greater London</LocalityQualifier></AnnotatedStopPointRef><AnnotatedStopPointRef><StopPointRef>490011160S</StopPointRef><CommonName>Pownall Gardens (TW3)</CommonName><Indicator>stop SA</Indicator><LocalityName>Hounslow</LocalityName><LocalityQualifier>Greater London</LocalityQualifier></AnnotatedStopPointRef><AnnotatedStopPointRef><StopPointRef>490001156A</StopPointRef><CommonName>Hounslow</CommonName><Indicator>stop SC</Indicator><LocalityName>Hounslow</LocalityName><LocalityQualifier>Greater London</LocalityQualifier></AnnotatedStopPointRef><AnnotatedStopPointRef><StopPointRef>490010808S</StopPointRef><CommonName>Park Road / Whitton Road</CommonName><Indicator>stop SD</Indicator><LocalityName>Hounslow</LocalityName><LocalityQualifier>Greater London</LocalityQualifier></AnnotatedStopPointRef><AnnotatedStopPointRef><StopPointRef>490014634S</StopPointRef><CommonName>Whitton Dene / Whitton Road</CommonName><Indicator>stop SE</Indicator><LocalityName>Hounslow</LocalityName><LocalityQualifier>Greater London</LocalityQualifier></AnnotatedStopPointRef><AnnotatedStopPointRef><StopPointRef>490014632S</StopPointRef><CommonName>Whitton Church</CommonName><Indicator>stop S</Indicator><LocalityName>Whitton</LocalityName><LocalityQualifier>Greater London</LocalityQualifier></AnnotatedStopPointRef><AnnotatedStopPointRef><StopPointRef>490014629C</StopPointRef><CommonName>Whitton / Admiral Nelson</CommonName><Indicator>stop Q</Indicator><LocalityName>Whitton</LocalityName><LocalityQualifier>Greater London</LocalityQualifier></AnnotatedStopPointRef><AnnotatedStopPointRef><StopPointRef>490014241E</StopPointRef><CommonName>Warren Road (TW2)</CommonName><Indicator>stop T</Indicator><LocalityName>Whitton</LocalityName><LocalityQualifier>Greater London</LocalityQualifier></AnnotatedStopPointRef><AnnotatedStopPointRef><StopPointRef>490008869E</StopPointRef><CommonName>Kneller Hall (TW2)</CommonName><Indicator>stop A</Indicator><LocalityName>Whitton</LocalityName><LocalityQualifier>Greater London</LocalityQualifier></AnnotatedStopPointRef><AnnotatedStopPointRef><StopPointRef>490013875E</StopPointRef><CommonName>Tayben Avenue</CommonName><Indicator>stop B</Indicator><LocalityName>Whitton</LocalityName><LocalityQualifier>Greater London</LocalityQualifier></AnnotatedStopPointRef><AnnotatedStopPointRef><StopPointRef>490013873W2</StopPointRef><CommonName>Rugby Road / Whitton Road</CommonName><Indicator>stop C</Indicator><LocalityName>Twickenham</LocalityName><LocalityQualifier>Greater London</LocalityQualifier></AnnotatedStopPointRef><AnnotatedStopPointRef><StopPointRef>490005244S</StopPointRef><CommonName>Chudleigh Road (TW2)</CommonName><Indicator>stop R</Indicator><LocalityName>Twickenham</LocalityName><LocalityQualifier>Greater London</LocalityQualifier></AnnotatedStopPointRef><AnnotatedStopPointRef><StopPointRef>490007982S</StopPointRef><CommonName>Heatham House (TW2)</CommonName><Indicator>stop S</Indicator><LocalityName>Twickenham</LocalityName><LocalityQualifier>Greater London</LocalityQualifier></AnnotatedStopPointRef><AnnotatedStopPointRef><StopPointRef>490013861C</StopPointRef><CommonName>Twickenham Station</CommonName><Indicator>stop C</Indicator><LocalityName>Twickenham</LocalityName><LocalityQualifier>Greater London</LocalityQualifier></AnnotatedStopPointRef><AnnotatedStopPointRef><StopPointRef>490013871F</StopPointRef><CommonName>Twickenham / London Road</CommonName><Indicator>stop F</Indicator><LocalityName>Twickenham</LocalityName><LocalityQualifier>Greater London</LocalityQualifier></AnnotatedStopPointRef><AnnotatedStopPointRef><StopPointRef>490013863L</StopPointRef><CommonName>Twickenham / King Street</CommonName><Indicator>stop L</Indicator><LocalityName>Twickenham</LocalityName><LocalityQualifier>Greater London</LocalityQualifier></AnnotatedStopPointRef><AnnotatedStopPointRef><StopPointRef>490008007U</StopPointRef><CommonName>Heath Road / Copthall Gardens</CommonName><Indicator>stop U</Indicator><LocalityName>Twickenham</LocalityName><LocalityQualifier>Greater London</LocalityQualifier></AnnotatedStopPointRef><AnnotatedStopPointRef><StopPointRef>490008009W</StopPointRef><CommonName>Heath Road / Grove Avenue</CommonName><Indicator>stop GS</Indicator><LocalityName>Twickenham</LocalityName><LocalityQualifier>Greater London</LocalityQualifier></AnnotatedStopPointRef><AnnotatedStopPointRef><StopPointRef>490013869S</StopPointRef><CommonName>Twickenham Green</CommonName><Indicator>stop GT</Indicator><LocalityName>Strawberry Hill</LocalityName><LocalityQualifier>Greater London</LocalityQualifier></AnnotatedStopPointRef><AnnotatedStopPointRef><StopPointRef>490013865S</StopPointRef><CommonName>Twickenham The Prince Albert</CommonName><Indicator>stop GB</Indicator><LocalityName>Strawberry Hill</LocalityName><LocalityQualifier>Greater London</LocalityQualifier></AnnotatedStopPointRef><AnnotatedStopPointRef><StopPointRef>490013765S</StopPointRef><CommonName>Trafalgar Rd / Prince Of Wales</CommonName><Indicator>stop SC</Indicator><LocalityName>Strawberry Hill</LocalityName><LocalityQualifier>Greater London</LocalityQualifier></AnnotatedStopPointRef><AnnotatedStopPointRef><StopPointRef>490007064F</StopPointRef><CommonName>Fulwell / Sixth Cross Road</CommonName><Indicator>stop H</Indicator><LocalityName>Strawberry Hill</LocalityName><LocalityQualifier>Greater London</LocalityQualifier></AnnotatedStopPointRef><AnnotatedStopPointRef><StopPointRef>490012333EB</StopPointRef><CommonName>South Road / Fulwell</CommonName><Indicator>stop G</Indicator><LocalityName>Hampton Hill</LocalityName><LocalityQualifier>Greater London</LocalityQualifier></AnnotatedStopPointRef><AnnotatedStopPointRef><StopPointRef>490005445D</StopPointRef><CommonName>Fulwell</CommonName><Indicator>stop D</Indicator><LocalityName>Fulwell (London)</LocalityName><LocalityQualifier>Greater London</LocalityQualifier></AnnotatedStopPointRef><AnnotatedStopPointRef><StopPointRef>490011215S2</StopPointRef><CommonName>Princes Road / Red Lion</CommonName><Indicator>stop S</Indicator><LocalityName>Hampton Hill</LocalityName><LocalityQualifier>Greater London</LocalityQualifier></AnnotatedStopPointRef><AnnotatedStopPointRef><StopPointRef>490007249S</StopPointRef><CommonName>Gloucester Road (TW11)</CommonName><Indicator>stop P</Indicator><LocalityName>Hampton Hill</LocalityName><LocalityQualifier>Greater London</LocalityQualifier></AnnotatedStopPointRef><AnnotatedStopPointRef><StopPointRef>490013176S</StopPointRef><CommonName>Teddington Memorial Hospital</CommonName><Indicator>stop Q</Indicator><LocalityName>Teddington</LocalityName><LocalityQualifier>Greater London</LocalityQualifier></AnnotatedStopPointRef><AnnotatedStopPointRef><StopPointRef>490004377E</StopPointRef><CommonName>Broad Street (TW11)</CommonName><Indicator>stop E</Indicator><LocalityName>Teddington</LocalityName><LocalityQualifier>Greater London</LocalityQualifier></AnnotatedStopPointRef><AnnotatedStopPointRef><StopPointRef>490013172C</StopPointRef><CommonName>Teddington / Elmfield Avenue</CommonName><Indicator>stop C</Indicator><LocalityName>Teddington</LocalityName><LocalityQualifier>Greater London</LocalityQualifier></AnnotatedStopPointRef><AnnotatedStopPointRef><StopPointRef>490004709E</StopPointRef><CommonName>Cambridge Road (TW11)</CommonName><Indicator>stop L</Indicator><LocalityName>Teddington</LocalityName><LocalityQualifier>Greater London</LocalityQualifier></AnnotatedStopPointRef><AnnotatedStopPointRef><StopPointRef>490013174E</StopPointRef><CommonName>Teddington Lock</CommonName><Indicator>stop M</Indicator><LocalityName>Teddington</LocalityName><LocalityQualifier>Greater London</LocalityQualifier></AnnotatedStopPointRef><AnnotatedStopPointRef><StopPointRef>490013180S</StopPointRef><CommonName>Teddington School / Broom Road</CommonName><Indicator>stop S</Indicator><LocalityName>Hampton Wick</LocalityName><LocalityQualifier>Greater London</LocalityQualifier></AnnotatedStopPointRef><AnnotatedStopPointRef><StopPointRef>490010311N</StopPointRef><CommonName>Fairfax Road (TW11)</CommonName><Indicator>stop D</Indicator><LocalityName>Hampton Wick</LocalityName><LocalityQualifier>Greater London</LocalityQualifier></AnnotatedStopPointRef><AnnotatedStopPointRef><StopPointRef>490012449N</StopPointRef><CommonName>St. Mark's Road</CommonName><Indicator>stop V</Indicator><LocalityName>Hampton Wick</LocalityName><LocalityQualifier>Greater London</LocalityQualifier></AnnotatedStopPointRef><AnnotatedStopPointRef><StopPointRef>490003465N</StopPointRef><CommonName>Kingston Lane (TW11)</CommonName><Indicator>stop W</Indicator><LocalityName>Teddington</LocalityName><LocalityQualifier>Greater London</LocalityQualifier></AnnotatedStopPointRef><AnnotatedStopPointRef><StopPointRef>490009699N</StopPointRef><CommonName>Marston Road (TW11)</CommonName><Indicator>stop X</Indicator><LocalityName>Teddington</LocalityName><LocalityQualifier>Greater London</LocalityQualifier></AnnotatedStopPointRef><AnnotatedStopPointRef><StopPointRef>490013174N</StopPointRef><CommonName>Teddington Lock</CommonName><Indicator>stop Y</Indicator><LocalityName>Teddington</LocalityName><LocalityQualifier>Greater London</LocalityQualifier></AnnotatedStopPointRef><AnnotatedStopPointRef><StopPointRef>490004709W</StopPointRef><CommonName>Cambridge Road (TW11)</CommonName><Indicator>stop Z</Indicator><LocalityName>Teddington</LocalityName><LocalityQualifier>Greater London</LocalityQualifier></AnnotatedStopPointRef><AnnotatedStopPointRef><StopPointRef>490013172D</StopPointRef><CommonName>Teddington / Elmfield Avenue</CommonName><Indicator>stop D</Indicator><LocalityName>Teddington</LocalityName><LocalityQualifier>Greater London</LocalityQualifier></AnnotatedStopPointRef><AnnotatedStopPointRef><StopPointRef>490004377F</StopPointRef><CommonName>Broad Street (TW11)</CommonName><Indicator>stop F</Indicator><LocalityName>Teddington</LocalityName><LocalityQualifier>Greater London</LocalityQualifier></AnnotatedStopPointRef><AnnotatedStopPointRef><StopPointRef>490013176N</StopPointRef><CommonName>Teddington Memorial Hospital</CommonName><Indicator>stop M</Indicator><LocalityName>Teddington</LocalityName><LocalityQualifier>Greater London</LocalityQualifier></AnnotatedStopPointRef><AnnotatedStopPointRef><StopPointRef>490007249N</StopPointRef><CommonName>Gloucester Road (TW11)</CommonName><Indicator>stop N</Indicator><LocalityName>Hampton Hill</LocalityName><LocalityQualifier>Greater London</LocalityQualifier></AnnotatedStopPointRef><AnnotatedStopPointRef><StopPointRef>490011215S1</StopPointRef><CommonName>Princes Road / Red Lion</CommonName><Indicator>stop N</Indicator><LocalityName>Hampton Hill</LocalityName><LocalityQualifier>Greater London</LocalityQualifier></AnnotatedStopPointRef><AnnotatedStopPointRef><StopPointRef>490005445C</StopPointRef><CommonName>Fulwell</CommonName><Indicator>stop C</Indicator><LocalityName>Fulwell (London)</LocalityName><LocalityQualifier>Greater London</LocalityQualifier></AnnotatedStopPointRef><AnnotatedStopPointRef><StopPointRef>490012333E</StopPointRef><CommonName>South Road / Fulwell</CommonName><Indicator>stop F</Indicator><LocalityName>Hampton Hill</LocalityName><LocalityQualifier>Greater London</LocalityQualifier></AnnotatedStopPointRef><AnnotatedStopPointRef><StopPointRef>490007064E</StopPointRef><CommonName>Fulwell / Sixth Cross Road</CommonName><Indicator>stop J</Indicator><LocalityName>Strawberry Hill</LocalityName><LocalityQualifier>Greater London</LocalityQualifier></AnnotatedStopPointRef><AnnotatedStopPointRef><StopPointRef>490013765N</StopPointRef><CommonName>Trafalgar Rd / Prince Of Wales</CommonName><Indicator>stop SD</Indicator><LocalityName>Strawberry Hill</LocalityName><LocalityQualifier>Greater London</LocalityQualifier></AnnotatedStopPointRef><AnnotatedStopPointRef><StopPointRef>490013865N</StopPointRef><CommonName>Twickenham The Prince Albert</CommonName><Indicator>stop GA</Indicator><LocalityName>Strawberry Hill</LocalityName><LocalityQualifier>Greater London</LocalityQualifier></AnnotatedStopPointRef><AnnotatedStopPointRef><StopPointRef>490013869N</StopPointRef><CommonName>Twickenham Green</CommonName><Indicator>stop GM</Indicator><LocalityName>Strawberry Hill</LocalityName><LocalityQualifier>Greater London</LocalityQualifier></AnnotatedStopPointRef><AnnotatedStopPointRef><StopPointRef>490008009E</StopPointRef><CommonName>Heath Road / Grove Avenue</CommonName><Indicator>stop GP</Indicator><LocalityName>Twickenham</LocalityName><LocalityQualifier>Greater London</LocalityQualifier></AnnotatedStopPointRef><AnnotatedStopPointRef><StopPointRef>490008007T</StopPointRef><CommonName>Heath Road / Copthall Gardens</CommonName><Indicator>stop T</Indicator><LocalityName>Twickenham</LocalityName><LocalityQualifier>Greater London</LocalityQualifier></AnnotatedStopPointRef><AnnotatedStopPointRef><StopPointRef>490013863M</StopPointRef><CommonName>Twickenham / King Street</CommonName><Indicator>stop M</Indicator><LocalityName>Twickenham</LocalityName><LocalityQualifier>Greater London</LocalityQualifier></AnnotatedStopPointRef><AnnotatedStopPointRef><StopPointRef>490013870E</StopPointRef><CommonName>Twickenham / London Road</CommonName><Indicator>stop E</Indicator><LocalityName>Twickenham</LocalityName><LocalityQualifier>Greater London</LocalityQualifier></AnnotatedStopPointRef><AnnotatedStopPointRef><StopPointRef>490013861B</StopPointRef><CommonName>Twickenham Station</CommonName><Indicator>stop B</Indicator><LocalityName>Twickenham</LocalityName><LocalityQualifier>Greater London</LocalityQualifier></AnnotatedStopPointRef><AnnotatedStopPointRef><StopPointRef>490007982N</StopPointRef><CommonName>Heatham House (TW2)</CommonName><Indicator>stop L</Indicator><LocalityName>Twickenham</LocalityName><LocalityQualifier>Greater London</LocalityQualifier></AnnotatedStopPointRef><AnnotatedStopPointRef><StopPointRef>490005244N</StopPointRef><CommonName>Chudleigh Road (TW2)</CommonName><Indicator>stop M</Indicator><LocalityName>Twickenham</LocalityName><LocalityQualifier>Greater London</LocalityQualifier></AnnotatedStopPointRef><AnnotatedStopPointRef><StopPointRef>490013873W</StopPointRef><CommonName>Rugby Road / Whitton Road</CommonName><Indicator>stop N</Indicator><LocalityName>Twickenham</LocalityName><LocalityQualifier>Greater London</LocalityQualifier></AnnotatedStopPointRef><AnnotatedStopPointRef><StopPointRef>490013875W</StopPointRef><CommonName>Tayben Avenue</CommonName><Indicator>stop P</Indicator><LocalityName>Whitton</LocalityName><LocalityQualifier>Greater London</LocalityQualifier></AnnotatedStopPointRef><AnnotatedStopPointRef><StopPointRef>490008869W</StopPointRef><CommonName>Kneller Hall (TW2)</CommonName><Indicator>stop Q</Indicator><LocalityName>Whitton</LocalityName><LocalityQualifier>Greater London</LocalityQualifier></AnnotatedStopPointRef><AnnotatedStopPointRef><StopPointRef>490014241W</StopPointRef><CommonName>Warren Road (TW2)</CommonName><Indicator>stop V</Indicator><LocalityName>Whitton</LocalityName><LocalityQualifier>Greater London</LocalityQualifier></AnnotatedStopPointRef><AnnotatedStopPointRef><StopPointRef>490014629D</StopPointRef><CommonName>Whitton / Admiral Nelson</CommonName><Indicator>stop W</Indicator><LocalityName>Whitton</LocalityName><LocalityQualifier>Greater London</LocalityQualifier></AnnotatedStopPointRef><AnnotatedStopPointRef><StopPointRef>490014632N</StopPointRef><CommonName>Whitton Church</CommonName><Indicator>stop N</Indicator><LocalityName>Whitton</LocalityName><LocalityQualifier>Greater London</LocalityQualifier></AnnotatedStopPointRef><AnnotatedStopPointRef><StopPointRef>490014634N</StopPointRef><CommonName>Whitton Dene / Whitton Road</CommonName><Indicator>stop SH</Indicator><LocalityName>Hounslow</LocalityName><LocalityQualifier>Greater London</LocalityQualifier></AnnotatedStopPointRef><AnnotatedStopPointRef><StopPointRef>490010808N</StopPointRef><CommonName>Park Road / Whitton Road</CommonName><Indicator>stop SJ</Indicator><LocalityName>Hounslow</LocalityName><LocalityQualifier>Greater London</LocalityQualifier></AnnotatedStopPointRef><AnnotatedStopPointRef><StopPointRef>490001156B</StopPointRef><CommonName>Hounslow</CommonName><Indicator>stop SK</Indicator><LocalityName>Hounslow</LocalityName><LocalityQualifier>Greater London</LocalityQualifier></AnnotatedStopPointRef><AnnotatedStopPointRef><StopPointRef>490011160N</StopPointRef><CommonName>Pownall Gardens (TW3)</CommonName><Indicator>stop SL</Indicator><LocalityName>Hounslow</LocalityName><LocalityQualifier>Greater London</LocalityQualifier></AnnotatedStopPointRef><AnnotatedStopPointRef><StopPointRef>490007573J</StopPointRef><CommonName>Grove Road (TW3)</CommonName><Indicator>stop J</Indicator><LocalityName>Hounslow</LocalityName><LocalityQualifier>Greater London</LocalityQualifier></AnnotatedStopPointRef><AnnotatedStopPointRef><StopPointRef>490013777O</StopPointRef><CommonName>Treaty Centre (TW3)</CommonName><Indicator>stop O</Indicator><LocalityName>Hounslow</LocalityName><LocalityQualifier>Greater London</LocalityQualifier></AnnotatedStopPointRef><AnnotatedStopPointRef><StopPointRef>490008399K</StopPointRef><CommonName>Hounslow High Street (TW3)</CommonName><Indicator>stop K</Indicator><LocalityName>Hounslow</LocalityName><LocalityQualifier>Greater London</LocalityQualifier></AnnotatedStopPointRef><AnnotatedStopPointRef><StopPointRef>490008392Z1</StopPointRef><CommonName>Hounslow Bus Station</CommonName><Indicator>stop Z1</Indicator><LocalityName>Hounslow</LocalityName><LocalityQualifier>Greater London</LocalityQualifier></AnnotatedStopPointRef></StopPoints><RouteSections><RouteSection id="RS_49681g_H_1"><RouteLink id="RL_RS_49681g_H_1_0"><From><StopPointRef>490008393W</StopPointRef></From><To><StopPointRef>490007766M</StopPointRef></To><Direction>outbound</Direction></RouteLink><RouteLink id="RL_RS_49681g_H_1_1"><From><StopPointRef>490007766M</StopPointRef></From><To><StopPointRef>490007573T</StopPointRef></To><Direction>outbound</Direction></RouteLink><RouteLink id="RL_RS_49681g_H_1_2"><From><StopPointRef>490007573T</StopPointRef></From><To><StopPointRef>490011160S</StopPointRef></To><Direction>outbound</Direction></RouteLink><RouteLink id="RL_RS_49681g_H_1_3"><From><StopPointRef>490011160S</StopPointRef></From><To><StopPointRef>490001156A</StopPointRef></To><Direction>outbound</Direction></RouteLink><RouteLink id="RL_RS_49681g_H_1_4"><From><StopPointRef>490001156A</StopPointRef></From><To><StopPointRef>490010808S</StopPointRef></To><Direction>outbound</Direction></RouteLink><RouteLink id="RL_RS_49681g_H_1_5"><From><StopPointRef>490010808S</StopPointRef></From><To><StopPointRef>490014634S</StopPointRef></To><Direction>outbound</Direction></RouteLink><RouteLink id="RL_RS_49681g_H_1_6"><From><StopPointRef>490014634S</StopPointRef></From><To><StopPointRef>490014632S</StopPointRef></To><Direction>outbound</Direction></RouteLink><RouteLink id="RL_RS_49681g_H_1_7"><From><StopPointRef>490014632S</StopPointRef></From><To><StopPointRef>490014629C</StopPointRef></To><Direction>outbound</Direction></RouteLink><RouteLink id="RL_RS_49681g_H_1_8"><From><StopPointRef>490014629C</StopPointRef></From><To><StopPointRef>490014241E</StopPointRef></To><Direction>outbound</Direction></RouteLink><RouteLink id="RL_RS_49681g_H_1_9"><From><StopPointRef>490014241E</StopPointRef></From><To><StopPointRef>490008869E</StopPointRef></To><Direction>outbound</Direction></RouteLink><RouteLink id="RL_RS_49681g_H_1_10"><From><StopPointRef>490008869E</StopPointRef></From><To><StopPointRef>490013875E</StopPointRef></To><Direction>outbound</Direction></RouteLink><RouteLink id="RL_RS_49681g_H_1_11"><From><StopPointRef>490013875E</StopPointRef></From><To><StopPointRef>490013873W2</StopPointRef></To><Direction>outbound</Direction></RouteLink><RouteLink id="RL_RS_49681g_H_1_12"><From><StopPointRef>490013873W2</StopPointRef></From><To><StopPointRef>490005244S</StopPointRef></To><Direction>outbound</Direction></RouteLink><RouteLink id="RL_RS_49681g_H_1_13"><From><StopPointRef>490005244S</StopPointRef></From><To><StopPointRef>490007982S</StopPointRef></To><Direction>outbound</Direction></RouteLink><RouteLink id="RL_RS_49681g_H_1_14"><From><StopPointRef>490007982S</StopPointRef></From><To><StopPointRef>490013861C</StopPointRef></To><Direction>outbound</Direction></RouteLink><RouteLink id="RL_RS_49681g_H_1_15"><From><StopPointRef>490013861C</StopPointRef></From><To><StopPointRef>490013871F</StopPointRef></To><Direction>outbound</Direction></RouteLink><RouteLink id="RL_RS_49681g_H_1_16"><From><StopPointRef>490013871F</StopPointRef></From><To><StopPointRef>490013863L</StopPointRef></To><Direction>outbound</Direction></RouteLink><RouteLink id="RL_RS_49681g_H_1_17"><From><StopPointRef>490013863L</StopPointRef></From><To><StopPointRef>490008007U</StopPointRef></To><Direction>outbound</Direction></RouteLink><RouteLink id="RL_RS_49681g_H_1_18"><From><StopPointRef>490008007U</StopPointRef></From><To><StopPointRef>490008009W</StopPointRef></To><Direction>outbound</Direction></RouteLink><RouteLink id="RL_RS_49681g_H_1_19"><From><StopPointRef>490008009W</StopPointRef></From><To><StopPointRef>490013869S</StopPointRef></To><Direction>outbound</Direction></RouteLink><RouteLink id="RL_RS_49681g_H_1_20"><From><StopPointRef>490013869S</StopPointRef></From><To><StopPointRef>490013865S</StopPointRef></To><Direction>outbound</Direction></RouteLink><RouteLink id="RL_RS_49681g_H_1_21"><From><StopPointRef>490013865S</StopPointRef></From><To><StopPointRef>490013765S</StopPointRef></To><Direction>outbound</Direction></RouteLink><RouteLink id="RL_RS_49681g_H_1_22"><From><StopPointRef>490013765S</StopPointRef></From><To><StopPointRef>490007064F</StopPointRef></To><Direction>outbound</Direction></RouteLink><RouteLink id="RL_RS_49681g_H_1_23"><From><StopPointRef>490007064F</StopPointRef></From><To><StopPointRef>490012333EB</StopPointRef></To><Direction>outbound</Direction></RouteLink><RouteLink id="RL_RS_49681g_H_1_24"><From><StopPointRef>490012333EB</StopPointRef></From><To><StopPointRef>490005445D</StopPointRef></To><Direction>outbound</Direction></RouteLink><RouteLink id="RL_RS_49681g_H_1_25"><From><StopPointRef>490005445D</StopPointRef></From><To><StopPointRef>490011215S2</StopPointRef></To><Direction>outbound</Direction></RouteLink><RouteLink id="RL_RS_49681g_H_1_26"><From><StopPointRef>490011215S2</StopPointRef></From><To><StopPointRef>490007249S</StopPointRef></To><Direction>outbound</Direction></RouteLink><RouteLink id="RL_RS_49681g_H_1_27"><From><StopPointRef>490007249S</StopPointRef></From><To><StopPointRef>490013176S</StopPointRef></To><Direction>outbound</Direction></RouteLink><RouteLink id="RL_RS_49681g_H_1_28"><From><StopPointRef>490013176S</StopPointRef></From><To><StopPointRef>490004377E</StopPointRef></To><Direction>outbound</Direction></RouteLink><RouteLink id="RL_RS_49681g_H_1_29"><From><StopPointRef>490004377E</StopPointRef></From><To><StopPointRef>490013172C</StopPointRef></To><Direction>outbound</Direction></RouteLink><RouteLink id="RL_RS_49681g_H_1_30"><From><StopPointRef>490013172C</StopPointRef></From><To><StopPointRef>490004709E</StopPointRef></To><Direction>outbound</Direction></RouteLink><RouteLink id="RL_RS_49681g_H_1_31"><From><StopPointRef>490004709E</StopPointRef></From><To><StopPointRef>490013174E</StopPointRef></To><Direction>outbound</Direction></RouteLink><RouteLink id="RL_RS_49681g_H_1_32"><From><StopPointRef>490013174E</StopPointRef></From><To><StopPointRef>490013180S</StopPointRef></To><Direction>outbound</Direction></RouteLink></RouteSection><RouteSection id="RS_49681g_R_2"><RouteLink id="RL_RS_49681g_R_2_0"><From><StopPointRef>490013180S</StopPointRef></From><To><StopPointRef>490010311N</StopPointRef></To><Direction>inbound</Direction></RouteLink><RouteLink id="RL_RS_49681g_R_2_1"><From><StopPointRef>490010311N</StopPointRef></From><To><StopPointRef>490012449N</StopPointRef></To><Direction>inbound</Direction></RouteLink><RouteLink id="RL_RS_49681g_R_2_2"><From><StopPointRef>490012449N</StopPointRef></From><To><StopPointRef>490003465N</StopPointRef></To><Direction>inbound</Direction></RouteLink><RouteLink id="RL_RS_49681g_R_2_3"><From><StopPointRef>490003465N</StopPointRef></From><To><StopPointRef>490009699N</StopPointRef></To><Direction>inbound</Direction></RouteLink><RouteLink id="RL_RS_49681g_R_2_4"><From><StopPointRef>490009699N</StopPointRef></From><To><StopPointRef>490013174N</StopPointRef></To><Direction>inbound</Direction></RouteLink><RouteLink id="RL_RS_49681g_R_2_5"><From><StopPointRef>490013174N</StopPointRef></From><To><StopPointRef>490004709W</StopPointRef></To><Direction>inbound</Direction></RouteLink><RouteLink id="RL_RS_49681g_R_2_6"><From><StopPointRef>490004709W</StopPointRef></From><To><StopPointRef>490013172D</StopPointRef></To><Direction>inbound</Direction></RouteLink><RouteLink id="RL_RS_49681g_R_2_7"><From><StopPointRef>490013172D</StopPointRef></From><To><StopPointRef>490004377F</StopPointRef></To><Direction>inbound</Direction></RouteLink><RouteLink id="RL_RS_49681g_R_2_8"><From><StopPointRef>490004377F</StopPointRef></From><To><StopPointRef>490013176N</StopPointRef></To><Direction>inbound</Direction></RouteLink><RouteLink id="RL_RS_49681g_R_2_9"><From><StopPointRef>490013176N</StopPointRef></From><To><StopPointRef>490007249N</StopPointRef></To><Direction>inbound</Direction></RouteLink><RouteLink id="RL_RS_49681g_R_2_10"><From><StopPointRef>490007249N</StopPointRef></From><To><StopPointRef>490011215S1</StopPointRef></To><Direction>inbound</Direction></RouteLink><RouteLink id="RL_RS_49681g_R_2_11"><From><StopPointRef>490011215S1</StopPointRef></From><To><StopPointRef>490005445C</StopPointRef></To><Direction>inbound</Direction></RouteLink><RouteLink id="RL_RS_49681g_R_2_12"><From><StopPointRef>490005445C</StopPointRef></From><To><StopPointRef>490012333E</StopPointRef></To><Direction>inbound</Direction></RouteLink><RouteLink id="RL_RS_49681g_R_2_13"><From><StopPointRef>490012333E</StopPointRef></From><To><StopPointRef>490007064E</StopPointRef></To><Direction>inbound</Direction></RouteLink><RouteLink id="RL_RS_49681g_R_2_14"><From><StopPointRef>490007064E</StopPointRef></From><To><StopPointRef>490013765N</StopPointRef></To><Direction>inbound</Direction></RouteLink><RouteLink id="RL_RS_49681g_R_2_15"><From><StopPointRef>490013765N</StopPointRef></From><To><StopPointRef>490013865N</StopPointRef></To><Direction>inbound</Direction></RouteLink><RouteLink id="RL_RS_49681g_R_2_16"><From><StopPointRef>490013865N</StopPointRef></From><To><StopPointRef>490013869N</StopPointRef></To><Direction>inbound</Direction></RouteLink><RouteLink id="RL_RS_49681g_R_2_17"><From><StopPointRef>490013869N</StopPointRef></From><To><StopPointRef>490008009E</StopPointRef></To><Direction>inbound</Direction></RouteLink><RouteLink id="RL_RS_49681g_R_2_18"><From><StopPointRef>490008009E</StopPointRef></From><To><StopPointRef>490008007T</StopPointRef></To><Direction>inbound</Direction></RouteLink><RouteLink id="RL_RS_49681g_R_2_19"><From><StopPointRef>490008007T</StopPointRef></From><To><StopPointRef>490013863M</StopPointRef></To><Direction>inbound</Direction></RouteLink><RouteLink id="RL_RS_49681g_R_2_20"><From><StopPointRef>490013863M</StopPointRef></From><To><StopPointRef>490013870E</StopPointRef></To><Direction>inbound</Direction></RouteLink><RouteLink id="RL_RS_49681g_R_2_21"><From><StopPointRef>490013870E</StopPointRef></From><To><StopPointRef>490013861B</StopPointRef></To><Direction>inbound</Direction></RouteLink><RouteLink id="RL_RS_49681g_R_2_22"><From><StopPointRef>490013861B</StopPointRef></From><To><StopPointRef>490007982N</StopPointRef></To><Direction>inbound</Direction></RouteLink><RouteLink id="RL_RS_49681g_R_2_23"><From><StopPointRef>490007982N</StopPointRef></From><To><StopPointRef>490005244N</StopPointRef></To><Direction>inbound</Direction></RouteLink><RouteLink id="RL_RS_49681g_R_2_24"><From><StopPointRef>490005244N</StopPointRef></From><To><StopPointRef>490013873W</StopPointRef></To><Direction>inbound</Direction></RouteLink><RouteLink id="RL_RS_49681g_R_2_25"><From><StopPointRef>490013873W</StopPointRef></From><To><StopPointRef>490013875W</StopPointRef></To><Direction>inbound</Direction></RouteLink><RouteLink id="RL_RS_49681g_R_2_26"><From><StopPointRef>490013875W</StopPointRef></From><To><StopPointRef>490008869W</StopPointRef></To><Direction>inbound</Direction></RouteLink><RouteLink id="RL_RS_49681g_R_2_27"><From><StopPointRef>490008869W</StopPointRef></From><To><StopPointRef>490014241W</StopPointRef></To><Direction>inbound</Direction></RouteLink><RouteLink id="RL_RS_49681g_R_2_28"><From><StopPointRef>490014241W</StopPointRef></From><To><StopPointRef>490014629D</StopPointRef></To><Direction>inbound</Direction></RouteLink><RouteLink id="RL_RS_49681g_R_2_29"><From><StopPointRef>490014629D</StopPointRef></From><To><StopPointRef>490014632N</StopPointRef></To><Direction>inbound</Direction></RouteLink><RouteLink id="RL_RS_49681g_R_2_30"><From><StopPointRef>490014632N</StopPointRef></From><To><StopPointRef>490014634N</StopPointRef></To><Direction>inbound</Direction></RouteLink><RouteLink id="RL_RS_49681g_R_2_31"><From><StopPointRef>490014634N</StopPointRef></From><To><StopPointRef>490010808N</StopPointRef></To><Direction>inbound</Direction></RouteLink><RouteLink id="RL_RS_49681g_R_2_32"><From><StopPointRef>490010808N</StopPointRef></From><To><StopPointRef>490001156B</StopPointRef></To><Direction>inbound</Direction></RouteLink><RouteLink id="RL_RS_49681g_R_2_33"><From><StopPointRef>490001156B</StopPointRef></From><To><StopPointRef>490011160N</StopPointRef></To><Direction>inbound</Direction></RouteLink><RouteLink id="RL_RS_49681g_R_2_34"><From><StopPointRef>490011160N</StopPointRef></From><To><StopPointRef>490007573J</StopPointRef></To><Direction>inbound</Direction></RouteLink><RouteLink id="RL_RS_49681g_R_2_35"><From><StopPointRef>490007573J</StopPointRef></From><To><StopPointRef>490013777O</StopPointRef></To><Direction>inbound</Direction></RouteLink><RouteLink id="RL_RS_49681g_R_2_36"><From><StopPointRef>490013777O</StopPointRef></From><To><StopPointRef>490008399K</StopPointRef></To><Direction>inbound</Direction></RouteLink><RouteLink id="RL_RS_49681g_R_2_37"><From><StopPointRef>490008399K</StopPointRef></From><To><StopPointRef>490008392Z1</StopPointRef></To><Direction>inbound</Direction></RouteLink></RouteSection></RouteSections><Routes><Route id="R_49681g_H_1"><PrivateCode>R_49681g_H_1</PrivateCode><Description>Hounslow Bus Station - Teddington School / Broom Road</Description><RouteSectionRef>RS_49681g_H_1</RouteSectionRef></Route><Route id="R_49681g_R_2"><PrivateCode>R_49681g_R_2</PrivateCode><Description>Teddington School / Broom Road - Hounslow Bus Station</Description><RouteSectionRef>RS_49681g_R_2</RouteSectionRef></Route></Routes><JourneyPatternSections><JourneyPatternSection id="JPS_49681g_H_1"><JourneyPatternTimingLink id="JPL_49681g_H_1_0"><From SequenceNumber="1"><StopPointRef>490008393W</StopPointRef><TimingStatus>PTP</TimingStatus></From><To SequenceNumber="2"><StopPointRef>490007766M</StopPointRef><TimingStatus>PTP</TimingStatus></To><RunTime>PT66S</RunTime></JourneyPatternTimingLink><JourneyPatternTimingLink id="JPL_49681g_H_1_1"><From SequenceNumber="2"><StopPointRef>490007766M</StopPointRef><TimingStatus>PTP</TimingStatus></From><To SequenceNumber="3"><StopPointRef>490007573T</StopPointRef><TimingStatus>PTP</TimingStatus></To><RunTime>PT66S</RunTime></JourneyPatternTimingLink><JourneyPatternTimingLink id="JPL_49681g_H_1_2"><From SequenceNumber="3"><StopPointRef>490007573T</StopPointRef><TimingStatus>PTP</TimingStatus></From><To SequenceNumber="4"><StopPointRef>490011160S</StopPointRef><TimingStatus>PTP</TimingStatus></To><RunTime>PT66S</RunTime></JourneyPatternTimingLink><JourneyPatternTimingLink id="JPL_49681g_H_1_3"><From SequenceNumber="4"><StopPointRef>490011160S</StopPointRef><TimingStatus>PTP</TimingStatus></From><To SequenceNumber="5"><StopPointRef>490001156A</StopPointRef><TimingStatus>PTP</TimingStatus></To><RunTime>PT66S</RunTime></JourneyPatternTimingLink><JourneyPatternTimingLink id="JPL_49681g_H_1_4"><From SequenceNumber="5"><StopPointRef>490001156A</StopPointRef><TimingStatus>PTP</TimingStatus></From><To SequenceNumber="6"><StopPointRef>490010808S</StopPointRef><TimingStatus>PTP</TimingStatus></To><RunTime>PT66S</RunTime></JourneyPatternTimingLink><JourneyPatternTimingLink id="JPL_49681g_H_1_5"><From SequenceNumber="6"><StopPointRef>490010808S</StopPointRef><TimingStatus>PTP</TimingStatus></From><To SequenceNumber="7"><StopPointRef>490014634S</StopPointRef><TimingStatus>PTP</TimingStatus></To><RunTime>PT66S</RunTime></JourneyPatternTimingLink><JourneyPatternTimingLink id="JPL_49681g_H_1_6"><From SequenceNumber="7"><StopPointRef>490014634S</StopPointRef><TimingStatus>PTP</TimingStatus></From><To SequenceNumber="8"><StopPointRef>490014632S</StopPointRef><TimingStatus>PTP</TimingStatus></To><RunTime>PT66S</RunTime></JourneyPatternTimingLink><JourneyPatternTimingLink id="JPL_49681g_H_1_7"><From SequenceNumber="8"><StopPointRef>490014632S</StopPointRef><TimingStatus>PTP</TimingStatus></From><To SequenceNumber="9"><StopPointRef>490014629C</StopPointRef><TimingStatus>PTP</TimingStatus></To><RunTime>PT78S</RunTime></JourneyPatternTimingLink><JourneyPatternTimingLink id="JPL_49681g_H_1_8"><From SequenceNumber="9"><StopPointRef>490014629C</StopPointRef><TimingStatus>PTP</TimingStatus></From><To SequenceNumber="10"><StopPointRef>490014241E</StopPointRef><TimingStatus>PTP</TimingStatus></To><RunTime>PT42S</RunTime></JourneyPatternTimingLink><JourneyPatternTimingLink id="JPL_49681g_H_1_9"><From SequenceNumber="10"><StopPointRef>490014241E</StopPointRef><TimingStatus>PTP</TimingStatus></From><To SequenceNumber="11"><StopPointRef>490008869E</StopPointRef><TimingStatus>PTP</TimingStatus></To><RunTime>PT42S</RunTime></JourneyPatternTimingLink><JourneyPatternTimingLink id="JPL_49681g_H_1_10"><From SequenceNumber="11"><StopPointRef>490008869E</StopPointRef><TimingStatus>PTP</TimingStatus></From><To SequenceNumber="12"><StopPointRef>490013875E</StopPointRef><TimingStatus>PTP</TimingStatus></To><RunTime>PT42S</RunTime></JourneyPatternTimingLink><JourneyPatternTimingLink id="JPL_49681g_H_1_11"><From SequenceNumber="12"><StopPointRef>490013875E</StopPointRef><TimingStatus>PTP</TimingStatus></From><To SequenceNumber="13"><StopPointRef>490013873W2</StopPointRef><TimingStatus>PTP</TimingStatus></To><RunTime>PT54S</RunTime></JourneyPatternTimingLink><JourneyPatternTimingLink id="JPL_49681g_H_1_12"><From SequenceNumber="13"><StopPointRef>490013873W2</StopPointRef><TimingStatus>PTP</TimingStatus></From><To SequenceNumber="14"><StopPointRef>490005244S</StopPointRef><TimingStatus>PTP</TimingStatus></To><RunTime>PT96S</RunTime></JourneyPatternTimingLink><JourneyPatternTimingLink id="JPL_49681g_H_1_13"><From SequenceNumber="14"><StopPointRef>490005244S</StopPointRef><TimingStatus>PTP</TimingStatus></From><To SequenceNumber="15"><StopPointRef>490007982S</StopPointRef><TimingStatus>PTP</TimingStatus></To><RunTime>PT96S</RunTime></JourneyPatternTimingLink><JourneyPatternTimingLink id="JPL_49681g_H_1_14"><From SequenceNumber="15"><StopPointRef>490007982S</StopPointRef><TimingStatus>PTP</TimingStatus></From><To SequenceNumber="16"><StopPointRef>490013861C</StopPointRef><TimingStatus>PTP</TimingStatus></To><RunTime>PT108S</RunTime></JourneyPatternTimingLink><JourneyPatternTimingLink id="JPL_49681g_H_1_15"><From SequenceNumber="16"><StopPointRef>490013861C</StopPointRef><TimingStatus>PTP</TimingStatus></From><To SequenceNumber="17"><StopPointRef>490013871F</StopPointRef><TimingStatus>PTP</TimingStatus></To><RunTime>PT120S</RunTime></JourneyPatternTimingLink><JourneyPatternTimingLink id="JPL_49681g_H_1_16"><From SequenceNumber="17"><StopPointRef>490013871F</StopPointRef><TimingStatus>PTP</TimingStatus></From><To SequenceNumber="18"><StopPointRef>490013863L</StopPointRef><TimingStatus>PTP</TimingStatus></To><RunTime>PT120S</RunTime></JourneyPatternTimingLink><JourneyPatternTimingLink id="JPL_49681g_H_1_17"><From SequenceNumber="18"><StopPointRef>490013863L</StopPointRef><TimingStatus>PTP</TimingStatus></From><To SequenceNumber="19"><StopPointRef>490008007U</StopPointRef><TimingStatus>PTP</TimingStatus></To><RunTime>PT66S</RunTime></JourneyPatternTimingLink><JourneyPatternTimingLink id="JPL_49681g_H_1_18"><From SequenceNumber="19"><StopPointRef>490008007U</StopPointRef><TimingStatus>PTP</TimingStatus></From><To SequenceNumber="20"><StopPointRef>490008009W</StopPointRef><TimingStatus>PTP</TimingStatus></To><RunTime>PT66S</RunTime></JourneyPatternTimingLink><JourneyPatternTimingLink id="JPL_49681g_H_1_19"><From SequenceNumber="20"><StopPointRef>490008009W</StopPointRef><TimingStatus>PTP</TimingStatus></From><To SequenceNumber="21"><StopPointRef>490013869S</StopPointRef><TimingStatus>PTP</TimingStatus></To><RunTime>PT66S</RunTime></JourneyPatternTimingLink><JourneyPatternTimingLink id="JPL_49681g_H_1_20"><From SequenceNumber="21"><StopPointRef>490013869S</StopPointRef><TimingStatus>PTP</TimingStatus></From><To SequenceNumber="22"><StopPointRef>490013865S</StopPointRef><TimingStatus>PTP</TimingStatus></To><RunTime>PT66S</RunTime></JourneyPatternTimingLink><JourneyPatternTimingLink id="JPL_49681g_H_1_21"><From SequenceNumber="22"><StopPointRef>490013865S</StopPointRef><TimingStatus>PTP</TimingStatus></From><To SequenceNumber="23"><StopPointRef>490013765S</StopPointRef><TimingStatus>PTP</TimingStatus></To><RunTime>PT66S</RunTime></JourneyPatternTimingLink><JourneyPatternTimingLink id="JPL_49681g_H_1_22"><From SequenceNumber="23"><StopPointRef>490013765S</StopPointRef><TimingStatus>PTP</TimingStatus></From><To SequenceNumber="24"><StopPointRef>490007064F</StopPointRef><TimingStatus>PTP</TimingStatus></To><RunTime>PT90S</RunTime></JourneyPatternTimingLink><JourneyPatternTimingLink id="JPL_49681g_H_1_23"><From SequenceNumber="24"><StopPointRef>490007064F</StopPointRef><TimingStatus>PTP</TimingStatus></From><To SequenceNumber="25"><StopPointRef>490012333EB</StopPointRef><TimingStatus>PTP</TimingStatus></To><RunTime>PT120S</RunTime></JourneyPatternTimingLink><JourneyPatternTimingLink id="JPL_49681g_H_1_24"><From SequenceNumber="25"><StopPointRef>490012333EB</StopPointRef><TimingStatus>PTP</TimingStatus></From><To SequenceNumber="26"><StopPointRef>490005445D</StopPointRef><TimingStatus>PTP</TimingStatus></To><RunTime>PT72S</RunTime></JourneyPatternTimingLink><JourneyPatternTimingLink id="JPL_49681g_H_1_25"><From SequenceNumber="26"><StopPointRef>490005445D</StopPointRef><TimingStatus>PTP</TimingStatus></From><To SequenceNumber="27"><StopPointRef>490011215S2</StopPointRef><TimingStatus>PTP</TimingStatus></To><RunTime>PT72S</RunTime></JourneyPatternTimingLink><JourneyPatternTimingLink id="JPL_49681g_H_1_26"><From SequenceNumber="27"><StopPointRef>490011215S2</StopPointRef><TimingStatus>PTP</TimingStatus></From><To SequenceNumber="28"><StopPointRef>490007249S</StopPointRef><TimingStatus>PTP</TimingStatus></To><RunTime>PT72S</RunTime></JourneyPatternTimingLink><JourneyPatternTimingLink id="JPL_49681g_H_1_27"><From SequenceNumber="28"><StopPointRef>490007249S</StopPointRef><TimingStatus>PTP</TimingStatus></From><To SequenceNumber="29"><StopPointRef>490013176S</StopPointRef><TimingStatus>PTP</TimingStatus></To><RunTime>PT72S</RunTime></JourneyPatternTimingLink><JourneyPatternTimingLink id="JPL_49681g_H_1_28"><From SequenceNumber="29"><StopPointRef>490013176S</StopPointRef><TimingStatus>PTP</TimingStatus></From><To SequenceNumber="30"><StopPointRef>490004377E</StopPointRef><TimingStatus>PTP</TimingStatus></To><RunTime>PT72S</RunTime></JourneyPatternTimingLink><JourneyPatternTimingLink id="JPL_49681g_H_1_29"><From SequenceNumber="30"><StopPointRef>490004377E</StopPointRef><TimingStatus>PTP</TimingStatus></From><To SequenceNumber="31"><StopPointRef>490013172C</StopPointRef><TimingStatus>PTP</TimingStatus></To><RunTime>PT132S</RunTime></JourneyPatternTimingLink><JourneyPatternTimingLink id="JPL_49681g_H_1_30"><From SequenceNumber="31"><StopPointRef>490013172C</StopPointRef><TimingStatus>PTP</TimingStatus></From><To SequenceNumber="32"><StopPointRef>490004709E</StopPointRef><TimingStatus>PTP</TimingStatus></To><RunTime>PT132S</RunTime></JourneyPatternTimingLink><JourneyPatternTimingLink id="JPL_49681g_H_1_31"><From SequenceNumber="32"><StopPointRef>490004709E</StopPointRef><TimingStatus>PTP</TimingStatus></From><To SequenceNumber="33"><StopPointRef>490013174E</StopPointRef><TimingStatus>PTP</TimingStatus></To><RunTime>PT132S</RunTime></JourneyPatternTimingLink><JourneyPatternTimingLink id="JPL_49681g_H_1_32"><From SequenceNumber="33"><StopPointRef>490013174E</StopPointRef><TimingStatus>PTP</TimingStatus></From><To SequenceNumber="34"><StopPointRef>490013180S</StopPointRef><TimingStatus>PTP</TimingStatus></To><RunTime>PT144S</RunTime></JourneyPatternTimingLink></JourneyPatternSection><JourneyPatternSection id="JPS_49681g_R_2"><JourneyPatternTimingLink id="JPL_49681g_R_2_0"><From SequenceNumber="1"><StopPointRef>490013180S</StopPointRef><TimingStatus>PTP</TimingStatus></From><To SequenceNumber="2"><StopPointRef>490010311N</StopPointRef><TimingStatus>PTP</TimingStatus></To><RunTime>PT72S</RunTime></JourneyPatternTimingLink><JourneyPatternTimingLink id="JPL_49681g_R_2_1"><From SequenceNumber="2"><StopPointRef>490010311N</StopPointRef><TimingStatus>PTP</TimingStatus></From><To SequenceNumber="3"><StopPointRef>490012449N</StopPointRef><TimingStatus>PTP</TimingStatus></To><RunTime>PT72S</RunTime></JourneyPatternTimingLink><JourneyPatternTimingLink id="JPL_49681g_R_2_2"><From SequenceNumber="3"><StopPointRef>490012449N</StopPointRef><TimingStatus>PTP</TimingStatus></From><To SequenceNumber="4"><StopPointRef>490003465N</StopPointRef><TimingStatus>PTP</TimingStatus></To><RunTime>PT72S</RunTime></JourneyPatternTimingLink><JourneyPatternTimingLink id="JPL_49681g_R_2_3"><From SequenceNumber="4"><StopPointRef>490003465N</StopPointRef><TimingStatus>PTP</TimingStatus></From><To SequenceNumber="5"><StopPointRef>490009699N</StopPointRef><TimingStatus>PTP</TimingStatus></To><RunTime>PT72S</RunTime></JourneyPatternTimingLink><JourneyPatternTimingLink id="JPL_49681g_R_2_4"><From SequenceNumber="5"><StopPointRef>490009699N</StopPointRef><TimingStatus>PTP</TimingStatus></From><To SequenceNumber="6"><StopPointRef>490013174N</StopPointRef><TimingStatus>PTP</TimingStatus></To><RunTime>PT72S</RunTime></JourneyPatternTimingLink><JourneyPatternTimingLink id="JPL_49681g_R_2_5"><From SequenceNumber="6"><StopPointRef>490013174N</StopPointRef><TimingStatus>PTP</TimingStatus></From><To SequenceNumber="7"><StopPointRef>490004709W</StopPointRef><TimingStatus>PTP</TimingStatus></To><RunTime>PT72S</RunTime></JourneyPatternTimingLink><JourneyPatternTimingLink id="JPL_49681g_R_2_6"><From SequenceNumber="7"><StopPointRef>490004709W</StopPointRef><TimingStatus>PTP</TimingStatus></From><To SequenceNumber="8"><StopPointRef>490013172D</StopPointRef><TimingStatus>PTP</TimingStatus></To><RunTime>PT72S</RunTime></JourneyPatternTimingLink><JourneyPatternTimingLink id="JPL_49681g_R_2_7"><From SequenceNumber="8"><StopPointRef>490013172D</StopPointRef><TimingStatus>PTP</TimingStatus></From><To SequenceNumber="9"><StopPointRef>490004377F</StopPointRef><TimingStatus>PTP</TimingStatus></To><RunTime>PT96S</RunTime></JourneyPatternTimingLink><JourneyPatternTimingLink id="JPL_49681g_R_2_8"><From SequenceNumber="9"><StopPointRef>490004377F</StopPointRef><TimingStatus>PTP</TimingStatus></From><To SequenceNumber="10"><StopPointRef>490013176N</StopPointRef><TimingStatus>PTP</TimingStatus></To><RunTime>PT72S</RunTime></JourneyPatternTimingLink><JourneyPatternTimingLink id="JPL_49681g_R_2_9"><From SequenceNumber="10"><StopPointRef>490013176N</StopPointRef><TimingStatus>PTP</TimingStatus></From><To SequenceNumber="11"><StopPointRef>490007249N</StopPointRef><TimingStatus>PTP</TimingStatus></To><RunTime>PT72S</RunTime></JourneyPatternTimingLink><JourneyPatternTimingLink id="JPL_49681g_R_2_10"><From SequenceNumber="11"><StopPointRef>490007249N</StopPointRef><TimingStatus>PTP</TimingStatus></From><To SequenceNumber="12"><StopPointRef>490011215S1</StopPointRef><TimingStatus>PTP</TimingStatus></To><RunTime>PT72S</RunTime></JourneyPatternTimingLink><JourneyPatternTimingLink id="JPL_49681g_R_2_11"><From SequenceNumber="12"><StopPointRef>490011215S1</StopPointRef><TimingStatus>PTP</TimingStatus></From><To SequenceNumber="13"><StopPointRef>490005445C</StopPointRef><TimingStatus>PTP</TimingStatus></To><RunTime>PT72S</RunTime></JourneyPatternTimingLink><JourneyPatternTimingLink id="JPL_49681g_R_2_12"><From SequenceNumber="13"><StopPointRef>490005445C</StopPointRef><TimingStatus>PTP</TimingStatus></From><To SequenceNumber="14"><StopPointRef>490012333E</StopPointRef><TimingStatus>PTP</TimingStatus></To><RunTime>PT72S</RunTime></JourneyPatternTimingLink><JourneyPatternTimingLink id="JPL_49681g_R_2_13"><From SequenceNumber="14"><StopPointRef>490012333E</StopPointRef><TimingStatus>PTP</TimingStatus></From><To SequenceNumber="15"><StopPointRef>490007064E</StopPointRef><TimingStatus>PTP</TimingStatus></To><RunTime>PT120S</RunTime></JourneyPatternTimingLink><JourneyPatternTimingLink id="JPL_49681g_R_2_14"><From SequenceNumber="15"><StopPointRef>490007064E</StopPointRef><TimingStatus>PTP</TimingStatus></From><To SequenceNumber="16"><StopPointRef>490013765N</StopPointRef><TimingStatus>PTP</TimingStatus></To><RunTime>PT60S</RunTime></JourneyPatternTimingLink><JourneyPatternTimingLink id="JPL_49681g_R_2_15"><From SequenceNumber="16"><StopPointRef>490013765N</StopPointRef><TimingStatus>PTP</TimingStatus></From><To SequenceNumber="17"><StopPointRef>490013865N</StopPointRef><TimingStatus>PTP</TimingStatus></To><RunTime>PT60S</RunTime></JourneyPatternTimingLink><JourneyPatternTimingLink id="JPL_49681g_R_2_16"><From SequenceNumber="17"><StopPointRef>490013865N</StopPointRef><TimingStatus>PTP</TimingStatus></From><To SequenceNumber="18"><StopPointRef>490013869N</StopPointRef><TimingStatus>PTP</TimingStatus></To><RunTime>PT60S</RunTime></JourneyPatternTimingLink><JourneyPatternTimingLink id="JPL_49681g_R_2_17"><From SequenceNumber="18"><StopPointRef>490013869N</StopPointRef><TimingStatus>PTP</TimingStatus></From><To SequenceNumber="19"><StopPointRef>490008009E</StopPointRef><TimingStatus>PTP</TimingStatus></To><RunTime>PT60S</RunTime></JourneyPatternTimingLink><JourneyPatternTimingLink id="JPL_49681g_R_2_18"><From SequenceNumber="19"><StopPointRef>490008009E</StopPointRef><TimingStatus>PTP</TimingStatus></From><To SequenceNumber="20"><StopPointRef>490008007T</StopPointRef><TimingStatus>PTP</TimingStatus></To><RunTime>PT60S</RunTime></JourneyPatternTimingLink><JourneyPatternTimingLink id="JPL_49681g_R_2_19"><From SequenceNumber="20"><StopPointRef>490008007T</StopPointRef><TimingStatus>PTP</TimingStatus></From><To SequenceNumber="21"><StopPointRef>490013863M</StopPointRef><TimingStatus>PTP</TimingStatus></To><RunTime>PT60S</RunTime></JourneyPatternTimingLink><JourneyPatternTimingLink id="JPL_49681g_R_2_20"><From SequenceNumber="21"><StopPointRef>490013863M</StopPointRef><TimingStatus>PTP</TimingStatus></From><To SequenceNumber="22"><StopPointRef>490013870E</StopPointRef><TimingStatus>PTP</TimingStatus></To><RunTime>PT90S</RunTime></JourneyPatternTimingLink><JourneyPatternTimingLink id="JPL_49681g_R_2_21"><From SequenceNumber="22"><StopPointRef>490013870E</StopPointRef><TimingStatus>PTP</TimingStatus></From><To SequenceNumber="23"><StopPointRef>490013861B</StopPointRef><TimingStatus>PTP</TimingStatus></To><RunTime>PT90S</RunTime></JourneyPatternTimingLink><JourneyPatternTimingLink id="JPL_49681g_R_2_22"><From SequenceNumber="23"><StopPointRef>490013861B</StopPointRef><TimingStatus>PTP</TimingStatus></From><To SequenceNumber="24"><StopPointRef>490007982N</StopPointRef><TimingStatus>PTP</TimingStatus></To><RunTime>PT78S</RunTime></JourneyPatternTimingLink><JourneyPatternTimingLink id="JPL_49681g_R_2_23"><From SequenceNumber="24"><StopPointRef>490007982N</StopPointRef><TimingStatus>PTP</TimingStatus></From><To SequenceNumber="25"><StopPointRef>490005244N</StopPointRef><TimingStatus>PTP</TimingStatus></To><RunTime>PT78S</RunTime></JourneyPatternTimingLink><JourneyPatternTimingLink id="JPL_49681g_R_2_24"><From SequenceNumber="25"><StopPointRef>490005244N</StopPointRef><TimingStatus>PTP</TimingStatus></From><To SequenceNumber="26"><StopPointRef>490013873W</StopPointRef><TimingStatus>PTP</TimingStatus></To><RunTime>PT84S</RunTime></JourneyPatternTimingLink><JourneyPatternTimingLink id="JPL_49681g_R_2_25"><From SequenceNumber="26"><StopPointRef>490013873W</StopPointRef><TimingStatus>PTP</TimingStatus></From><To SequenceNumber="27"><StopPointRef>490013875W</StopPointRef><TimingStatus>PTP</TimingStatus></To><RunTime>PT60S</RunTime></JourneyPatternTimingLink><JourneyPatternTimingLink id="JPL_49681g_R_2_26"><From SequenceNumber="27"><StopPointRef>490013875W</StopPointRef><TimingStatus>PTP</TimingStatus></From><To SequenceNumber="28"><StopPointRef>490008869W</StopPointRef><TimingStatus>PTP</TimingStatus></To><RunTime>PT60S</RunTime></JourneyPatternTimingLink><JourneyPatternTimingLink id="JPL_49681g_R_2_27"><From SequenceNumber="28"><StopPointRef>490008869W</StopPointRef><TimingStatus>PTP</TimingStatus></From><To SequenceNumber="29"><StopPointRef>490014241W</StopPointRef><TimingStatus>PTP</TimingStatus></To><RunTime>PT60S</RunTime></JourneyPatternTimingLink><JourneyPatternTimingLink id="JPL_49681g_R_2_28"><From SequenceNumber="29"><StopPointRef>490014241W</StopPointRef><TimingStatus>PTP</TimingStatus></From><To SequenceNumber="30"><StopPointRef>490014629D</StopPointRef><TimingStatus>PTP</TimingStatus></To><RunTime>PT60S</RunTime></JourneyPatternTimingLink><JourneyPatternTimingLink id="JPL_49681g_R_2_29"><From SequenceNumber="30"><StopPointRef>490014629D</StopPointRef><TimingStatus>PTP</TimingStatus></From><To SequenceNumber="31"><StopPointRef>490014632N</StopPointRef><TimingStatus>PTP</TimingStatus></To><RunTime>PT66S</RunTime></JourneyPatternTimingLink><JourneyPatternTimingLink id="JPL_49681g_R_2_30"><From SequenceNumber="31"><StopPointRef>490014632N</StopPointRef><TimingStatus>PTP</TimingStatus></From><To SequenceNumber="32"><StopPointRef>490014634N</StopPointRef><TimingStatus>PTP</TimingStatus></To><RunTime>PT66S</RunTime></JourneyPatternTimingLink><JourneyPatternTimingLink id="JPL_49681g_R_2_31"><From SequenceNumber="32"><StopPointRef>490014634N</StopPointRef><TimingStatus>PTP</TimingStatus></From><To SequenceNumber="33"><StopPointRef>490010808N</StopPointRef><TimingStatus>PTP</TimingStatus></To><RunTime>PT66S</RunTime></JourneyPatternTimingLink><JourneyPatternTimingLink id="JPL_49681g_R_2_32"><From SequenceNumber="33"><StopPointRef>490010808N</StopPointRef><TimingStatus>PTP</TimingStatus></From><To SequenceNumber="34"><StopPointRef>490001156B</StopPointRef><TimingStatus>PTP</TimingStatus></To><RunTime>PT66S</RunTime></JourneyPatternTimingLink><JourneyPatternTimingLink id="JPL_49681g_R_2_33"><From SequenceNumber="34"><StopPointRef>490001156B</StopPointRef><TimingStatus>PTP</TimingStatus></From><To SequenceNumber="35"><StopPointRef>490011160N</StopPointRef><TimingStatus>PTP</TimingStatus></To><RunTime>PT66S</RunTime></JourneyPatternTimingLink><JourneyPatternTimingLink id="JPL_49681g_R_2_34"><From SequenceNumber="35"><StopPointRef>490011160N</StopPointRef><TimingStatus>PTP</TimingStatus></From><To SequenceNumber="36"><StopPointRef>490007573J</StopPointRef><TimingStatus>PTP</TimingStatus></To><RunTime>PT66S</RunTime></JourneyPatternTimingLink><JourneyPatternTimingLink id="JPL_49681g_R_2_35"><From SequenceNumber="36"><StopPointRef>490007573J</StopPointRef><TimingStatus>PTP</TimingStatus></From><To SequenceNumber="37"><StopPointRef>490013777O</StopPointRef><TimingStatus>PTP</TimingStatus></To><RunTime>PT66S</RunTime></JourneyPatternTimingLink><JourneyPatternTimingLink id="JPL_49681g_R_2_36"><From SequenceNumber="37"><StopPointRef>490013777O</StopPointRef><TimingStatus>PTP</TimingStatus></From><To SequenceNumber="38"><StopPointRef>490008399K</StopPointRef><TimingStatus>PTP</TimingStatus></To><RunTime>PT66S</RunTime></JourneyPatternTimingLink><JourneyPatternTimingLink id="JPL_49681g_R_2_37"><From SequenceNumber="38"><StopPointRef>490008399K</StopPointRef><TimingStatus>PTP</TimingStatus></From><To SequenceNumber="39"><StopPointRef>490008392Z1</StopPointRef><TimingStatus>PTP</TimingStatus></To><RunTime>PT72S</RunTime></JourneyPatternTimingLink></JourneyPatternSection></JourneyPatternSections><Operators><Operator id="OId_LU"><OperatorCode>LU</OperatorCode><OperatorShortName>LU</OperatorShortName><OperatorNameOnLicence>LU</OperatorNameOnLicence><TradingName>LU</TradingName></Operator></Operators><Services><Service><ServiceCode>SId_49681g0</ServiceCode><PrivateCode>49681g0</PrivateCode><Lines><Line id="LId_49681g0"><LineName>681</LineName></Line></Lines><OperatingPeriod><StartDate>2009-12-01</StartDate><EndDate>2010-12-23</EndDate></OperatingPeriod><OperatingProfile><RegularDayType>
					<DaysOfWeek>
						<MondayToFriday/>
					</DaysOfWeek>
				</RegularDayType>
				<BankHolidayOperation><DaysOfNonOperation><AllBankHolidays></AllBankHolidays></DaysOfNonOperation></BankHolidayOperation></OperatingProfile><RegisteredOperatorRef>OId_LU</RegisteredOperatorRef><StopRequirements><NoNewStopsRequired/></StopRequirements><StandardService><Origin>Hounslow Bus Station</Origin><Destination>Teddington School / Broom Road</Destination><JourneyPattern id="JP_49681g_H0_1"><Direction>outbound</Direction><Operational><VehicleType><VehicleTypeCode>08</VehicleTypeCode><Description>Double Decker Low Floor+Wheelchair</Description></VehicleType></Operational><RouteRef>R_49681g_H_1</RouteRef><JourneyPatternSectionRefs>JPS_49681g_H_1</JourneyPatternSectionRefs></JourneyPattern><JourneyPattern id="JP_49681g_R0_2"><Direction>inbound</Direction><Operational><VehicleType><VehicleTypeCode>08</VehicleTypeCode><Description>Double Decker Low Floor+Wheelchair</Description></VehicleType></Operational><RouteRef>R_49681g_R_2</RouteRef><JourneyPatternSectionRefs>JPS_49681g_R_2</JourneyPatternSectionRefs></JourneyPattern></StandardService></Service></Services><VehicleJourneys><VehicleJourney><PrivateCode>49681gg0H6810002</PrivateCode><Operational><VehicleType><VehicleTypeCode>08</VehicleTypeCode><Description>Double Decker Low Floor+Wheelchair</Description></VehicleType></Operational><OperatingProfile><RegularDayType>
					<DaysOfWeek>
						<MondayToFriday/>
					</DaysOfWeek>
				</RegularDayType>
			</OperatingProfile><VehicleJourneyCode>49681gg0H6810002</VehicleJourneyCode><ServiceRef>SId_49681g0</ServiceRef><LineRef>LId_49681g0</LineRef><JourneyPatternRef>JP_49681g_H0_1</JourneyPatternRef><DepartureTime>07:35:00</DepartureTime></VehicleJourney><VehicleJourney><PrivateCode>49681gg0R6810001</PrivateCode><Operational><VehicleType><VehicleTypeCode>08</VehicleTypeCode><Description>Double Decker Low Floor+Wheelchair</Description></VehicleType></Operational><OperatingProfile><RegularDayType>
					<DaysOfWeek>
						<MondayToFriday/>
					</DaysOfWeek>
				</RegularDayType>
			</OperatingProfile><VehicleJourneyCode>49681gg0R6810001</VehicleJourneyCode><ServiceRef>SId_49681g0</ServiceRef><LineRef>LId_49681g0</LineRef><JourneyPatternRef>JP_49681g_R0_2</JourneyPatternRef><DepartureTime>15:30:00</DepartureTime></VehicleJourney></VehicleJourneys></TransXChange>
