<?xml version="1.0" encoding="UTF-8"?>
<TransXChange CreationDateTime="2010-10-28T09:11:06" ModificationDateTime="2010-10-28T09:11:06" Modification="new" FileName="G:\mentzdv\Datastore\output_txc_49691a.xml" RevisionNumber="0" SchemaVersion="2.1" xmlns:xsi="http://www.w3.org/2001/XMLSchema-instance" xsi:schemaLocation="http://www.transxchange.org.uk/ http://www.transxchange.org.uk/schema/2.1/TransXChange_general.xsd" xmlns="http://www.transxchange.org.uk/" xmlns:n1="http://www.transxchange.org.uk/" xmlns:n2="http://www.govtalk.gov.uk/people/AddressAndPersonalDetails" xmlns:n3="http://www.govtalk.gov.uk/core" xmlns:n4="http://www.govtalk.gov.uk/people/bs7666"><StopPoints><AnnotatedStopPointRef><StopPointRef>490015639E</StopPointRef><CommonName>Hollyfield School/Lamberts Rd</CommonName><Indicator>stop E</Indicator><LocalityName>Surbiton</LocalityName><LocalityQualifier>Greater London</LocalityQualifier></AnnotatedStopPointRef><AnnotatedStopPointRef><StopPointRef>490004603N</StopPointRef><CommonName>Burney Avenue</CommonName><Indicator>stop N</Indicator><LocalityName>Berrylands</LocalityName><LocalityQualifier>Greater London</LocalityQualifier></AnnotatedStopPointRef><AnnotatedStopPointRef><StopPointRef>490009333W</StopPointRef><CommonName>Lower Marsh Lane (KT1)</CommonName><Indicator>stop W</Indicator><LocalityName>Berrylands</LocalityName><LocalityQualifier>Greater London</LocalityQualifier></AnnotatedStopPointRef><AnnotatedStopPointRef><StopPointRef>490007158W</StopPointRef><CommonName>Geneva Road (KT1)</CommonName><Indicator>stop W</Indicator><LocalityName>Surbiton</LocalityName><LocalityQualifier>Greater London</LocalityQualifier></AnnotatedStopPointRef><AnnotatedStopPointRef><StopPointRef>490018502H</StopPointRef><CommonName>Maplehurst Close</CommonName><Indicator>stop H</Indicator><LocalityName>Kingston Upon Thames (London)</LocalityName><LocalityQualifier>Greater London</LocalityQualifier></AnnotatedStopPointRef><AnnotatedStopPointRef><StopPointRef>490013035N</StopPointRef><CommonName>Surbiton Road / Penrhyn Road</CommonName><Indicator>stop UE</Indicator><LocalityName>Kingston Upon Thames (London)</LocalityName><LocalityQualifier>Greater London</LocalityQualifier></AnnotatedStopPointRef><AnnotatedStopPointRef><StopPointRef>490008830N</StopPointRef><CommonName>Kingston University (KT1)</CommonName><Indicator>stop UF</Indicator><LocalityName>Kingston Upon Thames (London)</LocalityName><LocalityQualifier>Greater London</LocalityQualifier></AnnotatedStopPointRef><AnnotatedStopPointRef><StopPointRef>490008829N</StopPointRef><CommonName>Kingston Univ / County Hall</CommonName><Indicator>stop UH</Indicator><LocalityName>Kingston Upon Thames (London)</LocalityName><LocalityQualifier>Greater London</LocalityQualifier></AnnotatedStopPointRef><AnnotatedStopPointRef><StopPointRef>490005498N</StopPointRef><CommonName>College Roundabout (KT1)</CommonName><Indicator>stop UJ</Indicator><LocalityName>Kingston Upon Thames (London)</LocalityName><LocalityQualifier>Greater London</LocalityQualifier></AnnotatedStopPointRef><AnnotatedStopPointRef><StopPointRef>490004478G</StopPointRef><CommonName>Brook Street (KT1)</CommonName><Indicator>stop G</Indicator><LocalityName>Kingston Upon Thames (London)</LocalityName><LocalityQualifier>Greater London</LocalityQualifier></AnnotatedStopPointRef><AnnotatedStopPointRef><StopPointRef>490006412E3</StopPointRef><CommonName>Eden Street (KT1)</CommonName><Indicator>stop E3</Indicator><LocalityName>Kingston Upon Thames (London)</LocalityName><LocalityQualifier>Greater London</LocalityQualifier></AnnotatedStopPointRef><AnnotatedStopPointRef><StopPointRef>490001173T</StopPointRef><CommonName>Kingston</CommonName><Indicator>stop T</Indicator><LocalityName>Kingston Upon Thames (London)</LocalityName><LocalityQualifier>Greater London</LocalityQualifier></AnnotatedStopPointRef><AnnotatedStopPointRef><StopPointRef>490008819U</StopPointRef><CommonName>Kingston Station /Kingsgate Rd</CommonName><Indicator>stop U</Indicator><LocalityName>Kingston Upon Thames (London)</LocalityName><LocalityQualifier>Greater London</LocalityQualifier></AnnotatedStopPointRef><AnnotatedStopPointRef><StopPointRef>490008813N</StopPointRef><CommonName>Kings Road / Richmond Road</CommonName><Indicator>stop N</Indicator><LocalityName>Kingston Upon Thames (London)</LocalityName><LocalityQualifier>Greater London</LocalityQualifier></AnnotatedStopPointRef><AnnotatedStopPointRef><StopPointRef>490014895N</StopPointRef><CommonName>Woodside Avenue (KT2)</CommonName><Indicator>stop N</Indicator><LocalityName>Kingston Upon Thames (London)</LocalityName><LocalityQualifier>Greater London</LocalityQualifier></AnnotatedStopPointRef><AnnotatedStopPointRef><StopPointRef>490006276N</StopPointRef><CommonName>Durlston Road (KT2)</CommonName><Indicator>stop F</Indicator><LocalityName>Kingston Upon Thames (London)</LocalityName><LocalityQualifier>Greater London</LocalityQualifier></AnnotatedStopPointRef><AnnotatedStopPointRef><StopPointRef>490013663N</StopPointRef><CommonName>Tiffin School For Girls</CommonName><Indicator>stop G</Indicator><LocalityName>Kingston Upon Thames (London)</LocalityName><LocalityQualifier>Greater London</LocalityQualifier></AnnotatedStopPointRef><AnnotatedStopPointRef><StopPointRef>490006227N</StopPointRef><CommonName>Tudor Drive (KT2)</CommonName><Indicator>stop H</Indicator><LocalityName>Kingston Upon Thames (London)</LocalityName><LocalityQualifier>Greater London</LocalityQualifier></AnnotatedStopPointRef><AnnotatedStopPointRef><StopPointRef>490013828S</StopPointRef><CommonName>Tudor Drive (KT2)</CommonName><Indicator>stop C</Indicator><LocalityName>Kingston Upon Thames (London)</LocalityName><LocalityQualifier>Greater London</LocalityQualifier></AnnotatedStopPointRef><AnnotatedStopPointRef><StopPointRef>490013663S</StopPointRef><CommonName>Tiffin School For Girls</CommonName><Indicator>stop D</Indicator><LocalityName>Kingston Upon Thames (London)</LocalityName><LocalityQualifier>Greater London</LocalityQualifier></AnnotatedStopPointRef><AnnotatedStopPointRef><StopPointRef>490006276S</StopPointRef><CommonName>Durlston Road (KT2)</CommonName><Indicator>stop E</Indicator><LocalityName>Kingston Upon Thames (London)</LocalityName><LocalityQualifier>Greater London</LocalityQualifier></AnnotatedStopPointRef><AnnotatedStopPointRef><StopPointRef>490008988S</StopPointRef><CommonName>Latchmere Road / Richmond Road</CommonName><Indicator>stop S</Indicator><LocalityName>Kingston Upon Thames (London)</LocalityName><LocalityQualifier>Greater London</LocalityQualifier></AnnotatedStopPointRef><AnnotatedStopPointRef><StopPointRef>490018665S</StopPointRef><CommonName>Windsor Road / Richmond Road</CommonName><Indicator>stop S</Indicator><LocalityName>Kingston Upon Thames (London)</LocalityName><LocalityQualifier>Greater London</LocalityQualifier></AnnotatedStopPointRef><AnnotatedStopPointRef><StopPointRef>490008813S</StopPointRef><CommonName>Kings Road / Richmond Road</CommonName><Indicator>stop S</Indicator><LocalityName>Kingston Upon Thames (London)</LocalityName><LocalityQualifier>Greater London</LocalityQualifier></AnnotatedStopPointRef><AnnotatedStopPointRef><StopPointRef>490001173V</StopPointRef><CommonName>Kingston</CommonName><Indicator>stop V</Indicator><LocalityName>Kingston Upon Thames (London)</LocalityName><LocalityQualifier>Greater London</LocalityQualifier></AnnotatedStopPointRef><AnnotatedStopPointRef><StopPointRef>490005800A3</StopPointRef><CommonName>Cromwell Road Bus Station</CommonName><Indicator>stop A3</Indicator><LocalityName>Kingston Upon Thames (London)</LocalityName><LocalityQualifier>Greater London</LocalityQualifier></AnnotatedStopPointRef><AnnotatedStopPointRef><StopPointRef>490006412D2</StopPointRef><CommonName>Eden Street (KT1)</CommonName><Indicator>stop D2</Indicator><LocalityName>Kingston Upon Thames (London)</LocalityName><LocalityQualifier>Greater London</LocalityQualifier></AnnotatedStopPointRef><AnnotatedStopPointRef><StopPointRef>490004478F</StopPointRef><CommonName>Brook Street (KT1)</CommonName><Indicator>stop F</Indicator><LocalityName>Kingston Upon Thames (London)</LocalityName><LocalityQualifier>Greater London</LocalityQualifier></AnnotatedStopPointRef><AnnotatedStopPointRef><StopPointRef>490008829S</StopPointRef><CommonName>Kingston Univ / County Hall</CommonName><Indicator>stop UA</Indicator><LocalityName>Kingston Upon Thames (London)</LocalityName><LocalityQualifier>Greater London</LocalityQualifier></AnnotatedStopPointRef><AnnotatedStopPointRef><StopPointRef>490013034S</StopPointRef><CommonName>Surbiton Road</CommonName><Indicator>stop B</Indicator><LocalityName>Surbiton</LocalityName><LocalityQualifier>Greater London</LocalityQualifier></AnnotatedStopPointRef><AnnotatedStopPointRef><StopPointRef>490009627S</StopPointRef><CommonName>Maple Road (KT6)</CommonName><Indicator>stop C</Indicator><LocalityName>Surbiton</LocalityName><LocalityQualifier>Greater London</LocalityQualifier></AnnotatedStopPointRef><AnnotatedStopPointRef><StopPointRef>490013315S</StopPointRef><CommonName>The Crescent / Claremont Road</CommonName><Indicator>stop NH</Indicator><LocalityName>Surbiton</LocalityName><LocalityQualifier>Greater London</LocalityQualifier></AnnotatedStopPointRef><AnnotatedStopPointRef><StopPointRef>490015165B</StopPointRef><CommonName>Surbiton Station/Claremont Rd</CommonName><Indicator>stop NK</Indicator><LocalityName>Surbiton</LocalityName><LocalityQualifier>Greater London</LocalityQualifier></AnnotatedStopPointRef><AnnotatedStopPointRef><StopPointRef>490012776E</StopPointRef><CommonName>St Marks Church/St Marks Hill</CommonName><Indicator>stop NL</Indicator><LocalityName>Surbiton</LocalityName><LocalityQualifier>Greater London</LocalityQualifier></AnnotatedStopPointRef></StopPoints><RouteSections><RouteSection id="RS_49691a_H_1"><RouteLink id="RL_RS_49691a_H_1_0"><From><StopPointRef>490015639E</StopPointRef></From><To><StopPointRef>490004603N</StopPointRef></To><Direction>outbound</Direction></RouteLink><RouteLink id="RL_RS_49691a_H_1_1"><From><StopPointRef>490004603N</StopPointRef></From><To><StopPointRef>490009333W</StopPointRef></To><Direction>outbound</Direction></RouteLink><RouteLink id="RL_RS_49691a_H_1_2"><From><StopPointRef>490009333W</StopPointRef></From><To><StopPointRef>490007158W</StopPointRef></To><Direction>outbound</Direction></RouteLink><RouteLink id="RL_RS_49691a_H_1_3"><From><StopPointRef>490007158W</StopPointRef></From><To><StopPointRef>490018502H</StopPointRef></To><Direction>outbound</Direction></RouteLink><RouteLink id="RL_RS_49691a_H_1_4"><From><StopPointRef>490018502H</StopPointRef></From><To><StopPointRef>490013035N</StopPointRef></To><Direction>outbound</Direction></RouteLink><RouteLink id="RL_RS_49691a_H_1_5"><From><StopPointRef>490013035N</StopPointRef></From><To><StopPointRef>490008830N</StopPointRef></To><Direction>outbound</Direction></RouteLink><RouteLink id="RL_RS_49691a_H_1_6"><From><StopPointRef>490008830N</StopPointRef></From><To><StopPointRef>490008829N</StopPointRef></To><Direction>outbound</Direction></RouteLink><RouteLink id="RL_RS_49691a_H_1_7"><From><StopPointRef>490008829N</StopPointRef></From><To><StopPointRef>490005498N</StopPointRef></To><Direction>outbound</Direction></RouteLink><RouteLink id="RL_RS_49691a_H_1_8"><From><StopPointRef>490005498N</StopPointRef></From><To><StopPointRef>490004478G</StopPointRef></To><Direction>outbound</Direction></RouteLink><RouteLink id="RL_RS_49691a_H_1_9"><From><StopPointRef>490004478G</StopPointRef></From><To><StopPointRef>490006412E3</StopPointRef></To><Direction>outbound</Direction></RouteLink><RouteLink id="RL_RS_49691a_H_1_10"><From><StopPointRef>490006412E3</StopPointRef></From><To><StopPointRef>490001173T</StopPointRef></To><Direction>outbound</Direction></RouteLink><RouteLink id="RL_RS_49691a_H_1_11"><From><StopPointRef>490001173T</StopPointRef></From><To><StopPointRef>490008819U</StopPointRef></To><Direction>outbound</Direction></RouteLink><RouteLink id="RL_RS_49691a_H_1_12"><From><StopPointRef>490008819U</StopPointRef></From><To><StopPointRef>490008813N</StopPointRef></To><Direction>outbound</Direction></RouteLink><RouteLink id="RL_RS_49691a_H_1_13"><From><StopPointRef>490008813N</StopPointRef></From><To><StopPointRef>490014895N</StopPointRef></To><Direction>outbound</Direction></RouteLink><RouteLink id="RL_RS_49691a_H_1_14"><From><StopPointRef>490014895N</StopPointRef></From><To><StopPointRef>490006276N</StopPointRef></To><Direction>outbound</Direction></RouteLink><RouteLink id="RL_RS_49691a_H_1_15"><From><StopPointRef>490006276N</StopPointRef></From><To><StopPointRef>490013663N</StopPointRef></To><Direction>outbound</Direction></RouteLink><RouteLink id="RL_RS_49691a_H_1_16"><From><StopPointRef>490013663N</StopPointRef></From><To><StopPointRef>490006227N</StopPointRef></To><Direction>outbound</Direction></RouteLink></RouteSection><RouteSection id="RS_49691a_R_2"><RouteLink id="RL_RS_49691a_R_2_0"><From><StopPointRef>490013828S</StopPointRef></From><To><StopPointRef>490013663S</StopPointRef></To><Direction>inbound</Direction></RouteLink><RouteLink id="RL_RS_49691a_R_2_1"><From><StopPointRef>490013663S</StopPointRef></From><To><StopPointRef>490006276S</StopPointRef></To><Direction>inbound</Direction></RouteLink><RouteLink id="RL_RS_49691a_R_2_2"><From><StopPointRef>490006276S</StopPointRef></From><To><StopPointRef>490008988S</StopPointRef></To><Direction>inbound</Direction></RouteLink><RouteLink id="RL_RS_49691a_R_2_3"><From><StopPointRef>490008988S</StopPointRef></From><To><StopPointRef>490018665S</StopPointRef></To><Direction>inbound</Direction></RouteLink><RouteLink id="RL_RS_49691a_R_2_4"><From><StopPointRef>490018665S</StopPointRef></From><To><StopPointRef>490008813S</StopPointRef></To><Direction>inbound</Direction></RouteLink><RouteLink id="RL_RS_49691a_R_2_5"><From><StopPointRef>490008813S</StopPointRef></From><To><StopPointRef>490001173V</StopPointRef></To><Direction>inbound</Direction></RouteLink><RouteLink id="RL_RS_49691a_R_2_6"><From><StopPointRef>490001173V</StopPointRef></From><To><StopPointRef>490005800A3</StopPointRef></To><Direction>inbound</Direction></RouteLink><RouteLink id="RL_RS_49691a_R_2_7"><From><StopPointRef>490005800A3</StopPointRef></From><To><StopPointRef>490006412D2</StopPointRef></To><Direction>inbound</Direction></RouteLink><RouteLink id="RL_RS_49691a_R_2_8"><From><StopPointRef>490006412D2</StopPointRef></From><To><StopPointRef>490004478F</StopPointRef></To><Direction>inbound</Direction></RouteLink><RouteLink id="RL_RS_49691a_R_2_9"><From><StopPointRef>490004478F</StopPointRef></From><To><StopPointRef>490008829S</StopPointRef></To><Direction>inbound</Direction></RouteLink><RouteLink id="RL_RS_49691a_R_2_10"><From><StopPointRef>490008829S</StopPointRef></From><To><StopPointRef>490013034S</StopPointRef></To><Direction>inbound</Direction></RouteLink><RouteLink id="RL_RS_49691a_R_2_11"><From><StopPointRef>490013034S</StopPointRef></From><To><StopPointRef>490009627S</StopPointRef></To><Direction>inbound</Direction></RouteLink><RouteLink id="RL_RS_49691a_R_2_12"><From><StopPointRef>490009627S</StopPointRef></From><To><StopPointRef>490013315S</StopPointRef></To><Direction>inbound</Direction></RouteLink><RouteLink id="RL_RS_49691a_R_2_13"><From><StopPointRef>490013315S</StopPointRef></From><To><StopPointRef>490015165B</StopPointRef></To><Direction>inbound</Direction></RouteLink><RouteLink id="RL_RS_49691a_R_2_14"><From><StopPointRef>490015165B</StopPointRef></From><To><StopPointRef>490012776E</StopPointRef></To><Direction>inbound</Direction></RouteLink><RouteLink id="RL_RS_49691a_R_2_15"><From><StopPointRef>490012776E</StopPointRef></From><To><StopPointRef>490015639E</StopPointRef></To><Direction>inbound</Direction></RouteLink></RouteSection></RouteSections><Routes><Route id="R_49691a_H_1"><PrivateCode>R_49691a_H_1</PrivateCode><Description>Hollyfield School/Lamberts Rd - Tudor Drive (KT2)</Description><RouteSectionRef>RS_49691a_H_1</RouteSectionRef></Route><Route id="R_49691a_R_2"><PrivateCode>R_49691a_R_2</PrivateCode><Description>Tudor Drive (KT2) - Hollyfield School/Lamberts Rd</Description><RouteSectionRef>RS_49691a_R_2</RouteSectionRef></Route></Routes><JourneyPatternSections><JourneyPatternSection id="JPS_49691a_H_1"><JourneyPatternTimingLink id="JPL_49691a_H_1_0"><From SequenceNumber="1"><StopPointRef>490015639E</StopPointRef><TimingStatus>PTP</TimingStatus></From><To SequenceNumber="2"><StopPointRef>490004603N</StopPointRef><TimingStatus>PTP</TimingStatus></To><RunTime>PT66S</RunTime></JourneyPatternTimingLink><JourneyPatternTimingLink id="JPL_49691a_H_1_1"><From SequenceNumber="2"><StopPointRef>490004603N</StopPointRef><TimingStatus>PTP</TimingStatus></From><To SequenceNumber="3"><StopPointRef>490009333W</StopPointRef><TimingStatus>PTP</TimingStatus></To><RunTime>PT66S</RunTime></JourneyPatternTimingLink><JourneyPatternTimingLink id="JPL_49691a_H_1_2"><From SequenceNumber="3"><StopPointRef>490009333W</StopPointRef><TimingStatus>PTP</TimingStatus></From><To SequenceNumber="4"><StopPointRef>490007158W</StopPointRef><TimingStatus>PTP</TimingStatus></To><RunTime>PT66S</RunTime></JourneyPatternTimingLink><JourneyPatternTimingLink id="JPL_49691a_H_1_3"><From SequenceNumber="4"><StopPointRef>490007158W</StopPointRef><TimingStatus>PTP</TimingStatus></From><To SequenceNumber="5"><StopPointRef>490018502H</StopPointRef><TimingStatus>PTP</TimingStatus></To><RunTime>PT66S</RunTime></JourneyPatternTimingLink><JourneyPatternTimingLink id="JPL_49691a_H_1_4"><From SequenceNumber="5"><StopPointRef>490018502H</StopPointRef><TimingStatus>PTP</TimingStatus></From><To SequenceNumber="6"><StopPointRef>490013035N</StopPointRef><TimingStatus>PTP</TimingStatus></To><RunTime>PT66S</RunTime></JourneyPatternTimingLink><JourneyPatternTimingLink id="JPL_49691a_H_1_5"><From SequenceNumber="6"><StopPointRef>490013035N</StopPointRef><TimingStatus>PTP</TimingStatus></From><To SequenceNumber="7"><StopPointRef>490008830N</StopPointRef><TimingStatus>PTP</TimingStatus></To><RunTime>PT66S</RunTime></JourneyPatternTimingLink><JourneyPatternTimingLink id="JPL_49691a_H_1_6"><From SequenceNumber="7"><StopPointRef>490008830N</StopPointRef><TimingStatus>PTP</TimingStatus></From><To SequenceNumber="8"><StopPointRef>490008829N</StopPointRef><TimingStatus>PTP</TimingStatus></To><RunTime>PT66S</RunTime></JourneyPatternTimingLink><JourneyPatternTimingLink id="JPL_49691a_H_1_7"><From SequenceNumber="8"><StopPointRef>490008829N</StopPointRef><TimingStatus>PTP</TimingStatus></From><To SequenceNumber="9"><StopPointRef>490005498N</StopPointRef><TimingStatus>PTP</TimingStatus></To><RunTime>PT66S</RunTime></JourneyPatternTimingLink><JourneyPatternTimingLink id="JPL_49691a_H_1_8"><From SequenceNumber="9"><StopPointRef>490005498N</StopPointRef><TimingStatus>PTP</TimingStatus></From><To SequenceNumber="10"><StopPointRef>490004478G</StopPointRef><TimingStatus>PTP</TimingStatus></To><RunTime>PT66S</RunTime></JourneyPatternTimingLink><JourneyPatternTimingLink id="JPL_49691a_H_1_9"><From SequenceNumber="10"><StopPointRef>490004478G</StopPointRef><TimingStatus>PTP</TimingStatus></From><To SequenceNumber="11"><StopPointRef>490006412E3</StopPointRef><TimingStatus>PTP</TimingStatus></To><RunTime>PT66S</RunTime></JourneyPatternTimingLink><JourneyPatternTimingLink id="JPL_49691a_H_1_10"><From SequenceNumber="11"><StopPointRef>490006412E3</StopPointRef><TimingStatus>PTP</TimingStatus></From><To SequenceNumber="12"><StopPointRef>490001173T</StopPointRef><TimingStatus>PTP</TimingStatus></To><RunTime>PT150S</RunTime></JourneyPatternTimingLink><JourneyPatternTimingLink id="JPL_49691a_H_1_11"><From SequenceNumber="12"><StopPointRef>490001173T</StopPointRef><TimingStatus>PTP</TimingStatus></From><To SequenceNumber="13"><StopPointRef>490008819U</StopPointRef><TimingStatus>PTP</TimingStatus></To><RunTime>PT150S</RunTime></JourneyPatternTimingLink><JourneyPatternTimingLink id="JPL_49691a_H_1_12"><From SequenceNumber="13"><StopPointRef>490008819U</StopPointRef><TimingStatus>PTP</TimingStatus></From><To SequenceNumber="14"><StopPointRef>490008813N</StopPointRef><TimingStatus>PTP</TimingStatus></To><RunTime>PT72S</RunTime></JourneyPatternTimingLink><JourneyPatternTimingLink id="JPL_49691a_H_1_13"><From SequenceNumber="14"><StopPointRef>490008813N</StopPointRef><TimingStatus>PTP</TimingStatus></From><To SequenceNumber="15"><StopPointRef>490014895N</StopPointRef><TimingStatus>PTP</TimingStatus></To><RunTime>PT72S</RunTime></JourneyPatternTimingLink><JourneyPatternTimingLink id="JPL_49691a_H_1_14"><From SequenceNumber="15"><StopPointRef>490014895N</StopPointRef><TimingStatus>PTP</TimingStatus></From><To SequenceNumber="16"><StopPointRef>490006276N</StopPointRef><TimingStatus>PTP</TimingStatus></To><RunTime>PT72S</RunTime></JourneyPatternTimingLink><JourneyPatternTimingLink id="JPL_49691a_H_1_15"><From SequenceNumber="16"><StopPointRef>490006276N</StopPointRef><TimingStatus>PTP</TimingStatus></From><To SequenceNumber="17"><StopPointRef>490013663N</StopPointRef><TimingStatus>PTP</TimingStatus></To><RunTime>PT72S</RunTime></JourneyPatternTimingLink><JourneyPatternTimingLink id="JPL_49691a_H_1_16"><From SequenceNumber="17"><StopPointRef>490013663N</StopPointRef><TimingStatus>PTP</TimingStatus></From><To SequenceNumber="18"><StopPointRef>490006227N</StopPointRef><TimingStatus>PTP</TimingStatus></To><RunTime>PT72S</RunTime></JourneyPatternTimingLink></JourneyPatternSection><JourneyPatternSection id="JPS_49691a_R_2"><JourneyPatternTimingLink id="JPL_49691a_R_2_0"><From SequenceNumber="1"><StopPointRef>490013828S</StopPointRef><TimingStatus>PTP</TimingStatus></From><To SequenceNumber="2"><StopPointRef>490013663S</StopPointRef><TimingStatus>PTP</TimingStatus></To><RunTime>PT66S</RunTime></JourneyPatternTimingLink><JourneyPatternTimingLink id="JPL_49691a_R_2_1"><From SequenceNumber="2"><StopPointRef>490013663S</StopPointRef><TimingStatus>PTP</TimingStatus></From><To SequenceNumber="3"><StopPointRef>490006276S</StopPointRef><TimingStatus>PTP</TimingStatus></To><RunTime>PT66S</RunTime></JourneyPatternTimingLink><JourneyPatternTimingLink id="JPL_49691a_R_2_2"><From SequenceNumber="3"><StopPointRef>490006276S</StopPointRef><TimingStatus>PTP</TimingStatus></From><To SequenceNumber="4"><StopPointRef>490008988S</StopPointRef><TimingStatus>PTP</TimingStatus></To><RunTime>PT66S</RunTime></JourneyPatternTimingLink><JourneyPatternTimingLink id="JPL_49691a_R_2_3"><From SequenceNumber="4"><StopPointRef>490008988S</StopPointRef><TimingStatus>PTP</TimingStatus></From><To SequenceNumber="5"><StopPointRef>490018665S</StopPointRef><TimingStatus>PTP</TimingStatus></To><RunTime>PT66S</RunTime></JourneyPatternTimingLink><JourneyPatternTimingLink id="JPL_49691a_R_2_4"><From SequenceNumber="5"><StopPointRef>490018665S</StopPointRef><TimingStatus>PTP</TimingStatus></From><To SequenceNumber="6"><StopPointRef>490008813S</StopPointRef><TimingStatus>PTP</TimingStatus></To><RunTime>PT66S</RunTime></JourneyPatternTimingLink><JourneyPatternTimingLink id="JPL_49691a_R_2_5"><From SequenceNumber="6"><StopPointRef>490008813S</StopPointRef><TimingStatus>PTP</TimingStatus></From><To SequenceNumber="7"><StopPointRef>490001173V</StopPointRef><TimingStatus>PTP</TimingStatus></To><RunTime>PT66S</RunTime></JourneyPatternTimingLink><JourneyPatternTimingLink id="JPL_49691a_R_2_6"><From SequenceNumber="7"><StopPointRef>490001173V</StopPointRef><TimingStatus>PTP</TimingStatus></From><To SequenceNumber="8"><StopPointRef>490005800A3</StopPointRef><TimingStatus>PTP</TimingStatus></To><RunTime>PT84S</RunTime></JourneyPatternTimingLink><JourneyPatternTimingLink id="JPL_49691a_R_2_7"><From SequenceNumber="8"><StopPointRef>490005800A3</StopPointRef><TimingStatus>PTP</TimingStatus></From><To SequenceNumber="9"><StopPointRef>490006412D2</StopPointRef><TimingStatus>PTP</TimingStatus></To><RunTime>PT300S</RunTime></JourneyPatternTimingLink><JourneyPatternTimingLink id="JPL_49691a_R_2_8"><From SequenceNumber="9"><StopPointRef>490006412D2</StopPointRef><TimingStatus>PTP</TimingStatus></From><To SequenceNumber="10"><StopPointRef>490004478F</StopPointRef><TimingStatus>PTP</TimingStatus></To><RunTime>PT60S</RunTime></JourneyPatternTimingLink><JourneyPatternTimingLink id="JPL_49691a_R_2_9"><From SequenceNumber="10"><StopPointRef>490004478F</StopPointRef><TimingStatus>PTP</TimingStatus></From><To SequenceNumber="11"><StopPointRef>490008829S</StopPointRef><TimingStatus>PTP</TimingStatus></To><RunTime>PT60S</RunTime></JourneyPatternTimingLink><JourneyPatternTimingLink id="JPL_49691a_R_2_10"><From SequenceNumber="11"><StopPointRef>490008829S</StopPointRef><TimingStatus>PTP</TimingStatus></From><To SequenceNumber="12"><StopPointRef>490013034S</StopPointRef><TimingStatus>PTP</TimingStatus></To><RunTime>PT60S</RunTime></JourneyPatternTimingLink><JourneyPatternTimingLink id="JPL_49691a_R_2_11"><From SequenceNumber="12"><StopPointRef>490013034S</StopPointRef><TimingStatus>PTP</TimingStatus></From><To SequenceNumber="13"><StopPointRef>490009627S</StopPointRef><TimingStatus>PTP</TimingStatus></To><RunTime>PT60S</RunTime></JourneyPatternTimingLink><JourneyPatternTimingLink id="JPL_49691a_R_2_12"><From SequenceNumber="13"><StopPointRef>490009627S</StopPointRef><TimingStatus>PTP</TimingStatus></From><To SequenceNumber="14"><StopPointRef>490013315S</StopPointRef><TimingStatus>PTP</TimingStatus></To><RunTime>PT60S</RunTime></JourneyPatternTimingLink><JourneyPatternTimingLink id="JPL_49691a_R_2_13"><From SequenceNumber="14"><StopPointRef>490013315S</StopPointRef><TimingStatus>PTP</TimingStatus></From><To SequenceNumber="15"><StopPointRef>490015165B</StopPointRef><TimingStatus>PTP</TimingStatus></To><RunTime>PT60S</RunTime></JourneyPatternTimingLink><JourneyPatternTimingLink id="JPL_49691a_R_2_14"><From SequenceNumber="15"><StopPointRef>490015165B</StopPointRef><TimingStatus>PTP</TimingStatus></From><To SequenceNumber="16"><StopPointRef>490012776E</StopPointRef><TimingStatus>PTP</TimingStatus></To><RunTime>PT60S</RunTime></JourneyPatternTimingLink><JourneyPatternTimingLink id="JPL_49691a_R_2_15"><From SequenceNumber="16"><StopPointRef>490012776E</StopPointRef><TimingStatus>PTP</TimingStatus></From><To SequenceNumber="17"><StopPointRef>490015639E</StopPointRef><TimingStatus>PTP</TimingStatus></To><RunTime>PT60S</RunTime></JourneyPatternTimingLink></JourneyPatternSection></JourneyPatternSections><Operators><Operator id="OId_49"><OperatorCode>LU</OperatorCode><OperatorShortName>London United       </OperatorShortName><OperatorNameOnLicence>London United       </OperatorNameOnLicence><TradingName>LU  </TradingName><ContactTelephoneNumber><TelNationalNumber>02084006665         </TelNationalNumber></ContactTelephoneNumber><OperatorAddresses><CorrespondenceAddress><Line xmlns="http://www.govtalk.gov.uk/people/AddressAndPersonalDetails">London United                      </Line><Line xmlns="http://www.govtalk.gov.uk/people/AddressAndPersonalDetails">2 Wellington Road                  </Line><Line xmlns="http://www.govtalk.gov.uk/people/AddressAndPersonalDetails">Fulwell                            </Line><Line xmlns="http://www.govtalk.gov.uk/people/AddressAndPersonalDetails">Twickenham Middx                   </Line></CorrespondenceAddress></OperatorAddresses></Operator></Operators><Services><Service><ServiceCode>SId_49691a0</ServiceCode><PrivateCode>49691a0</PrivateCode><Lines><Line id="LId_49691a0"><LineName>691</LineName></Line></Lines><OperatingPeriod><StartDate>2009-12-01</StartDate><EndDate>2010-12-23</EndDate></OperatingPeriod><OperatingProfile><RegularDayType>
					<DaysOfWeek>
						<MondayToFriday/>
					</DaysOfWeek>
				</RegularDayType>
				<BankHolidayOperation><DaysOfNonOperation><AllBankHolidays></AllBankHolidays></DaysOfNonOperation></BankHolidayOperation></OperatingProfile><RegisteredOperatorRef>OId_49</RegisteredOperatorRef><StopRequirements><NoNewStopsRequired/></StopRequirements><StandardService><Origin>Hollyfield School/Lamberts Rd</Origin><Destination>Tudor Drive (KT2)</Destination><JourneyPattern id="JP_49691a_H0_1"><Direction>outbound</Direction><Operational><VehicleType><VehicleTypeCode>08</VehicleTypeCode><Description>Double Decker Low Floor+Wheelchair</Description></VehicleType></Operational><RouteRef>R_49691a_H_1</RouteRef><JourneyPatternSectionRefs>JPS_49691a_H_1</JourneyPatternSectionRefs></JourneyPattern><JourneyPattern id="JP_49691a_R0_2"><Direction>inbound</Direction><Operational><VehicleType><VehicleTypeCode>08</VehicleTypeCode><Description>Double Decker Low Floor+Wheelchair</Description></VehicleType></Operational><RouteRef>R_49691a_R_2</RouteRef><JourneyPatternSectionRefs>JPS_49691a_R_2</JourneyPatternSectionRefs></JourneyPattern></StandardService></Service></Services><VehicleJourneys><VehicleJourney><PrivateCode>49691aa0H6910001</PrivateCode><Operational><VehicleType><VehicleTypeCode>08</VehicleTypeCode><Description>Double Decker Low Floor+Wheelchair</Description></VehicleType></Operational><OperatingProfile><RegularDayType>
					<DaysOfWeek>
						<MondayToFriday/>
					</DaysOfWeek>
				</RegularDayType>
			</OperatingProfile><VehicleJourneyCode>49691aa0H6910001</VehicleJourneyCode><ServiceRef>SId_49691a0</ServiceRef><LineRef>LId_49691a0</LineRef><JourneyPatternRef>JP_49691a_H0_1</JourneyPatternRef><DepartureTime>15:30:00</DepartureTime></VehicleJourney><VehicleJourney><PrivateCode>49691aa0R6910002</PrivateCode><Operational><VehicleType><VehicleTypeCode>08</VehicleTypeCode><Description>Double Decker Low Floor+Wheelchair</Description></VehicleType></Operational><OperatingProfile><RegularDayType>
					<DaysOfWeek>
						<MondayToFriday/>
					</DaysOfWeek>
				</RegularDayType>
			</OperatingProfile><VehicleJourneyCode>49691aa0R6910002</VehicleJourneyCode><ServiceRef>SId_49691a0</ServiceRef><LineRef>LId_49691a0</LineRef><JourneyPatternRef>JP_49691a_R0_2</JourneyPatternRef><DepartureTime>08:12:00</DepartureTime></VehicleJourney></VehicleJourneys></TransXChange>
