<?xml version="1.0" encoding="UTF-8"?>
<TransXChange CreationDateTime="2010-10-28T09:20:53" ModificationDateTime="2010-10-28T09:20:53" Modification="new" FileName="G:\mentzdv\Datastore\output_txc_59658c.xml" RevisionNumber="0" SchemaVersion="2.1" xmlns:xsi="http://www.w3.org/2001/XMLSchema-instance" xsi:schemaLocation="http://www.transxchange.org.uk/ http://www.transxchange.org.uk/schema/2.1/TransXChange_general.xsd" xmlns="http://www.transxchange.org.uk/" xmlns:n1="http://www.transxchange.org.uk/" xmlns:n2="http://www.govtalk.gov.uk/people/AddressAndPersonalDetails" xmlns:n3="http://www.govtalk.gov.uk/core" xmlns:n4="http://www.govtalk.gov.uk/people/bs7666"><StopPoints><AnnotatedStopPointRef><StopPointRef>490016229E</StopPointRef><CommonName>Bexley Road/Crown Woods School</CommonName><Indicator>stop AY</Indicator><LocalityName>Avery Hill</LocalityName><LocalityQualifier>Greater London</LocalityQualifier></AnnotatedStopPointRef><AnnotatedStopPointRef><StopPointRef>490003504N</StopPointRef><CommonName>Avery Hill / Riefield Road</CommonName><Indicator>stop AW</Indicator><LocalityName>Avery Hill</LocalityName><LocalityQualifier>Greater London</LocalityQualifier></AnnotatedStopPointRef><AnnotatedStopPointRef><StopPointRef>490005846N</StopPointRef><CommonName>Riefield Rd/Crown Woods School</CommonName><Indicator>stop N</Indicator><LocalityName>Avery Hill</LocalityName><LocalityQualifier>Greater London</LocalityQualifier></AnnotatedStopPointRef><AnnotatedStopPointRef><StopPointRef>490006536N</StopPointRef><CommonName>Eltham Cemetery</CommonName><Indicator>stop W</Indicator><LocalityName>Avery Hill</LocalityName><LocalityQualifier>Greater London</LocalityQualifier></AnnotatedStopPointRef><AnnotatedStopPointRef><StopPointRef>490001105B</StopPointRef><CommonName>Falconwood</CommonName><Indicator>stop E</Indicator><LocalityName>Falconwood</LocalityName><LocalityQualifier>Greater London</LocalityQualifier></AnnotatedStopPointRef><AnnotatedStopPointRef><StopPointRef>490009882E</StopPointRef><CommonName>Millbrook Avenue</CommonName><Indicator>stop F</Indicator><LocalityName>Falconwood</LocalityName><LocalityQualifier>Greater London</LocalityQualifier></AnnotatedStopPointRef><AnnotatedStopPointRef><StopPointRef>490010410S</StopPointRef><CommonName>Northumberland Avenue (BXLY)</CommonName><Indicator>stop G</Indicator><LocalityName>Falconwood</LocalityName><LocalityQualifier>Greater London</LocalityQualifier></AnnotatedStopPointRef><AnnotatedStopPointRef><StopPointRef>490004552N</StopPointRef><CommonName>Buckingham Avenue (DA16)</CommonName><Indicator>stop H</Indicator><LocalityName>Falconwood</LocalityName><LocalityQualifier>Greater London</LocalityQualifier></AnnotatedStopPointRef><AnnotatedStopPointRef><StopPointRef>490006725E</StopPointRef><CommonName>Falconwood Community Centre</CommonName><Indicator>stop J</Indicator><LocalityName>Falconwood</LocalityName><LocalityQualifier>Greater London</LocalityQualifier></AnnotatedStopPointRef><AnnotatedStopPointRef><StopPointRef>490005897N</StopPointRef><CommonName>Cumberland Avenue (DA16)</CommonName><Indicator>stop N</Indicator><LocalityName>Falconwood</LocalityName><LocalityQualifier>Greater London</LocalityQualifier></AnnotatedStopPointRef><AnnotatedStopPointRef><StopPointRef>490015011N</StopPointRef><CommonName>Yorkland Avenue</CommonName><Indicator>stop N</Indicator><LocalityName>Falconwood</LocalityName><LocalityQualifier>Greater London</LocalityQualifier></AnnotatedStopPointRef><AnnotatedStopPointRef><StopPointRef>490008341N</StopPointRef><CommonName>Hook Lane / Westwood Lane</CommonName><Indicator>stop N</Indicator><LocalityName>Falconwood</LocalityName><LocalityQualifier>Greater London</LocalityQualifier></AnnotatedStopPointRef><AnnotatedStopPointRef><StopPointRef>490006735N</StopPointRef><CommonName>Faraday Road (DA16)</CommonName><Indicator>stop N</Indicator><LocalityName>Welling</LocalityName><LocalityQualifier>Greater London</LocalityQualifier></AnnotatedStopPointRef><AnnotatedStopPointRef><StopPointRef>490014351P</StopPointRef><CommonName>Bellegrove Road / Hook Lane</CommonName><Indicator>stop P</Indicator><LocalityName>Welling</LocalityName><LocalityQualifier>Greater London</LocalityQualifier></AnnotatedStopPointRef><AnnotatedStopPointRef><StopPointRef>490011803G</StopPointRef><CommonName>Ruskin Drive</CommonName><Indicator>stop G</Indicator><LocalityName>Welling</LocalityName><LocalityQualifier>Greater London</LocalityQualifier></AnnotatedStopPointRef><AnnotatedStopPointRef><StopPointRef>490001318B</StopPointRef><CommonName>Welling</CommonName><Indicator>stop B</Indicator><LocalityName>Welling</LocalityName><LocalityQualifier>Greater London</LocalityQualifier></AnnotatedStopPointRef><AnnotatedStopPointRef><StopPointRef>490004602N</StopPointRef><CommonName>Central Avenue/ Wickham Street</CommonName><Indicator>stop N</Indicator><LocalityName>Welling</LocalityName><LocalityQualifier>Greater London</LocalityQualifier></AnnotatedStopPointRef><AnnotatedStopPointRef><StopPointRef>490010941N</StopPointRef><CommonName>Peregrine Court</CommonName><Indicator>stop N</Indicator><LocalityName>Welling</LocalityName><LocalityQualifier>Greater London</LocalityQualifier></AnnotatedStopPointRef><AnnotatedStopPointRef><StopPointRef>490005053N</StopPointRef><CommonName>Chaucer Road (DA16)</CommonName><Indicator>stop N</Indicator><LocalityName>Welling</LocalityName><LocalityQualifier>Greater London</LocalityQualifier></AnnotatedStopPointRef><AnnotatedStopPointRef><StopPointRef>490013375N</StopPointRef><CommonName>The Glenmore Arms</CommonName><Indicator>stop N</Indicator><LocalityName>Plumstead</LocalityName><LocalityQualifier>Greater London</LocalityQualifier></AnnotatedStopPointRef><AnnotatedStopPointRef><StopPointRef>490013627N</StopPointRef><CommonName>Thornhill Avenue</CommonName><Indicator>stop N</Indicator><LocalityName>Plumstead</LocalityName><LocalityQualifier>Greater London</LocalityQualifier></AnnotatedStopPointRef><AnnotatedStopPointRef><StopPointRef>490008773N</StopPointRef><CommonName>Kingsdale Road (SE18)</CommonName><Indicator>stop N</Indicator><LocalityName>Plumstead</LocalityName><LocalityQualifier>Greater London</LocalityQualifier></AnnotatedStopPointRef><AnnotatedStopPointRef><StopPointRef>490003672N</StopPointRef><CommonName>Bassant Street (SE18)</CommonName><Indicator>stop N</Indicator><LocalityName>Plumstead</LocalityName><LocalityQualifier>Greater London</LocalityQualifier></AnnotatedStopPointRef><AnnotatedStopPointRef><StopPointRef>490013607W</StopPointRef><CommonName>The Slade / Ravine Grove</CommonName><Indicator>stop P</Indicator><LocalityName>Plumstead</LocalityName><LocalityQualifier>Greater London</LocalityQualifier></AnnotatedStopPointRef><AnnotatedStopPointRef><StopPointRef>490011072W</StopPointRef><CommonName>Plumstead Common Road</CommonName><Indicator>stop R</Indicator><LocalityName>Plumstead</LocalityName><LocalityQualifier>Greater London</LocalityQualifier></AnnotatedStopPointRef><AnnotatedStopPointRef><StopPointRef>490011073W</StopPointRef><CommonName>Plumstead Common / The Ship</CommonName><Indicator>stop S</Indicator><LocalityName>Plumstead</LocalityName><LocalityQualifier>Greater London</LocalityQualifier></AnnotatedStopPointRef><AnnotatedStopPointRef><StopPointRef>490008853W</StopPointRef><CommonName>Kirk Lane (SE18)</CommonName><Indicator>stop T</Indicator><LocalityName>Plumstead</LocalityName><LocalityQualifier>Greater London</LocalityQualifier></AnnotatedStopPointRef><AnnotatedStopPointRef><StopPointRef>490013801W</StopPointRef><CommonName>Trinity Church</CommonName><Indicator>stop WP</Indicator><LocalityName>Plumstead</LocalityName><LocalityQualifier>Greater London</LocalityQualifier></AnnotatedStopPointRef><AnnotatedStopPointRef><StopPointRef>490008079W</StopPointRef><CommonName>Herbert Road (SE18)</CommonName><Indicator>stop WQ</Indicator><LocalityName>Woolwich</LocalityName><LocalityQualifier>Greater London</LocalityQualifier></AnnotatedStopPointRef><AnnotatedStopPointRef><StopPointRef>490007000N</StopPointRef><CommonName>Frederick Place (SE18)</CommonName><Indicator>stop WJ</Indicator><LocalityName>Woolwich</LocalityName><LocalityQualifier>Greater London</LocalityQualifier></AnnotatedStopPointRef><AnnotatedStopPointRef><StopPointRef>490005742E</StopPointRef><CommonName>Crescent Road (SE18)</CommonName><Indicator>stop WK</Indicator><LocalityName>Thamesmead West</LocalityName><LocalityQualifier>Greater London</LocalityQualifier></AnnotatedStopPointRef><AnnotatedStopPointRef><StopPointRef>490004624N1</StopPointRef><CommonName>Burrage Road (SE18)</CommonName><Indicator>stop N</Indicator><LocalityName>Thamesmead West</LocalityName><LocalityQualifier>Greater London</LocalityQualifier></AnnotatedStopPointRef><AnnotatedStopPointRef><StopPointRef>490003917D</StopPointRef><CommonName>Beresford Sq /Woolwich Arsenal</CommonName><Indicator>stop U</Indicator><LocalityName>Woolwich</LocalityName><LocalityQualifier>Greater London</LocalityQualifier></AnnotatedStopPointRef><AnnotatedStopPointRef><StopPointRef>490001344S</StopPointRef><CommonName>Woolwich Arsenal</CommonName><Indicator>stop M</Indicator><LocalityName>Woolwich</LocalityName><LocalityQualifier>Greater London</LocalityQualifier></AnnotatedStopPointRef><AnnotatedStopPointRef><StopPointRef>490001344G</StopPointRef><CommonName>Vincent Road /Woolwich Arsenal</CommonName><Indicator>stop G</Indicator><LocalityName>Thamesmead West</LocalityName><LocalityQualifier>Greater London</LocalityQualifier></AnnotatedStopPointRef><AnnotatedStopPointRef><StopPointRef>490005742S</StopPointRef><CommonName>Burrage Road / Arthur Grove</CommonName><Indicator>stop WA</Indicator><LocalityName>Thamesmead West</LocalityName><LocalityQualifier>Greater London</LocalityQualifier></AnnotatedStopPointRef><AnnotatedStopPointRef><StopPointRef>490007000S</StopPointRef><CommonName>Frederick Place (SE18)</CommonName><Indicator>stop WB</Indicator><LocalityName>Woolwich</LocalityName><LocalityQualifier>Greater London</LocalityQualifier></AnnotatedStopPointRef><AnnotatedStopPointRef><StopPointRef>490015577S</StopPointRef><CommonName>Bloomfield Rd/Plumstead Cmn Rd</CommonName><Indicator>stop WD</Indicator><LocalityName>Woolwich</LocalityName><LocalityQualifier>Greater London</LocalityQualifier></AnnotatedStopPointRef><AnnotatedStopPointRef><StopPointRef>490013801E</StopPointRef><CommonName>Trinity Church</CommonName><Indicator>stop WR</Indicator><LocalityName>Plumstead</LocalityName><LocalityQualifier>Greater London</LocalityQualifier></AnnotatedStopPointRef><AnnotatedStopPointRef><StopPointRef>490004098E</StopPointRef><CommonName>Blendon Terrace (SE18)</CommonName><Indicator>stop H</Indicator><LocalityName>Plumstead</LocalityName><LocalityQualifier>Greater London</LocalityQualifier></AnnotatedStopPointRef><AnnotatedStopPointRef><StopPointRef>490011073E2</StopPointRef><CommonName>Plumstead Common / The Ship</CommonName><Indicator>stop J</Indicator><LocalityName>Plumstead</LocalityName><LocalityQualifier>Greater London</LocalityQualifier></AnnotatedStopPointRef><AnnotatedStopPointRef><StopPointRef>490011072E</StopPointRef><CommonName>Plumstead Common Road</CommonName><Indicator>stop K</Indicator><LocalityName>Plumstead</LocalityName><LocalityQualifier>Greater London</LocalityQualifier></AnnotatedStopPointRef><AnnotatedStopPointRef><StopPointRef>490013607E</StopPointRef><CommonName>The Slade / Ravine Grove</CommonName><Indicator>stop L</Indicator><LocalityName>Plumstead</LocalityName><LocalityQualifier>Greater London</LocalityQualifier></AnnotatedStopPointRef><AnnotatedStopPointRef><StopPointRef>490009795E</StopPointRef><CommonName>Bassant Street (SE18)</CommonName><Indicator>stop E</Indicator><LocalityName>Plumstead</LocalityName><LocalityQualifier>Greater London</LocalityQualifier></AnnotatedStopPointRef><AnnotatedStopPointRef><StopPointRef>490008773S</StopPointRef><CommonName>Kingsdale Road (SE18)</CommonName><Indicator>stop S</Indicator><LocalityName>Plumstead</LocalityName><LocalityQualifier>Greater London</LocalityQualifier></AnnotatedStopPointRef><AnnotatedStopPointRef><StopPointRef>490013627S</StopPointRef><CommonName>Thornhill Avenue</CommonName><Indicator>stop S</Indicator><LocalityName>Plumstead</LocalityName><LocalityQualifier>Greater London</LocalityQualifier></AnnotatedStopPointRef><AnnotatedStopPointRef><StopPointRef>490013375S</StopPointRef><CommonName>The Glenmore Arms</CommonName><Indicator>stop S</Indicator><LocalityName>Plumstead</LocalityName><LocalityQualifier>Greater London</LocalityQualifier></AnnotatedStopPointRef><AnnotatedStopPointRef><StopPointRef>490005053S</StopPointRef><CommonName>Chaucer Road (DA16)</CommonName><Indicator>stop S</Indicator><LocalityName>Welling</LocalityName><LocalityQualifier>Greater London</LocalityQualifier></AnnotatedStopPointRef><AnnotatedStopPointRef><StopPointRef>490014655E</StopPointRef><CommonName>Wickham Street / Edison Road</CommonName><Indicator>stop E</Indicator><LocalityName>Welling</LocalityName><LocalityQualifier>Greater London</LocalityQualifier></AnnotatedStopPointRef><AnnotatedStopPointRef><StopPointRef>490004602S</StopPointRef><CommonName>Central Avenue/ Wickham Street</CommonName><Indicator>stop S</Indicator><LocalityName>Welling</LocalityName><LocalityQualifier>Greater London</LocalityQualifier></AnnotatedStopPointRef><AnnotatedStopPointRef><StopPointRef>490001318A</StopPointRef><CommonName>Welling</CommonName><Indicator>stop A</Indicator><LocalityName>Welling</LocalityName><LocalityQualifier>Greater London</LocalityQualifier></AnnotatedStopPointRef><AnnotatedStopPointRef><StopPointRef>490006018H</StopPointRef><CommonName>Deepdene Road (DA16)</CommonName><Indicator>stop H</Indicator><LocalityName>Welling</LocalityName><LocalityQualifier>Greater London</LocalityQualifier></AnnotatedStopPointRef><AnnotatedStopPointRef><StopPointRef>490014351L</StopPointRef><CommonName>Bellegrove Road / Hook Lane</CommonName><Indicator>stop L</Indicator><LocalityName>Welling</LocalityName><LocalityQualifier>Greater London</LocalityQualifier></AnnotatedStopPointRef><AnnotatedStopPointRef><StopPointRef>490006735S</StopPointRef><CommonName>Faraday Road (DA16)</CommonName><Indicator>stop S</Indicator><LocalityName>Welling</LocalityName><LocalityQualifier>Greater London</LocalityQualifier></AnnotatedStopPointRef><AnnotatedStopPointRef><StopPointRef>490015011S</StopPointRef><CommonName>Yorkland Avenue</CommonName><Indicator>stop S</Indicator><LocalityName>Falconwood</LocalityName><LocalityQualifier>Greater London</LocalityQualifier></AnnotatedStopPointRef><AnnotatedStopPointRef><StopPointRef>490014537W</StopPointRef><CommonName>Westwood Post Office</CommonName><Indicator>stop W</Indicator><LocalityName>Falconwood</LocalityName><LocalityQualifier>Greater London</LocalityQualifier></AnnotatedStopPointRef><AnnotatedStopPointRef><StopPointRef>490006725W</StopPointRef><CommonName>Falconwood Community Centre</CommonName><Indicator>stop K</Indicator><LocalityName>Falconwood</LocalityName><LocalityQualifier>Greater London</LocalityQualifier></AnnotatedStopPointRef><AnnotatedStopPointRef><StopPointRef>490004552S</StopPointRef><CommonName>Buckingham Avenue (DA16)</CommonName><Indicator>stop L</Indicator><LocalityName>Falconwood</LocalityName><LocalityQualifier>Greater London</LocalityQualifier></AnnotatedStopPointRef><AnnotatedStopPointRef><StopPointRef>490010410N</StopPointRef><CommonName>Northumberland Avenue (BXLY)</CommonName><Indicator>stop M</Indicator><LocalityName>Falconwood</LocalityName><LocalityQualifier>Greater London</LocalityQualifier></AnnotatedStopPointRef><AnnotatedStopPointRef><StopPointRef>490009882W</StopPointRef><CommonName>Millbrook Avenue</CommonName><Indicator>stop N</Indicator><LocalityName>Falconwood</LocalityName><LocalityQualifier>Greater London</LocalityQualifier></AnnotatedStopPointRef><AnnotatedStopPointRef><StopPointRef>490001105A</StopPointRef><CommonName>Falconwood</CommonName><Indicator>stop P</Indicator><LocalityName>Falconwood</LocalityName><LocalityQualifier>Greater London</LocalityQualifier></AnnotatedStopPointRef><AnnotatedStopPointRef><StopPointRef>490006536S</StopPointRef><CommonName>Eltham Cemetery</CommonName><Indicator>stop X</Indicator><LocalityName>Avery Hill</LocalityName><LocalityQualifier>Greater London</LocalityQualifier></AnnotatedStopPointRef><AnnotatedStopPointRef><StopPointRef>490005846S</StopPointRef><CommonName>Riefield Rd/Crown Woods School</CommonName><Indicator>stop S</Indicator><LocalityName>Avery Hill</LocalityName><LocalityQualifier>Greater London</LocalityQualifier></AnnotatedStopPointRef></StopPoints><RouteSections><RouteSection id="RS_59658c_H_1"><RouteLink id="RL_RS_59658c_H_1_0"><From><StopPointRef>490016229E</StopPointRef></From><To><StopPointRef>490003504N</StopPointRef></To><Direction>outbound</Direction></RouteLink><RouteLink id="RL_RS_59658c_H_1_1"><From><StopPointRef>490003504N</StopPointRef></From><To><StopPointRef>490005846N</StopPointRef></To><Direction>outbound</Direction></RouteLink><RouteLink id="RL_RS_59658c_H_1_2"><From><StopPointRef>490005846N</StopPointRef></From><To><StopPointRef>490006536N</StopPointRef></To><Direction>outbound</Direction></RouteLink><RouteLink id="RL_RS_59658c_H_1_3"><From><StopPointRef>490006536N</StopPointRef></From><To><StopPointRef>490001105B</StopPointRef></To><Direction>outbound</Direction></RouteLink><RouteLink id="RL_RS_59658c_H_1_4"><From><StopPointRef>490001105B</StopPointRef></From><To><StopPointRef>490009882E</StopPointRef></To><Direction>outbound</Direction></RouteLink><RouteLink id="RL_RS_59658c_H_1_5"><From><StopPointRef>490009882E</StopPointRef></From><To><StopPointRef>490010410S</StopPointRef></To><Direction>outbound</Direction></RouteLink><RouteLink id="RL_RS_59658c_H_1_6"><From><StopPointRef>490010410S</StopPointRef></From><To><StopPointRef>490004552N</StopPointRef></To><Direction>outbound</Direction></RouteLink><RouteLink id="RL_RS_59658c_H_1_7"><From><StopPointRef>490004552N</StopPointRef></From><To><StopPointRef>490006725E</StopPointRef></To><Direction>outbound</Direction></RouteLink><RouteLink id="RL_RS_59658c_H_1_8"><From><StopPointRef>490006725E</StopPointRef></From><To><StopPointRef>490005897N</StopPointRef></To><Direction>outbound</Direction></RouteLink><RouteLink id="RL_RS_59658c_H_1_9"><From><StopPointRef>490005897N</StopPointRef></From><To><StopPointRef>490015011N</StopPointRef></To><Direction>outbound</Direction></RouteLink><RouteLink id="RL_RS_59658c_H_1_10"><From><StopPointRef>490015011N</StopPointRef></From><To><StopPointRef>490008341N</StopPointRef></To><Direction>outbound</Direction></RouteLink><RouteLink id="RL_RS_59658c_H_1_11"><From><StopPointRef>490008341N</StopPointRef></From><To><StopPointRef>490006735N</StopPointRef></To><Direction>outbound</Direction></RouteLink><RouteLink id="RL_RS_59658c_H_1_12"><From><StopPointRef>490006735N</StopPointRef></From><To><StopPointRef>490014351P</StopPointRef></To><Direction>outbound</Direction></RouteLink><RouteLink id="RL_RS_59658c_H_1_13"><From><StopPointRef>490014351P</StopPointRef></From><To><StopPointRef>490011803G</StopPointRef></To><Direction>outbound</Direction></RouteLink><RouteLink id="RL_RS_59658c_H_1_14"><From><StopPointRef>490011803G</StopPointRef></From><To><StopPointRef>490001318B</StopPointRef></To><Direction>outbound</Direction></RouteLink><RouteLink id="RL_RS_59658c_H_1_15"><From><StopPointRef>490001318B</StopPointRef></From><To><StopPointRef>490004602N</StopPointRef></To><Direction>outbound</Direction></RouteLink><RouteLink id="RL_RS_59658c_H_1_16"><From><StopPointRef>490004602N</StopPointRef></From><To><StopPointRef>490010941N</StopPointRef></To><Direction>outbound</Direction></RouteLink><RouteLink id="RL_RS_59658c_H_1_17"><From><StopPointRef>490010941N</StopPointRef></From><To><StopPointRef>490005053N</StopPointRef></To><Direction>outbound</Direction></RouteLink><RouteLink id="RL_RS_59658c_H_1_18"><From><StopPointRef>490005053N</StopPointRef></From><To><StopPointRef>490013375N</StopPointRef></To><Direction>outbound</Direction></RouteLink><RouteLink id="RL_RS_59658c_H_1_19"><From><StopPointRef>490013375N</StopPointRef></From><To><StopPointRef>490013627N</StopPointRef></To><Direction>outbound</Direction></RouteLink><RouteLink id="RL_RS_59658c_H_1_20"><From><StopPointRef>490013627N</StopPointRef></From><To><StopPointRef>490008773N</StopPointRef></To><Direction>outbound</Direction></RouteLink><RouteLink id="RL_RS_59658c_H_1_21"><From><StopPointRef>490008773N</StopPointRef></From><To><StopPointRef>490003672N</StopPointRef></To><Direction>outbound</Direction></RouteLink><RouteLink id="RL_RS_59658c_H_1_22"><From><StopPointRef>490003672N</StopPointRef></From><To><StopPointRef>490013607W</StopPointRef></To><Direction>outbound</Direction></RouteLink><RouteLink id="RL_RS_59658c_H_1_23"><From><StopPointRef>490013607W</StopPointRef></From><To><StopPointRef>490011072W</StopPointRef></To><Direction>outbound</Direction></RouteLink><RouteLink id="RL_RS_59658c_H_1_24"><From><StopPointRef>490011072W</StopPointRef></From><To><StopPointRef>490011073W</StopPointRef></To><Direction>outbound</Direction></RouteLink><RouteLink id="RL_RS_59658c_H_1_25"><From><StopPointRef>490011073W</StopPointRef></From><To><StopPointRef>490008853W</StopPointRef></To><Direction>outbound</Direction></RouteLink><RouteLink id="RL_RS_59658c_H_1_26"><From><StopPointRef>490008853W</StopPointRef></From><To><StopPointRef>490013801W</StopPointRef></To><Direction>outbound</Direction></RouteLink><RouteLink id="RL_RS_59658c_H_1_27"><From><StopPointRef>490013801W</StopPointRef></From><To><StopPointRef>490008079W</StopPointRef></To><Direction>outbound</Direction></RouteLink><RouteLink id="RL_RS_59658c_H_1_28"><From><StopPointRef>490008079W</StopPointRef></From><To><StopPointRef>490007000N</StopPointRef></To><Direction>outbound</Direction></RouteLink><RouteLink id="RL_RS_59658c_H_1_29"><From><StopPointRef>490007000N</StopPointRef></From><To><StopPointRef>490005742E</StopPointRef></To><Direction>outbound</Direction></RouteLink><RouteLink id="RL_RS_59658c_H_1_30"><From><StopPointRef>490005742E</StopPointRef></From><To><StopPointRef>490004624N1</StopPointRef></To><Direction>outbound</Direction></RouteLink><RouteLink id="RL_RS_59658c_H_1_31"><From><StopPointRef>490004624N1</StopPointRef></From><To><StopPointRef>490003917D</StopPointRef></To><Direction>outbound</Direction></RouteLink></RouteSection><RouteSection id="RS_59658c_R_2"><RouteLink id="RL_RS_59658c_R_2_0"><From><StopPointRef>490001344S</StopPointRef></From><To><StopPointRef>490001344G</StopPointRef></To><Direction>inbound</Direction></RouteLink><RouteLink id="RL_RS_59658c_R_2_1"><From><StopPointRef>490001344G</StopPointRef></From><To><StopPointRef>490005742S</StopPointRef></To><Direction>inbound</Direction></RouteLink><RouteLink id="RL_RS_59658c_R_2_2"><From><StopPointRef>490005742S</StopPointRef></From><To><StopPointRef>490007000S</StopPointRef></To><Direction>inbound</Direction></RouteLink><RouteLink id="RL_RS_59658c_R_2_3"><From><StopPointRef>490007000S</StopPointRef></From><To><StopPointRef>490015577S</StopPointRef></To><Direction>inbound</Direction></RouteLink><RouteLink id="RL_RS_59658c_R_2_4"><From><StopPointRef>490015577S</StopPointRef></From><To><StopPointRef>490013801E</StopPointRef></To><Direction>inbound</Direction></RouteLink><RouteLink id="RL_RS_59658c_R_2_5"><From><StopPointRef>490013801E</StopPointRef></From><To><StopPointRef>490004098E</StopPointRef></To><Direction>inbound</Direction></RouteLink><RouteLink id="RL_RS_59658c_R_2_6"><From><StopPointRef>490004098E</StopPointRef></From><To><StopPointRef>490011073E2</StopPointRef></To><Direction>inbound</Direction></RouteLink><RouteLink id="RL_RS_59658c_R_2_7"><From><StopPointRef>490011073E2</StopPointRef></From><To><StopPointRef>490011072E</StopPointRef></To><Direction>inbound</Direction></RouteLink><RouteLink id="RL_RS_59658c_R_2_8"><From><StopPointRef>490011072E</StopPointRef></From><To><StopPointRef>490013607E</StopPointRef></To><Direction>inbound</Direction></RouteLink><RouteLink id="RL_RS_59658c_R_2_9"><From><StopPointRef>490013607E</StopPointRef></From><To><StopPointRef>490009795E</StopPointRef></To><Direction>inbound</Direction></RouteLink><RouteLink id="RL_RS_59658c_R_2_10"><From><StopPointRef>490009795E</StopPointRef></From><To><StopPointRef>490008773S</StopPointRef></To><Direction>inbound</Direction></RouteLink><RouteLink id="RL_RS_59658c_R_2_11"><From><StopPointRef>490008773S</StopPointRef></From><To><StopPointRef>490013627S</StopPointRef></To><Direction>inbound</Direction></RouteLink><RouteLink id="RL_RS_59658c_R_2_12"><From><StopPointRef>490013627S</StopPointRef></From><To><StopPointRef>490013375S</StopPointRef></To><Direction>inbound</Direction></RouteLink><RouteLink id="RL_RS_59658c_R_2_13"><From><StopPointRef>490013375S</StopPointRef></From><To><StopPointRef>490005053S</StopPointRef></To><Direction>inbound</Direction></RouteLink><RouteLink id="RL_RS_59658c_R_2_14"><From><StopPointRef>490005053S</StopPointRef></From><To><StopPointRef>490014655E</StopPointRef></To><Direction>inbound</Direction></RouteLink><RouteLink id="RL_RS_59658c_R_2_15"><From><StopPointRef>490014655E</StopPointRef></From><To><StopPointRef>490004602S</StopPointRef></To><Direction>inbound</Direction></RouteLink><RouteLink id="RL_RS_59658c_R_2_16"><From><StopPointRef>490004602S</StopPointRef></From><To><StopPointRef>490001318A</StopPointRef></To><Direction>inbound</Direction></RouteLink><RouteLink id="RL_RS_59658c_R_2_17"><From><StopPointRef>490001318A</StopPointRef></From><To><StopPointRef>490006018H</StopPointRef></To><Direction>inbound</Direction></RouteLink><RouteLink id="RL_RS_59658c_R_2_18"><From><StopPointRef>490006018H</StopPointRef></From><To><StopPointRef>490014351L</StopPointRef></To><Direction>inbound</Direction></RouteLink><RouteLink id="RL_RS_59658c_R_2_19"><From><StopPointRef>490014351L</StopPointRef></From><To><StopPointRef>490006735S</StopPointRef></To><Direction>inbound</Direction></RouteLink><RouteLink id="RL_RS_59658c_R_2_20"><From><StopPointRef>490006735S</StopPointRef></From><To><StopPointRef>490015011S</StopPointRef></To><Direction>inbound</Direction></RouteLink><RouteLink id="RL_RS_59658c_R_2_21"><From><StopPointRef>490015011S</StopPointRef></From><To><StopPointRef>490014537W</StopPointRef></To><Direction>inbound</Direction></RouteLink><RouteLink id="RL_RS_59658c_R_2_22"><From><StopPointRef>490014537W</StopPointRef></From><To><StopPointRef>490006725W</StopPointRef></To><Direction>inbound</Direction></RouteLink><RouteLink id="RL_RS_59658c_R_2_23"><From><StopPointRef>490006725W</StopPointRef></From><To><StopPointRef>490004552S</StopPointRef></To><Direction>inbound</Direction></RouteLink><RouteLink id="RL_RS_59658c_R_2_24"><From><StopPointRef>490004552S</StopPointRef></From><To><StopPointRef>490010410N</StopPointRef></To><Direction>inbound</Direction></RouteLink><RouteLink id="RL_RS_59658c_R_2_25"><From><StopPointRef>490010410N</StopPointRef></From><To><StopPointRef>490009882W</StopPointRef></To><Direction>inbound</Direction></RouteLink><RouteLink id="RL_RS_59658c_R_2_26"><From><StopPointRef>490009882W</StopPointRef></From><To><StopPointRef>490001105A</StopPointRef></To><Direction>inbound</Direction></RouteLink><RouteLink id="RL_RS_59658c_R_2_27"><From><StopPointRef>490001105A</StopPointRef></From><To><StopPointRef>490006536S</StopPointRef></To><Direction>inbound</Direction></RouteLink><RouteLink id="RL_RS_59658c_R_2_28"><From><StopPointRef>490006536S</StopPointRef></From><To><StopPointRef>490005846S</StopPointRef></To><Direction>inbound</Direction></RouteLink></RouteSection><RouteSection id="RS_59658c_R_3"><RouteLink id="RL_RS_59658c_R_3_0"><From><StopPointRef>490006018H</StopPointRef></From><To><StopPointRef>490014351L</StopPointRef></To><Direction>inbound</Direction></RouteLink><RouteLink id="RL_RS_59658c_R_3_1"><From><StopPointRef>490014351L</StopPointRef></From><To><StopPointRef>490006735S</StopPointRef></To><Direction>inbound</Direction></RouteLink><RouteLink id="RL_RS_59658c_R_3_2"><From><StopPointRef>490006735S</StopPointRef></From><To><StopPointRef>490015011S</StopPointRef></To><Direction>inbound</Direction></RouteLink><RouteLink id="RL_RS_59658c_R_3_3"><From><StopPointRef>490015011S</StopPointRef></From><To><StopPointRef>490014537W</StopPointRef></To><Direction>inbound</Direction></RouteLink><RouteLink id="RL_RS_59658c_R_3_4"><From><StopPointRef>490014537W</StopPointRef></From><To><StopPointRef>490006725W</StopPointRef></To><Direction>inbound</Direction></RouteLink><RouteLink id="RL_RS_59658c_R_3_5"><From><StopPointRef>490006725W</StopPointRef></From><To><StopPointRef>490004552S</StopPointRef></To><Direction>inbound</Direction></RouteLink><RouteLink id="RL_RS_59658c_R_3_6"><From><StopPointRef>490004552S</StopPointRef></From><To><StopPointRef>490010410N</StopPointRef></To><Direction>inbound</Direction></RouteLink><RouteLink id="RL_RS_59658c_R_3_7"><From><StopPointRef>490010410N</StopPointRef></From><To><StopPointRef>490009882W</StopPointRef></To><Direction>inbound</Direction></RouteLink><RouteLink id="RL_RS_59658c_R_3_8"><From><StopPointRef>490009882W</StopPointRef></From><To><StopPointRef>490001105A</StopPointRef></To><Direction>inbound</Direction></RouteLink><RouteLink id="RL_RS_59658c_R_3_9"><From><StopPointRef>490001105A</StopPointRef></From><To><StopPointRef>490006536S</StopPointRef></To><Direction>inbound</Direction></RouteLink><RouteLink id="RL_RS_59658c_R_3_10"><From><StopPointRef>490006536S</StopPointRef></From><To><StopPointRef>490005846S</StopPointRef></To><Direction>inbound</Direction></RouteLink></RouteSection></RouteSections><Routes><Route id="R_59658c_H_1"><PrivateCode>R_59658c_H_1</PrivateCode><Description>Bexley Road/Crown Woods School - Beresford Sq /Woolwich Arsenal</Description><RouteSectionRef>RS_59658c_H_1</RouteSectionRef></Route><Route id="R_59658c_R_2"><PrivateCode>R_59658c_R_2</PrivateCode><Description>Woolwich Arsenal - Riefield Rd/Crown Woods School</Description><RouteSectionRef>RS_59658c_R_2</RouteSectionRef></Route><Route id="R_59658c_R_3"><PrivateCode>R_59658c_R_3</PrivateCode><Description>Deepdene Road (DA16) - Riefield Rd/Crown Woods School</Description><RouteSectionRef>RS_59658c_R_3</RouteSectionRef></Route></Routes><JourneyPatternSections><JourneyPatternSection id="JPS_59658c_H_2"><JourneyPatternTimingLink id="JPL_59658c_H_2_0"><From SequenceNumber="1"><StopPointRef>490016229E</StopPointRef><TimingStatus>PTP</TimingStatus></From><To SequenceNumber="2"><StopPointRef>490003504N</StopPointRef><TimingStatus>PTP</TimingStatus></To><RunTime>PT60S</RunTime></JourneyPatternTimingLink><JourneyPatternTimingLink id="JPL_59658c_H_2_1"><From SequenceNumber="2"><StopPointRef>490003504N</StopPointRef><TimingStatus>PTP</TimingStatus></From><To SequenceNumber="3"><StopPointRef>490005846N</StopPointRef><TimingStatus>PTP</TimingStatus></To><RunTime>PT60S</RunTime></JourneyPatternTimingLink><JourneyPatternTimingLink id="JPL_59658c_H_2_2"><From SequenceNumber="3"><StopPointRef>490005846N</StopPointRef><TimingStatus>PTP</TimingStatus></From><To SequenceNumber="4"><StopPointRef>490006536N</StopPointRef><TimingStatus>PTP</TimingStatus></To><RunTime>PT60S</RunTime></JourneyPatternTimingLink><JourneyPatternTimingLink id="JPL_59658c_H_2_3"><From SequenceNumber="4"><StopPointRef>490006536N</StopPointRef><TimingStatus>PTP</TimingStatus></From><To SequenceNumber="5"><StopPointRef>490001105B</StopPointRef><TimingStatus>PTP</TimingStatus></To><RunTime>PT60S</RunTime></JourneyPatternTimingLink><JourneyPatternTimingLink id="JPL_59658c_H_2_4"><From SequenceNumber="5"><StopPointRef>490001105B</StopPointRef><TimingStatus>PTP</TimingStatus></From><To SequenceNumber="6"><StopPointRef>490009882E</StopPointRef><TimingStatus>PTP</TimingStatus></To><RunTime>PT72S</RunTime></JourneyPatternTimingLink><JourneyPatternTimingLink id="JPL_59658c_H_2_5"><From SequenceNumber="6"><StopPointRef>490009882E</StopPointRef><TimingStatus>PTP</TimingStatus></From><To SequenceNumber="7"><StopPointRef>490010410S</StopPointRef><TimingStatus>PTP</TimingStatus></To><RunTime>PT72S</RunTime></JourneyPatternTimingLink><JourneyPatternTimingLink id="JPL_59658c_H_2_6"><From SequenceNumber="7"><StopPointRef>490010410S</StopPointRef><TimingStatus>PTP</TimingStatus></From><To SequenceNumber="8"><StopPointRef>490004552N</StopPointRef><TimingStatus>PTP</TimingStatus></To><RunTime>PT72S</RunTime></JourneyPatternTimingLink><JourneyPatternTimingLink id="JPL_59658c_H_2_7"><From SequenceNumber="8"><StopPointRef>490004552N</StopPointRef><TimingStatus>PTP</TimingStatus></From><To SequenceNumber="9"><StopPointRef>490006725E</StopPointRef><TimingStatus>PTP</TimingStatus></To><RunTime>PT84S</RunTime></JourneyPatternTimingLink><JourneyPatternTimingLink id="JPL_59658c_H_2_8"><From SequenceNumber="9"><StopPointRef>490006725E</StopPointRef><TimingStatus>PTP</TimingStatus></From><To SequenceNumber="10"><StopPointRef>490005897N</StopPointRef><TimingStatus>PTP</TimingStatus></To><RunTime>PT48S</RunTime></JourneyPatternTimingLink><JourneyPatternTimingLink id="JPL_59658c_H_2_9"><From SequenceNumber="10"><StopPointRef>490005897N</StopPointRef><TimingStatus>PTP</TimingStatus></From><To SequenceNumber="11"><StopPointRef>490015011N</StopPointRef><TimingStatus>PTP</TimingStatus></To><RunTime>PT48S</RunTime></JourneyPatternTimingLink><JourneyPatternTimingLink id="JPL_59658c_H_2_10"><From SequenceNumber="11"><StopPointRef>490015011N</StopPointRef><TimingStatus>PTP</TimingStatus></From><To SequenceNumber="12"><StopPointRef>490008341N</StopPointRef><TimingStatus>PTP</TimingStatus></To><RunTime>PT48S</RunTime></JourneyPatternTimingLink><JourneyPatternTimingLink id="JPL_59658c_H_2_11"><From SequenceNumber="12"><StopPointRef>490008341N</StopPointRef><TimingStatus>PTP</TimingStatus></From><To SequenceNumber="13"><StopPointRef>490006735N</StopPointRef><TimingStatus>PTP</TimingStatus></To><RunTime>PT48S</RunTime></JourneyPatternTimingLink><JourneyPatternTimingLink id="JPL_59658c_H_2_12"><From SequenceNumber="13"><StopPointRef>490006735N</StopPointRef><TimingStatus>PTP</TimingStatus></From><To SequenceNumber="14"><StopPointRef>490014351P</StopPointRef><TimingStatus>PTP</TimingStatus></To><RunTime>PT48S</RunTime></JourneyPatternTimingLink><JourneyPatternTimingLink id="JPL_59658c_H_2_13"><From SequenceNumber="14"><StopPointRef>490014351P</StopPointRef><TimingStatus>PTP</TimingStatus></From><To SequenceNumber="15"><StopPointRef>490011803G</StopPointRef><TimingStatus>PTP</TimingStatus></To><RunTime>PT90S</RunTime></JourneyPatternTimingLink><JourneyPatternTimingLink id="JPL_59658c_H_2_14"><From SequenceNumber="15"><StopPointRef>490011803G</StopPointRef><TimingStatus>PTP</TimingStatus></From><To SequenceNumber="16"><StopPointRef>490001318B</StopPointRef><TimingStatus>PTP</TimingStatus></To><RunTime>PT90S</RunTime></JourneyPatternTimingLink><JourneyPatternTimingLink id="JPL_59658c_H_2_15"><From SequenceNumber="16"><StopPointRef>490001318B</StopPointRef><TimingStatus>PTP</TimingStatus></From><To SequenceNumber="17"><StopPointRef>490004602N</StopPointRef><TimingStatus>PTP</TimingStatus></To><RunTime>PT54S</RunTime></JourneyPatternTimingLink><JourneyPatternTimingLink id="JPL_59658c_H_2_16"><From SequenceNumber="17"><StopPointRef>490004602N</StopPointRef><TimingStatus>PTP</TimingStatus></From><To SequenceNumber="18"><StopPointRef>490010941N</StopPointRef><TimingStatus>PTP</TimingStatus></To><RunTime>PT54S</RunTime></JourneyPatternTimingLink><JourneyPatternTimingLink id="JPL_59658c_H_2_17"><From SequenceNumber="18"><StopPointRef>490010941N</StopPointRef><TimingStatus>PTP</TimingStatus></From><To SequenceNumber="19"><StopPointRef>490005053N</StopPointRef><TimingStatus>PTP</TimingStatus></To><RunTime>PT54S</RunTime></JourneyPatternTimingLink><JourneyPatternTimingLink id="JPL_59658c_H_2_18"><From SequenceNumber="19"><StopPointRef>490005053N</StopPointRef><TimingStatus>PTP</TimingStatus></From><To SequenceNumber="20"><StopPointRef>490013375N</StopPointRef><TimingStatus>PTP</TimingStatus></To><RunTime>PT54S</RunTime></JourneyPatternTimingLink><JourneyPatternTimingLink id="JPL_59658c_H_2_19"><From SequenceNumber="20"><StopPointRef>490013375N</StopPointRef><TimingStatus>PTP</TimingStatus></From><To SequenceNumber="21"><StopPointRef>490013627N</StopPointRef><TimingStatus>PTP</TimingStatus></To><RunTime>PT54S</RunTime></JourneyPatternTimingLink><JourneyPatternTimingLink id="JPL_59658c_H_2_20"><From SequenceNumber="21"><StopPointRef>490013627N</StopPointRef><TimingStatus>PTP</TimingStatus></From><To SequenceNumber="22"><StopPointRef>490008773N</StopPointRef><TimingStatus>PTP</TimingStatus></To><RunTime>PT54S</RunTime></JourneyPatternTimingLink><JourneyPatternTimingLink id="JPL_59658c_H_2_21"><From SequenceNumber="22"><StopPointRef>490008773N</StopPointRef><TimingStatus>PTP</TimingStatus></From><To SequenceNumber="23"><StopPointRef>490003672N</StopPointRef><TimingStatus>PTP</TimingStatus></To><RunTime>PT54S</RunTime></JourneyPatternTimingLink><JourneyPatternTimingLink id="JPL_59658c_H_2_22"><From SequenceNumber="23"><StopPointRef>490003672N</StopPointRef><TimingStatus>PTP</TimingStatus></From><To SequenceNumber="24"><StopPointRef>490013607W</StopPointRef><TimingStatus>PTP</TimingStatus></To><RunTime>PT54S</RunTime></JourneyPatternTimingLink><JourneyPatternTimingLink id="JPL_59658c_H_2_23"><From SequenceNumber="24"><StopPointRef>490013607W</StopPointRef><TimingStatus>PTP</TimingStatus></From><To SequenceNumber="25"><StopPointRef>490011072W</StopPointRef><TimingStatus>PTP</TimingStatus></To><RunTime>PT54S</RunTime></JourneyPatternTimingLink><JourneyPatternTimingLink id="JPL_59658c_H_2_24"><From SequenceNumber="25"><StopPointRef>490011072W</StopPointRef><TimingStatus>PTP</TimingStatus></From><To SequenceNumber="26"><StopPointRef>490011073W</StopPointRef><TimingStatus>PTP</TimingStatus></To><RunTime>PT54S</RunTime></JourneyPatternTimingLink><JourneyPatternTimingLink id="JPL_59658c_H_2_25"><From SequenceNumber="26"><StopPointRef>490011073W</StopPointRef><TimingStatus>PTP</TimingStatus></From><To SequenceNumber="27"><StopPointRef>490008853W</StopPointRef><TimingStatus>PTP</TimingStatus></To><RunTime>PT84S</RunTime></JourneyPatternTimingLink><JourneyPatternTimingLink id="JPL_59658c_H_2_26"><From SequenceNumber="27"><StopPointRef>490008853W</StopPointRef><TimingStatus>PTP</TimingStatus></From><To SequenceNumber="28"><StopPointRef>490013801W</StopPointRef><TimingStatus>PTP</TimingStatus></To><RunTime>PT84S</RunTime></JourneyPatternTimingLink><JourneyPatternTimingLink id="JPL_59658c_H_2_27"><From SequenceNumber="28"><StopPointRef>490013801W</StopPointRef><TimingStatus>PTP</TimingStatus></From><To SequenceNumber="29"><StopPointRef>490008079W</StopPointRef><TimingStatus>PTP</TimingStatus></To><RunTime>PT84S</RunTime></JourneyPatternTimingLink><JourneyPatternTimingLink id="JPL_59658c_H_2_28"><From SequenceNumber="29"><StopPointRef>490008079W</StopPointRef><TimingStatus>PTP</TimingStatus></From><To SequenceNumber="30"><StopPointRef>490007000N</StopPointRef><TimingStatus>PTP</TimingStatus></To><RunTime>PT84S</RunTime></JourneyPatternTimingLink><JourneyPatternTimingLink id="JPL_59658c_H_2_29"><From SequenceNumber="30"><StopPointRef>490007000N</StopPointRef><TimingStatus>PTP</TimingStatus></From><To SequenceNumber="31"><StopPointRef>490005742E</StopPointRef><TimingStatus>PTP</TimingStatus></To><RunTime>PT84S</RunTime></JourneyPatternTimingLink><JourneyPatternTimingLink id="JPL_59658c_H_2_30"><From SequenceNumber="31"><StopPointRef>490005742E</StopPointRef><TimingStatus>PTP</TimingStatus></From><To SequenceNumber="32"><StopPointRef>490004624N1</StopPointRef><TimingStatus>PTP</TimingStatus></To><RunTime>PT84S</RunTime></JourneyPatternTimingLink><JourneyPatternTimingLink id="JPL_59658c_H_2_31"><From SequenceNumber="32"><StopPointRef>490004624N1</StopPointRef><TimingStatus>PTP</TimingStatus></From><To SequenceNumber="33"><StopPointRef>490003917D</StopPointRef><TimingStatus>PTP</TimingStatus></To><RunTime>PT96S</RunTime></JourneyPatternTimingLink></JourneyPatternSection><JourneyPatternSection id="JPS_59658c_R_1"><JourneyPatternTimingLink id="JPL_59658c_R_1_0"><From SequenceNumber="1"><StopPointRef>490001344S</StopPointRef><TimingStatus>PTP</TimingStatus></From><To SequenceNumber="2"><StopPointRef>490001344G</StopPointRef><TimingStatus>PTP</TimingStatus></To><RunTime>PT48S</RunTime></JourneyPatternTimingLink><JourneyPatternTimingLink id="JPL_59658c_R_1_1"><From SequenceNumber="2"><StopPointRef>490001344G</StopPointRef><TimingStatus>PTP</TimingStatus></From><To SequenceNumber="3"><StopPointRef>490005742S</StopPointRef><TimingStatus>PTP</TimingStatus></To><RunTime>PT48S</RunTime></JourneyPatternTimingLink><JourneyPatternTimingLink id="JPL_59658c_R_1_2"><From SequenceNumber="3"><StopPointRef>490005742S</StopPointRef><TimingStatus>PTP</TimingStatus></From><To SequenceNumber="4"><StopPointRef>490007000S</StopPointRef><TimingStatus>PTP</TimingStatus></To><RunTime>PT48S</RunTime></JourneyPatternTimingLink><JourneyPatternTimingLink id="JPL_59658c_R_1_3"><From SequenceNumber="4"><StopPointRef>490007000S</StopPointRef><TimingStatus>PTP</TimingStatus></From><To SequenceNumber="5"><StopPointRef>490015577S</StopPointRef><TimingStatus>PTP</TimingStatus></To><RunTime>PT48S</RunTime></JourneyPatternTimingLink><JourneyPatternTimingLink id="JPL_59658c_R_1_4"><From SequenceNumber="5"><StopPointRef>490015577S</StopPointRef><TimingStatus>PTP</TimingStatus></From><To SequenceNumber="6"><StopPointRef>490013801E</StopPointRef><TimingStatus>PTP</TimingStatus></To><RunTime>PT48S</RunTime></JourneyPatternTimingLink><JourneyPatternTimingLink id="JPL_59658c_R_1_5"><From SequenceNumber="6"><StopPointRef>490013801E</StopPointRef><TimingStatus>PTP</TimingStatus></From><To SequenceNumber="7"><StopPointRef>490004098E</StopPointRef><TimingStatus>PTP</TimingStatus></To><RunTime>PT48S</RunTime></JourneyPatternTimingLink><JourneyPatternTimingLink id="JPL_59658c_R_1_6"><From SequenceNumber="7"><StopPointRef>490004098E</StopPointRef><TimingStatus>PTP</TimingStatus></From><To SequenceNumber="8"><StopPointRef>490011073E2</StopPointRef><TimingStatus>PTP</TimingStatus></To><RunTime>PT72S</RunTime></JourneyPatternTimingLink><JourneyPatternTimingLink id="JPL_59658c_R_1_7"><From SequenceNumber="8"><StopPointRef>490011073E2</StopPointRef><TimingStatus>PTP</TimingStatus></From><To SequenceNumber="9"><StopPointRef>490011072E</StopPointRef><TimingStatus>PTP</TimingStatus></To><RunTime>PT72S</RunTime></JourneyPatternTimingLink><JourneyPatternTimingLink id="JPL_59658c_R_1_8"><From SequenceNumber="9"><StopPointRef>490011072E</StopPointRef><TimingStatus>PTP</TimingStatus></From><To SequenceNumber="10"><StopPointRef>490013607E</StopPointRef><TimingStatus>PTP</TimingStatus></To><RunTime>PT72S</RunTime></JourneyPatternTimingLink><JourneyPatternTimingLink id="JPL_59658c_R_1_9"><From SequenceNumber="10"><StopPointRef>490013607E</StopPointRef><TimingStatus>PTP</TimingStatus></From><To SequenceNumber="11"><StopPointRef>490009795E</StopPointRef><TimingStatus>PTP</TimingStatus></To><RunTime>PT72S</RunTime></JourneyPatternTimingLink><JourneyPatternTimingLink id="JPL_59658c_R_1_10"><From SequenceNumber="11"><StopPointRef>490009795E</StopPointRef><TimingStatus>PTP</TimingStatus></From><To SequenceNumber="12"><StopPointRef>490008773S</StopPointRef><TimingStatus>PTP</TimingStatus></To><RunTime>PT72S</RunTime></JourneyPatternTimingLink><JourneyPatternTimingLink id="JPL_59658c_R_1_11"><From SequenceNumber="12"><StopPointRef>490008773S</StopPointRef><TimingStatus>PTP</TimingStatus></From><To SequenceNumber="13"><StopPointRef>490013627S</StopPointRef><TimingStatus>PTP</TimingStatus></To><RunTime>PT72S</RunTime></JourneyPatternTimingLink><JourneyPatternTimingLink id="JPL_59658c_R_1_12"><From SequenceNumber="13"><StopPointRef>490013627S</StopPointRef><TimingStatus>PTP</TimingStatus></From><To SequenceNumber="14"><StopPointRef>490013375S</StopPointRef><TimingStatus>PTP</TimingStatus></To><RunTime>PT72S</RunTime></JourneyPatternTimingLink><JourneyPatternTimingLink id="JPL_59658c_R_1_13"><From SequenceNumber="14"><StopPointRef>490013375S</StopPointRef><TimingStatus>PTP</TimingStatus></From><To SequenceNumber="15"><StopPointRef>490005053S</StopPointRef><TimingStatus>PTP</TimingStatus></To><RunTime>PT72S</RunTime></JourneyPatternTimingLink><JourneyPatternTimingLink id="JPL_59658c_R_1_14"><From SequenceNumber="15"><StopPointRef>490005053S</StopPointRef><TimingStatus>PTP</TimingStatus></From><To SequenceNumber="16"><StopPointRef>490014655E</StopPointRef><TimingStatus>PTP</TimingStatus></To><RunTime>PT72S</RunTime></JourneyPatternTimingLink><JourneyPatternTimingLink id="JPL_59658c_R_1_15"><From SequenceNumber="16"><StopPointRef>490014655E</StopPointRef><TimingStatus>PTP</TimingStatus></From><To SequenceNumber="17"><StopPointRef>490004602S</StopPointRef><TimingStatus>PTP</TimingStatus></To><RunTime>PT72S</RunTime></JourneyPatternTimingLink><JourneyPatternTimingLink id="JPL_59658c_R_1_16"><From SequenceNumber="17"><StopPointRef>490004602S</StopPointRef><TimingStatus>PTP</TimingStatus></From><To SequenceNumber="18"><StopPointRef>490001318A</StopPointRef><TimingStatus>PTP</TimingStatus></To><RunTime>PT72S</RunTime></JourneyPatternTimingLink><JourneyPatternTimingLink id="JPL_59658c_R_1_17"><From SequenceNumber="18"><StopPointRef>490001318A</StopPointRef><TimingStatus>PTP</TimingStatus></From><To SequenceNumber="19"><StopPointRef>490006018H</StopPointRef><TimingStatus>PTP</TimingStatus></To><RunTime>PT300S</RunTime></JourneyPatternTimingLink><JourneyPatternTimingLink id="JPL_59658c_R_1_18"><From SequenceNumber="19"><StopPointRef>490006018H</StopPointRef><TimingStatus>PTP</TimingStatus></From><To SequenceNumber="20"><StopPointRef>490014351L</StopPointRef><TimingStatus>PTP</TimingStatus></To><RunTime>PT36S</RunTime></JourneyPatternTimingLink><JourneyPatternTimingLink id="JPL_59658c_R_1_19"><From SequenceNumber="20"><StopPointRef>490014351L</StopPointRef><TimingStatus>PTP</TimingStatus></From><To SequenceNumber="21"><StopPointRef>490006735S</StopPointRef><TimingStatus>PTP</TimingStatus></To><RunTime>PT36S</RunTime></JourneyPatternTimingLink><JourneyPatternTimingLink id="JPL_59658c_R_1_20"><From SequenceNumber="21"><StopPointRef>490006735S</StopPointRef><TimingStatus>PTP</TimingStatus></From><To SequenceNumber="22"><StopPointRef>490015011S</StopPointRef><TimingStatus>PTP</TimingStatus></To><RunTime>PT36S</RunTime></JourneyPatternTimingLink><JourneyPatternTimingLink id="JPL_59658c_R_1_21"><From SequenceNumber="22"><StopPointRef>490015011S</StopPointRef><TimingStatus>PTP</TimingStatus></From><To SequenceNumber="23"><StopPointRef>490014537W</StopPointRef><TimingStatus>PTP</TimingStatus></To><RunTime>PT36S</RunTime></JourneyPatternTimingLink><JourneyPatternTimingLink id="JPL_59658c_R_1_22"><From SequenceNumber="23"><StopPointRef>490014537W</StopPointRef><TimingStatus>PTP</TimingStatus></From><To SequenceNumber="24"><StopPointRef>490006725W</StopPointRef><TimingStatus>PTP</TimingStatus></To><RunTime>PT36S</RunTime></JourneyPatternTimingLink><JourneyPatternTimingLink id="JPL_59658c_R_1_23"><From SequenceNumber="24"><StopPointRef>490006725W</StopPointRef><TimingStatus>PTP</TimingStatus></From><To SequenceNumber="25"><StopPointRef>490004552S</StopPointRef><TimingStatus>PTP</TimingStatus></To><RunTime>PT42S</RunTime></JourneyPatternTimingLink><JourneyPatternTimingLink id="JPL_59658c_R_1_24"><From SequenceNumber="25"><StopPointRef>490004552S</StopPointRef><TimingStatus>PTP</TimingStatus></From><To SequenceNumber="26"><StopPointRef>490010410N</StopPointRef><TimingStatus>PTP</TimingStatus></To><RunTime>PT42S</RunTime></JourneyPatternTimingLink><JourneyPatternTimingLink id="JPL_59658c_R_1_25"><From SequenceNumber="26"><StopPointRef>490010410N</StopPointRef><TimingStatus>PTP</TimingStatus></From><To SequenceNumber="27"><StopPointRef>490009882W</StopPointRef><TimingStatus>PTP</TimingStatus></To><RunTime>PT42S</RunTime></JourneyPatternTimingLink><JourneyPatternTimingLink id="JPL_59658c_R_1_26"><From SequenceNumber="27"><StopPointRef>490009882W</StopPointRef><TimingStatus>PTP</TimingStatus></From><To SequenceNumber="28"><StopPointRef>490001105A</StopPointRef><TimingStatus>PTP</TimingStatus></To><RunTime>PT54S</RunTime></JourneyPatternTimingLink><JourneyPatternTimingLink id="JPL_59658c_R_1_27"><From SequenceNumber="28"><StopPointRef>490001105A</StopPointRef><TimingStatus>PTP</TimingStatus></From><To SequenceNumber="29"><StopPointRef>490006536S</StopPointRef><TimingStatus>PTP</TimingStatus></To><RunTime>PT90S</RunTime></JourneyPatternTimingLink><JourneyPatternTimingLink id="JPL_59658c_R_1_28"><From SequenceNumber="29"><StopPointRef>490006536S</StopPointRef><TimingStatus>PTP</TimingStatus></From><To SequenceNumber="30"><StopPointRef>490005846S</StopPointRef><TimingStatus>PTP</TimingStatus></To><RunTime>PT90S</RunTime></JourneyPatternTimingLink></JourneyPatternSection><JourneyPatternSection id="JPS_59658c_R_3"><JourneyPatternTimingLink id="JPL_59658c_R_3_0"><From SequenceNumber="19"><StopPointRef>490006018H</StopPointRef><TimingStatus>PTP</TimingStatus></From><To SequenceNumber="20"><StopPointRef>490014351L</StopPointRef><TimingStatus>PTP</TimingStatus></To><RunTime>PT36S</RunTime></JourneyPatternTimingLink><JourneyPatternTimingLink id="JPL_59658c_R_3_1"><From SequenceNumber="20"><StopPointRef>490014351L</StopPointRef><TimingStatus>PTP</TimingStatus></From><To SequenceNumber="21"><StopPointRef>490006735S</StopPointRef><TimingStatus>PTP</TimingStatus></To><RunTime>PT36S</RunTime></JourneyPatternTimingLink><JourneyPatternTimingLink id="JPL_59658c_R_3_2"><From SequenceNumber="21"><StopPointRef>490006735S</StopPointRef><TimingStatus>PTP</TimingStatus></From><To SequenceNumber="22"><StopPointRef>490015011S</StopPointRef><TimingStatus>PTP</TimingStatus></To><RunTime>PT36S</RunTime></JourneyPatternTimingLink><JourneyPatternTimingLink id="JPL_59658c_R_3_3"><From SequenceNumber="22"><StopPointRef>490015011S</StopPointRef><TimingStatus>PTP</TimingStatus></From><To SequenceNumber="23"><StopPointRef>490014537W</StopPointRef><TimingStatus>PTP</TimingStatus></To><RunTime>PT36S</RunTime></JourneyPatternTimingLink><JourneyPatternTimingLink id="JPL_59658c_R_3_4"><From SequenceNumber="23"><StopPointRef>490014537W</StopPointRef><TimingStatus>PTP</TimingStatus></From><To SequenceNumber="24"><StopPointRef>490006725W</StopPointRef><TimingStatus>PTP</TimingStatus></To><RunTime>PT36S</RunTime></JourneyPatternTimingLink><JourneyPatternTimingLink id="JPL_59658c_R_3_5"><From SequenceNumber="24"><StopPointRef>490006725W</StopPointRef><TimingStatus>PTP</TimingStatus></From><To SequenceNumber="25"><StopPointRef>490004552S</StopPointRef><TimingStatus>PTP</TimingStatus></To><RunTime>PT42S</RunTime></JourneyPatternTimingLink><JourneyPatternTimingLink id="JPL_59658c_R_3_6"><From SequenceNumber="25"><StopPointRef>490004552S</StopPointRef><TimingStatus>PTP</TimingStatus></From><To SequenceNumber="26"><StopPointRef>490010410N</StopPointRef><TimingStatus>PTP</TimingStatus></To><RunTime>PT42S</RunTime></JourneyPatternTimingLink><JourneyPatternTimingLink id="JPL_59658c_R_3_7"><From SequenceNumber="26"><StopPointRef>490010410N</StopPointRef><TimingStatus>PTP</TimingStatus></From><To SequenceNumber="27"><StopPointRef>490009882W</StopPointRef><TimingStatus>PTP</TimingStatus></To><RunTime>PT42S</RunTime></JourneyPatternTimingLink><JourneyPatternTimingLink id="JPL_59658c_R_3_8"><From SequenceNumber="27"><StopPointRef>490009882W</StopPointRef><TimingStatus>PTP</TimingStatus></From><To SequenceNumber="28"><StopPointRef>490001105A</StopPointRef><TimingStatus>PTP</TimingStatus></To><RunTime>PT54S</RunTime></JourneyPatternTimingLink><JourneyPatternTimingLink id="JPL_59658c_R_3_9"><From SequenceNumber="28"><StopPointRef>490001105A</StopPointRef><TimingStatus>PTP</TimingStatus></From><To SequenceNumber="29"><StopPointRef>490006536S</StopPointRef><TimingStatus>PTP</TimingStatus></To><RunTime>PT90S</RunTime></JourneyPatternTimingLink><JourneyPatternTimingLink id="JPL_59658c_R_3_10"><From SequenceNumber="29"><StopPointRef>490006536S</StopPointRef><TimingStatus>PTP</TimingStatus></From><To SequenceNumber="30"><StopPointRef>490005846S</StopPointRef><TimingStatus>PTP</TimingStatus></To><RunTime>PT90S</RunTime></JourneyPatternTimingLink></JourneyPatternSection></JourneyPatternSections><Operators><Operator id="OId_SK"><OperatorCode>SK</OperatorCode><OperatorShortName>SK</OperatorShortName><OperatorNameOnLicence>SK</OperatorNameOnLicence><TradingName>SK</TradingName></Operator></Operators><Services><Service><ServiceCode>SId_59658c0</ServiceCode><PrivateCode>59658c0</PrivateCode><Lines><Line id="LId_59658c0"><LineName>658</LineName></Line></Lines><OperatingPeriod><StartDate>2009-12-01</StartDate><EndDate>2010-12-23</EndDate></OperatingPeriod><OperatingProfile><RegularDayType>
					<DaysOfWeek>
						<MondayToFriday/>
					</DaysOfWeek>
				</RegularDayType>
				<BankHolidayOperation><DaysOfNonOperation><AllBankHolidays></AllBankHolidays></DaysOfNonOperation></BankHolidayOperation></OperatingProfile><RegisteredOperatorRef>OId_SK</RegisteredOperatorRef><StopRequirements><NoNewStopsRequired/></StopRequirements><StandardService><Origin>Bexley Road/Crown Woods School</Origin><Destination>Beresford Sq /Woolwich Arsenal</Destination><JourneyPattern id="JP_59658c_H0_2"><Direction>outbound</Direction><Operational><VehicleType><VehicleTypeCode>08</VehicleTypeCode><Description>Double Decker Low Floor+Wheelchair</Description></VehicleType></Operational><RouteRef>R_59658c_H_1</RouteRef><JourneyPatternSectionRefs>JPS_59658c_H_2</JourneyPatternSectionRefs></JourneyPattern><JourneyPattern id="JP_59658c_R0_1"><Direction>inbound</Direction><Operational><VehicleType><VehicleTypeCode>08</VehicleTypeCode><Description>Double Decker Low Floor+Wheelchair</Description></VehicleType></Operational><RouteRef>R_59658c_R_2</RouteRef><JourneyPatternSectionRefs>JPS_59658c_R_1</JourneyPatternSectionRefs></JourneyPattern><JourneyPattern id="JP_59658c_R0_3"><Direction>inbound</Direction><Operational><VehicleType><VehicleTypeCode>08</VehicleTypeCode><Description>Double Decker Low Floor+Wheelchair</Description></VehicleType></Operational><RouteRef>R_59658c_R_3</RouteRef><JourneyPatternSectionRefs>JPS_59658c_R_3</JourneyPatternSectionRefs></JourneyPattern></StandardService></Service></Services><VehicleJourneys><VehicleJourney><PrivateCode>59658cc0H6580002</PrivateCode><Operational><VehicleType><VehicleTypeCode>08</VehicleTypeCode><Description>Double Decker Low Floor+Wheelchair</Description></VehicleType></Operational><OperatingProfile><RegularDayType>
					<DaysOfWeek>
						<MondayToFriday/>
					</DaysOfWeek>
				</RegularDayType>
			</OperatingProfile><VehicleJourneyCode>59658cc0H6580002</VehicleJourneyCode><ServiceRef>SId_59658c0</ServiceRef><LineRef>LId_59658c0</LineRef><JourneyPatternRef>JP_59658c_H0_2</JourneyPatternRef><DepartureTime>14:55:00</DepartureTime></VehicleJourney><VehicleJourney><PrivateCode>59658cc0H6580004</PrivateCode><Operational><VehicleType><VehicleTypeCode>08</VehicleTypeCode><Description>Double Decker Low Floor+Wheelchair</Description></VehicleType></Operational><OperatingProfile><RegularDayType>
					<DaysOfWeek>
						<MondayToFriday/>
					</DaysOfWeek>
				</RegularDayType>
			</OperatingProfile><VehicleJourneyCode>59658cc0H6580004</VehicleJourneyCode><ServiceRef>SId_59658c0</ServiceRef><LineRef>LId_59658c0</LineRef><JourneyPatternRef>JP_59658c_H0_2</JourneyPatternRef><DepartureTime>14:56:00</DepartureTime></VehicleJourney><VehicleJourney><PrivateCode>59658cc0H6580006</PrivateCode><Operational><VehicleType><VehicleTypeCode>08</VehicleTypeCode><Description>Double Decker Low Floor+Wheelchair</Description></VehicleType></Operational><OperatingProfile><RegularDayType>
					<DaysOfWeek>
						<MondayToFriday/>
					</DaysOfWeek>
				</RegularDayType>
			</OperatingProfile><VehicleJourneyCode>59658cc0H6580006</VehicleJourneyCode><ServiceRef>SId_59658c0</ServiceRef><LineRef>LId_59658c0</LineRef><JourneyPatternRef>JP_59658c_H0_2</JourneyPatternRef><DepartureTime>15:55:00</DepartureTime></VehicleJourney><VehicleJourney><PrivateCode>59658cc0R6580001</PrivateCode><Operational><VehicleType><VehicleTypeCode>08</VehicleTypeCode><Description>Double Decker Low Floor+Wheelchair</Description></VehicleType></Operational><OperatingProfile><RegularDayType>
					<DaysOfWeek>
						<MondayToFriday/>
					</DaysOfWeek>
				</RegularDayType>
			</OperatingProfile><VehicleJourneyCode>59658cc0R6580001</VehicleJourneyCode><ServiceRef>SId_59658c0</ServiceRef><LineRef>LId_59658c0</LineRef><JourneyPatternRef>JP_59658c_R0_3</JourneyPatternRef><DepartureTime>07:44:00</DepartureTime></VehicleJourney><VehicleJourney><PrivateCode>59658cc0R6580003</PrivateCode><Operational><VehicleType><VehicleTypeCode>08</VehicleTypeCode><Description>Double Decker Low Floor+Wheelchair</Description></VehicleType></Operational><OperatingProfile><RegularDayType>
					<DaysOfWeek>
						<MondayToFriday/>
					</DaysOfWeek>
				</RegularDayType>
			</OperatingProfile><VehicleJourneyCode>59658cc0R6580003</VehicleJourneyCode><ServiceRef>SId_59658c0</ServiceRef><LineRef>LId_59658c0</LineRef><JourneyPatternRef>JP_59658c_R0_1</JourneyPatternRef><DepartureTime>07:26:00</DepartureTime></VehicleJourney><VehicleJourney><PrivateCode>59658cc0R6580005</PrivateCode><Operational><VehicleType><VehicleTypeCode>08</VehicleTypeCode><Description>Double Decker Low Floor+Wheelchair</Description></VehicleType></Operational><OperatingProfile><RegularDayType>
					<DaysOfWeek>
						<MondayToFriday/>
					</DaysOfWeek>
				</RegularDayType>
			</OperatingProfile><VehicleJourneyCode>59658cc0R6580005</VehicleJourneyCode><ServiceRef>SId_59658c0</ServiceRef><LineRef>LId_59658c0</LineRef><JourneyPatternRef>JP_59658c_R0_1</JourneyPatternRef><DepartureTime>07:28:00</DepartureTime></VehicleJourney></VehicleJourneys></TransXChange>
