<?xml version="1.0" encoding="UTF-8"?>
<TransXChange CreationDateTime="2010-10-28T09:18:12" ModificationDateTime="2010-10-28T09:18:12" Modification="new" FileName="G:\mentzdv\Datastore\output_txc_54965c.xml" RevisionNumber="0" SchemaVersion="2.1" xmlns:xsi="http://www.w3.org/2001/XMLSchema-instance" xsi:schemaLocation="http://www.transxchange.org.uk/ http://www.transxchange.org.uk/schema/2.1/TransXChange_general.xsd" xmlns="http://www.transxchange.org.uk/" xmlns:n1="http://www.transxchange.org.uk/" xmlns:n2="http://www.govtalk.gov.uk/people/AddressAndPersonalDetails" xmlns:n3="http://www.govtalk.gov.uk/core" xmlns:n4="http://www.govtalk.gov.uk/people/bs7666"><StopPoints><AnnotatedStopPointRef><StopPointRef>490011598S</StopPointRef><CommonName>Riverhill</CommonName><Indicator>stop S</Indicator><LocalityName>Old Malden</LocalityName><LocalityQualifier>Greater London</LocalityQualifier></AnnotatedStopPointRef><AnnotatedStopPointRef><StopPointRef>490001295A</StopPointRef><CommonName>Tolworth</CommonName><Indicator>stop A</Indicator><LocalityName>Tolworth</LocalityName><LocalityQualifier>Greater London</LocalityQualifier></AnnotatedStopPointRef><AnnotatedStopPointRef><StopPointRef>490013697G</StopPointRef><CommonName>Tolworth Broadway F G</CommonName><Indicator>stop G</Indicator><LocalityName>Tolworth</LocalityName><LocalityQualifier>Greater London</LocalityQualifier></AnnotatedStopPointRef><AnnotatedStopPointRef><StopPointRef>490011205L</StopPointRef><CommonName>Princes Avenue / Ewell Road</CommonName><Indicator>stop L</Indicator><LocalityName>Tolworth</LocalityName><LocalityQualifier>Greater London</LocalityQualifier></AnnotatedStopPointRef><AnnotatedStopPointRef><StopPointRef>490003932N</StopPointRef><CommonName>King Charles Drive  Berrylands</CommonName><Indicator>stop N</Indicator><LocalityName>Surbiton</LocalityName><LocalityQualifier>Greater London</LocalityQualifier></AnnotatedStopPointRef><AnnotatedStopPointRef><StopPointRef>490018237E</StopPointRef><CommonName>Howard Road (KT5)</CommonName><Indicator>stop ST</Indicator><LocalityName>Berrylands</LocalityName><LocalityQualifier>Greater London</LocalityQualifier></AnnotatedStopPointRef><AnnotatedStopPointRef><StopPointRef>490013038N</StopPointRef><CommonName>Surbiton Telephone Exchange</CommonName><Indicator>stop SL</Indicator><LocalityName>Surbiton</LocalityName><LocalityQualifier>Greater London</LocalityQualifier></AnnotatedStopPointRef><AnnotatedStopPointRef><StopPointRef>490004603N</StopPointRef><CommonName>Burney Avenue</CommonName><Indicator>stop N</Indicator><LocalityName>Berrylands</LocalityName><LocalityQualifier>Greater London</LocalityQualifier></AnnotatedStopPointRef><AnnotatedStopPointRef><StopPointRef>490009421N</StopPointRef><CommonName>Lower Marsh Lane (KT1)</CommonName><Indicator>stop N</Indicator><LocalityName>Berrylands</LocalityName><LocalityQualifier>Greater London</LocalityQualifier></AnnotatedStopPointRef><AnnotatedStopPointRef><StopPointRef>490011131W</StopPointRef><CommonName>Hugh Herland House</CommonName><Indicator>stop W</Indicator><LocalityName>Kingston Upon Thames (London)</LocalityName><LocalityQualifier>Greater London</LocalityQualifier></AnnotatedStopPointRef><AnnotatedStopPointRef><StopPointRef>490005498N</StopPointRef><CommonName>College Roundabout (KT1)</CommonName><Indicator>stop UJ</Indicator><LocalityName>Kingston Upon Thames (London)</LocalityName><LocalityQualifier>Greater London</LocalityQualifier></AnnotatedStopPointRef><AnnotatedStopPointRef><StopPointRef>490004478G</StopPointRef><CommonName>Brook Street (KT1)</CommonName><Indicator>stop G</Indicator><LocalityName>Kingston Upon Thames (London)</LocalityName><LocalityQualifier>Greater London</LocalityQualifier></AnnotatedStopPointRef><AnnotatedStopPointRef><StopPointRef>490006412E3</StopPointRef><CommonName>Eden Street (KT1)</CommonName><Indicator>stop E3</Indicator><LocalityName>Kingston Upon Thames (London)</LocalityName><LocalityQualifier>Greater London</LocalityQualifier></AnnotatedStopPointRef><AnnotatedStopPointRef><StopPointRef>490001173T</StopPointRef><CommonName>Kingston</CommonName><Indicator>stop T</Indicator><LocalityName>Kingston Upon Thames (London)</LocalityName><LocalityQualifier>Greater London</LocalityQualifier></AnnotatedStopPointRef><AnnotatedStopPointRef><StopPointRef>490018639E</StopPointRef><CommonName>Sury Basin</CommonName><Indicator>stop E</Indicator><LocalityName>Kingston Upon Thames (London)</LocalityName><LocalityQualifier>Greater London</LocalityQualifier></AnnotatedStopPointRef><AnnotatedStopPointRef><StopPointRef>490001173V</StopPointRef><CommonName>Kingston</CommonName><Indicator>stop V</Indicator><LocalityName>Kingston Upon Thames (London)</LocalityName><LocalityQualifier>Greater London</LocalityQualifier></AnnotatedStopPointRef><AnnotatedStopPointRef><StopPointRef>490005800A3</StopPointRef><CommonName>Cromwell Road Bus Station</CommonName><Indicator>stop A3</Indicator><LocalityName>Kingston Upon Thames (London)</LocalityName><LocalityQualifier>Greater London</LocalityQualifier></AnnotatedStopPointRef><AnnotatedStopPointRef><StopPointRef>490006412D2</StopPointRef><CommonName>Eden Street (KT1)</CommonName><Indicator>stop D2</Indicator><LocalityName>Kingston Upon Thames (London)</LocalityName><LocalityQualifier>Greater London</LocalityQualifier></AnnotatedStopPointRef><AnnotatedStopPointRef><StopPointRef>490004478F</StopPointRef><CommonName>Brook Street (KT1)</CommonName><Indicator>stop F</Indicator><LocalityName>Kingston Upon Thames (London)</LocalityName><LocalityQualifier>Greater London</LocalityQualifier></AnnotatedStopPointRef><AnnotatedStopPointRef><StopPointRef>490011131E</StopPointRef><CommonName>Hugh Herland House</CommonName><Indicator>stop E</Indicator><LocalityName>Kingston Upon Thames (London)</LocalityName><LocalityQualifier>Greater London</LocalityQualifier></AnnotatedStopPointRef><AnnotatedStopPointRef><StopPointRef>490009421S</StopPointRef><CommonName>Lower Marsh Lane (KT1)</CommonName><Indicator>stop S</Indicator><LocalityName>Berrylands</LocalityName><LocalityQualifier>Greater London</LocalityQualifier></AnnotatedStopPointRef><AnnotatedStopPointRef><StopPointRef>490004603S</StopPointRef><CommonName>Burney Avenue</CommonName><Indicator>stop S</Indicator><LocalityName>Berrylands</LocalityName><LocalityQualifier>Greater London</LocalityQualifier></AnnotatedStopPointRef><AnnotatedStopPointRef><StopPointRef>490013038S</StopPointRef><CommonName>Surbiton Telephone Exchange</CommonName><Indicator>stop SM</Indicator><LocalityName>Surbiton</LocalityName><LocalityQualifier>Greater London</LocalityQualifier></AnnotatedStopPointRef><AnnotatedStopPointRef><StopPointRef>490003932E</StopPointRef><CommonName>Berrylands Road (KT5)</CommonName><Indicator>stop SQ</Indicator><LocalityName>Surbiton</LocalityName><LocalityQualifier>Greater London</LocalityQualifier></AnnotatedStopPointRef><AnnotatedStopPointRef><StopPointRef>490003932S</StopPointRef><CommonName>King Charles Drive  Berrylands</CommonName><Indicator>stop S</Indicator><LocalityName>Surbiton</LocalityName><LocalityQualifier>Greater London</LocalityQualifier></AnnotatedStopPointRef><AnnotatedStopPointRef><StopPointRef>490011205E</StopPointRef><CommonName>Princes Avenue / Ewell Road</CommonName><Indicator>stop J</Indicator><LocalityName>Tolworth</LocalityName><LocalityQualifier>Greater London</LocalityQualifier></AnnotatedStopPointRef><AnnotatedStopPointRef><StopPointRef>490013697F</StopPointRef><CommonName>Tolworth Broadway F G</CommonName><Indicator>stop F</Indicator><LocalityName>Tolworth</LocalityName><LocalityQualifier>Greater London</LocalityQualifier></AnnotatedStopPointRef><AnnotatedStopPointRef><StopPointRef>490001295B</StopPointRef><CommonName>Tolworth</CommonName><Indicator>stop B</Indicator><LocalityName>Tolworth</LocalityName><LocalityQualifier>Greater London</LocalityQualifier></AnnotatedStopPointRef></StopPoints><RouteSections><RouteSection id="RS_54965c_H_1"><RouteLink id="RL_RS_54965c_H_1_0"><From><StopPointRef>490011598S</StopPointRef></From><To><StopPointRef>490001295A</StopPointRef></To><Direction>outbound</Direction></RouteLink><RouteLink id="RL_RS_54965c_H_1_1"><From><StopPointRef>490001295A</StopPointRef></From><To><StopPointRef>490013697G</StopPointRef></To><Direction>outbound</Direction></RouteLink><RouteLink id="RL_RS_54965c_H_1_2"><From><StopPointRef>490013697G</StopPointRef></From><To><StopPointRef>490011205L</StopPointRef></To><Direction>outbound</Direction></RouteLink><RouteLink id="RL_RS_54965c_H_1_3"><From><StopPointRef>490011205L</StopPointRef></From><To><StopPointRef>490003932N</StopPointRef></To><Direction>outbound</Direction></RouteLink><RouteLink id="RL_RS_54965c_H_1_4"><From><StopPointRef>490003932N</StopPointRef></From><To><StopPointRef>490018237E</StopPointRef></To><Direction>outbound</Direction></RouteLink><RouteLink id="RL_RS_54965c_H_1_5"><From><StopPointRef>490018237E</StopPointRef></From><To><StopPointRef>490013038N</StopPointRef></To><Direction>outbound</Direction></RouteLink><RouteLink id="RL_RS_54965c_H_1_6"><From><StopPointRef>490013038N</StopPointRef></From><To><StopPointRef>490004603N</StopPointRef></To><Direction>outbound</Direction></RouteLink><RouteLink id="RL_RS_54965c_H_1_7"><From><StopPointRef>490004603N</StopPointRef></From><To><StopPointRef>490009421N</StopPointRef></To><Direction>outbound</Direction></RouteLink><RouteLink id="RL_RS_54965c_H_1_8"><From><StopPointRef>490009421N</StopPointRef></From><To><StopPointRef>490011131W</StopPointRef></To><Direction>outbound</Direction></RouteLink><RouteLink id="RL_RS_54965c_H_1_9"><From><StopPointRef>490011131W</StopPointRef></From><To><StopPointRef>490005498N</StopPointRef></To><Direction>outbound</Direction></RouteLink><RouteLink id="RL_RS_54965c_H_1_10"><From><StopPointRef>490005498N</StopPointRef></From><To><StopPointRef>490004478G</StopPointRef></To><Direction>outbound</Direction></RouteLink><RouteLink id="RL_RS_54965c_H_1_11"><From><StopPointRef>490004478G</StopPointRef></From><To><StopPointRef>490006412E3</StopPointRef></To><Direction>outbound</Direction></RouteLink><RouteLink id="RL_RS_54965c_H_1_12"><From><StopPointRef>490006412E3</StopPointRef></From><To><StopPointRef>490001173T</StopPointRef></To><Direction>outbound</Direction></RouteLink><RouteLink id="RL_RS_54965c_H_1_13"><From><StopPointRef>490001173T</StopPointRef></From><To><StopPointRef>490018639E</StopPointRef></To><Direction>outbound</Direction></RouteLink></RouteSection><RouteSection id="RS_54965c_R_2"><RouteLink id="RL_RS_54965c_R_2_0"><From><StopPointRef>490018639E</StopPointRef></From><To><StopPointRef>490001173V</StopPointRef></To><Direction>inbound</Direction></RouteLink><RouteLink id="RL_RS_54965c_R_2_1"><From><StopPointRef>490001173V</StopPointRef></From><To><StopPointRef>490005800A3</StopPointRef></To><Direction>inbound</Direction></RouteLink><RouteLink id="RL_RS_54965c_R_2_2"><From><StopPointRef>490005800A3</StopPointRef></From><To><StopPointRef>490006412D2</StopPointRef></To><Direction>inbound</Direction></RouteLink><RouteLink id="RL_RS_54965c_R_2_3"><From><StopPointRef>490006412D2</StopPointRef></From><To><StopPointRef>490004478F</StopPointRef></To><Direction>inbound</Direction></RouteLink><RouteLink id="RL_RS_54965c_R_2_4"><From><StopPointRef>490004478F</StopPointRef></From><To><StopPointRef>490011131E</StopPointRef></To><Direction>inbound</Direction></RouteLink><RouteLink id="RL_RS_54965c_R_2_5"><From><StopPointRef>490011131E</StopPointRef></From><To><StopPointRef>490009421S</StopPointRef></To><Direction>inbound</Direction></RouteLink><RouteLink id="RL_RS_54965c_R_2_6"><From><StopPointRef>490009421S</StopPointRef></From><To><StopPointRef>490004603S</StopPointRef></To><Direction>inbound</Direction></RouteLink><RouteLink id="RL_RS_54965c_R_2_7"><From><StopPointRef>490004603S</StopPointRef></From><To><StopPointRef>490013038S</StopPointRef></To><Direction>inbound</Direction></RouteLink><RouteLink id="RL_RS_54965c_R_2_8"><From><StopPointRef>490013038S</StopPointRef></From><To><StopPointRef>490003932E</StopPointRef></To><Direction>inbound</Direction></RouteLink><RouteLink id="RL_RS_54965c_R_2_9"><From><StopPointRef>490003932E</StopPointRef></From><To><StopPointRef>490003932S</StopPointRef></To><Direction>inbound</Direction></RouteLink><RouteLink id="RL_RS_54965c_R_2_10"><From><StopPointRef>490003932S</StopPointRef></From><To><StopPointRef>490011205E</StopPointRef></To><Direction>inbound</Direction></RouteLink><RouteLink id="RL_RS_54965c_R_2_11"><From><StopPointRef>490011205E</StopPointRef></From><To><StopPointRef>490013697F</StopPointRef></To><Direction>inbound</Direction></RouteLink><RouteLink id="RL_RS_54965c_R_2_12"><From><StopPointRef>490013697F</StopPointRef></From><To><StopPointRef>490001295B</StopPointRef></To><Direction>inbound</Direction></RouteLink><RouteLink id="RL_RS_54965c_R_2_13"><From><StopPointRef>490001295B</StopPointRef></From><To><StopPointRef>490011598S</StopPointRef></To><Direction>inbound</Direction></RouteLink></RouteSection></RouteSections><Routes><Route id="R_54965c_H_1"><PrivateCode>R_54965c_H_1</PrivateCode><Description>Riverhill - Sury Basin</Description><RouteSectionRef>RS_54965c_H_1</RouteSectionRef></Route><Route id="R_54965c_R_2"><PrivateCode>R_54965c_R_2</PrivateCode><Description>Sury Basin - Riverhill</Description><RouteSectionRef>RS_54965c_R_2</RouteSectionRef></Route></Routes><JourneyPatternSections><JourneyPatternSection id="JPS_54965c_H_1"><JourneyPatternTimingLink id="JPL_54965c_H_1_0"><From SequenceNumber="1"><StopPointRef>490011598S</StopPointRef><TimingStatus>PTP</TimingStatus></From><To SequenceNumber="2"><StopPointRef>490001295A</StopPointRef><TimingStatus>PTP</TimingStatus></To><RunTime>PT360S</RunTime></JourneyPatternTimingLink><JourneyPatternTimingLink id="JPL_54965c_H_1_1"><From SequenceNumber="2"><StopPointRef>490001295A</StopPointRef><TimingStatus>PTP</TimingStatus></From><To SequenceNumber="3"><StopPointRef>490013697G</StopPointRef><TimingStatus>PTP</TimingStatus></To><RunTime>PT60S</RunTime></JourneyPatternTimingLink><JourneyPatternTimingLink id="JPL_54965c_H_1_2"><From SequenceNumber="3"><StopPointRef>490013697G</StopPointRef><TimingStatus>PTP</TimingStatus></From><To SequenceNumber="4"><StopPointRef>490011205L</StopPointRef><TimingStatus>PTP</TimingStatus></To><RunTime>PT60S</RunTime></JourneyPatternTimingLink><JourneyPatternTimingLink id="JPL_54965c_H_1_3"><From SequenceNumber="4"><StopPointRef>490011205L</StopPointRef><TimingStatus>PTP</TimingStatus></From><To SequenceNumber="5"><StopPointRef>490003932N</StopPointRef><TimingStatus>PTP</TimingStatus></To><RunTime>PT300S</RunTime></JourneyPatternTimingLink><JourneyPatternTimingLink id="JPL_54965c_H_1_4"><From SequenceNumber="5"><StopPointRef>490003932N</StopPointRef><TimingStatus>PTP</TimingStatus></From><To SequenceNumber="6"><StopPointRef>490018237E</StopPointRef><TimingStatus>PTP</TimingStatus></To><RunTime>PT102S</RunTime></JourneyPatternTimingLink><JourneyPatternTimingLink id="JPL_54965c_H_1_5"><From SequenceNumber="6"><StopPointRef>490018237E</StopPointRef><TimingStatus>PTP</TimingStatus></From><To SequenceNumber="7"><StopPointRef>490013038N</StopPointRef><TimingStatus>PTP</TimingStatus></To><RunTime>PT102S</RunTime></JourneyPatternTimingLink><JourneyPatternTimingLink id="JPL_54965c_H_1_6"><From SequenceNumber="7"><StopPointRef>490013038N</StopPointRef><TimingStatus>PTP</TimingStatus></From><To SequenceNumber="8"><StopPointRef>490004603N</StopPointRef><TimingStatus>PTP</TimingStatus></To><RunTime>PT102S</RunTime></JourneyPatternTimingLink><JourneyPatternTimingLink id="JPL_54965c_H_1_7"><From SequenceNumber="8"><StopPointRef>490004603N</StopPointRef><TimingStatus>PTP</TimingStatus></From><To SequenceNumber="9"><StopPointRef>490009421N</StopPointRef><TimingStatus>PTP</TimingStatus></To><RunTime>PT114S</RunTime></JourneyPatternTimingLink><JourneyPatternTimingLink id="JPL_54965c_H_1_8"><From SequenceNumber="9"><StopPointRef>490009421N</StopPointRef><TimingStatus>PTP</TimingStatus></From><To SequenceNumber="10"><StopPointRef>490011131W</StopPointRef><TimingStatus>PTP</TimingStatus></To><RunTime>PT60S</RunTime></JourneyPatternTimingLink><JourneyPatternTimingLink id="JPL_54965c_H_1_9"><From SequenceNumber="10"><StopPointRef>490011131W</StopPointRef><TimingStatus>PTP</TimingStatus></From><To SequenceNumber="11"><StopPointRef>490005498N</StopPointRef><TimingStatus>PTP</TimingStatus></To><RunTime>PT60S</RunTime></JourneyPatternTimingLink><JourneyPatternTimingLink id="JPL_54965c_H_1_10"><From SequenceNumber="11"><StopPointRef>490005498N</StopPointRef><TimingStatus>PTP</TimingStatus></From><To SequenceNumber="12"><StopPointRef>490004478G</StopPointRef><TimingStatus>PTP</TimingStatus></To><RunTime>PT60S</RunTime></JourneyPatternTimingLink><JourneyPatternTimingLink id="JPL_54965c_H_1_11"><From SequenceNumber="12"><StopPointRef>490004478G</StopPointRef><TimingStatus>PTP</TimingStatus></From><To SequenceNumber="13"><StopPointRef>490006412E3</StopPointRef><TimingStatus>PTP</TimingStatus></To><RunTime>PT60S</RunTime></JourneyPatternTimingLink><JourneyPatternTimingLink id="JPL_54965c_H_1_12"><From SequenceNumber="13"><StopPointRef>490006412E3</StopPointRef><TimingStatus>PTP</TimingStatus></From><To SequenceNumber="14"><StopPointRef>490001173T</StopPointRef><TimingStatus>PTP</TimingStatus></To><RunTime>PT120S</RunTime></JourneyPatternTimingLink><JourneyPatternTimingLink id="JPL_54965c_H_1_13"><From SequenceNumber="14"><StopPointRef>490001173T</StopPointRef><TimingStatus>PTP</TimingStatus></From><To SequenceNumber="15"><StopPointRef>490018639E</StopPointRef><TimingStatus>PTP</TimingStatus></To><RunTime>PT120S</RunTime></JourneyPatternTimingLink></JourneyPatternSection><JourneyPatternSection id="JPS_54965c_R_1"><JourneyPatternTimingLink id="JPL_54965c_R_1_0"><From SequenceNumber="1"><StopPointRef>490018639E</StopPointRef><TimingStatus>PTP</TimingStatus></From><To SequenceNumber="2"><StopPointRef>490001173V</StopPointRef><TimingStatus>PTP</TimingStatus></To><RunTime>PT90S</RunTime></JourneyPatternTimingLink><JourneyPatternTimingLink id="JPL_54965c_R_1_1"><From SequenceNumber="2"><StopPointRef>490001173V</StopPointRef><TimingStatus>PTP</TimingStatus></From><To SequenceNumber="3"><StopPointRef>490005800A3</StopPointRef><TimingStatus>PTP</TimingStatus></To><RunTime>PT90S</RunTime></JourneyPatternTimingLink><JourneyPatternTimingLink id="JPL_54965c_R_1_2"><From SequenceNumber="3"><StopPointRef>490005800A3</StopPointRef><TimingStatus>PTP</TimingStatus></From><To SequenceNumber="4"><StopPointRef>490006412D2</StopPointRef><TimingStatus>PTP</TimingStatus></To><RunTime>PT180S</RunTime></JourneyPatternTimingLink><JourneyPatternTimingLink id="JPL_54965c_R_1_3"><From SequenceNumber="4"><StopPointRef>490006412D2</StopPointRef><TimingStatus>PTP</TimingStatus></From><To SequenceNumber="5"><StopPointRef>490004478F</StopPointRef><TimingStatus>PTP</TimingStatus></To><RunTime>PT120S</RunTime></JourneyPatternTimingLink><JourneyPatternTimingLink id="JPL_54965c_R_1_4"><From SequenceNumber="5"><StopPointRef>490004478F</StopPointRef><TimingStatus>PTP</TimingStatus></From><To SequenceNumber="6"><StopPointRef>490011131E</StopPointRef><TimingStatus>PTP</TimingStatus></To><RunTime>PT120S</RunTime></JourneyPatternTimingLink><JourneyPatternTimingLink id="JPL_54965c_R_1_5"><From SequenceNumber="6"><StopPointRef>490011131E</StopPointRef><TimingStatus>PTP</TimingStatus></From><To SequenceNumber="7"><StopPointRef>490009421S</StopPointRef><TimingStatus>PTP</TimingStatus></To><RunTime>PT102S</RunTime></JourneyPatternTimingLink><JourneyPatternTimingLink id="JPL_54965c_R_1_6"><From SequenceNumber="7"><StopPointRef>490009421S</StopPointRef><TimingStatus>PTP</TimingStatus></From><To SequenceNumber="8"><StopPointRef>490004603S</StopPointRef><TimingStatus>PTP</TimingStatus></To><RunTime>PT102S</RunTime></JourneyPatternTimingLink><JourneyPatternTimingLink id="JPL_54965c_R_1_7"><From SequenceNumber="8"><StopPointRef>490004603S</StopPointRef><TimingStatus>PTP</TimingStatus></From><To SequenceNumber="9"><StopPointRef>490013038S</StopPointRef><TimingStatus>PTP</TimingStatus></To><RunTime>PT102S</RunTime></JourneyPatternTimingLink><JourneyPatternTimingLink id="JPL_54965c_R_1_8"><From SequenceNumber="9"><StopPointRef>490013038S</StopPointRef><TimingStatus>PTP</TimingStatus></From><To SequenceNumber="10"><StopPointRef>490003932E</StopPointRef><TimingStatus>PTP</TimingStatus></To><RunTime>PT114S</RunTime></JourneyPatternTimingLink><JourneyPatternTimingLink id="JPL_54965c_R_1_9"><From SequenceNumber="10"><StopPointRef>490003932E</StopPointRef><TimingStatus>PTP</TimingStatus></From><To SequenceNumber="11"><StopPointRef>490003932S</StopPointRef><TimingStatus>PTP</TimingStatus></To><RunTime>PT78S</RunTime></JourneyPatternTimingLink><JourneyPatternTimingLink id="JPL_54965c_R_1_10"><From SequenceNumber="11"><StopPointRef>490003932S</StopPointRef><TimingStatus>PTP</TimingStatus></From><To SequenceNumber="12"><StopPointRef>490011205E</StopPointRef><TimingStatus>PTP</TimingStatus></To><RunTime>PT78S</RunTime></JourneyPatternTimingLink><JourneyPatternTimingLink id="JPL_54965c_R_1_11"><From SequenceNumber="12"><StopPointRef>490011205E</StopPointRef><TimingStatus>PTP</TimingStatus></From><To SequenceNumber="13"><StopPointRef>490013697F</StopPointRef><TimingStatus>PTP</TimingStatus></To><RunTime>PT84S</RunTime></JourneyPatternTimingLink><JourneyPatternTimingLink id="JPL_54965c_R_1_12"><From SequenceNumber="13"><StopPointRef>490013697F</StopPointRef><TimingStatus>PTP</TimingStatus></From><To SequenceNumber="14"><StopPointRef>490001295B</StopPointRef><TimingStatus>PTP</TimingStatus></To><RunTime>PT120S</RunTime></JourneyPatternTimingLink><JourneyPatternTimingLink id="JPL_54965c_R_1_13"><From SequenceNumber="14"><StopPointRef>490001295B</StopPointRef><TimingStatus>PTP</TimingStatus></From><To SequenceNumber="15"><StopPointRef>490011598S</StopPointRef><TimingStatus>PTP</TimingStatus></To><RunTime>PT360S</RunTime></JourneyPatternTimingLink></JourneyPatternSection></JourneyPatternSections><Operators><Operator id="OId_54"><OperatorCode>ML</OperatorCode><OperatorShortName>Metroline</OperatorShortName><OperatorNameOnLicence>Metroline</OperatorNameOnLicence><TradingName>Metroline</TradingName></Operator></Operators><Services><Service><ServiceCode>SId_54965c0</ServiceCode><PrivateCode>54965c0</PrivateCode><Lines><Line id="LId_54965c0"><LineName>965</LineName></Line></Lines><OperatingPeriod><StartDate>2009-12-01</StartDate><EndDate>2010-12-23</EndDate></OperatingPeriod><OperatingProfile><RegularDayType>
					<DaysOfWeek>
						<MondayToFriday/>
					</DaysOfWeek>
				</RegularDayType>
				<BankHolidayOperation><DaysOfNonOperation><AllBankHolidays></AllBankHolidays></DaysOfNonOperation></BankHolidayOperation></OperatingProfile><RegisteredOperatorRef>OId_54</RegisteredOperatorRef><StopRequirements><NoNewStopsRequired/></StopRequirements><StandardService><Origin>Riverhill</Origin><Destination>Sury Basin</Destination><JourneyPattern id="JP_54965c_H0_1"><Direction>outbound</Direction><Operational><VehicleType><VehicleTypeCode>09</VehicleTypeCode><Description>Single Decker Wheelchair</Description></VehicleType></Operational><RouteRef>R_54965c_H_1</RouteRef><JourneyPatternSectionRefs>JPS_54965c_H_1</JourneyPatternSectionRefs></JourneyPattern><JourneyPattern id="JP_54965c_R0_1"><Direction>inbound</Direction><Operational><VehicleType><VehicleTypeCode>06</VehicleTypeCode><Description>Single Decker Low Floor+Wheelchair</Description></VehicleType></Operational><RouteRef>R_54965c_R_2</RouteRef><JourneyPatternSectionRefs>JPS_54965c_R_1</JourneyPatternSectionRefs></JourneyPattern></StandardService></Service></Services><VehicleJourneys><VehicleJourney><PrivateCode>54965cc0H9650001</PrivateCode><Operational><VehicleType><VehicleTypeCode>09</VehicleTypeCode><Description>Single Decker Wheelchair</Description></VehicleType></Operational><OperatingProfile><RegularDayType>
					<DaysOfWeek>
						<Monday></Monday><Friday></Friday></DaysOfWeek>
				</RegularDayType>
			</OperatingProfile><VehicleJourneyCode>54965cc0H9650001</VehicleJourneyCode><ServiceRef>SId_54965c0</ServiceRef><LineRef>LId_54965c0</LineRef><JourneyPatternRef>JP_54965c_H0_1</JourneyPatternRef><DepartureTime>10:20:00</DepartureTime></VehicleJourney><VehicleJourney><PrivateCode>54965cc0R9650002</PrivateCode><Operational><VehicleType><VehicleTypeCode>06</VehicleTypeCode><Description>Single Decker Low Floor+Wheelchair</Description></VehicleType></Operational><OperatingProfile><RegularDayType>
					<DaysOfWeek>
						<Monday></Monday><Friday></Friday></DaysOfWeek>
				</RegularDayType>
			</OperatingProfile><VehicleJourneyCode>54965cc0R9650002</VehicleJourneyCode><ServiceRef>SId_54965c0</ServiceRef><LineRef>LId_54965c0</LineRef><JourneyPatternRef>JP_54965c_R0_1</JourneyPatternRef><DepartureTime>14:00:00</DepartureTime></VehicleJourney></VehicleJourneys></TransXChange>
