<?xml version="1.0" encoding="UTF-8"?>
<TransXChange CreationDateTime="2010-10-28T09:25:53" ModificationDateTime="2010-10-28T09:25:53" Modification="new" FileName="G:\mentzdv\Datastore\output_txc_60674c.xml" RevisionNumber="0" SchemaVersion="2.1" xmlns:xsi="http://www.w3.org/2001/XMLSchema-instance" xsi:schemaLocation="http://www.transxchange.org.uk/ http://www.transxchange.org.uk/schema/2.1/TransXChange_general.xsd" xmlns="http://www.transxchange.org.uk/" xmlns:n1="http://www.transxchange.org.uk/" xmlns:n2="http://www.govtalk.gov.uk/people/AddressAndPersonalDetails" xmlns:n3="http://www.govtalk.gov.uk/core" xmlns:n4="http://www.govtalk.gov.uk/people/bs7666"><StopPoints><AnnotatedStopPointRef><StopPointRef>490005929N</StopPointRef><CommonName>Dagnam Park Square (RM3)</CommonName><Indicator>stop DJ</Indicator><LocalityName>Harold Park</LocalityName><LocalityQualifier>Greater London</LocalityQualifier></AnnotatedStopPointRef><AnnotatedStopPointRef><StopPointRef>490012054N</StopPointRef><CommonName>Sheffield Drive</CommonName><Indicator>stop DK</Indicator><LocalityName>Harold Park</LocalityName><LocalityQualifier>Greater London</LocalityQualifier></AnnotatedStopPointRef><AnnotatedStopPointRef><StopPointRef>490011997W</StopPointRef><CommonName>Settle Road</CommonName><Indicator>stop DL</Indicator><LocalityName>Harold Hill</LocalityName><LocalityQualifier>Greater London</LocalityQualifier></AnnotatedStopPointRef><AnnotatedStopPointRef><StopPointRef>490011971W</StopPointRef><CommonName>Sedgefield Crescent</CommonName><Indicator>stop DT</Indicator><LocalityName>Harold Hill</LocalityName><LocalityQualifier>Greater London</LocalityQualifier></AnnotatedStopPointRef><AnnotatedStopPointRef><StopPointRef>490007799W</StopPointRef><CommonName>Harkness Close (RM3)</CommonName><Indicator>stop DV</Indicator><LocalityName>Harold Hill</LocalityName><LocalityQualifier>Greater London</LocalityQualifier></AnnotatedStopPointRef><AnnotatedStopPointRef><StopPointRef>490004473W</StopPointRef><CommonName>Brookside School</CommonName><Indicator>stop DU</Indicator><LocalityName>Harold Hill</LocalityName><LocalityQualifier>Greater London</LocalityQualifier></AnnotatedStopPointRef><AnnotatedStopPointRef><StopPointRef>490005187W</StopPointRef><CommonName>Chippenham Road (RM3)</CommonName><Indicator>stop HH</Indicator><LocalityName>Harold Hill</LocalityName><LocalityQualifier>Greater London</LocalityQualifier></AnnotatedStopPointRef><AnnotatedStopPointRef><StopPointRef>490006762W</StopPointRef><CommonName>Hilldene Avenue Shopping Centr</CommonName><Indicator>stop W</Indicator><LocalityName>Harold Hill</LocalityName><LocalityQualifier>Greater London</LocalityQualifier></AnnotatedStopPointRef><AnnotatedStopPointRef><StopPointRef>490004992W</StopPointRef><CommonName>Chatteris Avenue /Hilldene Ave</CommonName><Indicator>stop W</Indicator><LocalityName>Harold Hill</LocalityName><LocalityQualifier>Greater London</LocalityQualifier></AnnotatedStopPointRef><AnnotatedStopPointRef><StopPointRef>490012895W</StopPointRef><CommonName>Charlbury Crescent (RM3)</CommonName><Indicator>stop W</Indicator><LocalityName>Harold Hill</LocalityName><LocalityQualifier>Greater London</LocalityQualifier></AnnotatedStopPointRef><AnnotatedStopPointRef><StopPointRef>490007354S</StopPointRef><CommonName>Grange Road (RM3)</CommonName><Indicator>stop S</Indicator><LocalityName>Harold Hill</LocalityName><LocalityQualifier>Greater London</LocalityQualifier></AnnotatedStopPointRef><AnnotatedStopPointRef><StopPointRef>490010143S</StopPointRef><CommonName>Myrtle Road</CommonName><Indicator>stop S</Indicator><LocalityName>Harold Hill</LocalityName><LocalityQualifier>Greater London</LocalityQualifier></AnnotatedStopPointRef><AnnotatedStopPointRef><StopPointRef>490008036S</StopPointRef><CommonName>Heaton Avenue (RM3)</CommonName><Indicator>stop S</Indicator><LocalityName>Gidea Park</LocalityName><LocalityQualifier>Greater London</LocalityQualifier></AnnotatedStopPointRef><AnnotatedStopPointRef><StopPointRef>490006738S</StopPointRef><CommonName>Faringdon Avenue (RM3)</CommonName><Indicator>stop GF</Indicator><LocalityName>Gidea Park</LocalityName><LocalityQualifier>Greater London</LocalityQualifier></AnnotatedStopPointRef><AnnotatedStopPointRef><StopPointRef>490007095S1</StopPointRef><CommonName>Gallows Corner (RM2)</CommonName><Indicator>stop GE</Indicator><LocalityName>Gidea Park</LocalityName><LocalityQualifier>Greater London</LocalityQualifier></AnnotatedStopPointRef><AnnotatedStopPointRef><StopPointRef>490013930S</StopPointRef><CommonName>Upper Brentwood Rd/Gallows Cnr</CommonName><Indicator>stop GQ</Indicator><LocalityName>Gidea Park</LocalityName><LocalityQualifier>Greater London</LocalityQualifier></AnnotatedStopPointRef><AnnotatedStopPointRef><StopPointRef>490014445S</StopPointRef><CommonName>Western Avenue</CommonName><Indicator>stop PH</Indicator><LocalityName>Gidea Park</LocalityName><LocalityQualifier>Greater London</LocalityQualifier></AnnotatedStopPointRef><AnnotatedStopPointRef><StopPointRef>490003835S</StopPointRef><CommonName>Belgrave Avenue (RM2)</CommonName><Indicator>stop PJ</Indicator><LocalityName>Gidea Park</LocalityName><LocalityQualifier>Greater London</LocalityQualifier></AnnotatedStopPointRef><AnnotatedStopPointRef><StopPointRef>490011766S</StopPointRef><CommonName>Royal Liberty School</CommonName><Indicator>stop PK</Indicator><LocalityName>Ardleigh Green (Romford)</LocalityName><LocalityQualifier>Greater London</LocalityQualifier></AnnotatedStopPointRef><AnnotatedStopPointRef><StopPointRef>490001115A</StopPointRef><CommonName>Gidea Park</CommonName><Indicator>stop PA</Indicator><LocalityName>Gidea Park</LocalityName><LocalityQualifier>Greater London</LocalityQualifier></AnnotatedStopPointRef><AnnotatedStopPointRef><StopPointRef>490013327S2</StopPointRef><CommonName>The Drill Roundabout (RM2)</CommonName><Indicator>stop AH</Indicator><LocalityName>Ardleigh Green (Romford)</LocalityName><LocalityQualifier>Greater London</LocalityQualifier></AnnotatedStopPointRef><AnnotatedStopPointRef><StopPointRef>490011870S</StopPointRef><CommonName>Salisbury Road (RM11)</CommonName><Indicator>stop AJ</Indicator><LocalityName>Ardleigh Green (Romford)</LocalityName><LocalityQualifier>Greater London</LocalityQualifier></AnnotatedStopPointRef><AnnotatedStopPointRef><StopPointRef>490005709W</StopPointRef><CommonName>Cranham Road (RM11)</CommonName><Indicator>stop AK</Indicator><LocalityName>Heath Park</LocalityName><LocalityQualifier>Greater London</LocalityQualifier></AnnotatedStopPointRef><AnnotatedStopPointRef><StopPointRef>490006980W</StopPointRef><CommonName>Frances Bardsley School (RM1)</CommonName><Indicator>stop W</Indicator><LocalityName>Heath Park</LocalityName><LocalityQualifier>Greater London</LocalityQualifier></AnnotatedStopPointRef><AnnotatedStopPointRef><StopPointRef>490011214W</StopPointRef><CommonName>Princes Road (RM1)</CommonName><Indicator>stop W</Indicator><LocalityName>Heath Park</LocalityName><LocalityQualifier>Greater London</LocalityQualifier></AnnotatedStopPointRef><AnnotatedStopPointRef><StopPointRef>490015118W</StopPointRef><CommonName>Albert Road Brentwood Road</CommonName><Indicator>stop W</Indicator><LocalityName>Heath Park</LocalityName><LocalityQualifier>Greater London</LocalityQualifier></AnnotatedStopPointRef><AnnotatedStopPointRef><StopPointRef>490013482W</StopPointRef><CommonName>South Street / The Old Oak</CommonName><Indicator>stop W</Indicator><LocalityName>Heath Park</LocalityName><LocalityQualifier>Greater London</LocalityQualifier></AnnotatedStopPointRef><AnnotatedStopPointRef><StopPointRef>490013483N</StopPointRef><CommonName>Brentwood Road / The Old Oak</CommonName><Indicator>stop N</Indicator><LocalityName>Heath Park</LocalityName><LocalityQualifier>Greater London</LocalityQualifier></AnnotatedStopPointRef><AnnotatedStopPointRef><StopPointRef>490015182X</StopPointRef><CommonName>Romford</CommonName><Indicator>stop X</Indicator><LocalityName>Romford</LocalityName><LocalityQualifier>Greater London</LocalityQualifier></AnnotatedStopPointRef><AnnotatedStopPointRef><StopPointRef>490001243Y</StopPointRef><CommonName>Romford</CommonName><Indicator>stop Y</Indicator><LocalityName>Romford</LocalityName><LocalityQualifier>Greater London</LocalityQualifier></AnnotatedStopPointRef><AnnotatedStopPointRef><StopPointRef>490013654S</StopPointRef><CommonName>Thurloe Gardens</CommonName><Indicator>stop S</Indicator><LocalityName>Heath Park</LocalityName><LocalityQualifier>Greater London</LocalityQualifier></AnnotatedStopPointRef><AnnotatedStopPointRef><StopPointRef>490013482E</StopPointRef><CommonName>South Street / The Old Oak</CommonName><Indicator>stop E</Indicator><LocalityName>Heath Park</LocalityName><LocalityQualifier>Greater London</LocalityQualifier></AnnotatedStopPointRef><AnnotatedStopPointRef><StopPointRef>490015118E</StopPointRef><CommonName>Albert Road Brentwood Road</CommonName><Indicator>stop E</Indicator><LocalityName>Heath Park</LocalityName><LocalityQualifier>Greater London</LocalityQualifier></AnnotatedStopPointRef><AnnotatedStopPointRef><StopPointRef>490011214E</StopPointRef><CommonName>Princes Road (RM1)</CommonName><Indicator>stop E</Indicator><LocalityName>Heath Park</LocalityName><LocalityQualifier>Greater London</LocalityQualifier></AnnotatedStopPointRef><AnnotatedStopPointRef><StopPointRef>490006980E</StopPointRef><CommonName>Frances Bardsley School (RM1)</CommonName><Indicator>stop E</Indicator><LocalityName>Heath Park</LocalityName><LocalityQualifier>Greater London</LocalityQualifier></AnnotatedStopPointRef><AnnotatedStopPointRef><StopPointRef>490009496E</StopPointRef><CommonName>Cranham Road (RM11)</CommonName><Indicator>stop AL</Indicator><LocalityName>Heath Park</LocalityName><LocalityQualifier>Greater London</LocalityQualifier></AnnotatedStopPointRef><AnnotatedStopPointRef><StopPointRef>490011870N</StopPointRef><CommonName>Salisbury Road (RM11)</CommonName><Indicator>stop AM</Indicator><LocalityName>Ardleigh Green (Romford)</LocalityName><LocalityQualifier>Greater London</LocalityQualifier></AnnotatedStopPointRef><AnnotatedStopPointRef><StopPointRef>490003559N</StopPointRef><CommonName>The Drill Roundabout (RM2)</CommonName><Indicator>stop AV</Indicator><LocalityName>Ardleigh Green (Romford)</LocalityName><LocalityQualifier>Greater London</LocalityQualifier></AnnotatedStopPointRef><AnnotatedStopPointRef><StopPointRef>490001115B</StopPointRef><CommonName>Gidea Park</CommonName><Indicator>stop PB</Indicator><LocalityName>Gidea Park</LocalityName><LocalityQualifier>Greater London</LocalityQualifier></AnnotatedStopPointRef><AnnotatedStopPointRef><StopPointRef>490006270N</StopPointRef><CommonName>Durham Avenue (RM2)</CommonName><Indicator>stop PC</Indicator><LocalityName>Ardleigh Green (Romford)</LocalityName><LocalityQualifier>Greater London</LocalityQualifier></AnnotatedStopPointRef><AnnotatedStopPointRef><StopPointRef>490011766N</StopPointRef><CommonName>Royal Liberty School</CommonName><Indicator>stop PD</Indicator><LocalityName>Ardleigh Green (Romford)</LocalityName><LocalityQualifier>Greater London</LocalityQualifier></AnnotatedStopPointRef><AnnotatedStopPointRef><StopPointRef>490003835N</StopPointRef><CommonName>Belgrave Avenue (RM2)</CommonName><Indicator>stop PE</Indicator><LocalityName>Gidea Park</LocalityName><LocalityQualifier>Greater London</LocalityQualifier></AnnotatedStopPointRef><AnnotatedStopPointRef><StopPointRef>490014445N</StopPointRef><CommonName>Western Avenue</CommonName><Indicator>stop PF</Indicator><LocalityName>Gidea Park</LocalityName><LocalityQualifier>Greater London</LocalityQualifier></AnnotatedStopPointRef><AnnotatedStopPointRef><StopPointRef>490013930E</StopPointRef><CommonName>Upper Brentwood Rd/Gallows Cnr</CommonName><Indicator>stop GN</Indicator><LocalityName>Gidea Park</LocalityName><LocalityQualifier>Greater London</LocalityQualifier></AnnotatedStopPointRef><AnnotatedStopPointRef><StopPointRef>490007095N1</StopPointRef><CommonName>Gallows Corner (RM2)</CommonName><Indicator>stop GL</Indicator><LocalityName>Gidea Park</LocalityName><LocalityQualifier>Greater London</LocalityQualifier></AnnotatedStopPointRef><AnnotatedStopPointRef><StopPointRef>490006738N</StopPointRef><CommonName>Faringdon Avenue (RM3)</CommonName><Indicator>stop GK</Indicator><LocalityName>Gidea Park</LocalityName><LocalityQualifier>Greater London</LocalityQualifier></AnnotatedStopPointRef><AnnotatedStopPointRef><StopPointRef>490008036N</StopPointRef><CommonName>Heaton Avenue (RM3)</CommonName><Indicator>stop N</Indicator><LocalityName>Gidea Park</LocalityName><LocalityQualifier>Greater London</LocalityQualifier></AnnotatedStopPointRef><AnnotatedStopPointRef><StopPointRef>490010143N</StopPointRef><CommonName>Myrtle Road</CommonName><Indicator>stop N</Indicator><LocalityName>Harold Hill</LocalityName><LocalityQualifier>Greater London</LocalityQualifier></AnnotatedStopPointRef><AnnotatedStopPointRef><StopPointRef>490007354N</StopPointRef><CommonName>Grange Road (RM3)</CommonName><Indicator>stop N</Indicator><LocalityName>Harold Hill</LocalityName><LocalityQualifier>Greater London</LocalityQualifier></AnnotatedStopPointRef><AnnotatedStopPointRef><StopPointRef>490012895E</StopPointRef><CommonName>Charlbury Crescent (RM3)</CommonName><Indicator>stop E</Indicator><LocalityName>Harold Hill</LocalityName><LocalityQualifier>Greater London</LocalityQualifier></AnnotatedStopPointRef><AnnotatedStopPointRef><StopPointRef>490004992E</StopPointRef><CommonName>Chatteris Avenue /Hilldene Ave</CommonName><Indicator>stop E</Indicator><LocalityName>Harold Hill</LocalityName><LocalityQualifier>Greater London</LocalityQualifier></AnnotatedStopPointRef><AnnotatedStopPointRef><StopPointRef>490006762E</StopPointRef><CommonName>Hilldene Avenue Shopping Centr</CommonName><Indicator>stop E</Indicator><LocalityName>Harold Hill</LocalityName><LocalityQualifier>Greater London</LocalityQualifier></AnnotatedStopPointRef><AnnotatedStopPointRef><StopPointRef>490005187E</StopPointRef><CommonName>Chippenham Road (RM3)</CommonName><Indicator>stop HJ</Indicator><LocalityName>Harold Hill</LocalityName><LocalityQualifier>Greater London</LocalityQualifier></AnnotatedStopPointRef><AnnotatedStopPointRef><StopPointRef>490004473E</StopPointRef><CommonName>Brookside School</CommonName><Indicator>stop DA</Indicator><LocalityName>Harold Hill</LocalityName><LocalityQualifier>Greater London</LocalityQualifier></AnnotatedStopPointRef><AnnotatedStopPointRef><StopPointRef>490007799E</StopPointRef><CommonName>Harkness Close (RM3)</CommonName><Indicator>stop DC</Indicator><LocalityName>Harold Hill</LocalityName><LocalityQualifier>Greater London</LocalityQualifier></AnnotatedStopPointRef><AnnotatedStopPointRef><StopPointRef>490011971DD</StopPointRef><CommonName>Sedgefield Crescent</CommonName><Indicator>stop DD</Indicator><LocalityName>Harold Hill</LocalityName><LocalityQualifier>Greater London</LocalityQualifier></AnnotatedStopPointRef><AnnotatedStopPointRef><StopPointRef>490014650S</StopPointRef><CommonName>Wickford Drive</CommonName><Indicator>stop LN</Indicator><LocalityName>Harold Hill</LocalityName><LocalityQualifier>Greater London</LocalityQualifier></AnnotatedStopPointRef><AnnotatedStopPointRef><StopPointRef>490011492S</StopPointRef><CommonName>Redruth Road</CommonName><Indicator>stop LP</Indicator><LocalityName>Harold Hill</LocalityName><LocalityQualifier>Greater London</LocalityQualifier></AnnotatedStopPointRef><AnnotatedStopPointRef><StopPointRef>490018347S</StopPointRef><CommonName>Petersfield Ave /Leamington Rd</CommonName><Indicator>stop LR</Indicator><LocalityName>Harold Hill</LocalityName><LocalityQualifier>Greater London</LocalityQualifier></AnnotatedStopPointRef><AnnotatedStopPointRef><StopPointRef>490012819E</StopPointRef><CommonName>St Neots Road /Petersfield Ave</CommonName><Indicator>stop PL</Indicator><LocalityName>Harold Hill</LocalityName><LocalityQualifier>Greater London</LocalityQualifier></AnnotatedStopPointRef><AnnotatedStopPointRef><StopPointRef>490013159E</StopPointRef><CommonName>Tarnworth Road (RM3)</CommonName><Indicator>stop PN</Indicator><LocalityName>Harold Hill</LocalityName><LocalityQualifier>Greater London</LocalityQualifier></AnnotatedStopPointRef></StopPoints><RouteSections><RouteSection id="RS_60674c_H_1"><RouteLink id="RL_RS_60674c_H_1_0"><From><StopPointRef>490005929N</StopPointRef></From><To><StopPointRef>490012054N</StopPointRef></To><Direction>outbound</Direction></RouteLink><RouteLink id="RL_RS_60674c_H_1_1"><From><StopPointRef>490012054N</StopPointRef></From><To><StopPointRef>490011997W</StopPointRef></To><Direction>outbound</Direction></RouteLink><RouteLink id="RL_RS_60674c_H_1_2"><From><StopPointRef>490011997W</StopPointRef></From><To><StopPointRef>490011971W</StopPointRef></To><Direction>outbound</Direction></RouteLink><RouteLink id="RL_RS_60674c_H_1_3"><From><StopPointRef>490011971W</StopPointRef></From><To><StopPointRef>490007799W</StopPointRef></To><Direction>outbound</Direction></RouteLink><RouteLink id="RL_RS_60674c_H_1_4"><From><StopPointRef>490007799W</StopPointRef></From><To><StopPointRef>490004473W</StopPointRef></To><Direction>outbound</Direction></RouteLink><RouteLink id="RL_RS_60674c_H_1_5"><From><StopPointRef>490004473W</StopPointRef></From><To><StopPointRef>490005187W</StopPointRef></To><Direction>outbound</Direction></RouteLink><RouteLink id="RL_RS_60674c_H_1_6"><From><StopPointRef>490005187W</StopPointRef></From><To><StopPointRef>490006762W</StopPointRef></To><Direction>outbound</Direction></RouteLink><RouteLink id="RL_RS_60674c_H_1_7"><From><StopPointRef>490006762W</StopPointRef></From><To><StopPointRef>490004992W</StopPointRef></To><Direction>outbound</Direction></RouteLink><RouteLink id="RL_RS_60674c_H_1_8"><From><StopPointRef>490004992W</StopPointRef></From><To><StopPointRef>490012895W</StopPointRef></To><Direction>outbound</Direction></RouteLink><RouteLink id="RL_RS_60674c_H_1_9"><From><StopPointRef>490012895W</StopPointRef></From><To><StopPointRef>490007354S</StopPointRef></To><Direction>outbound</Direction></RouteLink><RouteLink id="RL_RS_60674c_H_1_10"><From><StopPointRef>490007354S</StopPointRef></From><To><StopPointRef>490010143S</StopPointRef></To><Direction>outbound</Direction></RouteLink><RouteLink id="RL_RS_60674c_H_1_11"><From><StopPointRef>490010143S</StopPointRef></From><To><StopPointRef>490008036S</StopPointRef></To><Direction>outbound</Direction></RouteLink><RouteLink id="RL_RS_60674c_H_1_12"><From><StopPointRef>490008036S</StopPointRef></From><To><StopPointRef>490006738S</StopPointRef></To><Direction>outbound</Direction></RouteLink><RouteLink id="RL_RS_60674c_H_1_13"><From><StopPointRef>490006738S</StopPointRef></From><To><StopPointRef>490007095S1</StopPointRef></To><Direction>outbound</Direction></RouteLink><RouteLink id="RL_RS_60674c_H_1_14"><From><StopPointRef>490007095S1</StopPointRef></From><To><StopPointRef>490013930S</StopPointRef></To><Direction>outbound</Direction></RouteLink><RouteLink id="RL_RS_60674c_H_1_15"><From><StopPointRef>490013930S</StopPointRef></From><To><StopPointRef>490014445S</StopPointRef></To><Direction>outbound</Direction></RouteLink><RouteLink id="RL_RS_60674c_H_1_16"><From><StopPointRef>490014445S</StopPointRef></From><To><StopPointRef>490003835S</StopPointRef></To><Direction>outbound</Direction></RouteLink><RouteLink id="RL_RS_60674c_H_1_17"><From><StopPointRef>490003835S</StopPointRef></From><To><StopPointRef>490011766S</StopPointRef></To><Direction>outbound</Direction></RouteLink><RouteLink id="RL_RS_60674c_H_1_18"><From><StopPointRef>490011766S</StopPointRef></From><To><StopPointRef>490001115A</StopPointRef></To><Direction>outbound</Direction></RouteLink><RouteLink id="RL_RS_60674c_H_1_19"><From><StopPointRef>490001115A</StopPointRef></From><To><StopPointRef>490013327S2</StopPointRef></To><Direction>outbound</Direction></RouteLink><RouteLink id="RL_RS_60674c_H_1_20"><From><StopPointRef>490013327S2</StopPointRef></From><To><StopPointRef>490011870S</StopPointRef></To><Direction>outbound</Direction></RouteLink><RouteLink id="RL_RS_60674c_H_1_21"><From><StopPointRef>490011870S</StopPointRef></From><To><StopPointRef>490005709W</StopPointRef></To><Direction>outbound</Direction></RouteLink><RouteLink id="RL_RS_60674c_H_1_22"><From><StopPointRef>490005709W</StopPointRef></From><To><StopPointRef>490006980W</StopPointRef></To><Direction>outbound</Direction></RouteLink><RouteLink id="RL_RS_60674c_H_1_23"><From><StopPointRef>490006980W</StopPointRef></From><To><StopPointRef>490011214W</StopPointRef></To><Direction>outbound</Direction></RouteLink><RouteLink id="RL_RS_60674c_H_1_24"><From><StopPointRef>490011214W</StopPointRef></From><To><StopPointRef>490015118W</StopPointRef></To><Direction>outbound</Direction></RouteLink><RouteLink id="RL_RS_60674c_H_1_25"><From><StopPointRef>490015118W</StopPointRef></From><To><StopPointRef>490013482W</StopPointRef></To><Direction>outbound</Direction></RouteLink><RouteLink id="RL_RS_60674c_H_1_26"><From><StopPointRef>490013482W</StopPointRef></From><To><StopPointRef>490013483N</StopPointRef></To><Direction>outbound</Direction></RouteLink><RouteLink id="RL_RS_60674c_H_1_27"><From><StopPointRef>490013483N</StopPointRef></From><To><StopPointRef>490015182X</StopPointRef></To><Direction>outbound</Direction></RouteLink></RouteSection><RouteSection id="RS_60674c_R_2"><RouteLink id="RL_RS_60674c_R_2_0"><From><StopPointRef>490001243Y</StopPointRef></From><To><StopPointRef>490013654S</StopPointRef></To><Direction>inbound</Direction></RouteLink><RouteLink id="RL_RS_60674c_R_2_1"><From><StopPointRef>490013654S</StopPointRef></From><To><StopPointRef>490013482E</StopPointRef></To><Direction>inbound</Direction></RouteLink><RouteLink id="RL_RS_60674c_R_2_2"><From><StopPointRef>490013482E</StopPointRef></From><To><StopPointRef>490015118E</StopPointRef></To><Direction>inbound</Direction></RouteLink><RouteLink id="RL_RS_60674c_R_2_3"><From><StopPointRef>490015118E</StopPointRef></From><To><StopPointRef>490011214E</StopPointRef></To><Direction>inbound</Direction></RouteLink><RouteLink id="RL_RS_60674c_R_2_4"><From><StopPointRef>490011214E</StopPointRef></From><To><StopPointRef>490006980E</StopPointRef></To><Direction>inbound</Direction></RouteLink><RouteLink id="RL_RS_60674c_R_2_5"><From><StopPointRef>490006980E</StopPointRef></From><To><StopPointRef>490009496E</StopPointRef></To><Direction>inbound</Direction></RouteLink><RouteLink id="RL_RS_60674c_R_2_6"><From><StopPointRef>490009496E</StopPointRef></From><To><StopPointRef>490011870N</StopPointRef></To><Direction>inbound</Direction></RouteLink><RouteLink id="RL_RS_60674c_R_2_7"><From><StopPointRef>490011870N</StopPointRef></From><To><StopPointRef>490003559N</StopPointRef></To><Direction>inbound</Direction></RouteLink><RouteLink id="RL_RS_60674c_R_2_8"><From><StopPointRef>490003559N</StopPointRef></From><To><StopPointRef>490001115B</StopPointRef></To><Direction>inbound</Direction></RouteLink><RouteLink id="RL_RS_60674c_R_2_9"><From><StopPointRef>490001115B</StopPointRef></From><To><StopPointRef>490006270N</StopPointRef></To><Direction>inbound</Direction></RouteLink><RouteLink id="RL_RS_60674c_R_2_10"><From><StopPointRef>490006270N</StopPointRef></From><To><StopPointRef>490011766N</StopPointRef></To><Direction>inbound</Direction></RouteLink><RouteLink id="RL_RS_60674c_R_2_11"><From><StopPointRef>490011766N</StopPointRef></From><To><StopPointRef>490003835N</StopPointRef></To><Direction>inbound</Direction></RouteLink><RouteLink id="RL_RS_60674c_R_2_12"><From><StopPointRef>490003835N</StopPointRef></From><To><StopPointRef>490014445N</StopPointRef></To><Direction>inbound</Direction></RouteLink><RouteLink id="RL_RS_60674c_R_2_13"><From><StopPointRef>490014445N</StopPointRef></From><To><StopPointRef>490013930E</StopPointRef></To><Direction>inbound</Direction></RouteLink><RouteLink id="RL_RS_60674c_R_2_14"><From><StopPointRef>490013930E</StopPointRef></From><To><StopPointRef>490007095N1</StopPointRef></To><Direction>inbound</Direction></RouteLink><RouteLink id="RL_RS_60674c_R_2_15"><From><StopPointRef>490007095N1</StopPointRef></From><To><StopPointRef>490006738N</StopPointRef></To><Direction>inbound</Direction></RouteLink><RouteLink id="RL_RS_60674c_R_2_16"><From><StopPointRef>490006738N</StopPointRef></From><To><StopPointRef>490008036N</StopPointRef></To><Direction>inbound</Direction></RouteLink><RouteLink id="RL_RS_60674c_R_2_17"><From><StopPointRef>490008036N</StopPointRef></From><To><StopPointRef>490010143N</StopPointRef></To><Direction>inbound</Direction></RouteLink><RouteLink id="RL_RS_60674c_R_2_18"><From><StopPointRef>490010143N</StopPointRef></From><To><StopPointRef>490007354N</StopPointRef></To><Direction>inbound</Direction></RouteLink><RouteLink id="RL_RS_60674c_R_2_19"><From><StopPointRef>490007354N</StopPointRef></From><To><StopPointRef>490012895E</StopPointRef></To><Direction>inbound</Direction></RouteLink><RouteLink id="RL_RS_60674c_R_2_20"><From><StopPointRef>490012895E</StopPointRef></From><To><StopPointRef>490004992E</StopPointRef></To><Direction>inbound</Direction></RouteLink><RouteLink id="RL_RS_60674c_R_2_21"><From><StopPointRef>490004992E</StopPointRef></From><To><StopPointRef>490006762E</StopPointRef></To><Direction>inbound</Direction></RouteLink><RouteLink id="RL_RS_60674c_R_2_22"><From><StopPointRef>490006762E</StopPointRef></From><To><StopPointRef>490005187E</StopPointRef></To><Direction>inbound</Direction></RouteLink><RouteLink id="RL_RS_60674c_R_2_23"><From><StopPointRef>490005187E</StopPointRef></From><To><StopPointRef>490004473E</StopPointRef></To><Direction>inbound</Direction></RouteLink><RouteLink id="RL_RS_60674c_R_2_24"><From><StopPointRef>490004473E</StopPointRef></From><To><StopPointRef>490007799E</StopPointRef></To><Direction>inbound</Direction></RouteLink><RouteLink id="RL_RS_60674c_R_2_25"><From><StopPointRef>490007799E</StopPointRef></From><To><StopPointRef>490011971DD</StopPointRef></To><Direction>inbound</Direction></RouteLink><RouteLink id="RL_RS_60674c_R_2_26"><From><StopPointRef>490011971DD</StopPointRef></From><To><StopPointRef>490014650S</StopPointRef></To><Direction>inbound</Direction></RouteLink><RouteLink id="RL_RS_60674c_R_2_27"><From><StopPointRef>490014650S</StopPointRef></From><To><StopPointRef>490011492S</StopPointRef></To><Direction>inbound</Direction></RouteLink><RouteLink id="RL_RS_60674c_R_2_28"><From><StopPointRef>490011492S</StopPointRef></From><To><StopPointRef>490018347S</StopPointRef></To><Direction>inbound</Direction></RouteLink><RouteLink id="RL_RS_60674c_R_2_29"><From><StopPointRef>490018347S</StopPointRef></From><To><StopPointRef>490012819E</StopPointRef></To><Direction>inbound</Direction></RouteLink><RouteLink id="RL_RS_60674c_R_2_30"><From><StopPointRef>490012819E</StopPointRef></From><To><StopPointRef>490013159E</StopPointRef></To><Direction>inbound</Direction></RouteLink><RouteLink id="RL_RS_60674c_R_2_31"><From><StopPointRef>490013159E</StopPointRef></From><To><StopPointRef>490005929N</StopPointRef></To><Direction>inbound</Direction></RouteLink></RouteSection></RouteSections><Routes><Route id="R_60674c_H_1"><PrivateCode>R_60674c_H_1</PrivateCode><Description>Dagnam Park Square (RM3) - Romford</Description><RouteSectionRef>RS_60674c_H_1</RouteSectionRef></Route><Route id="R_60674c_R_2"><PrivateCode>R_60674c_R_2</PrivateCode><Description>Romford - Dagnam Park Square (RM3)</Description><RouteSectionRef>RS_60674c_R_2</RouteSectionRef></Route></Routes><JourneyPatternSections><JourneyPatternSection id="JPS_60674c_H_2"><JourneyPatternTimingLink id="JPL_60674c_H_2_0"><From SequenceNumber="1"><StopPointRef>490005929N</StopPointRef><TimingStatus>PTP</TimingStatus></From><To SequenceNumber="2"><StopPointRef>490012054N</StopPointRef><TimingStatus>PTP</TimingStatus></To><RunTime>PT36S</RunTime></JourneyPatternTimingLink><JourneyPatternTimingLink id="JPL_60674c_H_2_1"><From SequenceNumber="2"><StopPointRef>490012054N</StopPointRef><TimingStatus>PTP</TimingStatus></From><To SequenceNumber="3"><StopPointRef>490011997W</StopPointRef><TimingStatus>PTP</TimingStatus></To><RunTime>PT36S</RunTime></JourneyPatternTimingLink><JourneyPatternTimingLink id="JPL_60674c_H_2_2"><From SequenceNumber="3"><StopPointRef>490011997W</StopPointRef><TimingStatus>PTP</TimingStatus></From><To SequenceNumber="4"><StopPointRef>490011971W</StopPointRef><TimingStatus>PTP</TimingStatus></To><RunTime>PT36S</RunTime></JourneyPatternTimingLink><JourneyPatternTimingLink id="JPL_60674c_H_2_3"><From SequenceNumber="4"><StopPointRef>490011971W</StopPointRef><TimingStatus>PTP</TimingStatus></From><To SequenceNumber="5"><StopPointRef>490007799W</StopPointRef><TimingStatus>PTP</TimingStatus></To><RunTime>PT36S</RunTime></JourneyPatternTimingLink><JourneyPatternTimingLink id="JPL_60674c_H_2_4"><From SequenceNumber="5"><StopPointRef>490007799W</StopPointRef><TimingStatus>PTP</TimingStatus></From><To SequenceNumber="6"><StopPointRef>490004473W</StopPointRef><TimingStatus>PTP</TimingStatus></To><RunTime>PT36S</RunTime></JourneyPatternTimingLink><JourneyPatternTimingLink id="JPL_60674c_H_2_5"><From SequenceNumber="6"><StopPointRef>490004473W</StopPointRef><TimingStatus>PTP</TimingStatus></From><To SequenceNumber="7"><StopPointRef>490005187W</StopPointRef><TimingStatus>PTP</TimingStatus></To><RunTime>PT60S</RunTime></JourneyPatternTimingLink><JourneyPatternTimingLink id="JPL_60674c_H_2_6"><From SequenceNumber="7"><StopPointRef>490005187W</StopPointRef><TimingStatus>PTP</TimingStatus></From><To SequenceNumber="8"><StopPointRef>490006762W</StopPointRef><TimingStatus>PTP</TimingStatus></To><RunTime>PT48S</RunTime></JourneyPatternTimingLink><JourneyPatternTimingLink id="JPL_60674c_H_2_7"><From SequenceNumber="8"><StopPointRef>490006762W</StopPointRef><TimingStatus>PTP</TimingStatus></From><To SequenceNumber="9"><StopPointRef>490004992W</StopPointRef><TimingStatus>PTP</TimingStatus></To><RunTime>PT48S</RunTime></JourneyPatternTimingLink><JourneyPatternTimingLink id="JPL_60674c_H_2_8"><From SequenceNumber="9"><StopPointRef>490004992W</StopPointRef><TimingStatus>PTP</TimingStatus></From><To SequenceNumber="10"><StopPointRef>490012895W</StopPointRef><TimingStatus>PTP</TimingStatus></To><RunTime>PT48S</RunTime></JourneyPatternTimingLink><JourneyPatternTimingLink id="JPL_60674c_H_2_9"><From SequenceNumber="10"><StopPointRef>490012895W</StopPointRef><TimingStatus>PTP</TimingStatus></From><To SequenceNumber="11"><StopPointRef>490007354S</StopPointRef><TimingStatus>PTP</TimingStatus></To><RunTime>PT48S</RunTime></JourneyPatternTimingLink><JourneyPatternTimingLink id="JPL_60674c_H_2_10"><From SequenceNumber="11"><StopPointRef>490007354S</StopPointRef><TimingStatus>PTP</TimingStatus></From><To SequenceNumber="12"><StopPointRef>490010143S</StopPointRef><TimingStatus>PTP</TimingStatus></To><RunTime>PT48S</RunTime></JourneyPatternTimingLink><JourneyPatternTimingLink id="JPL_60674c_H_2_11"><From SequenceNumber="12"><StopPointRef>490010143S</StopPointRef><TimingStatus>PTP</TimingStatus></From><To SequenceNumber="13"><StopPointRef>490008036S</StopPointRef><TimingStatus>PTP</TimingStatus></To><RunTime>PT48S</RunTime></JourneyPatternTimingLink><JourneyPatternTimingLink id="JPL_60674c_H_2_12"><From SequenceNumber="13"><StopPointRef>490008036S</StopPointRef><TimingStatus>PTP</TimingStatus></From><To SequenceNumber="14"><StopPointRef>490006738S</StopPointRef><TimingStatus>PTP</TimingStatus></To><RunTime>PT48S</RunTime></JourneyPatternTimingLink><JourneyPatternTimingLink id="JPL_60674c_H_2_13"><From SequenceNumber="14"><StopPointRef>490006738S</StopPointRef><TimingStatus>PTP</TimingStatus></From><To SequenceNumber="15"><StopPointRef>490007095S1</StopPointRef><TimingStatus>PTP</TimingStatus></To><RunTime>PT84S</RunTime></JourneyPatternTimingLink><JourneyPatternTimingLink id="JPL_60674c_H_2_14"><From SequenceNumber="15"><StopPointRef>490007095S1</StopPointRef><TimingStatus>PTP</TimingStatus></From><To SequenceNumber="16"><StopPointRef>490013930S</StopPointRef><TimingStatus>PTP</TimingStatus></To><RunTime>PT108S</RunTime></JourneyPatternTimingLink><JourneyPatternTimingLink id="JPL_60674c_H_2_15"><From SequenceNumber="16"><StopPointRef>490013930S</StopPointRef><TimingStatus>PTP</TimingStatus></From><To SequenceNumber="17"><StopPointRef>490014445S</StopPointRef><TimingStatus>PTP</TimingStatus></To><RunTime>PT108S</RunTime></JourneyPatternTimingLink><JourneyPatternTimingLink id="JPL_60674c_H_2_16"><From SequenceNumber="17"><StopPointRef>490014445S</StopPointRef><TimingStatus>PTP</TimingStatus></From><To SequenceNumber="18"><StopPointRef>490003835S</StopPointRef><TimingStatus>PTP</TimingStatus></To><RunTime>PT108S</RunTime></JourneyPatternTimingLink><JourneyPatternTimingLink id="JPL_60674c_H_2_17"><From SequenceNumber="18"><StopPointRef>490003835S</StopPointRef><TimingStatus>PTP</TimingStatus></From><To SequenceNumber="19"><StopPointRef>490011766S</StopPointRef><TimingStatus>PTP</TimingStatus></To><RunTime>PT108S</RunTime></JourneyPatternTimingLink><JourneyPatternTimingLink id="JPL_60674c_H_2_18"><From SequenceNumber="19"><StopPointRef>490011766S</StopPointRef><TimingStatus>PTP</TimingStatus></From><To SequenceNumber="20"><StopPointRef>490001115A</StopPointRef><TimingStatus>PTP</TimingStatus></To><RunTime>PT108S</RunTime></JourneyPatternTimingLink><JourneyPatternTimingLink id="JPL_60674c_H_2_19"><From SequenceNumber="20"><StopPointRef>490001115A</StopPointRef><TimingStatus>PTP</TimingStatus></From><To SequenceNumber="21"><StopPointRef>490013327S2</StopPointRef><TimingStatus>PTP</TimingStatus></To><RunTime>PT66S</RunTime></JourneyPatternTimingLink><JourneyPatternTimingLink id="JPL_60674c_H_2_20"><From SequenceNumber="21"><StopPointRef>490013327S2</StopPointRef><TimingStatus>PTP</TimingStatus></From><To SequenceNumber="22"><StopPointRef>490011870S</StopPointRef><TimingStatus>PTP</TimingStatus></To><RunTime>PT66S</RunTime></JourneyPatternTimingLink><JourneyPatternTimingLink id="JPL_60674c_H_2_21"><From SequenceNumber="22"><StopPointRef>490011870S</StopPointRef><TimingStatus>PTP</TimingStatus></From><To SequenceNumber="23"><StopPointRef>490005709W</StopPointRef><TimingStatus>PTP</TimingStatus></To><RunTime>PT66S</RunTime></JourneyPatternTimingLink><JourneyPatternTimingLink id="JPL_60674c_H_2_22"><From SequenceNumber="23"><StopPointRef>490005709W</StopPointRef><TimingStatus>PTP</TimingStatus></From><To SequenceNumber="24"><StopPointRef>490006980W</StopPointRef><TimingStatus>PTP</TimingStatus></To><RunTime>PT66S</RunTime></JourneyPatternTimingLink><JourneyPatternTimingLink id="JPL_60674c_H_2_23"><From SequenceNumber="24"><StopPointRef>490006980W</StopPointRef><TimingStatus>PTP</TimingStatus></From><To SequenceNumber="25"><StopPointRef>490011214W</StopPointRef><TimingStatus>PTP</TimingStatus></To><RunTime>PT66S</RunTime></JourneyPatternTimingLink><JourneyPatternTimingLink id="JPL_60674c_H_2_24"><From SequenceNumber="25"><StopPointRef>490011214W</StopPointRef><TimingStatus>PTP</TimingStatus></From><To SequenceNumber="26"><StopPointRef>490015118W</StopPointRef><TimingStatus>PTP</TimingStatus></To><RunTime>PT66S</RunTime></JourneyPatternTimingLink><JourneyPatternTimingLink id="JPL_60674c_H_2_25"><From SequenceNumber="26"><StopPointRef>490015118W</StopPointRef><TimingStatus>PTP</TimingStatus></From><To SequenceNumber="27"><StopPointRef>490013482W</StopPointRef><TimingStatus>PTP</TimingStatus></To><RunTime>PT66S</RunTime></JourneyPatternTimingLink><JourneyPatternTimingLink id="JPL_60674c_H_2_26"><From SequenceNumber="27"><StopPointRef>490013482W</StopPointRef><TimingStatus>PTP</TimingStatus></From><To SequenceNumber="28"><StopPointRef>490013483N</StopPointRef><TimingStatus>PTP</TimingStatus></To><RunTime>PT66S</RunTime></JourneyPatternTimingLink><JourneyPatternTimingLink id="JPL_60674c_H_2_27"><From SequenceNumber="28"><StopPointRef>490013483N</StopPointRef><TimingStatus>PTP</TimingStatus></From><To SequenceNumber="29"><StopPointRef>490015182X</StopPointRef><TimingStatus>PTP</TimingStatus></To><RunTime>PT72S</RunTime></JourneyPatternTimingLink></JourneyPatternSection><JourneyPatternSection id="JPS_60674c_R_1"><JourneyPatternTimingLink id="JPL_60674c_R_1_0"><From SequenceNumber="1"><StopPointRef>490001243Y</StopPointRef><TimingStatus>PTP</TimingStatus></From><To SequenceNumber="2"><StopPointRef>490013654S</StopPointRef><TimingStatus>PTP</TimingStatus></To><RunTime>PT48S</RunTime></JourneyPatternTimingLink><JourneyPatternTimingLink id="JPL_60674c_R_1_1"><From SequenceNumber="2"><StopPointRef>490013654S</StopPointRef><TimingStatus>PTP</TimingStatus></From><To SequenceNumber="3"><StopPointRef>490013482E</StopPointRef><TimingStatus>PTP</TimingStatus></To><RunTime>PT48S</RunTime></JourneyPatternTimingLink><JourneyPatternTimingLink id="JPL_60674c_R_1_2"><From SequenceNumber="3"><StopPointRef>490013482E</StopPointRef><TimingStatus>PTP</TimingStatus></From><To SequenceNumber="4"><StopPointRef>490015118E</StopPointRef><TimingStatus>PTP</TimingStatus></To><RunTime>PT48S</RunTime></JourneyPatternTimingLink><JourneyPatternTimingLink id="JPL_60674c_R_1_3"><From SequenceNumber="4"><StopPointRef>490015118E</StopPointRef><TimingStatus>PTP</TimingStatus></From><To SequenceNumber="5"><StopPointRef>490011214E</StopPointRef><TimingStatus>PTP</TimingStatus></To><RunTime>PT48S</RunTime></JourneyPatternTimingLink><JourneyPatternTimingLink id="JPL_60674c_R_1_4"><From SequenceNumber="5"><StopPointRef>490011214E</StopPointRef><TimingStatus>PTP</TimingStatus></From><To SequenceNumber="6"><StopPointRef>490006980E</StopPointRef><TimingStatus>PTP</TimingStatus></To><RunTime>PT48S</RunTime></JourneyPatternTimingLink><JourneyPatternTimingLink id="JPL_60674c_R_1_5"><From SequenceNumber="6"><StopPointRef>490006980E</StopPointRef><TimingStatus>PTP</TimingStatus></From><To SequenceNumber="7"><StopPointRef>490009496E</StopPointRef><TimingStatus>PTP</TimingStatus></To><RunTime>PT48S</RunTime></JourneyPatternTimingLink><JourneyPatternTimingLink id="JPL_60674c_R_1_6"><From SequenceNumber="7"><StopPointRef>490009496E</StopPointRef><TimingStatus>PTP</TimingStatus></From><To SequenceNumber="8"><StopPointRef>490011870N</StopPointRef><TimingStatus>PTP</TimingStatus></To><RunTime>PT48S</RunTime></JourneyPatternTimingLink><JourneyPatternTimingLink id="JPL_60674c_R_1_7"><From SequenceNumber="8"><StopPointRef>490011870N</StopPointRef><TimingStatus>PTP</TimingStatus></From><To SequenceNumber="9"><StopPointRef>490003559N</StopPointRef><TimingStatus>PTP</TimingStatus></To><RunTime>PT48S</RunTime></JourneyPatternTimingLink><JourneyPatternTimingLink id="JPL_60674c_R_1_8"><From SequenceNumber="9"><StopPointRef>490003559N</StopPointRef><TimingStatus>PTP</TimingStatus></From><To SequenceNumber="10"><StopPointRef>490001115B</StopPointRef><TimingStatus>PTP</TimingStatus></To><RunTime>PT96S</RunTime></JourneyPatternTimingLink><JourneyPatternTimingLink id="JPL_60674c_R_1_9"><From SequenceNumber="10"><StopPointRef>490001115B</StopPointRef><TimingStatus>PTP</TimingStatus></From><To SequenceNumber="11"><StopPointRef>490006270N</StopPointRef><TimingStatus>PTP</TimingStatus></To><RunTime>PT66S</RunTime></JourneyPatternTimingLink><JourneyPatternTimingLink id="JPL_60674c_R_1_10"><From SequenceNumber="11"><StopPointRef>490006270N</StopPointRef><TimingStatus>PTP</TimingStatus></From><To SequenceNumber="12"><StopPointRef>490011766N</StopPointRef><TimingStatus>PTP</TimingStatus></To><RunTime>PT66S</RunTime></JourneyPatternTimingLink><JourneyPatternTimingLink id="JPL_60674c_R_1_11"><From SequenceNumber="12"><StopPointRef>490011766N</StopPointRef><TimingStatus>PTP</TimingStatus></From><To SequenceNumber="13"><StopPointRef>490003835N</StopPointRef><TimingStatus>PTP</TimingStatus></To><RunTime>PT66S</RunTime></JourneyPatternTimingLink><JourneyPatternTimingLink id="JPL_60674c_R_1_12"><From SequenceNumber="13"><StopPointRef>490003835N</StopPointRef><TimingStatus>PTP</TimingStatus></From><To SequenceNumber="14"><StopPointRef>490014445N</StopPointRef><TimingStatus>PTP</TimingStatus></To><RunTime>PT66S</RunTime></JourneyPatternTimingLink><JourneyPatternTimingLink id="JPL_60674c_R_1_13"><From SequenceNumber="14"><StopPointRef>490014445N</StopPointRef><TimingStatus>PTP</TimingStatus></From><To SequenceNumber="15"><StopPointRef>490013930E</StopPointRef><TimingStatus>PTP</TimingStatus></To><RunTime>PT66S</RunTime></JourneyPatternTimingLink><JourneyPatternTimingLink id="JPL_60674c_R_1_14"><From SequenceNumber="15"><StopPointRef>490013930E</StopPointRef><TimingStatus>PTP</TimingStatus></From><To SequenceNumber="16"><StopPointRef>490007095N1</StopPointRef><TimingStatus>PTP</TimingStatus></To><RunTime>PT90S</RunTime></JourneyPatternTimingLink><JourneyPatternTimingLink id="JPL_60674c_R_1_15"><From SequenceNumber="16"><StopPointRef>490007095N1</StopPointRef><TimingStatus>PTP</TimingStatus></From><To SequenceNumber="17"><StopPointRef>490006738N</StopPointRef><TimingStatus>PTP</TimingStatus></To><RunTime>PT42S</RunTime></JourneyPatternTimingLink><JourneyPatternTimingLink id="JPL_60674c_R_1_16"><From SequenceNumber="17"><StopPointRef>490006738N</StopPointRef><TimingStatus>PTP</TimingStatus></From><To SequenceNumber="18"><StopPointRef>490008036N</StopPointRef><TimingStatus>PTP</TimingStatus></To><RunTime>PT42S</RunTime></JourneyPatternTimingLink><JourneyPatternTimingLink id="JPL_60674c_R_1_17"><From SequenceNumber="18"><StopPointRef>490008036N</StopPointRef><TimingStatus>PTP</TimingStatus></From><To SequenceNumber="19"><StopPointRef>490010143N</StopPointRef><TimingStatus>PTP</TimingStatus></To><RunTime>PT42S</RunTime></JourneyPatternTimingLink><JourneyPatternTimingLink id="JPL_60674c_R_1_18"><From SequenceNumber="19"><StopPointRef>490010143N</StopPointRef><TimingStatus>PTP</TimingStatus></From><To SequenceNumber="20"><StopPointRef>490007354N</StopPointRef><TimingStatus>PTP</TimingStatus></To><RunTime>PT42S</RunTime></JourneyPatternTimingLink><JourneyPatternTimingLink id="JPL_60674c_R_1_19"><From SequenceNumber="20"><StopPointRef>490007354N</StopPointRef><TimingStatus>PTP</TimingStatus></From><To SequenceNumber="21"><StopPointRef>490012895E</StopPointRef><TimingStatus>PTP</TimingStatus></To><RunTime>PT42S</RunTime></JourneyPatternTimingLink><JourneyPatternTimingLink id="JPL_60674c_R_1_20"><From SequenceNumber="21"><StopPointRef>490012895E</StopPointRef><TimingStatus>PTP</TimingStatus></From><To SequenceNumber="22"><StopPointRef>490004992E</StopPointRef><TimingStatus>PTP</TimingStatus></To><RunTime>PT42S</RunTime></JourneyPatternTimingLink><JourneyPatternTimingLink id="JPL_60674c_R_1_21"><From SequenceNumber="22"><StopPointRef>490004992E</StopPointRef><TimingStatus>PTP</TimingStatus></From><To SequenceNumber="23"><StopPointRef>490006762E</StopPointRef><TimingStatus>PTP</TimingStatus></To><RunTime>PT42S</RunTime></JourneyPatternTimingLink><JourneyPatternTimingLink id="JPL_60674c_R_1_22"><From SequenceNumber="23"><StopPointRef>490006762E</StopPointRef><TimingStatus>PTP</TimingStatus></From><To SequenceNumber="24"><StopPointRef>490005187E</StopPointRef><TimingStatus>PTP</TimingStatus></To><RunTime>PT66S</RunTime></JourneyPatternTimingLink><JourneyPatternTimingLink id="JPL_60674c_R_1_23"><From SequenceNumber="24"><StopPointRef>490005187E</StopPointRef><TimingStatus>PTP</TimingStatus></From><To SequenceNumber="25"><StopPointRef>490004473E</StopPointRef><TimingStatus>PTP</TimingStatus></To><RunTime>PT36S</RunTime></JourneyPatternTimingLink><JourneyPatternTimingLink id="JPL_60674c_R_1_24"><From SequenceNumber="25"><StopPointRef>490004473E</StopPointRef><TimingStatus>PTP</TimingStatus></From><To SequenceNumber="26"><StopPointRef>490007799E</StopPointRef><TimingStatus>PTP</TimingStatus></To><RunTime>PT36S</RunTime></JourneyPatternTimingLink><JourneyPatternTimingLink id="JPL_60674c_R_1_25"><From SequenceNumber="26"><StopPointRef>490007799E</StopPointRef><TimingStatus>PTP</TimingStatus></From><To SequenceNumber="27"><StopPointRef>490011971DD</StopPointRef><TimingStatus>PTP</TimingStatus></To><RunTime>PT36S</RunTime></JourneyPatternTimingLink><JourneyPatternTimingLink id="JPL_60674c_R_1_26"><From SequenceNumber="27"><StopPointRef>490011971DD</StopPointRef><TimingStatus>PTP</TimingStatus></From><To SequenceNumber="28"><StopPointRef>490014650S</StopPointRef><TimingStatus>PTP</TimingStatus></To><RunTime>PT36S</RunTime></JourneyPatternTimingLink><JourneyPatternTimingLink id="JPL_60674c_R_1_27"><From SequenceNumber="28"><StopPointRef>490014650S</StopPointRef><TimingStatus>PTP</TimingStatus></From><To SequenceNumber="29"><StopPointRef>490011492S</StopPointRef><TimingStatus>PTP</TimingStatus></To><RunTime>PT36S</RunTime></JourneyPatternTimingLink><JourneyPatternTimingLink id="JPL_60674c_R_1_28"><From SequenceNumber="29"><StopPointRef>490011492S</StopPointRef><TimingStatus>PTP</TimingStatus></From><To SequenceNumber="30"><StopPointRef>490018347S</StopPointRef><TimingStatus>PTP</TimingStatus></To><RunTime>PT36S</RunTime></JourneyPatternTimingLink><JourneyPatternTimingLink id="JPL_60674c_R_1_29"><From SequenceNumber="30"><StopPointRef>490018347S</StopPointRef><TimingStatus>PTP</TimingStatus></From><To SequenceNumber="31"><StopPointRef>490012819E</StopPointRef><TimingStatus>PTP</TimingStatus></To><RunTime>PT36S</RunTime></JourneyPatternTimingLink><JourneyPatternTimingLink id="JPL_60674c_R_1_30"><From SequenceNumber="31"><StopPointRef>490012819E</StopPointRef><TimingStatus>PTP</TimingStatus></From><To SequenceNumber="32"><StopPointRef>490013159E</StopPointRef><TimingStatus>PTP</TimingStatus></To><RunTime>PT36S</RunTime></JourneyPatternTimingLink><JourneyPatternTimingLink id="JPL_60674c_R_1_31"><From SequenceNumber="32"><StopPointRef>490013159E</StopPointRef><TimingStatus>PTP</TimingStatus></From><To SequenceNumber="33"><StopPointRef>490005929N</StopPointRef><TimingStatus>PTP</TimingStatus></To><RunTime>PT72S</RunTime></JourneyPatternTimingLink></JourneyPatternSection></JourneyPatternSections><Operators><Operator id="OId_BE"><OperatorCode>BE</OperatorCode><OperatorShortName>BE</OperatorShortName><OperatorNameOnLicence>BE</OperatorNameOnLicence><TradingName>BE</TradingName></Operator></Operators><Services><Service><ServiceCode>SId_60674c0</ServiceCode><PrivateCode>60674c0</PrivateCode><Lines><Line id="LId_60674c0"><LineName>674</LineName></Line></Lines><OperatingPeriod><StartDate>2009-12-01</StartDate><EndDate>2010-12-23</EndDate></OperatingPeriod><OperatingProfile><RegularDayType>
					<DaysOfWeek>
						<MondayToFriday/>
					</DaysOfWeek>
				</RegularDayType>
				<BankHolidayOperation><DaysOfNonOperation><AllBankHolidays></AllBankHolidays></DaysOfNonOperation></BankHolidayOperation></OperatingProfile><RegisteredOperatorRef>OId_BE</RegisteredOperatorRef><StopRequirements><NoNewStopsRequired/></StopRequirements><StandardService><Origin>Dagnam Park Square (RM3)</Origin><Destination>Romford</Destination><JourneyPattern id="JP_60674c_H0_2"><Direction>outbound</Direction><Operational><VehicleType><VehicleTypeCode>08</VehicleTypeCode><Description>Double Decker Low Floor+Wheelchair</Description></VehicleType></Operational><RouteRef>R_60674c_H_1</RouteRef><JourneyPatternSectionRefs>JPS_60674c_H_2</JourneyPatternSectionRefs></JourneyPattern><JourneyPattern id="JP_60674c_R0_1"><Direction>inbound</Direction><Operational><VehicleType><VehicleTypeCode>08</VehicleTypeCode><Description>Double Decker Low Floor+Wheelchair</Description></VehicleType></Operational><RouteRef>R_60674c_R_2</RouteRef><JourneyPatternSectionRefs>JPS_60674c_R_1</JourneyPatternSectionRefs></JourneyPattern></StandardService></Service></Services><VehicleJourneys><VehicleJourney><PrivateCode>60674cc0H6740001</PrivateCode><Operational><VehicleType><VehicleTypeCode>08</VehicleTypeCode><Description>Double Decker Low Floor+Wheelchair</Description></VehicleType></Operational><OperatingProfile><RegularDayType>
					<DaysOfWeek>
						<MondayToFriday/>
					</DaysOfWeek>
				</RegularDayType>
			</OperatingProfile><VehicleJourneyCode>60674cc0H6740001</VehicleJourneyCode><ServiceRef>SId_60674c0</ServiceRef><LineRef>LId_60674c0</LineRef><JourneyPatternRef>JP_60674c_H0_2</JourneyPatternRef><DepartureTime>08:00:00</DepartureTime></VehicleJourney><VehicleJourney><PrivateCode>60674cc0R6740002</PrivateCode><Operational><VehicleType><VehicleTypeCode>08</VehicleTypeCode><Description>Double Decker Low Floor+Wheelchair</Description></VehicleType></Operational><OperatingProfile><RegularDayType>
					<DaysOfWeek>
						<MondayToFriday/>
					</DaysOfWeek>
				</RegularDayType>
			</OperatingProfile><VehicleJourneyCode>60674cc0R6740002</VehicleJourneyCode><ServiceRef>SId_60674c0</ServiceRef><LineRef>LId_60674c0</LineRef><JourneyPatternRef>JP_60674c_R0_1</JourneyPatternRef><DepartureTime>15:10:00</DepartureTime></VehicleJourney></VehicleJourneys></TransXChange>
