<?xml version="1.0" encoding="UTF-8"?>
<TransXChange CreationDateTime="2010-10-28T09:12:43" ModificationDateTime="2010-10-28T09:12:43" Modification="new" FileName="G:\mentzdv\Datastore\output_txc_51359f.xml" RevisionNumber="0" SchemaVersion="2.1" xmlns:xsi="http://www.w3.org/2001/XMLSchema-instance" xsi:schemaLocation="http://www.transxchange.org.uk/ http://www.transxchange.org.uk/schema/2.1/TransXChange_general.xsd" xmlns="http://www.transxchange.org.uk/" xmlns:n1="http://www.transxchange.org.uk/" xmlns:n2="http://www.govtalk.gov.uk/people/AddressAndPersonalDetails" xmlns:n3="http://www.govtalk.gov.uk/core" xmlns:n4="http://www.govtalk.gov.uk/people/bs7666"><StopPoints><AnnotatedStopPointRef><StopPointRef>490011990N</StopPointRef><CommonName>Selsdon Library (CR2)</CommonName><Indicator>stop B</Indicator><LocalityName>Selsdon/South Croydon</LocalityName><LocalityQualifier>Greater London</LocalityQualifier></AnnotatedStopPointRef><AnnotatedStopPointRef><StopPointRef>490011989E</StopPointRef><CommonName>Old Farleigh Road</CommonName><Indicator>stop L</Indicator><LocalityName>Selsdon/South Croydon</LocalityName><LocalityQualifier>Greater London</LocalityQualifier></AnnotatedStopPointRef><AnnotatedStopPointRef><StopPointRef>490011988E</StopPointRef><CommonName>Selsdon Crescent</CommonName><Indicator>stop M</Indicator><LocalityName>Selsdon/South Croydon</LocalityName><LocalityQualifier>Greater London</LocalityQualifier></AnnotatedStopPointRef><AnnotatedStopPointRef><StopPointRef>490008836E</StopPointRef><CommonName>Selsdon Primary School (CR2)</CommonName><Indicator>stop N</Indicator><LocalityName>Selsdon/South Croydon</LocalityName><LocalityQualifier>Greater London</LocalityQualifier></AnnotatedStopPointRef><AnnotatedStopPointRef><StopPointRef>490003426W</StopPointRef><CommonName>Ashen Vale</CommonName><Indicator>stop Q</Indicator><LocalityName>Selsdon/South Croydon</LocalityName><LocalityQualifier>Greater London</LocalityQualifier></AnnotatedStopPointRef><AnnotatedStopPointRef><StopPointRef>490009977N</StopPointRef><CommonName>Pixton Way / Monks Hill</CommonName><Indicator>stop N</Indicator><LocalityName>Forestdale</LocalityName><LocalityQualifier>Greater London</LocalityQualifier></AnnotatedStopPointRef><AnnotatedStopPointRef><StopPointRef>490008570N</StopPointRef><CommonName>Farnborough Crescent (CR2)</CommonName><Indicator>stop X</Indicator><LocalityName>Forestdale</LocalityName><LocalityQualifier>Greater London</LocalityQualifier></AnnotatedStopPointRef><AnnotatedStopPointRef><StopPointRef>490008001N2</StopPointRef><CommonName>Lomond Gardens (CR2)</CommonName><Indicator>stop Y</Indicator><LocalityName>Forestdale</LocalityName><LocalityQualifier>Greater London</LocalityQualifier></AnnotatedStopPointRef><AnnotatedStopPointRef><StopPointRef>490004364W</StopPointRef><CommonName>Heathfield Vale / Broadcoombe</CommonName><Indicator>stop W</Indicator><LocalityName>Selsdon/South Croydon</LocalityName><LocalityQualifier>Greater London</LocalityQualifier></AnnotatedStopPointRef><AnnotatedStopPointRef><StopPointRef>490007006N</StopPointRef><CommonName>Freelands Avenue (CR2)</CommonName><Indicator>stop N</Indicator><LocalityName>Selsdon/South Croydon</LocalityName><LocalityQualifier>Greater London</LocalityQualifier></AnnotatedStopPointRef><AnnotatedStopPointRef><StopPointRef>490018696W</StopPointRef><CommonName>Shepherds Way</CommonName><Indicator>stop W</Indicator><LocalityName>Selsdon/South Croydon</LocalityName><LocalityQualifier>Greater London</LocalityQualifier></AnnotatedStopPointRef><AnnotatedStopPointRef><StopPointRef>490012685S</StopPointRef><CommonName>St Francis Church</CommonName><Indicator>stop S</Indicator><LocalityName>Selsdon/South Croydon</LocalityName><LocalityQualifier>Greater London</LocalityQualifier></AnnotatedStopPointRef><AnnotatedStopPointRef><StopPointRef>490006418S</StopPointRef><CommonName>Edgecoombe (CR2)</CommonName><Indicator>stop S</Indicator><LocalityName>Selsdon/South Croydon</LocalityName><LocalityQualifier>Greater London</LocalityQualifier></AnnotatedStopPointRef><AnnotatedStopPointRef><StopPointRef>490018541S</StopPointRef><CommonName>Heather Way</CommonName><Indicator>stop S</Indicator><LocalityName>Selsdon/South Croydon</LocalityName><LocalityQualifier>Greater London</LocalityQualifier></AnnotatedStopPointRef><AnnotatedStopPointRef><StopPointRef>490004364E</StopPointRef><CommonName>Heathfield Vale / Broadcoombe</CommonName><Indicator>stop E</Indicator><LocalityName>Selsdon/South Croydon</LocalityName><LocalityQualifier>Greater London</LocalityQualifier></AnnotatedStopPointRef><AnnotatedStopPointRef><StopPointRef>490008001N1</StopPointRef><CommonName>Heathfield Vale/Farnborough Av</CommonName><Indicator>stop Z</Indicator><LocalityName>Forestdale</LocalityName><LocalityQualifier>Greater London</LocalityQualifier></AnnotatedStopPointRef><AnnotatedStopPointRef><StopPointRef>490008570E</StopPointRef><CommonName>John Ruskin College (CR2)</CommonName><Indicator>stop A</Indicator><LocalityName>Forestdale</LocalityName><LocalityQualifier>Greater London</LocalityQualifier></AnnotatedStopPointRef><AnnotatedStopPointRef><StopPointRef>490002041N1</StopPointRef><CommonName>Addington Park</CommonName><Indicator>stop B</Indicator><LocalityName>Forestdale</LocalityName><LocalityQualifier>Greater London</LocalityQualifier></AnnotatedStopPointRef><AnnotatedStopPointRef><StopPointRef>490003101E</StopPointRef><CommonName>Addington Village Interchange</CommonName><Indicator>stop E</Indicator><LocalityName>Addington</LocalityName><LocalityQualifier>Greater London</LocalityQualifier></AnnotatedStopPointRef><AnnotatedStopPointRef><StopPointRef>490003101C</StopPointRef><CommonName>Addington Village Interchange</CommonName><Indicator>stop C</Indicator><LocalityName>Addington</LocalityName><LocalityQualifier>Greater London</LocalityQualifier></AnnotatedStopPointRef><AnnotatedStopPointRef><StopPointRef>490002041S1</StopPointRef><CommonName>Addington Park</CommonName><Indicator>stop G</Indicator><LocalityName>Forestdale</LocalityName><LocalityQualifier>Greater London</LocalityQualifier></AnnotatedStopPointRef><AnnotatedStopPointRef><StopPointRef>490006771W</StopPointRef><CommonName>Featherbed Lane (CR0)</CommonName><Indicator>stop H</Indicator><LocalityName>Forestdale</LocalityName><LocalityQualifier>Greater London</LocalityQualifier></AnnotatedStopPointRef><AnnotatedStopPointRef><StopPointRef>490018697S</StopPointRef><CommonName>Tedder Road</CommonName><Indicator>stop S</Indicator><LocalityName>Selsdon/South Croydon</LocalityName><LocalityQualifier>Greater London</LocalityQualifier></AnnotatedStopPointRef><AnnotatedStopPointRef><StopPointRef>490009977W</StopPointRef><CommonName>Pixton Way / Monks Hill</CommonName><Indicator>stop W</Indicator><LocalityName>Forestdale</LocalityName><LocalityQualifier>Greater London</LocalityQualifier></AnnotatedStopPointRef><AnnotatedStopPointRef><StopPointRef>490015381W</StopPointRef><CommonName>Pixton Way / Selsdon Park Road</CommonName><Indicator>stop W</Indicator><LocalityName>Selsdon/South Croydon</LocalityName><LocalityQualifier>Greater London</LocalityQualifier></AnnotatedStopPointRef><AnnotatedStopPointRef><StopPointRef>490008836W</StopPointRef><CommonName>Selsdon Primary School (CR2)</CommonName><Indicator>stop P</Indicator><LocalityName>Selsdon/South Croydon</LocalityName><LocalityQualifier>Greater London</LocalityQualifier></AnnotatedStopPointRef><AnnotatedStopPointRef><StopPointRef>490011988W</StopPointRef><CommonName>Selsdon Crescent</CommonName><Indicator>stop R</Indicator><LocalityName>Selsdon/South Croydon</LocalityName><LocalityQualifier>Greater London</LocalityQualifier></AnnotatedStopPointRef><AnnotatedStopPointRef><StopPointRef>490011989W1</StopPointRef><CommonName>Old Farleigh Road</CommonName><Indicator>stop S</Indicator><LocalityName>Selsdon/South Croydon</LocalityName><LocalityQualifier>Greater London</LocalityQualifier></AnnotatedStopPointRef></StopPoints><RouteSections><RouteSection id="RS_51359f_H_1"><RouteLink id="RL_RS_51359f_H_1_0"><From><StopPointRef>490011990N</StopPointRef></From><To><StopPointRef>490011989E</StopPointRef></To><Direction>outbound</Direction></RouteLink><RouteLink id="RL_RS_51359f_H_1_1"><From><StopPointRef>490011989E</StopPointRef></From><To><StopPointRef>490011988E</StopPointRef></To><Direction>outbound</Direction></RouteLink><RouteLink id="RL_RS_51359f_H_1_2"><From><StopPointRef>490011988E</StopPointRef></From><To><StopPointRef>490008836E</StopPointRef></To><Direction>outbound</Direction></RouteLink><RouteLink id="RL_RS_51359f_H_1_3"><From><StopPointRef>490008836E</StopPointRef></From><To><StopPointRef>490003426W</StopPointRef></To><Direction>outbound</Direction></RouteLink><RouteLink id="RL_RS_51359f_H_1_4"><From><StopPointRef>490003426W</StopPointRef></From><To><StopPointRef>490009977N</StopPointRef></To><Direction>outbound</Direction></RouteLink><RouteLink id="RL_RS_51359f_H_1_5"><From><StopPointRef>490009977N</StopPointRef></From><To><StopPointRef>490008570N</StopPointRef></To><Direction>outbound</Direction></RouteLink><RouteLink id="RL_RS_51359f_H_1_6"><From><StopPointRef>490008570N</StopPointRef></From><To><StopPointRef>490008001N2</StopPointRef></To><Direction>outbound</Direction></RouteLink><RouteLink id="RL_RS_51359f_H_1_7"><From><StopPointRef>490008001N2</StopPointRef></From><To><StopPointRef>490004364W</StopPointRef></To><Direction>outbound</Direction></RouteLink><RouteLink id="RL_RS_51359f_H_1_8"><From><StopPointRef>490004364W</StopPointRef></From><To><StopPointRef>490007006N</StopPointRef></To><Direction>outbound</Direction></RouteLink><RouteLink id="RL_RS_51359f_H_1_9"><From><StopPointRef>490007006N</StopPointRef></From><To><StopPointRef>490018696W</StopPointRef></To><Direction>outbound</Direction></RouteLink><RouteLink id="RL_RS_51359f_H_1_10"><From><StopPointRef>490018696W</StopPointRef></From><To><StopPointRef>490012685S</StopPointRef></To><Direction>outbound</Direction></RouteLink><RouteLink id="RL_RS_51359f_H_1_11"><From><StopPointRef>490012685S</StopPointRef></From><To><StopPointRef>490006418S</StopPointRef></To><Direction>outbound</Direction></RouteLink><RouteLink id="RL_RS_51359f_H_1_12"><From><StopPointRef>490006418S</StopPointRef></From><To><StopPointRef>490018541S</StopPointRef></To><Direction>outbound</Direction></RouteLink><RouteLink id="RL_RS_51359f_H_1_13"><From><StopPointRef>490018541S</StopPointRef></From><To><StopPointRef>490004364E</StopPointRef></To><Direction>outbound</Direction></RouteLink><RouteLink id="RL_RS_51359f_H_1_14"><From><StopPointRef>490004364E</StopPointRef></From><To><StopPointRef>490008001N1</StopPointRef></To><Direction>outbound</Direction></RouteLink><RouteLink id="RL_RS_51359f_H_1_15"><From><StopPointRef>490008001N1</StopPointRef></From><To><StopPointRef>490008570E</StopPointRef></To><Direction>outbound</Direction></RouteLink><RouteLink id="RL_RS_51359f_H_1_16"><From><StopPointRef>490008570E</StopPointRef></From><To><StopPointRef>490002041N1</StopPointRef></To><Direction>outbound</Direction></RouteLink><RouteLink id="RL_RS_51359f_H_1_17"><From><StopPointRef>490002041N1</StopPointRef></From><To><StopPointRef>490003101E</StopPointRef></To><Direction>outbound</Direction></RouteLink></RouteSection><RouteSection id="RS_51359f_R_2"><RouteLink id="RL_RS_51359f_R_2_0"><From><StopPointRef>490003101C</StopPointRef></From><To><StopPointRef>490002041S1</StopPointRef></To><Direction>inbound</Direction></RouteLink><RouteLink id="RL_RS_51359f_R_2_1"><From><StopPointRef>490002041S1</StopPointRef></From><To><StopPointRef>490006771W</StopPointRef></To><Direction>inbound</Direction></RouteLink><RouteLink id="RL_RS_51359f_R_2_2"><From><StopPointRef>490006771W</StopPointRef></From><To><StopPointRef>490008570N</StopPointRef></To><Direction>inbound</Direction></RouteLink><RouteLink id="RL_RS_51359f_R_2_3"><From><StopPointRef>490008570N</StopPointRef></From><To><StopPointRef>490008001N2</StopPointRef></To><Direction>inbound</Direction></RouteLink><RouteLink id="RL_RS_51359f_R_2_4"><From><StopPointRef>490008001N2</StopPointRef></From><To><StopPointRef>490004364W</StopPointRef></To><Direction>inbound</Direction></RouteLink><RouteLink id="RL_RS_51359f_R_2_5"><From><StopPointRef>490004364W</StopPointRef></From><To><StopPointRef>490007006N</StopPointRef></To><Direction>inbound</Direction></RouteLink><RouteLink id="RL_RS_51359f_R_2_6"><From><StopPointRef>490007006N</StopPointRef></From><To><StopPointRef>490012685S</StopPointRef></To><Direction>inbound</Direction></RouteLink><RouteLink id="RL_RS_51359f_R_2_7"><From><StopPointRef>490012685S</StopPointRef></From><To><StopPointRef>490018697S</StopPointRef></To><Direction>inbound</Direction></RouteLink><RouteLink id="RL_RS_51359f_R_2_8"><From><StopPointRef>490018697S</StopPointRef></From><To><StopPointRef>490006418S</StopPointRef></To><Direction>inbound</Direction></RouteLink><RouteLink id="RL_RS_51359f_R_2_9"><From><StopPointRef>490006418S</StopPointRef></From><To><StopPointRef>490018541S</StopPointRef></To><Direction>inbound</Direction></RouteLink><RouteLink id="RL_RS_51359f_R_2_10"><From><StopPointRef>490018541S</StopPointRef></From><To><StopPointRef>490004364E</StopPointRef></To><Direction>inbound</Direction></RouteLink><RouteLink id="RL_RS_51359f_R_2_11"><From><StopPointRef>490004364E</StopPointRef></From><To><StopPointRef>490008001N1</StopPointRef></To><Direction>inbound</Direction></RouteLink><RouteLink id="RL_RS_51359f_R_2_12"><From><StopPointRef>490008001N1</StopPointRef></From><To><StopPointRef>490009977W</StopPointRef></To><Direction>inbound</Direction></RouteLink><RouteLink id="RL_RS_51359f_R_2_13"><From><StopPointRef>490009977W</StopPointRef></From><To><StopPointRef>490015381W</StopPointRef></To><Direction>inbound</Direction></RouteLink><RouteLink id="RL_RS_51359f_R_2_14"><From><StopPointRef>490015381W</StopPointRef></From><To><StopPointRef>490008836W</StopPointRef></To><Direction>inbound</Direction></RouteLink><RouteLink id="RL_RS_51359f_R_2_15"><From><StopPointRef>490008836W</StopPointRef></From><To><StopPointRef>490011988W</StopPointRef></To><Direction>inbound</Direction></RouteLink><RouteLink id="RL_RS_51359f_R_2_16"><From><StopPointRef>490011988W</StopPointRef></From><To><StopPointRef>490011989W1</StopPointRef></To><Direction>inbound</Direction></RouteLink><RouteLink id="RL_RS_51359f_R_2_17"><From><StopPointRef>490011989W1</StopPointRef></From><To><StopPointRef>490011990N</StopPointRef></To><Direction>inbound</Direction></RouteLink></RouteSection></RouteSections><Routes><Route id="R_51359f_H_1"><PrivateCode>R_51359f_H_1</PrivateCode><Description>Selsdon Library (CR2) - Addington Village Interchange</Description><RouteSectionRef>RS_51359f_H_1</RouteSectionRef></Route><Route id="R_51359f_R_2"><PrivateCode>R_51359f_R_2</PrivateCode><Description>Addington Village Interchange - Selsdon Library (CR2)</Description><RouteSectionRef>RS_51359f_R_2</RouteSectionRef></Route></Routes><JourneyPatternSections><JourneyPatternSection id="JPS_51359f_H_1"><JourneyPatternTimingLink id="JPL_51359f_H_1_0"><From SequenceNumber="1"><StopPointRef>490011990N</StopPointRef><TimingStatus>PTP</TimingStatus></From><To SequenceNumber="2"><StopPointRef>490011989E</StopPointRef><TimingStatus>PTP</TimingStatus></To><RunTime>PT36S</RunTime></JourneyPatternTimingLink><JourneyPatternTimingLink id="JPL_51359f_H_1_1"><From SequenceNumber="2"><StopPointRef>490011989E</StopPointRef><TimingStatus>PTP</TimingStatus></From><To SequenceNumber="3"><StopPointRef>490011988E</StopPointRef><TimingStatus>PTP</TimingStatus></To><RunTime>PT36S</RunTime></JourneyPatternTimingLink><JourneyPatternTimingLink id="JPL_51359f_H_1_2"><From SequenceNumber="3"><StopPointRef>490011988E</StopPointRef><TimingStatus>PTP</TimingStatus></From><To SequenceNumber="4"><StopPointRef>490008836E</StopPointRef><TimingStatus>PTP</TimingStatus></To><RunTime>PT36S</RunTime></JourneyPatternTimingLink><JourneyPatternTimingLink id="JPL_51359f_H_1_3"><From SequenceNumber="4"><StopPointRef>490008836E</StopPointRef><TimingStatus>PTP</TimingStatus></From><To SequenceNumber="5"><StopPointRef>490003426W</StopPointRef><TimingStatus>PTP</TimingStatus></To><RunTime>PT36S</RunTime></JourneyPatternTimingLink><JourneyPatternTimingLink id="JPL_51359f_H_1_4"><From SequenceNumber="5"><StopPointRef>490003426W</StopPointRef><TimingStatus>PTP</TimingStatus></From><To SequenceNumber="6"><StopPointRef>490009977N</StopPointRef><TimingStatus>PTP</TimingStatus></To><RunTime>PT36S</RunTime></JourneyPatternTimingLink><JourneyPatternTimingLink id="JPL_51359f_H_1_5"><From SequenceNumber="6"><StopPointRef>490009977N</StopPointRef><TimingStatus>PTP</TimingStatus></From><To SequenceNumber="7"><StopPointRef>490008570N</StopPointRef><TimingStatus>PTP</TimingStatus></To><RunTime>PT36S</RunTime></JourneyPatternTimingLink><JourneyPatternTimingLink id="JPL_51359f_H_1_6"><From SequenceNumber="7"><StopPointRef>490008570N</StopPointRef><TimingStatus>PTP</TimingStatus></From><To SequenceNumber="8"><StopPointRef>490008001N2</StopPointRef><TimingStatus>PTP</TimingStatus></To><RunTime>PT36S</RunTime></JourneyPatternTimingLink><JourneyPatternTimingLink id="JPL_51359f_H_1_7"><From SequenceNumber="8"><StopPointRef>490008001N2</StopPointRef><TimingStatus>PTP</TimingStatus></From><To SequenceNumber="9"><StopPointRef>490004364W</StopPointRef><TimingStatus>PTP</TimingStatus></To><RunTime>PT36S</RunTime></JourneyPatternTimingLink><JourneyPatternTimingLink id="JPL_51359f_H_1_8"><From SequenceNumber="9"><StopPointRef>490004364W</StopPointRef><TimingStatus>PTP</TimingStatus></From><To SequenceNumber="10"><StopPointRef>490007006N</StopPointRef><TimingStatus>PTP</TimingStatus></To><RunTime>PT36S</RunTime></JourneyPatternTimingLink><JourneyPatternTimingLink id="JPL_51359f_H_1_9"><From SequenceNumber="10"><StopPointRef>490007006N</StopPointRef><TimingStatus>PTP</TimingStatus></From><To SequenceNumber="11"><StopPointRef>490018696W</StopPointRef><TimingStatus>PTP</TimingStatus></To><RunTime>PT36S</RunTime></JourneyPatternTimingLink><JourneyPatternTimingLink id="JPL_51359f_H_1_10"><From SequenceNumber="11"><StopPointRef>490018696W</StopPointRef><TimingStatus>PTP</TimingStatus></From><To SequenceNumber="12"><StopPointRef>490012685S</StopPointRef><TimingStatus>PTP</TimingStatus></To><RunTime>PT60S</RunTime></JourneyPatternTimingLink><JourneyPatternTimingLink id="JPL_51359f_H_1_11"><From SequenceNumber="12"><StopPointRef>490012685S</StopPointRef><TimingStatus>PTP</TimingStatus></From><To SequenceNumber="13"><StopPointRef>490006418S</StopPointRef><TimingStatus>PTP</TimingStatus></To><RunTime>PT30S</RunTime></JourneyPatternTimingLink><JourneyPatternTimingLink id="JPL_51359f_H_1_12"><From SequenceNumber="13"><StopPointRef>490006418S</StopPointRef><TimingStatus>PTP</TimingStatus></From><To SequenceNumber="14"><StopPointRef>490018541S</StopPointRef><TimingStatus>PTP</TimingStatus></To><RunTime>PT30S</RunTime></JourneyPatternTimingLink><JourneyPatternTimingLink id="JPL_51359f_H_1_13"><From SequenceNumber="14"><StopPointRef>490018541S</StopPointRef><TimingStatus>PTP</TimingStatus></From><To SequenceNumber="15"><StopPointRef>490004364E</StopPointRef><TimingStatus>PTP</TimingStatus></To><RunTime>PT30S</RunTime></JourneyPatternTimingLink><JourneyPatternTimingLink id="JPL_51359f_H_1_14"><From SequenceNumber="15"><StopPointRef>490004364E</StopPointRef><TimingStatus>PTP</TimingStatus></From><To SequenceNumber="16"><StopPointRef>490008001N1</StopPointRef><TimingStatus>PTP</TimingStatus></To><RunTime>PT30S</RunTime></JourneyPatternTimingLink><JourneyPatternTimingLink id="JPL_51359f_H_1_15"><From SequenceNumber="16"><StopPointRef>490008001N1</StopPointRef><TimingStatus>PTP</TimingStatus></From><To SequenceNumber="17"><StopPointRef>490008570E</StopPointRef><TimingStatus>PTP</TimingStatus></To><RunTime>PT30S</RunTime></JourneyPatternTimingLink><JourneyPatternTimingLink id="JPL_51359f_H_1_16"><From SequenceNumber="17"><StopPointRef>490008570E</StopPointRef><TimingStatus>PTP</TimingStatus></From><To SequenceNumber="18"><StopPointRef>490002041N1</StopPointRef><TimingStatus>PTP</TimingStatus></To><RunTime>PT30S</RunTime></JourneyPatternTimingLink><JourneyPatternTimingLink id="JPL_51359f_H_1_17"><From SequenceNumber="18"><StopPointRef>490002041N1</StopPointRef><TimingStatus>PTP</TimingStatus></From><To SequenceNumber="19"><StopPointRef>490003101E</StopPointRef><TimingStatus>PTP</TimingStatus></To><RunTime>PT120S</RunTime></JourneyPatternTimingLink></JourneyPatternSection><JourneyPatternSection id="JPS_51359f_R_1"><JourneyPatternTimingLink id="JPL_51359f_R_1_0"><From SequenceNumber="1"><StopPointRef>490003101C</StopPointRef><TimingStatus>PTP</TimingStatus></From><To SequenceNumber="2"><StopPointRef>490002041S1</StopPointRef><TimingStatus>PTP</TimingStatus></To><RunTime>PT120S</RunTime></JourneyPatternTimingLink><JourneyPatternTimingLink id="JPL_51359f_R_1_1"><From SequenceNumber="2"><StopPointRef>490002041S1</StopPointRef><TimingStatus>PTP</TimingStatus></From><To SequenceNumber="3"><StopPointRef>490006771W</StopPointRef><TimingStatus>PTP</TimingStatus></To><RunTime>PT36S</RunTime></JourneyPatternTimingLink><JourneyPatternTimingLink id="JPL_51359f_R_1_2"><From SequenceNumber="3"><StopPointRef>490006771W</StopPointRef><TimingStatus>PTP</TimingStatus></From><To SequenceNumber="4"><StopPointRef>490008570N</StopPointRef><TimingStatus>PTP</TimingStatus></To><RunTime>PT36S</RunTime></JourneyPatternTimingLink><JourneyPatternTimingLink id="JPL_51359f_R_1_3"><From SequenceNumber="4"><StopPointRef>490008570N</StopPointRef><TimingStatus>PTP</TimingStatus></From><To SequenceNumber="5"><StopPointRef>490008001N2</StopPointRef><TimingStatus>PTP</TimingStatus></To><RunTime>PT36S</RunTime></JourneyPatternTimingLink><JourneyPatternTimingLink id="JPL_51359f_R_1_4"><From SequenceNumber="5"><StopPointRef>490008001N2</StopPointRef><TimingStatus>PTP</TimingStatus></From><To SequenceNumber="6"><StopPointRef>490004364W</StopPointRef><TimingStatus>PTP</TimingStatus></To><RunTime>PT36S</RunTime></JourneyPatternTimingLink><JourneyPatternTimingLink id="JPL_51359f_R_1_5"><From SequenceNumber="6"><StopPointRef>490004364W</StopPointRef><TimingStatus>PTP</TimingStatus></From><To SequenceNumber="7"><StopPointRef>490007006N</StopPointRef><TimingStatus>PTP</TimingStatus></To><RunTime>PT36S</RunTime></JourneyPatternTimingLink><JourneyPatternTimingLink id="JPL_51359f_R_1_6"><From SequenceNumber="7"><StopPointRef>490007006N</StopPointRef><TimingStatus>PTP</TimingStatus></From><To SequenceNumber="8"><StopPointRef>490012685S</StopPointRef><TimingStatus>PTP</TimingStatus></To><RunTime>PT60S</RunTime></JourneyPatternTimingLink><JourneyPatternTimingLink id="JPL_51359f_R_1_7"><From SequenceNumber="8"><StopPointRef>490012685S</StopPointRef><TimingStatus>PTP</TimingStatus></From><To SequenceNumber="9"><StopPointRef>490018697S</StopPointRef><TimingStatus>PTP</TimingStatus></To><RunTime>PT30S</RunTime></JourneyPatternTimingLink><JourneyPatternTimingLink id="JPL_51359f_R_1_8"><From SequenceNumber="9"><StopPointRef>490018697S</StopPointRef><TimingStatus>PTP</TimingStatus></From><To SequenceNumber="10"><StopPointRef>490006418S</StopPointRef><TimingStatus>PTP</TimingStatus></To><RunTime>PT30S</RunTime></JourneyPatternTimingLink><JourneyPatternTimingLink id="JPL_51359f_R_1_9"><From SequenceNumber="10"><StopPointRef>490006418S</StopPointRef><TimingStatus>PTP</TimingStatus></From><To SequenceNumber="11"><StopPointRef>490018541S</StopPointRef><TimingStatus>PTP</TimingStatus></To><RunTime>PT30S</RunTime></JourneyPatternTimingLink><JourneyPatternTimingLink id="JPL_51359f_R_1_10"><From SequenceNumber="11"><StopPointRef>490018541S</StopPointRef><TimingStatus>PTP</TimingStatus></From><To SequenceNumber="12"><StopPointRef>490004364E</StopPointRef><TimingStatus>PTP</TimingStatus></To><RunTime>PT30S</RunTime></JourneyPatternTimingLink><JourneyPatternTimingLink id="JPL_51359f_R_1_11"><From SequenceNumber="12"><StopPointRef>490004364E</StopPointRef><TimingStatus>PTP</TimingStatus></From><To SequenceNumber="13"><StopPointRef>490008001N1</StopPointRef><TimingStatus>PTP</TimingStatus></To><RunTime>PT30S</RunTime></JourneyPatternTimingLink><JourneyPatternTimingLink id="JPL_51359f_R_1_12"><From SequenceNumber="13"><StopPointRef>490008001N1</StopPointRef><TimingStatus>PTP</TimingStatus></From><To SequenceNumber="14"><StopPointRef>490009977W</StopPointRef><TimingStatus>PTP</TimingStatus></To><RunTime>PT30S</RunTime></JourneyPatternTimingLink><JourneyPatternTimingLink id="JPL_51359f_R_1_13"><From SequenceNumber="14"><StopPointRef>490009977W</StopPointRef><TimingStatus>PTP</TimingStatus></From><To SequenceNumber="15"><StopPointRef>490015381W</StopPointRef><TimingStatus>PTP</TimingStatus></To><RunTime>PT30S</RunTime></JourneyPatternTimingLink><JourneyPatternTimingLink id="JPL_51359f_R_1_14"><From SequenceNumber="15"><StopPointRef>490015381W</StopPointRef><TimingStatus>PTP</TimingStatus></From><To SequenceNumber="16"><StopPointRef>490008836W</StopPointRef><TimingStatus>PTP</TimingStatus></To><RunTime>PT30S</RunTime></JourneyPatternTimingLink><JourneyPatternTimingLink id="JPL_51359f_R_1_15"><From SequenceNumber="16"><StopPointRef>490008836W</StopPointRef><TimingStatus>PTP</TimingStatus></From><To SequenceNumber="17"><StopPointRef>490011988W</StopPointRef><TimingStatus>PTP</TimingStatus></To><RunTime>PT30S</RunTime></JourneyPatternTimingLink><JourneyPatternTimingLink id="JPL_51359f_R_1_16"><From SequenceNumber="17"><StopPointRef>490011988W</StopPointRef><TimingStatus>PTP</TimingStatus></From><To SequenceNumber="18"><StopPointRef>490011989W1</StopPointRef><TimingStatus>PTP</TimingStatus></To><RunTime>PT30S</RunTime></JourneyPatternTimingLink><JourneyPatternTimingLink id="JPL_51359f_R_1_17"><From SequenceNumber="18"><StopPointRef>490011989W1</StopPointRef><TimingStatus>PTP</TimingStatus></From><To SequenceNumber="19"><StopPointRef>490011990N</StopPointRef><TimingStatus>PTP</TimingStatus></To><RunTime>PT60S</RunTime></JourneyPatternTimingLink></JourneyPatternSection></JourneyPatternSections><Operators><Operator id="OId_ME"><OperatorCode>ME</OperatorCode><OperatorShortName>ME</OperatorShortName><OperatorNameOnLicence>ME</OperatorNameOnLicence><TradingName>ME</TradingName></Operator></Operators><Services><Service><ServiceCode>SId_51359f0</ServiceCode><PrivateCode>51359f0</PrivateCode><Lines><Line id="LId_51359f0"><LineName>359</LineName></Line></Lines><OperatingPeriod><StartDate>2009-12-01</StartDate><EndDate>2010-12-23</EndDate></OperatingPeriod><OperatingProfile><RegularDayType>
					<DaysOfWeek>
						<MondayToFriday/>
					</DaysOfWeek>
				</RegularDayType>
				<BankHolidayOperation><DaysOfNonOperation><AllBankHolidays></AllBankHolidays></DaysOfNonOperation></BankHolidayOperation></OperatingProfile><RegisteredOperatorRef>OId_ME</RegisteredOperatorRef><StopRequirements><NoNewStopsRequired/></StopRequirements><StandardService><Origin>Selsdon Library (CR2)</Origin><Destination>Addington Village Interchange</Destination><JourneyPattern id="JP_51359f_H0_1"><Direction>outbound</Direction><Operational><VehicleType><VehicleTypeCode>06</VehicleTypeCode><Description>Single Decker Low Floor+Wheelchair</Description></VehicleType></Operational><RouteRef>R_51359f_H_1</RouteRef><JourneyPatternSectionRefs>JPS_51359f_H_1</JourneyPatternSectionRefs></JourneyPattern><JourneyPattern id="JP_51359f_R0_1"><Direction>inbound</Direction><Operational><VehicleType><VehicleTypeCode>06</VehicleTypeCode><Description>Single Decker Low Floor+Wheelchair</Description></VehicleType></Operational><RouteRef>R_51359f_R_2</RouteRef><JourneyPatternSectionRefs>JPS_51359f_R_1</JourneyPatternSectionRefs></JourneyPattern></StandardService></Service><Service><ServiceCode>SId_51359f2</ServiceCode><PrivateCode>51359f2</PrivateCode><Lines><Line id="LId_51359f2"><LineName>359</LineName></Line></Lines><OperatingPeriod><StartDate>2009-12-01</StartDate><EndDate>2010-12-23</EndDate></OperatingPeriod><OperatingProfile><RegularDayType>
					<DaysOfWeek>
						<Saturday/>
					</DaysOfWeek>
				</RegularDayType>
				<BankHolidayOperation><DaysOfNonOperation><AllBankHolidays></AllBankHolidays></DaysOfNonOperation></BankHolidayOperation></OperatingProfile><RegisteredOperatorRef>OId_ME</RegisteredOperatorRef><StopRequirements><NoNewStopsRequired/></StopRequirements><StandardService><Origin>Selsdon Library (CR2)</Origin><Destination>Addington Village Interchange</Destination><JourneyPattern id="JP_51359f_H2_1"><Direction>outbound</Direction><Operational><VehicleType><VehicleTypeCode>06</VehicleTypeCode><Description>Single Decker Low Floor+Wheelchair</Description></VehicleType></Operational><RouteRef>R_51359f_H_1</RouteRef><JourneyPatternSectionRefs>JPS_51359f_H_1</JourneyPatternSectionRefs></JourneyPattern><JourneyPattern id="JP_51359f_R2_1"><Direction>inbound</Direction><Operational><VehicleType><VehicleTypeCode>06</VehicleTypeCode><Description>Single Decker Low Floor+Wheelchair</Description></VehicleType></Operational><RouteRef>R_51359f_R_2</RouteRef><JourneyPatternSectionRefs>JPS_51359f_R_1</JourneyPatternSectionRefs></JourneyPattern></StandardService></Service></Services><VehicleJourneys><VehicleJourney><PrivateCode>51359ff0H3590001</PrivateCode><Operational><VehicleType><VehicleTypeCode>06</VehicleTypeCode><Description>Single Decker Low Floor+Wheelchair</Description></VehicleType></Operational><OperatingProfile><RegularDayType>
					<DaysOfWeek>
						<MondayToFriday/>
					</DaysOfWeek>
				</RegularDayType>
			</OperatingProfile><VehicleJourneyCode>51359ff0H3590001</VehicleJourneyCode><ServiceRef>SId_51359f0</ServiceRef><LineRef>LId_51359f0</LineRef><JourneyPatternRef>JP_51359f_H0_1</JourneyPatternRef><DepartureTime>10:00:00</DepartureTime></VehicleJourney><VehicleJourney><PrivateCode>51359ff0H3590003</PrivateCode><Operational><VehicleType><VehicleTypeCode>06</VehicleTypeCode><Description>Single Decker Low Floor+Wheelchair</Description></VehicleType></Operational><OperatingProfile><RegularDayType>
					<DaysOfWeek>
						<MondayToFriday/>
					</DaysOfWeek>
				</RegularDayType>
			</OperatingProfile><VehicleJourneyCode>51359ff0H3590003</VehicleJourneyCode><ServiceRef>SId_51359f0</ServiceRef><LineRef>LId_51359f0</LineRef><JourneyPatternRef>JP_51359f_H0_1</JourneyPatternRef><DepartureTime>10:30:00</DepartureTime></VehicleJourney><VehicleJourney><PrivateCode>51359ff0H3590005</PrivateCode><Operational><VehicleType><VehicleTypeCode>06</VehicleTypeCode><Description>Single Decker Low Floor+Wheelchair</Description></VehicleType></Operational><OperatingProfile><RegularDayType>
					<DaysOfWeek>
						<MondayToFriday/>
					</DaysOfWeek>
				</RegularDayType>
			</OperatingProfile><VehicleJourneyCode>51359ff0H3590005</VehicleJourneyCode><ServiceRef>SId_51359f0</ServiceRef><LineRef>LId_51359f0</LineRef><JourneyPatternRef>JP_51359f_H0_1</JourneyPatternRef><DepartureTime>11:00:00</DepartureTime></VehicleJourney><VehicleJourney><PrivateCode>51359ff0H3590007</PrivateCode><Operational><VehicleType><VehicleTypeCode>06</VehicleTypeCode><Description>Single Decker Low Floor+Wheelchair</Description></VehicleType></Operational><OperatingProfile><RegularDayType>
					<DaysOfWeek>
						<MondayToFriday/>
					</DaysOfWeek>
				</RegularDayType>
			</OperatingProfile><VehicleJourneyCode>51359ff0H3590007</VehicleJourneyCode><ServiceRef>SId_51359f0</ServiceRef><LineRef>LId_51359f0</LineRef><JourneyPatternRef>JP_51359f_H0_1</JourneyPatternRef><DepartureTime>11:30:00</DepartureTime></VehicleJourney><VehicleJourney><PrivateCode>51359ff0H3590009</PrivateCode><Operational><VehicleType><VehicleTypeCode>06</VehicleTypeCode><Description>Single Decker Low Floor+Wheelchair</Description></VehicleType></Operational><OperatingProfile><RegularDayType>
					<DaysOfWeek>
						<MondayToFriday/>
					</DaysOfWeek>
				</RegularDayType>
			</OperatingProfile><VehicleJourneyCode>51359ff0H3590009</VehicleJourneyCode><ServiceRef>SId_51359f0</ServiceRef><LineRef>LId_51359f0</LineRef><JourneyPatternRef>JP_51359f_H0_1</JourneyPatternRef><DepartureTime>12:00:00</DepartureTime></VehicleJourney><VehicleJourney><PrivateCode>51359ff0H3590011</PrivateCode><Operational><VehicleType><VehicleTypeCode>06</VehicleTypeCode><Description>Single Decker Low Floor+Wheelchair</Description></VehicleType></Operational><OperatingProfile><RegularDayType>
					<DaysOfWeek>
						<MondayToFriday/>
					</DaysOfWeek>
				</RegularDayType>
			</OperatingProfile><VehicleJourneyCode>51359ff0H3590011</VehicleJourneyCode><ServiceRef>SId_51359f0</ServiceRef><LineRef>LId_51359f0</LineRef><JourneyPatternRef>JP_51359f_H0_1</JourneyPatternRef><DepartureTime>12:30:00</DepartureTime></VehicleJourney><VehicleJourney><PrivateCode>51359ff0H3590013</PrivateCode><Operational><VehicleType><VehicleTypeCode>06</VehicleTypeCode><Description>Single Decker Low Floor+Wheelchair</Description></VehicleType></Operational><OperatingProfile><RegularDayType>
					<DaysOfWeek>
						<MondayToFriday/>
					</DaysOfWeek>
				</RegularDayType>
			</OperatingProfile><VehicleJourneyCode>51359ff0H3590013</VehicleJourneyCode><ServiceRef>SId_51359f0</ServiceRef><LineRef>LId_51359f0</LineRef><JourneyPatternRef>JP_51359f_H0_1</JourneyPatternRef><DepartureTime>13:00:00</DepartureTime></VehicleJourney><VehicleJourney><PrivateCode>51359ff0H3590015</PrivateCode><Operational><VehicleType><VehicleTypeCode>06</VehicleTypeCode><Description>Single Decker Low Floor+Wheelchair</Description></VehicleType></Operational><OperatingProfile><RegularDayType>
					<DaysOfWeek>
						<MondayToFriday/>
					</DaysOfWeek>
				</RegularDayType>
			</OperatingProfile><VehicleJourneyCode>51359ff0H3590015</VehicleJourneyCode><ServiceRef>SId_51359f0</ServiceRef><LineRef>LId_51359f0</LineRef><JourneyPatternRef>JP_51359f_H0_1</JourneyPatternRef><DepartureTime>13:30:00</DepartureTime></VehicleJourney><VehicleJourney><PrivateCode>51359ff0H3590017</PrivateCode><Operational><VehicleType><VehicleTypeCode>06</VehicleTypeCode><Description>Single Decker Low Floor+Wheelchair</Description></VehicleType></Operational><OperatingProfile><RegularDayType>
					<DaysOfWeek>
						<MondayToFriday/>
					</DaysOfWeek>
				</RegularDayType>
			</OperatingProfile><VehicleJourneyCode>51359ff0H3590017</VehicleJourneyCode><ServiceRef>SId_51359f0</ServiceRef><LineRef>LId_51359f0</LineRef><JourneyPatternRef>JP_51359f_H0_1</JourneyPatternRef><DepartureTime>14:00:00</DepartureTime></VehicleJourney><VehicleJourney><PrivateCode>51359ff0H3590019</PrivateCode><Operational><VehicleType><VehicleTypeCode>06</VehicleTypeCode><Description>Single Decker Low Floor+Wheelchair</Description></VehicleType></Operational><OperatingProfile><RegularDayType>
					<DaysOfWeek>
						<MondayToFriday/>
					</DaysOfWeek>
				</RegularDayType>
			</OperatingProfile><VehicleJourneyCode>51359ff0H3590019</VehicleJourneyCode><ServiceRef>SId_51359f0</ServiceRef><LineRef>LId_51359f0</LineRef><JourneyPatternRef>JP_51359f_H0_1</JourneyPatternRef><DepartureTime>14:30:00</DepartureTime></VehicleJourney><VehicleJourney><PrivateCode>51359ff2H3590021</PrivateCode><Operational><VehicleType><VehicleTypeCode>06</VehicleTypeCode><Description>Single Decker Low Floor+Wheelchair</Description></VehicleType></Operational><OperatingProfile><RegularDayType>
					<DaysOfWeek>
						<Saturday/>
					</DaysOfWeek>
				</RegularDayType>
			</OperatingProfile><VehicleJourneyCode>51359ff2H3590021</VehicleJourneyCode><ServiceRef>SId_51359f2</ServiceRef><LineRef>LId_51359f2</LineRef><JourneyPatternRef>JP_51359f_H2_1</JourneyPatternRef><DepartureTime>10:00:00</DepartureTime></VehicleJourney><VehicleJourney><PrivateCode>51359ff2H3590022</PrivateCode><Operational><VehicleType><VehicleTypeCode>06</VehicleTypeCode><Description>Single Decker Low Floor+Wheelchair</Description></VehicleType></Operational><OperatingProfile><RegularDayType>
					<DaysOfWeek>
						<Saturday/>
					</DaysOfWeek>
				</RegularDayType>
			</OperatingProfile><VehicleJourneyCode>51359ff2H3590022</VehicleJourneyCode><ServiceRef>SId_51359f2</ServiceRef><LineRef>LId_51359f2</LineRef><JourneyPatternRef>JP_51359f_H2_1</JourneyPatternRef><DepartureTime>10:30:00</DepartureTime></VehicleJourney><VehicleJourney><PrivateCode>51359ff2H3590023</PrivateCode><Operational><VehicleType><VehicleTypeCode>06</VehicleTypeCode><Description>Single Decker Low Floor+Wheelchair</Description></VehicleType></Operational><OperatingProfile><RegularDayType>
					<DaysOfWeek>
						<Saturday/>
					</DaysOfWeek>
				</RegularDayType>
			</OperatingProfile><VehicleJourneyCode>51359ff2H3590023</VehicleJourneyCode><ServiceRef>SId_51359f2</ServiceRef><LineRef>LId_51359f2</LineRef><JourneyPatternRef>JP_51359f_H2_1</JourneyPatternRef><DepartureTime>11:00:00</DepartureTime></VehicleJourney><VehicleJourney><PrivateCode>51359ff2H3590024</PrivateCode><Operational><VehicleType><VehicleTypeCode>06</VehicleTypeCode><Description>Single Decker Low Floor+Wheelchair</Description></VehicleType></Operational><OperatingProfile><RegularDayType>
					<DaysOfWeek>
						<Saturday/>
					</DaysOfWeek>
				</RegularDayType>
			</OperatingProfile><VehicleJourneyCode>51359ff2H3590024</VehicleJourneyCode><ServiceRef>SId_51359f2</ServiceRef><LineRef>LId_51359f2</LineRef><JourneyPatternRef>JP_51359f_H2_1</JourneyPatternRef><DepartureTime>11:30:00</DepartureTime></VehicleJourney><VehicleJourney><PrivateCode>51359ff2H3590025</PrivateCode><Operational><VehicleType><VehicleTypeCode>06</VehicleTypeCode><Description>Single Decker Low Floor+Wheelchair</Description></VehicleType></Operational><OperatingProfile><RegularDayType>
					<DaysOfWeek>
						<Saturday/>
					</DaysOfWeek>
				</RegularDayType>
			</OperatingProfile><VehicleJourneyCode>51359ff2H3590025</VehicleJourneyCode><ServiceRef>SId_51359f2</ServiceRef><LineRef>LId_51359f2</LineRef><JourneyPatternRef>JP_51359f_H2_1</JourneyPatternRef><DepartureTime>12:00:00</DepartureTime></VehicleJourney><VehicleJourney><PrivateCode>51359ff2H3590026</PrivateCode><Operational><VehicleType><VehicleTypeCode>06</VehicleTypeCode><Description>Single Decker Low Floor+Wheelchair</Description></VehicleType></Operational><OperatingProfile><RegularDayType>
					<DaysOfWeek>
						<Saturday/>
					</DaysOfWeek>
				</RegularDayType>
			</OperatingProfile><VehicleJourneyCode>51359ff2H3590026</VehicleJourneyCode><ServiceRef>SId_51359f2</ServiceRef><LineRef>LId_51359f2</LineRef><JourneyPatternRef>JP_51359f_H2_1</JourneyPatternRef><DepartureTime>12:30:00</DepartureTime></VehicleJourney><VehicleJourney><PrivateCode>51359ff2H3590027</PrivateCode><Operational><VehicleType><VehicleTypeCode>06</VehicleTypeCode><Description>Single Decker Low Floor+Wheelchair</Description></VehicleType></Operational><OperatingProfile><RegularDayType>
					<DaysOfWeek>
						<Saturday/>
					</DaysOfWeek>
				</RegularDayType>
			</OperatingProfile><VehicleJourneyCode>51359ff2H3590027</VehicleJourneyCode><ServiceRef>SId_51359f2</ServiceRef><LineRef>LId_51359f2</LineRef><JourneyPatternRef>JP_51359f_H2_1</JourneyPatternRef><DepartureTime>13:00:00</DepartureTime></VehicleJourney><VehicleJourney><PrivateCode>51359ff2H3590028</PrivateCode><Operational><VehicleType><VehicleTypeCode>06</VehicleTypeCode><Description>Single Decker Low Floor+Wheelchair</Description></VehicleType></Operational><OperatingProfile><RegularDayType>
					<DaysOfWeek>
						<Saturday/>
					</DaysOfWeek>
				</RegularDayType>
			</OperatingProfile><VehicleJourneyCode>51359ff2H3590028</VehicleJourneyCode><ServiceRef>SId_51359f2</ServiceRef><LineRef>LId_51359f2</LineRef><JourneyPatternRef>JP_51359f_H2_1</JourneyPatternRef><DepartureTime>13:30:00</DepartureTime></VehicleJourney><VehicleJourney><PrivateCode>51359ff2H3590029</PrivateCode><Operational><VehicleType><VehicleTypeCode>06</VehicleTypeCode><Description>Single Decker Low Floor+Wheelchair</Description></VehicleType></Operational><OperatingProfile><RegularDayType>
					<DaysOfWeek>
						<Saturday/>
					</DaysOfWeek>
				</RegularDayType>
			</OperatingProfile><VehicleJourneyCode>51359ff2H3590029</VehicleJourneyCode><ServiceRef>SId_51359f2</ServiceRef><LineRef>LId_51359f2</LineRef><JourneyPatternRef>JP_51359f_H2_1</JourneyPatternRef><DepartureTime>14:00:00</DepartureTime></VehicleJourney><VehicleJourney><PrivateCode>51359ff2H3590030</PrivateCode><Operational><VehicleType><VehicleTypeCode>06</VehicleTypeCode><Description>Single Decker Low Floor+Wheelchair</Description></VehicleType></Operational><OperatingProfile><RegularDayType>
					<DaysOfWeek>
						<Saturday/>
					</DaysOfWeek>
				</RegularDayType>
			</OperatingProfile><VehicleJourneyCode>51359ff2H3590030</VehicleJourneyCode><ServiceRef>SId_51359f2</ServiceRef><LineRef>LId_51359f2</LineRef><JourneyPatternRef>JP_51359f_H2_1</JourneyPatternRef><DepartureTime>14:30:00</DepartureTime></VehicleJourney><VehicleJourney><PrivateCode>51359ff0R3590002</PrivateCode><Operational><VehicleType><VehicleTypeCode>06</VehicleTypeCode><Description>Single Decker Low Floor+Wheelchair</Description></VehicleType></Operational><OperatingProfile><RegularDayType>
					<DaysOfWeek>
						<MondayToFriday/>
					</DaysOfWeek>
				</RegularDayType>
			</OperatingProfile><VehicleJourneyCode>51359ff0R3590002</VehicleJourneyCode><ServiceRef>SId_51359f0</ServiceRef><LineRef>LId_51359f0</LineRef><JourneyPatternRef>JP_51359f_R0_1</JourneyPatternRef><DepartureTime>10:13:00</DepartureTime></VehicleJourney><VehicleJourney><PrivateCode>51359ff0R3590004</PrivateCode><Operational><VehicleType><VehicleTypeCode>06</VehicleTypeCode><Description>Single Decker Low Floor+Wheelchair</Description></VehicleType></Operational><OperatingProfile><RegularDayType>
					<DaysOfWeek>
						<MondayToFriday/>
					</DaysOfWeek>
				</RegularDayType>
			</OperatingProfile><VehicleJourneyCode>51359ff0R3590004</VehicleJourneyCode><ServiceRef>SId_51359f0</ServiceRef><LineRef>LId_51359f0</LineRef><JourneyPatternRef>JP_51359f_R0_1</JourneyPatternRef><DepartureTime>10:43:00</DepartureTime></VehicleJourney><VehicleJourney><PrivateCode>51359ff0R3590006</PrivateCode><Operational><VehicleType><VehicleTypeCode>06</VehicleTypeCode><Description>Single Decker Low Floor+Wheelchair</Description></VehicleType></Operational><OperatingProfile><RegularDayType>
					<DaysOfWeek>
						<MondayToFriday/>
					</DaysOfWeek>
				</RegularDayType>
			</OperatingProfile><VehicleJourneyCode>51359ff0R3590006</VehicleJourneyCode><ServiceRef>SId_51359f0</ServiceRef><LineRef>LId_51359f0</LineRef><JourneyPatternRef>JP_51359f_R0_1</JourneyPatternRef><DepartureTime>11:13:00</DepartureTime></VehicleJourney><VehicleJourney><PrivateCode>51359ff0R3590008</PrivateCode><Operational><VehicleType><VehicleTypeCode>06</VehicleTypeCode><Description>Single Decker Low Floor+Wheelchair</Description></VehicleType></Operational><OperatingProfile><RegularDayType>
					<DaysOfWeek>
						<MondayToFriday/>
					</DaysOfWeek>
				</RegularDayType>
			</OperatingProfile><VehicleJourneyCode>51359ff0R3590008</VehicleJourneyCode><ServiceRef>SId_51359f0</ServiceRef><LineRef>LId_51359f0</LineRef><JourneyPatternRef>JP_51359f_R0_1</JourneyPatternRef><DepartureTime>11:43:00</DepartureTime></VehicleJourney><VehicleJourney><PrivateCode>51359ff0R3590010</PrivateCode><Operational><VehicleType><VehicleTypeCode>06</VehicleTypeCode><Description>Single Decker Low Floor+Wheelchair</Description></VehicleType></Operational><OperatingProfile><RegularDayType>
					<DaysOfWeek>
						<MondayToFriday/>
					</DaysOfWeek>
				</RegularDayType>
			</OperatingProfile><VehicleJourneyCode>51359ff0R3590010</VehicleJourneyCode><ServiceRef>SId_51359f0</ServiceRef><LineRef>LId_51359f0</LineRef><JourneyPatternRef>JP_51359f_R0_1</JourneyPatternRef><DepartureTime>12:13:00</DepartureTime></VehicleJourney><VehicleJourney><PrivateCode>51359ff0R3590012</PrivateCode><Operational><VehicleType><VehicleTypeCode>06</VehicleTypeCode><Description>Single Decker Low Floor+Wheelchair</Description></VehicleType></Operational><OperatingProfile><RegularDayType>
					<DaysOfWeek>
						<MondayToFriday/>
					</DaysOfWeek>
				</RegularDayType>
			</OperatingProfile><VehicleJourneyCode>51359ff0R3590012</VehicleJourneyCode><ServiceRef>SId_51359f0</ServiceRef><LineRef>LId_51359f0</LineRef><JourneyPatternRef>JP_51359f_R0_1</JourneyPatternRef><DepartureTime>12:43:00</DepartureTime></VehicleJourney><VehicleJourney><PrivateCode>51359ff0R3590014</PrivateCode><Operational><VehicleType><VehicleTypeCode>06</VehicleTypeCode><Description>Single Decker Low Floor+Wheelchair</Description></VehicleType></Operational><OperatingProfile><RegularDayType>
					<DaysOfWeek>
						<MondayToFriday/>
					</DaysOfWeek>
				</RegularDayType>
			</OperatingProfile><VehicleJourneyCode>51359ff0R3590014</VehicleJourneyCode><ServiceRef>SId_51359f0</ServiceRef><LineRef>LId_51359f0</LineRef><JourneyPatternRef>JP_51359f_R0_1</JourneyPatternRef><DepartureTime>13:13:00</DepartureTime></VehicleJourney><VehicleJourney><PrivateCode>51359ff0R3590016</PrivateCode><Operational><VehicleType><VehicleTypeCode>06</VehicleTypeCode><Description>Single Decker Low Floor+Wheelchair</Description></VehicleType></Operational><OperatingProfile><RegularDayType>
					<DaysOfWeek>
						<MondayToFriday/>
					</DaysOfWeek>
				</RegularDayType>
			</OperatingProfile><VehicleJourneyCode>51359ff0R3590016</VehicleJourneyCode><ServiceRef>SId_51359f0</ServiceRef><LineRef>LId_51359f0</LineRef><JourneyPatternRef>JP_51359f_R0_1</JourneyPatternRef><DepartureTime>13:43:00</DepartureTime></VehicleJourney><VehicleJourney><PrivateCode>51359ff0R3590018</PrivateCode><Operational><VehicleType><VehicleTypeCode>06</VehicleTypeCode><Description>Single Decker Low Floor+Wheelchair</Description></VehicleType></Operational><OperatingProfile><RegularDayType>
					<DaysOfWeek>
						<MondayToFriday/>
					</DaysOfWeek>
				</RegularDayType>
			</OperatingProfile><VehicleJourneyCode>51359ff0R3590018</VehicleJourneyCode><ServiceRef>SId_51359f0</ServiceRef><LineRef>LId_51359f0</LineRef><JourneyPatternRef>JP_51359f_R0_1</JourneyPatternRef><DepartureTime>14:13:00</DepartureTime></VehicleJourney><VehicleJourney><PrivateCode>51359ff0R3590020</PrivateCode><Operational><VehicleType><VehicleTypeCode>06</VehicleTypeCode><Description>Single Decker Low Floor+Wheelchair</Description></VehicleType></Operational><OperatingProfile><RegularDayType>
					<DaysOfWeek>
						<MondayToFriday/>
					</DaysOfWeek>
				</RegularDayType>
			</OperatingProfile><VehicleJourneyCode>51359ff0R3590020</VehicleJourneyCode><ServiceRef>SId_51359f0</ServiceRef><LineRef>LId_51359f0</LineRef><JourneyPatternRef>JP_51359f_R0_1</JourneyPatternRef><DepartureTime>14:43:00</DepartureTime></VehicleJourney><VehicleJourney><PrivateCode>51359ff2R3590031</PrivateCode><Operational><VehicleType><VehicleTypeCode>06</VehicleTypeCode><Description>Single Decker Low Floor+Wheelchair</Description></VehicleType></Operational><OperatingProfile><RegularDayType>
					<DaysOfWeek>
						<Saturday/>
					</DaysOfWeek>
				</RegularDayType>
			</OperatingProfile><VehicleJourneyCode>51359ff2R3590031</VehicleJourneyCode><ServiceRef>SId_51359f2</ServiceRef><LineRef>LId_51359f2</LineRef><JourneyPatternRef>JP_51359f_R2_1</JourneyPatternRef><DepartureTime>10:13:00</DepartureTime></VehicleJourney><VehicleJourney><PrivateCode>51359ff2R3590032</PrivateCode><Operational><VehicleType><VehicleTypeCode>06</VehicleTypeCode><Description>Single Decker Low Floor+Wheelchair</Description></VehicleType></Operational><OperatingProfile><RegularDayType>
					<DaysOfWeek>
						<Saturday/>
					</DaysOfWeek>
				</RegularDayType>
			</OperatingProfile><VehicleJourneyCode>51359ff2R3590032</VehicleJourneyCode><ServiceRef>SId_51359f2</ServiceRef><LineRef>LId_51359f2</LineRef><JourneyPatternRef>JP_51359f_R2_1</JourneyPatternRef><DepartureTime>10:43:00</DepartureTime></VehicleJourney><VehicleJourney><PrivateCode>51359ff2R3590033</PrivateCode><Operational><VehicleType><VehicleTypeCode>06</VehicleTypeCode><Description>Single Decker Low Floor+Wheelchair</Description></VehicleType></Operational><OperatingProfile><RegularDayType>
					<DaysOfWeek>
						<Saturday/>
					</DaysOfWeek>
				</RegularDayType>
			</OperatingProfile><VehicleJourneyCode>51359ff2R3590033</VehicleJourneyCode><ServiceRef>SId_51359f2</ServiceRef><LineRef>LId_51359f2</LineRef><JourneyPatternRef>JP_51359f_R2_1</JourneyPatternRef><DepartureTime>11:13:00</DepartureTime></VehicleJourney><VehicleJourney><PrivateCode>51359ff2R3590034</PrivateCode><Operational><VehicleType><VehicleTypeCode>06</VehicleTypeCode><Description>Single Decker Low Floor+Wheelchair</Description></VehicleType></Operational><OperatingProfile><RegularDayType>
					<DaysOfWeek>
						<Saturday/>
					</DaysOfWeek>
				</RegularDayType>
			</OperatingProfile><VehicleJourneyCode>51359ff2R3590034</VehicleJourneyCode><ServiceRef>SId_51359f2</ServiceRef><LineRef>LId_51359f2</LineRef><JourneyPatternRef>JP_51359f_R2_1</JourneyPatternRef><DepartureTime>11:43:00</DepartureTime></VehicleJourney><VehicleJourney><PrivateCode>51359ff2R3590035</PrivateCode><Operational><VehicleType><VehicleTypeCode>06</VehicleTypeCode><Description>Single Decker Low Floor+Wheelchair</Description></VehicleType></Operational><OperatingProfile><RegularDayType>
					<DaysOfWeek>
						<Saturday/>
					</DaysOfWeek>
				</RegularDayType>
			</OperatingProfile><VehicleJourneyCode>51359ff2R3590035</VehicleJourneyCode><ServiceRef>SId_51359f2</ServiceRef><LineRef>LId_51359f2</LineRef><JourneyPatternRef>JP_51359f_R2_1</JourneyPatternRef><DepartureTime>12:13:00</DepartureTime></VehicleJourney><VehicleJourney><PrivateCode>51359ff2R3590036</PrivateCode><Operational><VehicleType><VehicleTypeCode>06</VehicleTypeCode><Description>Single Decker Low Floor+Wheelchair</Description></VehicleType></Operational><OperatingProfile><RegularDayType>
					<DaysOfWeek>
						<Saturday/>
					</DaysOfWeek>
				</RegularDayType>
			</OperatingProfile><VehicleJourneyCode>51359ff2R3590036</VehicleJourneyCode><ServiceRef>SId_51359f2</ServiceRef><LineRef>LId_51359f2</LineRef><JourneyPatternRef>JP_51359f_R2_1</JourneyPatternRef><DepartureTime>12:43:00</DepartureTime></VehicleJourney><VehicleJourney><PrivateCode>51359ff2R3590037</PrivateCode><Operational><VehicleType><VehicleTypeCode>06</VehicleTypeCode><Description>Single Decker Low Floor+Wheelchair</Description></VehicleType></Operational><OperatingProfile><RegularDayType>
					<DaysOfWeek>
						<Saturday/>
					</DaysOfWeek>
				</RegularDayType>
			</OperatingProfile><VehicleJourneyCode>51359ff2R3590037</VehicleJourneyCode><ServiceRef>SId_51359f2</ServiceRef><LineRef>LId_51359f2</LineRef><JourneyPatternRef>JP_51359f_R2_1</JourneyPatternRef><DepartureTime>13:13:00</DepartureTime></VehicleJourney><VehicleJourney><PrivateCode>51359ff2R3590038</PrivateCode><Operational><VehicleType><VehicleTypeCode>06</VehicleTypeCode><Description>Single Decker Low Floor+Wheelchair</Description></VehicleType></Operational><OperatingProfile><RegularDayType>
					<DaysOfWeek>
						<Saturday/>
					</DaysOfWeek>
				</RegularDayType>
			</OperatingProfile><VehicleJourneyCode>51359ff2R3590038</VehicleJourneyCode><ServiceRef>SId_51359f2</ServiceRef><LineRef>LId_51359f2</LineRef><JourneyPatternRef>JP_51359f_R2_1</JourneyPatternRef><DepartureTime>13:43:00</DepartureTime></VehicleJourney><VehicleJourney><PrivateCode>51359ff2R3590039</PrivateCode><Operational><VehicleType><VehicleTypeCode>06</VehicleTypeCode><Description>Single Decker Low Floor+Wheelchair</Description></VehicleType></Operational><OperatingProfile><RegularDayType>
					<DaysOfWeek>
						<Saturday/>
					</DaysOfWeek>
				</RegularDayType>
			</OperatingProfile><VehicleJourneyCode>51359ff2R3590039</VehicleJourneyCode><ServiceRef>SId_51359f2</ServiceRef><LineRef>LId_51359f2</LineRef><JourneyPatternRef>JP_51359f_R2_1</JourneyPatternRef><DepartureTime>14:13:00</DepartureTime></VehicleJourney><VehicleJourney><PrivateCode>51359ff2R3590040</PrivateCode><Operational><VehicleType><VehicleTypeCode>06</VehicleTypeCode><Description>Single Decker Low Floor+Wheelchair</Description></VehicleType></Operational><OperatingProfile><RegularDayType>
					<DaysOfWeek>
						<Saturday/>
					</DaysOfWeek>
				</RegularDayType>
			</OperatingProfile><VehicleJourneyCode>51359ff2R3590040</VehicleJourneyCode><ServiceRef>SId_51359f2</ServiceRef><LineRef>LId_51359f2</LineRef><JourneyPatternRef>JP_51359f_R2_1</JourneyPatternRef><DepartureTime>14:43:00</DepartureTime></VehicleJourney></VehicleJourneys></TransXChange>
