<?xml version="1.0" encoding="UTF-8"?>
<TransXChange CreationDateTime="2010-10-28T09:06:26" ModificationDateTime="2010-10-28T09:06:26" Modification="new" FileName="G:\mentzdv\Datastore\output_txc_48670g.xml" RevisionNumber="0" SchemaVersion="2.1" xmlns:xsi="http://www.w3.org/2001/XMLSchema-instance" xsi:schemaLocation="http://www.transxchange.org.uk/ http://www.transxchange.org.uk/schema/2.1/TransXChange_general.xsd" xmlns="http://www.transxchange.org.uk/" xmlns:n1="http://www.transxchange.org.uk/" xmlns:n2="http://www.govtalk.gov.uk/people/AddressAndPersonalDetails" xmlns:n3="http://www.govtalk.gov.uk/core" xmlns:n4="http://www.govtalk.gov.uk/people/bs7666"><StopPoints><AnnotatedStopPointRef><StopPointRef>490008565N</StopPointRef><CommonName>John Paul II School (SW19)</CommonName><Indicator>stop PS</Indicator><LocalityName>Putney Heath</LocalityName><LocalityQualifier>Greater London</LocalityQualifier></AnnotatedStopPointRef><AnnotatedStopPointRef><StopPointRef>490014796S</StopPointRef><CommonName>Withycombe Road</CommonName><Indicator>stop PT</Indicator><LocalityName>Putney Heath</LocalityName><LocalityQualifier>Greater London</LocalityQualifier></AnnotatedStopPointRef><AnnotatedStopPointRef><StopPointRef>490015450E</StopPointRef><CommonName>Tibbets Ride / Tibbet's Corner</CommonName><Indicator>stop PC</Indicator><LocalityName>Putney Heath</LocalityName><LocalityQualifier>Greater London</LocalityQualifier></AnnotatedStopPointRef><AnnotatedStopPointRef><StopPointRef>490003729E</StopPointRef><CommonName>Beaumont Road (SW15)</CommonName><Indicator>stop PG</Indicator><LocalityName>Putney Heath</LocalityName><LocalityQualifier>Greater London</LocalityQualifier></AnnotatedStopPointRef><AnnotatedStopPointRef><StopPointRef>490009493N</StopPointRef><CommonName>Lytton Grove / West Hill</CommonName><Indicator>stop EL</Indicator><LocalityName>West Hill</LocalityName><LocalityQualifier>Greater London</LocalityQualifier></AnnotatedStopPointRef><AnnotatedStopPointRef><StopPointRef>490014475N</StopPointRef><CommonName>West Hill Road</CommonName><Indicator>stop EJ</Indicator><LocalityName>West Hill</LocalityName><LocalityQualifier>Greater London</LocalityQualifier></AnnotatedStopPointRef><AnnotatedStopPointRef><StopPointRef>490012985EG</StopPointRef><CommonName>Galveston Rd/Upper Richmond Rd</CommonName><Indicator>stop EG</Indicator><LocalityName>West Hill</LocalityName><LocalityQualifier>Greater London</LocalityQualifier></AnnotatedStopPointRef><AnnotatedStopPointRef><StopPointRef>490009836A</StopPointRef><CommonName>Wandsworth Police Station</CommonName><Indicator>stop A</Indicator><LocalityName>Wandsworth</LocalityName><LocalityQualifier>Greater London</LocalityQualifier></AnnotatedStopPointRef><AnnotatedStopPointRef><StopPointRef>490003383E</StopPointRef><CommonName>Armoury Way (SW18)</CommonName><Indicator>stop E</Indicator><LocalityName>Wandsworth</LocalityName><LocalityQualifier>Greater London</LocalityQualifier></AnnotatedStopPointRef><AnnotatedStopPointRef><StopPointRef>490014195N</StopPointRef><CommonName>Wandsworth Town Hall</CommonName><Indicator>stop N</Indicator><LocalityName>Wandsworth</LocalityName><LocalityQualifier>Greater London</LocalityQualifier></AnnotatedStopPointRef><AnnotatedStopPointRef><StopPointRef>490003259E</StopPointRef><CommonName>East Hill / Alma Road</CommonName><Indicator>stop A</Indicator><LocalityName>Wandsworth</LocalityName><LocalityQualifier>Greater London</LocalityQualifier></AnnotatedStopPointRef><AnnotatedStopPointRef><StopPointRef>490015404E</StopPointRef><CommonName>Marcilly Road (SW18)</CommonName><Indicator>stop B</Indicator><LocalityName>Clapham Junction</LocalityName><LocalityQualifier>Greater London</LocalityQualifier></AnnotatedStopPointRef><AnnotatedStopPointRef><StopPointRef>490011066E</StopPointRef><CommonName>Plough Road / St John's Hill</CommonName><Indicator>stop C</Indicator><LocalityName>Clapham Junction</LocalityName><LocalityQualifier>Greater London</LocalityQualifier></AnnotatedStopPointRef><AnnotatedStopPointRef><StopPointRef>490001069D</StopPointRef><CommonName>Clapham Junction</CommonName><Indicator>stop D</Indicator><LocalityName>Clapham Junction</LocalityName><LocalityQualifier>Greater London</LocalityQualifier></AnnotatedStopPointRef><AnnotatedStopPointRef><StopPointRef>490001069M</StopPointRef><CommonName>Clapham Junction</CommonName><Indicator>stop M</Indicator><LocalityName>Clapham Junction</LocalityName><LocalityQualifier>Greater London</LocalityQualifier></AnnotatedStopPointRef><AnnotatedStopPointRef><StopPointRef>490011066W</StopPointRef><CommonName>Plough Road / St John's Hill</CommonName><Indicator>stop W</Indicator><LocalityName>Clapham Junction</LocalityName><LocalityQualifier>Greater London</LocalityQualifier></AnnotatedStopPointRef><AnnotatedStopPointRef><StopPointRef>490004538W</StopPointRef><CommonName>Brussels Road</CommonName><Indicator>stop SA</Indicator><LocalityName>Clapham Junction</LocalityName><LocalityQualifier>Greater London</LocalityQualifier></AnnotatedStopPointRef><AnnotatedStopPointRef><StopPointRef>490015372W</StopPointRef><CommonName>Marcilly Road (SW18)</CommonName><Indicator>stop SB</Indicator><LocalityName>Clapham Junction</LocalityName><LocalityQualifier>Greater London</LocalityQualifier></AnnotatedStopPointRef><AnnotatedStopPointRef><StopPointRef>490008418W</StopPointRef><CommonName>Huguenot Place / Alma Road</CommonName><Indicator>stop SH</Indicator><LocalityName>Wandsworth</LocalityName><LocalityQualifier>Greater London</LocalityQualifier></AnnotatedStopPointRef><AnnotatedStopPointRef><StopPointRef>490008093W</StopPointRef><CommonName>Herndon Road (SW18)</CommonName><Indicator>stop SJ</Indicator><LocalityName>Wandsworth</LocalityName><LocalityQualifier>Greater London</LocalityQualifier></AnnotatedStopPointRef><AnnotatedStopPointRef><StopPointRef>490015546P</StopPointRef><CommonName>Wandsworth Town Hall</CommonName><Indicator>stop P</Indicator><LocalityName>Wandsworth</LocalityName><LocalityQualifier>Greater London</LocalityQualifier></AnnotatedStopPointRef><AnnotatedStopPointRef><StopPointRef>490014189Y</StopPointRef><CommonName>Wandsworth High Street</CommonName><Indicator>stop Y</Indicator><LocalityName>Wandsworth</LocalityName><LocalityQualifier>Greater London</LocalityQualifier></AnnotatedStopPointRef><AnnotatedStopPointRef><StopPointRef>490009836W</StopPointRef><CommonName>Wandsworth Police Station</CommonName><Indicator>stop W</Indicator><LocalityName>Wandsworth</LocalityName><LocalityQualifier>Greater London</LocalityQualifier></AnnotatedStopPointRef><AnnotatedStopPointRef><StopPointRef>490012985EH</StopPointRef><CommonName>Galveston Rd/Upper Richmond Rd</CommonName><Indicator>stop EH</Indicator><LocalityName>West Hill</LocalityName><LocalityQualifier>Greater London</LocalityQualifier></AnnotatedStopPointRef><AnnotatedStopPointRef><StopPointRef>490014475S</StopPointRef><CommonName>West Hill Road</CommonName><Indicator>stop EK</Indicator><LocalityName>West Hill</LocalityName><LocalityQualifier>Greater London</LocalityQualifier></AnnotatedStopPointRef><AnnotatedStopPointRef><StopPointRef>490011775S</StopPointRef><CommonName>Royal Hospital / West Hill</CommonName><Indicator>stop EM</Indicator><LocalityName>West Hill (London)</LocalityName><LocalityQualifier>Greater London</LocalityQualifier></AnnotatedStopPointRef><AnnotatedStopPointRef><StopPointRef>490003729S</StopPointRef><CommonName>West Hill / Beaumont Rd (SW15)</CommonName><Indicator>stop PP</Indicator><LocalityName>Putney Heath</LocalityName><LocalityQualifier>Greater London</LocalityQualifier></AnnotatedStopPointRef><AnnotatedStopPointRef><StopPointRef>490013662S2</StopPointRef><CommonName>Tibbet's Corner</CommonName><Indicator>stop PR</Indicator><LocalityName>Putney Heath</LocalityName><LocalityQualifier>Greater London</LocalityQualifier></AnnotatedStopPointRef><AnnotatedStopPointRef><StopPointRef>490014796N</StopPointRef><CommonName>Withycombe Road</CommonName><Indicator>stop PL</Indicator><LocalityName>Putney Heath</LocalityName><LocalityQualifier>Greater London</LocalityQualifier></AnnotatedStopPointRef><AnnotatedStopPointRef><StopPointRef>490004723N</StopPointRef><CommonName>Southmead Primary School</CommonName><Indicator>stop N</Indicator><LocalityName>West Hill</LocalityName><LocalityQualifier>Greater London</LocalityQualifier></AnnotatedStopPointRef><AnnotatedStopPointRef><StopPointRef>490014758N</StopPointRef><CommonName>Windlesham Grove</CommonName><Indicator>stop N</Indicator><LocalityName>West Hill</LocalityName><LocalityQualifier>Greater London</LocalityQualifier></AnnotatedStopPointRef></StopPoints><RouteSections><RouteSection id="RS_48670g_H_1"><RouteLink id="RL_RS_48670g_H_1_0"><From><StopPointRef>490008565N</StopPointRef></From><To><StopPointRef>490014796S</StopPointRef></To><Direction>outbound</Direction></RouteLink><RouteLink id="RL_RS_48670g_H_1_1"><From><StopPointRef>490014796S</StopPointRef></From><To><StopPointRef>490015450E</StopPointRef></To><Direction>outbound</Direction></RouteLink><RouteLink id="RL_RS_48670g_H_1_2"><From><StopPointRef>490015450E</StopPointRef></From><To><StopPointRef>490003729E</StopPointRef></To><Direction>outbound</Direction></RouteLink><RouteLink id="RL_RS_48670g_H_1_3"><From><StopPointRef>490003729E</StopPointRef></From><To><StopPointRef>490009493N</StopPointRef></To><Direction>outbound</Direction></RouteLink><RouteLink id="RL_RS_48670g_H_1_4"><From><StopPointRef>490009493N</StopPointRef></From><To><StopPointRef>490014475N</StopPointRef></To><Direction>outbound</Direction></RouteLink><RouteLink id="RL_RS_48670g_H_1_5"><From><StopPointRef>490014475N</StopPointRef></From><To><StopPointRef>490012985EG</StopPointRef></To><Direction>outbound</Direction></RouteLink><RouteLink id="RL_RS_48670g_H_1_6"><From><StopPointRef>490012985EG</StopPointRef></From><To><StopPointRef>490009836A</StopPointRef></To><Direction>outbound</Direction></RouteLink><RouteLink id="RL_RS_48670g_H_1_7"><From><StopPointRef>490009836A</StopPointRef></From><To><StopPointRef>490003383E</StopPointRef></To><Distance>319</Distance><Direction>outbound</Direction></RouteLink><RouteLink id="RL_RS_48670g_H_1_8"><From><StopPointRef>490003383E</StopPointRef></From><To><StopPointRef>490014195N</StopPointRef></To><Distance>603</Distance><Direction>outbound</Direction></RouteLink><RouteLink id="RL_RS_48670g_H_1_9"><From><StopPointRef>490014195N</StopPointRef></From><To><StopPointRef>490003259E</StopPointRef></To><Distance>379</Distance><Direction>outbound</Direction></RouteLink><RouteLink id="RL_RS_48670g_H_1_10"><From><StopPointRef>490003259E</StopPointRef></From><To><StopPointRef>490015404E</StopPointRef></To><Direction>outbound</Direction></RouteLink><RouteLink id="RL_RS_48670g_H_1_11"><From><StopPointRef>490015404E</StopPointRef></From><To><StopPointRef>490011066E</StopPointRef></To><Direction>outbound</Direction></RouteLink><RouteLink id="RL_RS_48670g_H_1_12"><From><StopPointRef>490011066E</StopPointRef></From><To><StopPointRef>490001069D</StopPointRef></To><Direction>outbound</Direction></RouteLink></RouteSection><RouteSection id="RS_48670g_R_2"><RouteLink id="RL_RS_48670g_R_2_0"><From><StopPointRef>490001069M</StopPointRef></From><To><StopPointRef>490011066W</StopPointRef></To><Distance>323</Distance><Direction>inbound</Direction></RouteLink><RouteLink id="RL_RS_48670g_R_2_1"><From><StopPointRef>490011066W</StopPointRef></From><To><StopPointRef>490004538W</StopPointRef></To><Distance>242</Distance><Direction>inbound</Direction></RouteLink><RouteLink id="RL_RS_48670g_R_2_2"><From><StopPointRef>490004538W</StopPointRef></From><To><StopPointRef>490015372W</StopPointRef></To><Direction>inbound</Direction></RouteLink><RouteLink id="RL_RS_48670g_R_2_3"><From><StopPointRef>490015372W</StopPointRef></From><To><StopPointRef>490008418W</StopPointRef></To><Direction>inbound</Direction></RouteLink><RouteLink id="RL_RS_48670g_R_2_4"><From><StopPointRef>490008418W</StopPointRef></From><To><StopPointRef>490008093W</StopPointRef></To><Distance>293</Distance><Direction>inbound</Direction></RouteLink><RouteLink id="RL_RS_48670g_R_2_5"><From><StopPointRef>490008093W</StopPointRef></From><To><StopPointRef>490015546P</StopPointRef></To><Direction>inbound</Direction></RouteLink><RouteLink id="RL_RS_48670g_R_2_6"><From><StopPointRef>490015546P</StopPointRef></From><To><StopPointRef>490014189Y</StopPointRef></To><Direction>inbound</Direction></RouteLink><RouteLink id="RL_RS_48670g_R_2_7"><From><StopPointRef>490014189Y</StopPointRef></From><To><StopPointRef>490009836W</StopPointRef></To><Distance>233</Distance><Direction>inbound</Direction></RouteLink><RouteLink id="RL_RS_48670g_R_2_8"><From><StopPointRef>490009836W</StopPointRef></From><To><StopPointRef>490012985EH</StopPointRef></To><Direction>inbound</Direction></RouteLink><RouteLink id="RL_RS_48670g_R_2_9"><From><StopPointRef>490012985EH</StopPointRef></From><To><StopPointRef>490014475S</StopPointRef></To><Direction>inbound</Direction></RouteLink><RouteLink id="RL_RS_48670g_R_2_10"><From><StopPointRef>490014475S</StopPointRef></From><To><StopPointRef>490011775S</StopPointRef></To><Direction>inbound</Direction></RouteLink><RouteLink id="RL_RS_48670g_R_2_11"><From><StopPointRef>490011775S</StopPointRef></From><To><StopPointRef>490003729S</StopPointRef></To><Direction>inbound</Direction></RouteLink><RouteLink id="RL_RS_48670g_R_2_12"><From><StopPointRef>490003729S</StopPointRef></From><To><StopPointRef>490013662S2</StopPointRef></To><Direction>inbound</Direction></RouteLink><RouteLink id="RL_RS_48670g_R_2_13"><From><StopPointRef>490013662S2</StopPointRef></From><To><StopPointRef>490014796N</StopPointRef></To><Direction>inbound</Direction></RouteLink><RouteLink id="RL_RS_48670g_R_2_14"><From><StopPointRef>490014796N</StopPointRef></From><To><StopPointRef>490004723N</StopPointRef></To><Direction>inbound</Direction></RouteLink><RouteLink id="RL_RS_48670g_R_2_15"><From><StopPointRef>490004723N</StopPointRef></From><To><StopPointRef>490014758N</StopPointRef></To><Direction>inbound</Direction></RouteLink><RouteLink id="RL_RS_48670g_R_2_16"><From><StopPointRef>490014758N</StopPointRef></From><To><StopPointRef>490008565N</StopPointRef></To><Direction>inbound</Direction></RouteLink></RouteSection></RouteSections><Routes><Route id="R_48670g_H_1"><PrivateCode>R_48670g_H_1</PrivateCode><Description>John Paul II School (SW19) - Clapham Junction</Description><RouteSectionRef>RS_48670g_H_1</RouteSectionRef></Route><Route id="R_48670g_R_2"><PrivateCode>R_48670g_R_2</PrivateCode><Description>Clapham Junction - John Paul II School (SW19)</Description><RouteSectionRef>RS_48670g_R_2</RouteSectionRef></Route></Routes><JourneyPatternSections><JourneyPatternSection id="JPS_48670g_H_1"><JourneyPatternTimingLink id="JPL_48670g_H_1_0"><From SequenceNumber="1"><StopPointRef>490008565N</StopPointRef><TimingStatus>PTP</TimingStatus></From><To SequenceNumber="2"><StopPointRef>490014796S</StopPointRef><TimingStatus>PTP</TimingStatus></To><RunTime>PT72S</RunTime></JourneyPatternTimingLink><JourneyPatternTimingLink id="JPL_48670g_H_1_1"><From SequenceNumber="2"><StopPointRef>490014796S</StopPointRef><TimingStatus>PTP</TimingStatus></From><To SequenceNumber="3"><StopPointRef>490015450E</StopPointRef><TimingStatus>PTP</TimingStatus></To><RunTime>PT72S</RunTime></JourneyPatternTimingLink><JourneyPatternTimingLink id="JPL_48670g_H_1_2"><From SequenceNumber="3"><StopPointRef>490015450E</StopPointRef><TimingStatus>PTP</TimingStatus></From><To SequenceNumber="4"><StopPointRef>490003729E</StopPointRef><TimingStatus>PTP</TimingStatus></To><RunTime>PT72S</RunTime></JourneyPatternTimingLink><JourneyPatternTimingLink id="JPL_48670g_H_1_3"><From SequenceNumber="4"><StopPointRef>490003729E</StopPointRef><TimingStatus>PTP</TimingStatus></From><To SequenceNumber="5"><StopPointRef>490009493N</StopPointRef><TimingStatus>PTP</TimingStatus></To><RunTime>PT72S</RunTime></JourneyPatternTimingLink><JourneyPatternTimingLink id="JPL_48670g_H_1_4"><From SequenceNumber="5"><StopPointRef>490009493N</StopPointRef><TimingStatus>PTP</TimingStatus></From><To SequenceNumber="6"><StopPointRef>490014475N</StopPointRef><TimingStatus>PTP</TimingStatus></To><RunTime>PT72S</RunTime></JourneyPatternTimingLink><JourneyPatternTimingLink id="JPL_48670g_H_1_5"><From SequenceNumber="6"><StopPointRef>490014475N</StopPointRef><TimingStatus>PTP</TimingStatus></From><To SequenceNumber="7"><StopPointRef>490012985EG</StopPointRef><TimingStatus>PTP</TimingStatus></To><RunTime>PT78S</RunTime></JourneyPatternTimingLink><JourneyPatternTimingLink id="JPL_48670g_H_1_6"><From SequenceNumber="7"><StopPointRef>490012985EG</StopPointRef><TimingStatus>PTP</TimingStatus></From><To SequenceNumber="8"><StopPointRef>490009836A</StopPointRef><TimingStatus>PTP</TimingStatus></To><RunTime>PT72S</RunTime></JourneyPatternTimingLink><JourneyPatternTimingLink id="JPL_48670g_H_1_7"><From SequenceNumber="8"><StopPointRef>490009836A</StopPointRef><TimingStatus>PTP</TimingStatus></From><To SequenceNumber="9"><StopPointRef>490003383E</StopPointRef><TimingStatus>PTP</TimingStatus></To><RunTime>PT72S</RunTime></JourneyPatternTimingLink><JourneyPatternTimingLink id="JPL_48670g_H_1_8"><From SequenceNumber="9"><StopPointRef>490003383E</StopPointRef><TimingStatus>PTP</TimingStatus></From><To SequenceNumber="10"><StopPointRef>490014195N</StopPointRef><TimingStatus>PTP</TimingStatus></To><RunTime>PT78S</RunTime></JourneyPatternTimingLink><JourneyPatternTimingLink id="JPL_48670g_H_1_9"><From SequenceNumber="10"><StopPointRef>490014195N</StopPointRef><TimingStatus>PTP</TimingStatus></From><To SequenceNumber="11"><StopPointRef>490003259E</StopPointRef><TimingStatus>PTP</TimingStatus></To><RunTime>PT150S</RunTime></JourneyPatternTimingLink><JourneyPatternTimingLink id="JPL_48670g_H_1_10"><From SequenceNumber="11"><StopPointRef>490003259E</StopPointRef><TimingStatus>PTP</TimingStatus></From><To SequenceNumber="12"><StopPointRef>490015404E</StopPointRef><TimingStatus>PTP</TimingStatus></To><RunTime>PT150S</RunTime></JourneyPatternTimingLink><JourneyPatternTimingLink id="JPL_48670g_H_1_11"><From SequenceNumber="12"><StopPointRef>490015404E</StopPointRef><TimingStatus>PTP</TimingStatus></From><To SequenceNumber="13"><StopPointRef>490011066E</StopPointRef><TimingStatus>PTP</TimingStatus></To><RunTime>PT150S</RunTime></JourneyPatternTimingLink><JourneyPatternTimingLink id="JPL_48670g_H_1_12"><From SequenceNumber="13"><StopPointRef>490011066E</StopPointRef><TimingStatus>PTP</TimingStatus></From><To SequenceNumber="14"><StopPointRef>490001069D</StopPointRef><TimingStatus>PTP</TimingStatus></To><RunTime>PT150S</RunTime></JourneyPatternTimingLink></JourneyPatternSection><JourneyPatternSection id="JPS_48670g_R_1"><JourneyPatternTimingLink id="JPL_48670g_R_1_0"><From SequenceNumber="1"><StopPointRef>490001069M</StopPointRef><TimingStatus>PTP</TimingStatus></From><To SequenceNumber="2"><StopPointRef>490011066W</StopPointRef><TimingStatus>PTP</TimingStatus></To><RunTime>PT90S</RunTime></JourneyPatternTimingLink><JourneyPatternTimingLink id="JPL_48670g_R_1_1"><From SequenceNumber="2"><StopPointRef>490011066W</StopPointRef><TimingStatus>PTP</TimingStatus></From><To SequenceNumber="3"><StopPointRef>490004538W</StopPointRef><TimingStatus>PTP</TimingStatus></To><RunTime>PT90S</RunTime></JourneyPatternTimingLink><JourneyPatternTimingLink id="JPL_48670g_R_1_2"><From SequenceNumber="3"><StopPointRef>490004538W</StopPointRef><TimingStatus>PTP</TimingStatus></From><To SequenceNumber="4"><StopPointRef>490015372W</StopPointRef><TimingStatus>PTP</TimingStatus></To><RunTime>PT90S</RunTime></JourneyPatternTimingLink><JourneyPatternTimingLink id="JPL_48670g_R_1_3"><From SequenceNumber="4"><StopPointRef>490015372W</StopPointRef><TimingStatus>PTP</TimingStatus></From><To SequenceNumber="5"><StopPointRef>490008418W</StopPointRef><TimingStatus>PTP</TimingStatus></To><RunTime>PT90S</RunTime></JourneyPatternTimingLink><JourneyPatternTimingLink id="JPL_48670g_R_1_4"><From SequenceNumber="5"><StopPointRef>490008418W</StopPointRef><TimingStatus>PTP</TimingStatus></From><To SequenceNumber="6"><StopPointRef>490008093W</StopPointRef><TimingStatus>PTP</TimingStatus></To><RunTime>PT90S</RunTime></JourneyPatternTimingLink><JourneyPatternTimingLink id="JPL_48670g_R_1_5"><From SequenceNumber="6"><StopPointRef>490008093W</StopPointRef><TimingStatus>PTP</TimingStatus></From><To SequenceNumber="7"><StopPointRef>490015546P</StopPointRef><TimingStatus>PTP</TimingStatus></To><RunTime>PT90S</RunTime></JourneyPatternTimingLink><JourneyPatternTimingLink id="JPL_48670g_R_1_6"><From SequenceNumber="7"><StopPointRef>490015546P</StopPointRef><TimingStatus>PTP</TimingStatus></From><To SequenceNumber="8"><StopPointRef>490014189Y</StopPointRef><TimingStatus>PTP</TimingStatus></To><RunTime>PT90S</RunTime></JourneyPatternTimingLink><JourneyPatternTimingLink id="JPL_48670g_R_1_7"><From SequenceNumber="8"><StopPointRef>490014189Y</StopPointRef><TimingStatus>PTP</TimingStatus></From><To SequenceNumber="9"><StopPointRef>490009836W</StopPointRef><TimingStatus>PTP</TimingStatus></To><RunTime>PT90S</RunTime></JourneyPatternTimingLink><JourneyPatternTimingLink id="JPL_48670g_R_1_8"><From SequenceNumber="9"><StopPointRef>490009836W</StopPointRef><TimingStatus>PTP</TimingStatus></From><To SequenceNumber="10"><StopPointRef>490012985EH</StopPointRef><TimingStatus>PTP</TimingStatus></To><RunTime>PT96S</RunTime></JourneyPatternTimingLink><JourneyPatternTimingLink id="JPL_48670g_R_1_9"><From SequenceNumber="10"><StopPointRef>490012985EH</StopPointRef><TimingStatus>PTP</TimingStatus></From><To SequenceNumber="11"><StopPointRef>490014475S</StopPointRef><TimingStatus>PTP</TimingStatus></To><RunTime>PT90S</RunTime></JourneyPatternTimingLink><JourneyPatternTimingLink id="JPL_48670g_R_1_10"><From SequenceNumber="11"><StopPointRef>490014475S</StopPointRef><TimingStatus>PTP</TimingStatus></From><To SequenceNumber="12"><StopPointRef>490011775S</StopPointRef><TimingStatus>PTP</TimingStatus></To><RunTime>PT90S</RunTime></JourneyPatternTimingLink><JourneyPatternTimingLink id="JPL_48670g_R_1_11"><From SequenceNumber="12"><StopPointRef>490011775S</StopPointRef><TimingStatus>PTP</TimingStatus></From><To SequenceNumber="13"><StopPointRef>490003729S</StopPointRef><TimingStatus>PTP</TimingStatus></To><RunTime>PT96S</RunTime></JourneyPatternTimingLink><JourneyPatternTimingLink id="JPL_48670g_R_1_12"><From SequenceNumber="13"><StopPointRef>490003729S</StopPointRef><TimingStatus>PTP</TimingStatus></From><To SequenceNumber="14"><StopPointRef>490013662S2</StopPointRef><TimingStatus>PTP</TimingStatus></To><RunTime>PT90S</RunTime></JourneyPatternTimingLink><JourneyPatternTimingLink id="JPL_48670g_R_1_13"><From SequenceNumber="14"><StopPointRef>490013662S2</StopPointRef><TimingStatus>PTP</TimingStatus></From><To SequenceNumber="15"><StopPointRef>490014796N</StopPointRef><TimingStatus>PTP</TimingStatus></To><RunTime>PT90S</RunTime></JourneyPatternTimingLink><JourneyPatternTimingLink id="JPL_48670g_R_1_14"><From SequenceNumber="15"><StopPointRef>490014796N</StopPointRef><TimingStatus>PTP</TimingStatus></From><To SequenceNumber="16"><StopPointRef>490004723N</StopPointRef><TimingStatus>PTP</TimingStatus></To><RunTime>PT96S</RunTime></JourneyPatternTimingLink><JourneyPatternTimingLink id="JPL_48670g_R_1_15"><From SequenceNumber="16"><StopPointRef>490004723N</StopPointRef><TimingStatus>PTP</TimingStatus></From><To SequenceNumber="17"><StopPointRef>490014758N</StopPointRef><TimingStatus>PTP</TimingStatus></To><RunTime>PT90S</RunTime></JourneyPatternTimingLink><JourneyPatternTimingLink id="JPL_48670g_R_1_16"><From SequenceNumber="17"><StopPointRef>490014758N</StopPointRef><TimingStatus>PTP</TimingStatus></From><To SequenceNumber="18"><StopPointRef>490008565N</StopPointRef><TimingStatus>PTP</TimingStatus></To><RunTime>PT102S</RunTime></JourneyPatternTimingLink></JourneyPatternSection></JourneyPatternSections><Operators><Operator id="OId_48"><OperatorCode>LG</OperatorCode><OperatorShortName>London General</OperatorShortName><OperatorNameOnLicence>London General</OperatorNameOnLicence><TradingName>London General</TradingName></Operator></Operators><Services><Service><ServiceCode>SId_48670g0</ServiceCode><PrivateCode>48670g0</PrivateCode><Lines><Line id="LId_48670g0"><LineName>670</LineName></Line></Lines><OperatingPeriod><StartDate>2009-12-01</StartDate><EndDate>2010-12-23</EndDate></OperatingPeriod><OperatingProfile><RegularDayType>
					<DaysOfWeek>
						<MondayToFriday/>
					</DaysOfWeek>
				</RegularDayType>
				<BankHolidayOperation><DaysOfNonOperation><AllBankHolidays></AllBankHolidays></DaysOfNonOperation></BankHolidayOperation></OperatingProfile><RegisteredOperatorRef>OId_48</RegisteredOperatorRef><StopRequirements><NoNewStopsRequired/></StopRequirements><StandardService><Origin>John Paul II School (SW19)</Origin><Destination>Clapham Junction</Destination><JourneyPattern id="JP_48670g_H0_1"><Direction>outbound</Direction><Operational><VehicleType><VehicleTypeCode>08</VehicleTypeCode><Description>Double Decker Low Floor+Wheelchair</Description></VehicleType></Operational><RouteRef>R_48670g_H_1</RouteRef><JourneyPatternSectionRefs>JPS_48670g_H_1</JourneyPatternSectionRefs></JourneyPattern><JourneyPattern id="JP_48670g_R0_1"><Direction>inbound</Direction><Operational><VehicleType><VehicleTypeCode>08</VehicleTypeCode><Description>Double Decker Low Floor+Wheelchair</Description></VehicleType></Operational><RouteRef>R_48670g_R_2</RouteRef><JourneyPatternSectionRefs>JPS_48670g_R_1</JourneyPatternSectionRefs></JourneyPattern></StandardService></Service></Services><VehicleJourneys><VehicleJourney><PrivateCode>48670gg0H6700001</PrivateCode><Operational><VehicleType><VehicleTypeCode>08</VehicleTypeCode><Description>Double Decker Low Floor+Wheelchair</Description></VehicleType></Operational><OperatingProfile><RegularDayType>
					<DaysOfWeek>
						<Friday></Friday></DaysOfWeek>
				</RegularDayType>
			</OperatingProfile><VehicleJourneyCode>48670gg0H6700001</VehicleJourneyCode><ServiceRef>SId_48670g0</ServiceRef><LineRef>LId_48670g0</LineRef><JourneyPatternRef>JP_48670g_H0_1</JourneyPatternRef><DepartureTime>14:55:00</DepartureTime></VehicleJourney><VehicleJourney><PrivateCode>48670gg0H6700002</PrivateCode><Operational><VehicleType><VehicleTypeCode>08</VehicleTypeCode><Description>Double Decker Low Floor+Wheelchair</Description></VehicleType></Operational><OperatingProfile><RegularDayType>
					<DaysOfWeek>
						<Monday></Monday><Tuesday></Tuesday><Wednesday></Wednesday><Thursday></Thursday></DaysOfWeek>
				</RegularDayType>
			</OperatingProfile><VehicleJourneyCode>48670gg0H6700002</VehicleJourneyCode><ServiceRef>SId_48670g0</ServiceRef><LineRef>LId_48670g0</LineRef><JourneyPatternRef>JP_48670g_H0_1</JourneyPatternRef><DepartureTime>14:55:00</DepartureTime></VehicleJourney><VehicleJourney><PrivateCode>48670gg0R6700003</PrivateCode><Operational><VehicleType><VehicleTypeCode>08</VehicleTypeCode><Description>Double Decker Low Floor+Wheelchair</Description></VehicleType></Operational><OperatingProfile><RegularDayType>
					<DaysOfWeek>
						<Friday></Friday></DaysOfWeek>
				</RegularDayType>
			</OperatingProfile><VehicleJourneyCode>48670gg0R6700003</VehicleJourneyCode><ServiceRef>SId_48670g0</ServiceRef><LineRef>LId_48670g0</LineRef><JourneyPatternRef>JP_48670g_R0_1</JourneyPatternRef><DepartureTime>07:50:00</DepartureTime></VehicleJourney><VehicleJourney><PrivateCode>48670gg0R6700004</PrivateCode><Operational><VehicleType><VehicleTypeCode>08</VehicleTypeCode><Description>Double Decker Low Floor+Wheelchair</Description></VehicleType></Operational><OperatingProfile><RegularDayType>
					<DaysOfWeek>
						<Monday></Monday><Tuesday></Tuesday><Wednesday></Wednesday><Thursday></Thursday></DaysOfWeek>
				</RegularDayType>
			</OperatingProfile><VehicleJourneyCode>48670gg0R6700004</VehicleJourneyCode><ServiceRef>SId_48670g0</ServiceRef><LineRef>LId_48670g0</LineRef><JourneyPatternRef>JP_48670g_R0_1</JourneyPatternRef><DepartureTime>07:50:00</DepartureTime></VehicleJourney></VehicleJourneys></TransXChange>
