<?xml version="1.0" encoding="UTF-8"?>
<TransXChange CreationDateTime="2010-10-28T09:18:09" ModificationDateTime="2010-10-28T09:18:09" Modification="new" FileName="G:\mentzdv\Datastore\output_txc_54603c.xml" RevisionNumber="0" SchemaVersion="2.1" xmlns:xsi="http://www.w3.org/2001/XMLSchema-instance" xsi:schemaLocation="http://www.transxchange.org.uk/ http://www.transxchange.org.uk/schema/2.1/TransXChange_general.xsd" xmlns="http://www.transxchange.org.uk/" xmlns:n1="http://www.transxchange.org.uk/" xmlns:n2="http://www.govtalk.gov.uk/people/AddressAndPersonalDetails" xmlns:n3="http://www.govtalk.gov.uk/core" xmlns:n4="http://www.govtalk.gov.uk/people/bs7666"><StopPoints><AnnotatedStopPointRef><StopPointRef>490015187H</StopPointRef><CommonName>Princes Avenue (N10)</CommonName><Indicator>stop H</Indicator><LocalityName>Muswell Hill</LocalityName><LocalityQualifier>Greater London</LocalityQualifier></AnnotatedStopPointRef><AnnotatedStopPointRef><StopPointRef>490010135L</StopPointRef><CommonName>Muswell Hill Road (N10)</CommonName><Indicator>stop L</Indicator><LocalityName>Muswell Hill</LocalityName><LocalityQualifier>Greater London</LocalityQualifier></AnnotatedStopPointRef><AnnotatedStopPointRef><StopPointRef>490004017K</StopPointRef><CommonName>Birchwood Avenue (N10)</CommonName><Indicator>stop K</Indicator><LocalityName>Muswell Hill</LocalityName><LocalityQualifier>Greater London</LocalityQualifier></AnnotatedStopPointRef><AnnotatedStopPointRef><StopPointRef>490006947W</StopPointRef><CommonName>Midhurst Avenue (N10)</CommonName><Indicator>stop W</Indicator><LocalityName>Fortis Green</LocalityName><LocalityQualifier>Greater London</LocalityQualifier></AnnotatedStopPointRef><AnnotatedStopPointRef><StopPointRef>490013880L</StopPointRef><CommonName>Twyford Avenue (N2)</CommonName><Indicator>stop L</Indicator><LocalityName>East Finchley</LocalityName><LocalityQualifier>Greater London</LocalityQualifier></AnnotatedStopPointRef><AnnotatedStopPointRef><StopPointRef>490013254J</StopPointRef><CommonName>Fairlawn Avenue (N2)</CommonName><Indicator>stop J</Indicator><LocalityName>East Finchley</LocalityName><LocalityQualifier>Greater London</LocalityQualifier></AnnotatedStopPointRef><AnnotatedStopPointRef><StopPointRef>490000067G</StopPointRef><CommonName>East Finchley</CommonName><Indicator>stop G</Indicator><LocalityName>East Finchley</LocalityName><LocalityQualifier>Greater London</LocalityQualifier></AnnotatedStopPointRef><AnnotatedStopPointRef><StopPointRef>490013265S1</StopPointRef><CommonName>The Bishops Avenue (N2)</CommonName><Indicator>stop C</Indicator><LocalityName>East Finchley</LocalityName><LocalityQualifier>Greater London</LocalityQualifier></AnnotatedStopPointRef><AnnotatedStopPointRef><StopPointRef>490014894S</StopPointRef><CommonName>Woodside Avenue/Great North Rd</CommonName><Indicator>stop P</Indicator><LocalityName>Fortis Green</LocalityName><LocalityQualifier>Greater London</LocalityQualifier></AnnotatedStopPointRef><AnnotatedStopPointRef><StopPointRef>490010379S</StopPointRef><CommonName>North Hill Avenue (N6)</CommonName><Indicator>stop X</Indicator><LocalityName>Fortis Green</LocalityName><LocalityQualifier>Greater London</LocalityQualifier></AnnotatedStopPointRef><AnnotatedStopPointRef><StopPointRef>490008159J</StopPointRef><CommonName>Highgate Group Practice (N6)</CommonName><Indicator>stop Y</Indicator><LocalityName>Highgate</LocalityName><LocalityQualifier>Greater London</LocalityQualifier></AnnotatedStopPointRef><AnnotatedStopPointRef><StopPointRef>490008207S</StopPointRef><CommonName>Hillcrest Estate (N6)</CommonName><Indicator>stop Z</Indicator><LocalityName>Highgate</LocalityName><LocalityQualifier>Greater London</LocalityQualifier></AnnotatedStopPointRef><AnnotatedStopPointRef><StopPointRef>490012816S</StopPointRef><CommonName>St.Michaels School</CommonName><Indicator>stop A</Indicator><LocalityName>Highgate</LocalityName><LocalityQualifier>Greater London</LocalityQualifier></AnnotatedStopPointRef><AnnotatedStopPointRef><StopPointRef>490008160S</StopPointRef><CommonName>Highgate School (N6)</CommonName><Indicator>stop B</Indicator><LocalityName>Highgate</LocalityName><LocalityQualifier>Greater London</LocalityQualifier></AnnotatedStopPointRef><AnnotatedStopPointRef><StopPointRef>490008158W</StopPointRef><CommonName>Highgate Close (N6)</CommonName><Indicator>stop M</Indicator><LocalityName>Highgate</LocalityName><LocalityQualifier>Greater London</LocalityQualifier></AnnotatedStopPointRef><AnnotatedStopPointRef><StopPointRef>490003469W</StopPointRef><CommonName>Athlone House (N6)</CommonName><Indicator>stop N</Indicator><LocalityName>Highgate</LocalityName><LocalityQualifier>Greater London</LocalityQualifier></AnnotatedStopPointRef><AnnotatedStopPointRef><StopPointRef>490012863W</StopPointRef><CommonName>Stormont Road</CommonName><Indicator>stop P</Indicator><LocalityName>Highgate</LocalityName><LocalityQualifier>Greater London</LocalityQualifier></AnnotatedStopPointRef><AnnotatedStopPointRef><StopPointRef>490005532W</StopPointRef><CommonName>Compton Avenue / Kenwood</CommonName><Indicator>stop E</Indicator><LocalityName>Highgate</LocalityName><LocalityQualifier>Greater London</LocalityQualifier></AnnotatedStopPointRef><AnnotatedStopPointRef><StopPointRef>490008675W</StopPointRef><CommonName>Kenwood House (NW3)</CommonName><Indicator>stop W</Indicator><LocalityName>Hampstead Garden Suburb</LocalityName><LocalityQualifier>Greater London</LocalityQualifier></AnnotatedStopPointRef><AnnotatedStopPointRef><StopPointRef>490013555S</StopPointRef><CommonName>The Spaniards Inn</CommonName><Indicator>stop S</Indicator><LocalityName>Hampstead Garden Suburb</LocalityName><LocalityQualifier>Greater London</LocalityQualifier></AnnotatedStopPointRef><AnnotatedStopPointRef><StopPointRef>490007717S</StopPointRef><CommonName>Hampstead Heath (NW3)</CommonName><Indicator>stop S</Indicator><LocalityName>Vale of Health</LocalityName><LocalityQualifier>Greater London</LocalityQualifier></AnnotatedStopPointRef><AnnotatedStopPointRef><StopPointRef>490008531S2</StopPointRef><CommonName>Jack Straws Castle (NW3)</CommonName><Indicator>stop N</Indicator><LocalityName>Vale of Health</LocalityName><LocalityQualifier>Greater London</LocalityQualifier></AnnotatedStopPointRef><AnnotatedStopPointRef><StopPointRef>490008531S1</StopPointRef><CommonName>Whitestone Pond (NW3)</CommonName><Indicator>stop P</Indicator><LocalityName>Vale of Health</LocalityName><LocalityQualifier>Greater London</LocalityQualifier></AnnotatedStopPointRef><AnnotatedStopPointRef><StopPointRef>490000098S</StopPointRef><CommonName>Hampstead Station</CommonName><Indicator>stop Q</Indicator><LocalityName>Hampstead</LocalityName><LocalityQualifier>Greater London</LocalityQualifier></AnnotatedStopPointRef><AnnotatedStopPointRef><StopPointRef>490006484S</StopPointRef><CommonName>Fitzjohn's Avenue (NW3)</CommonName><Indicator>stop C</Indicator><LocalityName>Hampstead</LocalityName><LocalityQualifier>Greater London</LocalityQualifier></AnnotatedStopPointRef><AnnotatedStopPointRef><StopPointRef>490012408S</StopPointRef><CommonName>Lyndhurst Road / Akenside Road</CommonName><Indicator>stop S</Indicator><LocalityName>Hampstead</LocalityName><LocalityQualifier>Greater London</LocalityQualifier></AnnotatedStopPointRef><AnnotatedStopPointRef><StopPointRef>490009471S</StopPointRef><CommonName>St.Marys School (NW3)</CommonName><Indicator>stop S</Indicator><LocalityName>Hampstead</LocalityName><LocalityQualifier>Greater London</LocalityQualifier></AnnotatedStopPointRef><AnnotatedStopPointRef><StopPointRef>490010466S</StopPointRef><CommonName>Nutley Terrace (NW3)</CommonName><Indicator>stop S</Indicator><LocalityName>South Hampstead</LocalityName><LocalityQualifier>Greater London</LocalityQualifier></AnnotatedStopPointRef><AnnotatedStopPointRef><StopPointRef>490009643S</StopPointRef><CommonName>Belsize Lane (NW3)</CommonName><Indicator>stop S</Indicator><LocalityName>South Hampstead</LocalityName><LocalityQualifier>Greater London</LocalityQualifier></AnnotatedStopPointRef><AnnotatedStopPointRef><StopPointRef>490005486S</StopPointRef><CommonName>College Crescent (NW3)</CommonName><Indicator>stop G</Indicator><LocalityName>South Hampstead</LocalityName><LocalityQualifier>Greater London</LocalityQualifier></AnnotatedStopPointRef><AnnotatedStopPointRef><StopPointRef>490000230D</StopPointRef><CommonName>Swiss Cottage</CommonName><Indicator>stop D</Indicator><LocalityName>Swiss Cottage</LocalityName><LocalityQualifier>Greater London</LocalityQualifier></AnnotatedStopPointRef><AnnotatedStopPointRef><StopPointRef>490000230N</StopPointRef><CommonName>Swiss Cottage</CommonName><Indicator>stop N</Indicator><LocalityName>Swiss Cottage</LocalityName><LocalityQualifier>Greater London</LocalityQualifier></AnnotatedStopPointRef><AnnotatedStopPointRef><StopPointRef>490005486F</StopPointRef><CommonName>College Crescent (NW3)</CommonName><Indicator>stop F</Indicator><LocalityName>South Hampstead</LocalityName><LocalityQualifier>Greater London</LocalityQualifier></AnnotatedStopPointRef><AnnotatedStopPointRef><StopPointRef>490009643N</StopPointRef><CommonName>Belsize Lane (NW3)</CommonName><Indicator>stop N</Indicator><LocalityName>South Hampstead</LocalityName><LocalityQualifier>Greater London</LocalityQualifier></AnnotatedStopPointRef><AnnotatedStopPointRef><StopPointRef>490012806N</StopPointRef><CommonName>St.Marys School (NW3)</CommonName><Indicator>stop N</Indicator><LocalityName>Hampstead</LocalityName><LocalityQualifier>Greater London</LocalityQualifier></AnnotatedStopPointRef><AnnotatedStopPointRef><StopPointRef>490009471N</StopPointRef><CommonName>Lyndhurst Road / Akenside Road</CommonName><Indicator>stop N</Indicator><LocalityName>Hampstead</LocalityName><LocalityQualifier>Greater London</LocalityQualifier></AnnotatedStopPointRef><AnnotatedStopPointRef><StopPointRef>490010947N</StopPointRef><CommonName>Heath Street (NW3)</CommonName><Indicator>stop D</Indicator><LocalityName>Hampstead</LocalityName><LocalityQualifier>Greater London</LocalityQualifier></AnnotatedStopPointRef><AnnotatedStopPointRef><StopPointRef>490008531N1</StopPointRef><CommonName>Whitestone Pond (NW3)</CommonName><Indicator>stop E</Indicator><LocalityName>Vale of Health</LocalityName><LocalityQualifier>Greater London</LocalityQualifier></AnnotatedStopPointRef><AnnotatedStopPointRef><StopPointRef>490008531N2</StopPointRef><CommonName>Jack Straws Castle (NW3)</CommonName><Indicator>stop M</Indicator><LocalityName>Vale of Health</LocalityName><LocalityQualifier>Greater London</LocalityQualifier></AnnotatedStopPointRef><AnnotatedStopPointRef><StopPointRef>490007717N</StopPointRef><CommonName>Hampstead Heath (NW3)</CommonName><Indicator>stop N</Indicator><LocalityName>Vale of Health</LocalityName><LocalityQualifier>Greater London</LocalityQualifier></AnnotatedStopPointRef><AnnotatedStopPointRef><StopPointRef>490013555N</StopPointRef><CommonName>The Spaniards Inn</CommonName><Indicator>stop N</Indicator><LocalityName>Hampstead Garden Suburb</LocalityName><LocalityQualifier>Greater London</LocalityQualifier></AnnotatedStopPointRef><AnnotatedStopPointRef><StopPointRef>490008675E</StopPointRef><CommonName>Kenwood House (NW3)</CommonName><Indicator>stop E</Indicator><LocalityName>Hampstead Garden Suburb</LocalityName><LocalityQualifier>Greater London</LocalityQualifier></AnnotatedStopPointRef><AnnotatedStopPointRef><StopPointRef>490005532E</StopPointRef><CommonName>Compton Avenue / Kenwood</CommonName><Indicator>stop Q</Indicator><LocalityName>Highgate</LocalityName><LocalityQualifier>Greater London</LocalityQualifier></AnnotatedStopPointRef><AnnotatedStopPointRef><StopPointRef>490012863E</StopPointRef><CommonName>Stormont Road</CommonName><Indicator>stop F</Indicator><LocalityName>Highgate</LocalityName><LocalityQualifier>Greater London</LocalityQualifier></AnnotatedStopPointRef><AnnotatedStopPointRef><StopPointRef>490003469E</StopPointRef><CommonName>Athlone House (N6)</CommonName><Indicator>stop G</Indicator><LocalityName>Highgate</LocalityName><LocalityQualifier>Greater London</LocalityQualifier></AnnotatedStopPointRef><AnnotatedStopPointRef><StopPointRef>490008158X</StopPointRef><CommonName>Highgate Close (N6)</CommonName><Indicator>stop H</Indicator><LocalityName>Highgate</LocalityName><LocalityQualifier>Greater London</LocalityQualifier></AnnotatedStopPointRef><AnnotatedStopPointRef><StopPointRef>490008160N</StopPointRef><CommonName>Highgate School (N6)</CommonName><Indicator>stop L</Indicator><LocalityName>Highgate</LocalityName><LocalityQualifier>Greater London</LocalityQualifier></AnnotatedStopPointRef><AnnotatedStopPointRef><StopPointRef>490008207N</StopPointRef><CommonName>Hillcrest Estate (N6)</CommonName><Indicator>stop N</Indicator><LocalityName>Highgate</LocalityName><LocalityQualifier>Greater London</LocalityQualifier></AnnotatedStopPointRef><AnnotatedStopPointRef><StopPointRef>490008159N</StopPointRef><CommonName>Highgate Group Practice (N6)</CommonName><Indicator>stop A</Indicator><LocalityName>Highgate</LocalityName><LocalityQualifier>Greater London</LocalityQualifier></AnnotatedStopPointRef><AnnotatedStopPointRef><StopPointRef>490010379N</StopPointRef><CommonName>North Hill Avenue (N6)</CommonName><Indicator>stop M</Indicator><LocalityName>Fortis Green</LocalityName><LocalityQualifier>Greater London</LocalityQualifier></AnnotatedStopPointRef><AnnotatedStopPointRef><StopPointRef>490014894N</StopPointRef><CommonName>Woodside Avenue/Great North Rd</CommonName><Indicator>stop K</Indicator><LocalityName>Fortis Green</LocalityName><LocalityQualifier>Greater London</LocalityQualifier></AnnotatedStopPointRef><AnnotatedStopPointRef><StopPointRef>490013265N</StopPointRef><CommonName>The Bishops Avenue (N2)</CommonName><Indicator>stop D</Indicator><LocalityName>East Finchley</LocalityName><LocalityQualifier>Greater London</LocalityQualifier></AnnotatedStopPointRef><AnnotatedStopPointRef><StopPointRef>490000067E</StopPointRef><CommonName>East Finchley</CommonName><Indicator>stop E</Indicator><LocalityName>East Finchley</LocalityName><LocalityQualifier>Greater London</LocalityQualifier></AnnotatedStopPointRef><AnnotatedStopPointRef><StopPointRef>490013880K</StopPointRef><CommonName>Fairlawn Avenue (N2)</CommonName><Indicator>stop K</Indicator><LocalityName>East Finchley</LocalityName><LocalityQualifier>Greater London</LocalityQualifier></AnnotatedStopPointRef><AnnotatedStopPointRef><StopPointRef>490012392E</StopPointRef><CommonName>Springcroft Avenue</CommonName><Indicator>stop N</Indicator><LocalityName>Fortis Green</LocalityName><LocalityQualifier>Greater London</LocalityQualifier></AnnotatedStopPointRef><AnnotatedStopPointRef><StopPointRef>490006947E</StopPointRef><CommonName>Midhurst Avenue (N10)</CommonName><Indicator>stop E</Indicator><LocalityName>Fortis Green</LocalityName><LocalityQualifier>Greater London</LocalityQualifier></AnnotatedStopPointRef><AnnotatedStopPointRef><StopPointRef>490006949E</StopPointRef><CommonName>Fortismere Avenue (N10)</CommonName><Indicator>stop E</Indicator><LocalityName>Fortis Green</LocalityName><LocalityQualifier>Greater London</LocalityQualifier></AnnotatedStopPointRef><AnnotatedStopPointRef><StopPointRef>490010135K</StopPointRef><CommonName>Muswell Hill Road (N10)</CommonName><Indicator>stop K</Indicator><LocalityName>Muswell Hill</LocalityName><LocalityQualifier>Greater London</LocalityQualifier></AnnotatedStopPointRef><AnnotatedStopPointRef><StopPointRef>490015187F</StopPointRef><CommonName>Muswell Hill (N10)</CommonName><Indicator>stop F</Indicator><LocalityName>Muswell Hill</LocalityName><LocalityQualifier>Greater London</LocalityQualifier></AnnotatedStopPointRef></StopPoints><RouteSections><RouteSection id="RS_54603c_H_1"><RouteLink id="RL_RS_54603c_H_1_0"><From><StopPointRef>490015187H</StopPointRef></From><To><StopPointRef>490010135L</StopPointRef></To><Direction>outbound</Direction></RouteLink><RouteLink id="RL_RS_54603c_H_1_1"><From><StopPointRef>490010135L</StopPointRef></From><To><StopPointRef>490004017K</StopPointRef></To><Direction>outbound</Direction></RouteLink><RouteLink id="RL_RS_54603c_H_1_2"><From><StopPointRef>490004017K</StopPointRef></From><To><StopPointRef>490006947W</StopPointRef></To><Direction>outbound</Direction></RouteLink><RouteLink id="RL_RS_54603c_H_1_3"><From><StopPointRef>490006947W</StopPointRef></From><To><StopPointRef>490013880L</StopPointRef></To><Direction>outbound</Direction></RouteLink><RouteLink id="RL_RS_54603c_H_1_4"><From><StopPointRef>490013880L</StopPointRef></From><To><StopPointRef>490013254J</StopPointRef></To><Direction>outbound</Direction></RouteLink><RouteLink id="RL_RS_54603c_H_1_5"><From><StopPointRef>490013254J</StopPointRef></From><To><StopPointRef>490000067G</StopPointRef></To><Distance>258</Distance><Direction>outbound</Direction></RouteLink><RouteLink id="RL_RS_54603c_H_1_6"><From><StopPointRef>490000067G</StopPointRef></From><To><StopPointRef>490013265S1</StopPointRef></To><Distance>194</Distance><Direction>outbound</Direction></RouteLink><RouteLink id="RL_RS_54603c_H_1_7"><From><StopPointRef>490013265S1</StopPointRef></From><To><StopPointRef>490014894S</StopPointRef></To><Distance>317</Distance><Direction>outbound</Direction></RouteLink><RouteLink id="RL_RS_54603c_H_1_8"><From><StopPointRef>490014894S</StopPointRef></From><To><StopPointRef>490010379S</StopPointRef></To><Distance>527</Distance><Direction>outbound</Direction></RouteLink><RouteLink id="RL_RS_54603c_H_1_9"><From><StopPointRef>490010379S</StopPointRef></From><To><StopPointRef>490008159J</StopPointRef></To><Distance>650</Distance><Direction>outbound</Direction></RouteLink><RouteLink id="RL_RS_54603c_H_1_10"><From><StopPointRef>490008159J</StopPointRef></From><To><StopPointRef>490008207S</StopPointRef></To><Distance>348</Distance><Direction>outbound</Direction></RouteLink><RouteLink id="RL_RS_54603c_H_1_11"><From><StopPointRef>490008207S</StopPointRef></From><To><StopPointRef>490012816S</StopPointRef></To><Distance>105</Distance><Direction>outbound</Direction></RouteLink><RouteLink id="RL_RS_54603c_H_1_12"><From><StopPointRef>490012816S</StopPointRef></From><To><StopPointRef>490008160S</StopPointRef></To><Distance>230</Distance><Direction>outbound</Direction></RouteLink><RouteLink id="RL_RS_54603c_H_1_13"><From><StopPointRef>490008160S</StopPointRef></From><To><StopPointRef>490008158W</StopPointRef></To><Direction>outbound</Direction></RouteLink><RouteLink id="RL_RS_54603c_H_1_14"><From><StopPointRef>490008158W</StopPointRef></From><To><StopPointRef>490003469W</StopPointRef></To><Direction>outbound</Direction></RouteLink><RouteLink id="RL_RS_54603c_H_1_15"><From><StopPointRef>490003469W</StopPointRef></From><To><StopPointRef>490012863W</StopPointRef></To><Direction>outbound</Direction></RouteLink><RouteLink id="RL_RS_54603c_H_1_16"><From><StopPointRef>490012863W</StopPointRef></From><To><StopPointRef>490005532W</StopPointRef></To><Direction>outbound</Direction></RouteLink><RouteLink id="RL_RS_54603c_H_1_17"><From><StopPointRef>490005532W</StopPointRef></From><To><StopPointRef>490008675W</StopPointRef></To><Direction>outbound</Direction></RouteLink><RouteLink id="RL_RS_54603c_H_1_18"><From><StopPointRef>490008675W</StopPointRef></From><To><StopPointRef>490013555S</StopPointRef></To><Direction>outbound</Direction></RouteLink><RouteLink id="RL_RS_54603c_H_1_19"><From><StopPointRef>490013555S</StopPointRef></From><To><StopPointRef>490007717S</StopPointRef></To><Direction>outbound</Direction></RouteLink><RouteLink id="RL_RS_54603c_H_1_20"><From><StopPointRef>490007717S</StopPointRef></From><To><StopPointRef>490008531S2</StopPointRef></To><Direction>outbound</Direction></RouteLink><RouteLink id="RL_RS_54603c_H_1_21"><From><StopPointRef>490008531S2</StopPointRef></From><To><StopPointRef>490008531S1</StopPointRef></To><Direction>outbound</Direction></RouteLink><RouteLink id="RL_RS_54603c_H_1_22"><From><StopPointRef>490008531S1</StopPointRef></From><To><StopPointRef>490000098S</StopPointRef></To><Direction>outbound</Direction></RouteLink><RouteLink id="RL_RS_54603c_H_1_23"><From><StopPointRef>490000098S</StopPointRef></From><To><StopPointRef>490006484S</StopPointRef></To><Direction>outbound</Direction></RouteLink><RouteLink id="RL_RS_54603c_H_1_24"><From><StopPointRef>490006484S</StopPointRef></From><To><StopPointRef>490012408S</StopPointRef></To><Direction>outbound</Direction></RouteLink><RouteLink id="RL_RS_54603c_H_1_25"><From><StopPointRef>490012408S</StopPointRef></From><To><StopPointRef>490009471S</StopPointRef></To><Direction>outbound</Direction></RouteLink><RouteLink id="RL_RS_54603c_H_1_26"><From><StopPointRef>490009471S</StopPointRef></From><To><StopPointRef>490010466S</StopPointRef></To><Direction>outbound</Direction></RouteLink><RouteLink id="RL_RS_54603c_H_1_27"><From><StopPointRef>490010466S</StopPointRef></From><To><StopPointRef>490009643S</StopPointRef></To><Direction>outbound</Direction></RouteLink><RouteLink id="RL_RS_54603c_H_1_28"><From><StopPointRef>490009643S</StopPointRef></From><To><StopPointRef>490005486S</StopPointRef></To><Direction>outbound</Direction></RouteLink><RouteLink id="RL_RS_54603c_H_1_29"><From><StopPointRef>490005486S</StopPointRef></From><To><StopPointRef>490000230D</StopPointRef></To><Direction>outbound</Direction></RouteLink><RouteLink id="RL_RS_54603c_H_1_30"><From><StopPointRef>490000230D</StopPointRef></From><To><StopPointRef>490000230N</StopPointRef></To><Direction>outbound</Direction></RouteLink></RouteSection><RouteSection id="RS_54603c_R_2"><RouteLink id="RL_RS_54603c_R_2_0"><From><StopPointRef>490000230N</StopPointRef></From><To><StopPointRef>490005486F</StopPointRef></To><Direction>inbound</Direction></RouteLink><RouteLink id="RL_RS_54603c_R_2_1"><From><StopPointRef>490005486F</StopPointRef></From><To><StopPointRef>490009643N</StopPointRef></To><Direction>inbound</Direction></RouteLink><RouteLink id="RL_RS_54603c_R_2_2"><From><StopPointRef>490009643N</StopPointRef></From><To><StopPointRef>490012806N</StopPointRef></To><Direction>inbound</Direction></RouteLink><RouteLink id="RL_RS_54603c_R_2_3"><From><StopPointRef>490012806N</StopPointRef></From><To><StopPointRef>490009471N</StopPointRef></To><Direction>inbound</Direction></RouteLink><RouteLink id="RL_RS_54603c_R_2_4"><From><StopPointRef>490009471N</StopPointRef></From><To><StopPointRef>490010947N</StopPointRef></To><Direction>inbound</Direction></RouteLink><RouteLink id="RL_RS_54603c_R_2_5"><From><StopPointRef>490010947N</StopPointRef></From><To><StopPointRef>490008531N1</StopPointRef></To><Direction>inbound</Direction></RouteLink><RouteLink id="RL_RS_54603c_R_2_6"><From><StopPointRef>490008531N1</StopPointRef></From><To><StopPointRef>490008531N2</StopPointRef></To><Direction>inbound</Direction></RouteLink><RouteLink id="RL_RS_54603c_R_2_7"><From><StopPointRef>490008531N2</StopPointRef></From><To><StopPointRef>490007717N</StopPointRef></To><Direction>inbound</Direction></RouteLink><RouteLink id="RL_RS_54603c_R_2_8"><From><StopPointRef>490007717N</StopPointRef></From><To><StopPointRef>490013555N</StopPointRef></To><Direction>inbound</Direction></RouteLink><RouteLink id="RL_RS_54603c_R_2_9"><From><StopPointRef>490013555N</StopPointRef></From><To><StopPointRef>490008675E</StopPointRef></To><Direction>inbound</Direction></RouteLink><RouteLink id="RL_RS_54603c_R_2_10"><From><StopPointRef>490008675E</StopPointRef></From><To><StopPointRef>490005532E</StopPointRef></To><Direction>inbound</Direction></RouteLink><RouteLink id="RL_RS_54603c_R_2_11"><From><StopPointRef>490005532E</StopPointRef></From><To><StopPointRef>490012863E</StopPointRef></To><Direction>inbound</Direction></RouteLink><RouteLink id="RL_RS_54603c_R_2_12"><From><StopPointRef>490012863E</StopPointRef></From><To><StopPointRef>490003469E</StopPointRef></To><Direction>inbound</Direction></RouteLink><RouteLink id="RL_RS_54603c_R_2_13"><From><StopPointRef>490003469E</StopPointRef></From><To><StopPointRef>490008158X</StopPointRef></To><Direction>inbound</Direction></RouteLink><RouteLink id="RL_RS_54603c_R_2_14"><From><StopPointRef>490008158X</StopPointRef></From><To><StopPointRef>490008160N</StopPointRef></To><Direction>inbound</Direction></RouteLink><RouteLink id="RL_RS_54603c_R_2_15"><From><StopPointRef>490008160N</StopPointRef></From><To><StopPointRef>490008207N</StopPointRef></To><Distance>328</Distance><Direction>inbound</Direction></RouteLink><RouteLink id="RL_RS_54603c_R_2_16"><From><StopPointRef>490008207N</StopPointRef></From><To><StopPointRef>490008159N</StopPointRef></To><Direction>inbound</Direction></RouteLink><RouteLink id="RL_RS_54603c_R_2_17"><From><StopPointRef>490008159N</StopPointRef></From><To><StopPointRef>490010379N</StopPointRef></To><Direction>inbound</Direction></RouteLink><RouteLink id="RL_RS_54603c_R_2_18"><From><StopPointRef>490010379N</StopPointRef></From><To><StopPointRef>490014894N</StopPointRef></To><Distance>388</Distance><Direction>inbound</Direction></RouteLink><RouteLink id="RL_RS_54603c_R_2_19"><From><StopPointRef>490014894N</StopPointRef></From><To><StopPointRef>490013265N</StopPointRef></To><Distance>464</Distance><Direction>inbound</Direction></RouteLink><RouteLink id="RL_RS_54603c_R_2_20"><From><StopPointRef>490013265N</StopPointRef></From><To><StopPointRef>490000067E</StopPointRef></To><Distance>153</Distance><Direction>inbound</Direction></RouteLink><RouteLink id="RL_RS_54603c_R_2_21"><From><StopPointRef>490000067E</StopPointRef></From><To><StopPointRef>490013880K</StopPointRef></To><Direction>inbound</Direction></RouteLink><RouteLink id="RL_RS_54603c_R_2_22"><From><StopPointRef>490013880K</StopPointRef></From><To><StopPointRef>490012392E</StopPointRef></To><Direction>inbound</Direction></RouteLink><RouteLink id="RL_RS_54603c_R_2_23"><From><StopPointRef>490012392E</StopPointRef></From><To><StopPointRef>490006947E</StopPointRef></To><Direction>inbound</Direction></RouteLink><RouteLink id="RL_RS_54603c_R_2_24"><From><StopPointRef>490006947E</StopPointRef></From><To><StopPointRef>490006949E</StopPointRef></To><Direction>inbound</Direction></RouteLink><RouteLink id="RL_RS_54603c_R_2_25"><From><StopPointRef>490006949E</StopPointRef></From><To><StopPointRef>490010135K</StopPointRef></To><Direction>inbound</Direction></RouteLink><RouteLink id="RL_RS_54603c_R_2_26"><From><StopPointRef>490010135K</StopPointRef></From><To><StopPointRef>490015187F</StopPointRef></To><Direction>inbound</Direction></RouteLink></RouteSection></RouteSections><Routes><Route id="R_54603c_H_1"><PrivateCode>R_54603c_H_1</PrivateCode><Description>Princes Avenue (N10) - Swiss Cottage</Description><RouteSectionRef>RS_54603c_H_1</RouteSectionRef></Route><Route id="R_54603c_R_2"><PrivateCode>R_54603c_R_2</PrivateCode><Description>Swiss Cottage - Muswell Hill (N10)</Description><RouteSectionRef>RS_54603c_R_2</RouteSectionRef></Route></Routes><JourneyPatternSections><JourneyPatternSection id="JPS_54603c_H_6"><JourneyPatternTimingLink id="JPL_54603c_H_6_0"><From SequenceNumber="1"><StopPointRef>490015187H</StopPointRef><TimingStatus>PTP</TimingStatus></From><To SequenceNumber="2"><StopPointRef>490010135L</StopPointRef><TimingStatus>PTP</TimingStatus></To><RunTime>PT90S</RunTime></JourneyPatternTimingLink><JourneyPatternTimingLink id="JPL_54603c_H_6_1"><From SequenceNumber="2"><StopPointRef>490010135L</StopPointRef><TimingStatus>PTP</TimingStatus></From><To SequenceNumber="3"><StopPointRef>490004017K</StopPointRef><TimingStatus>PTP</TimingStatus></To><RunTime>PT90S</RunTime></JourneyPatternTimingLink><JourneyPatternTimingLink id="JPL_54603c_H_6_2"><From SequenceNumber="3"><StopPointRef>490004017K</StopPointRef><TimingStatus>PTP</TimingStatus></From><To SequenceNumber="4"><StopPointRef>490006947W</StopPointRef><TimingStatus>PTP</TimingStatus></To><RunTime>PT90S</RunTime></JourneyPatternTimingLink><JourneyPatternTimingLink id="JPL_54603c_H_6_3"><From SequenceNumber="4"><StopPointRef>490006947W</StopPointRef><TimingStatus>PTP</TimingStatus></From><To SequenceNumber="5"><StopPointRef>490013880L</StopPointRef><TimingStatus>PTP</TimingStatus></To><RunTime>PT90S</RunTime></JourneyPatternTimingLink><JourneyPatternTimingLink id="JPL_54603c_H_6_4"><From SequenceNumber="5"><StopPointRef>490013880L</StopPointRef><TimingStatus>PTP</TimingStatus></From><To SequenceNumber="6"><StopPointRef>490013254J</StopPointRef><TimingStatus>PTP</TimingStatus></To><RunTime>PT90S</RunTime></JourneyPatternTimingLink><JourneyPatternTimingLink id="JPL_54603c_H_6_5"><From SequenceNumber="6"><StopPointRef>490013254J</StopPointRef><TimingStatus>PTP</TimingStatus></From><To SequenceNumber="7"><StopPointRef>490000067G</StopPointRef><TimingStatus>PTP</TimingStatus></To><RunTime>PT90S</RunTime></JourneyPatternTimingLink><JourneyPatternTimingLink id="JPL_54603c_H_6_6"><From SequenceNumber="7"><StopPointRef>490000067G</StopPointRef><TimingStatus>PTP</TimingStatus></From><To SequenceNumber="8"><StopPointRef>490013265S1</StopPointRef><TimingStatus>PTP</TimingStatus></To><RunTime>PT66S</RunTime></JourneyPatternTimingLink><JourneyPatternTimingLink id="JPL_54603c_H_6_7"><From SequenceNumber="8"><StopPointRef>490013265S1</StopPointRef><TimingStatus>PTP</TimingStatus></From><To SequenceNumber="9"><StopPointRef>490014894S</StopPointRef><TimingStatus>PTP</TimingStatus></To><RunTime>PT66S</RunTime></JourneyPatternTimingLink><JourneyPatternTimingLink id="JPL_54603c_H_6_8"><From SequenceNumber="9"><StopPointRef>490014894S</StopPointRef><TimingStatus>PTP</TimingStatus></From><To SequenceNumber="10"><StopPointRef>490010379S</StopPointRef><TimingStatus>PTP</TimingStatus></To><RunTime>PT66S</RunTime></JourneyPatternTimingLink><JourneyPatternTimingLink id="JPL_54603c_H_6_9"><From SequenceNumber="10"><StopPointRef>490010379S</StopPointRef><TimingStatus>PTP</TimingStatus></From><To SequenceNumber="11"><StopPointRef>490008159J</StopPointRef><TimingStatus>PTP</TimingStatus></To><RunTime>PT66S</RunTime></JourneyPatternTimingLink><JourneyPatternTimingLink id="JPL_54603c_H_6_10"><From SequenceNumber="11"><StopPointRef>490008159J</StopPointRef><TimingStatus>PTP</TimingStatus></From><To SequenceNumber="12"><StopPointRef>490008207S</StopPointRef><TimingStatus>PTP</TimingStatus></To><RunTime>PT66S</RunTime></JourneyPatternTimingLink><JourneyPatternTimingLink id="JPL_54603c_H_6_11"><From SequenceNumber="12"><StopPointRef>490008207S</StopPointRef><TimingStatus>PTP</TimingStatus></From><To SequenceNumber="13"><StopPointRef>490012816S</StopPointRef><TimingStatus>PTP</TimingStatus></To><RunTime>PT66S</RunTime></JourneyPatternTimingLink><JourneyPatternTimingLink id="JPL_54603c_H_6_12"><From SequenceNumber="13"><StopPointRef>490012816S</StopPointRef><TimingStatus>PTP</TimingStatus></From><To SequenceNumber="14"><StopPointRef>490008160S</StopPointRef><TimingStatus>PTP</TimingStatus></To><RunTime>PT84S</RunTime></JourneyPatternTimingLink><JourneyPatternTimingLink id="JPL_54603c_H_6_13"><From SequenceNumber="14"><StopPointRef>490008160S</StopPointRef><TimingStatus>PTP</TimingStatus></From><To SequenceNumber="15"><StopPointRef>490008158W</StopPointRef><TimingStatus>PTP</TimingStatus></To><RunTime>PT60S</RunTime></JourneyPatternTimingLink><JourneyPatternTimingLink id="JPL_54603c_H_6_14"><From SequenceNumber="15"><StopPointRef>490008158W</StopPointRef><TimingStatus>PTP</TimingStatus></From><To SequenceNumber="16"><StopPointRef>490003469W</StopPointRef><TimingStatus>PTP</TimingStatus></To><RunTime>PT60S</RunTime></JourneyPatternTimingLink><JourneyPatternTimingLink id="JPL_54603c_H_6_15"><From SequenceNumber="16"><StopPointRef>490003469W</StopPointRef><TimingStatus>PTP</TimingStatus></From><To SequenceNumber="17"><StopPointRef>490012863W</StopPointRef><TimingStatus>PTP</TimingStatus></To><RunTime>PT60S</RunTime></JourneyPatternTimingLink><JourneyPatternTimingLink id="JPL_54603c_H_6_16"><From SequenceNumber="17"><StopPointRef>490012863W</StopPointRef><TimingStatus>PTP</TimingStatus></From><To SequenceNumber="18"><StopPointRef>490005532W</StopPointRef><TimingStatus>PTP</TimingStatus></To><RunTime>PT60S</RunTime></JourneyPatternTimingLink><JourneyPatternTimingLink id="JPL_54603c_H_6_17"><From SequenceNumber="18"><StopPointRef>490005532W</StopPointRef><TimingStatus>PTP</TimingStatus></From><To SequenceNumber="19"><StopPointRef>490008675W</StopPointRef><TimingStatus>PTP</TimingStatus></To><RunTime>PT60S</RunTime></JourneyPatternTimingLink><JourneyPatternTimingLink id="JPL_54603c_H_6_18"><From SequenceNumber="19"><StopPointRef>490008675W</StopPointRef><TimingStatus>PTP</TimingStatus></From><To SequenceNumber="20"><StopPointRef>490013555S</StopPointRef><TimingStatus>PTP</TimingStatus></To><RunTime>PT60S</RunTime></JourneyPatternTimingLink><JourneyPatternTimingLink id="JPL_54603c_H_6_19"><From SequenceNumber="20"><StopPointRef>490013555S</StopPointRef><TimingStatus>PTP</TimingStatus></From><To SequenceNumber="21"><StopPointRef>490007717S</StopPointRef><TimingStatus>PTP</TimingStatus></To><RunTime>PT60S</RunTime></JourneyPatternTimingLink><JourneyPatternTimingLink id="JPL_54603c_H_6_20"><From SequenceNumber="21"><StopPointRef>490007717S</StopPointRef><TimingStatus>PTP</TimingStatus></From><To SequenceNumber="22"><StopPointRef>490008531S2</StopPointRef><TimingStatus>PTP</TimingStatus></To><RunTime>PT60S</RunTime></JourneyPatternTimingLink><JourneyPatternTimingLink id="JPL_54603c_H_6_21"><From SequenceNumber="22"><StopPointRef>490008531S2</StopPointRef><TimingStatus>PTP</TimingStatus></From><To SequenceNumber="23"><StopPointRef>490008531S1</StopPointRef><TimingStatus>PTP</TimingStatus></To><RunTime>PT60S</RunTime></JourneyPatternTimingLink><JourneyPatternTimingLink id="JPL_54603c_H_6_22"><From SequenceNumber="23"><StopPointRef>490008531S1</StopPointRef><TimingStatus>PTP</TimingStatus></From><To SequenceNumber="24"><StopPointRef>490000098S</StopPointRef><TimingStatus>PTP</TimingStatus></To><RunTime>PT360S</RunTime></JourneyPatternTimingLink><JourneyPatternTimingLink id="JPL_54603c_H_6_23"><From SequenceNumber="24"><StopPointRef>490000098S</StopPointRef><TimingStatus>PTP</TimingStatus></From><To SequenceNumber="25"><StopPointRef>490006484S</StopPointRef><TimingStatus>PTP</TimingStatus></To><RunTime>PT48S</RunTime></JourneyPatternTimingLink><JourneyPatternTimingLink id="JPL_54603c_H_6_24"><From SequenceNumber="25"><StopPointRef>490006484S</StopPointRef><TimingStatus>PTP</TimingStatus></From><To SequenceNumber="26"><StopPointRef>490012408S</StopPointRef><TimingStatus>PTP</TimingStatus></To><RunTime>PT48S</RunTime></JourneyPatternTimingLink><JourneyPatternTimingLink id="JPL_54603c_H_6_25"><From SequenceNumber="26"><StopPointRef>490012408S</StopPointRef><TimingStatus>PTP</TimingStatus></From><To SequenceNumber="27"><StopPointRef>490009471S</StopPointRef><TimingStatus>PTP</TimingStatus></To><RunTime>PT48S</RunTime></JourneyPatternTimingLink><JourneyPatternTimingLink id="JPL_54603c_H_6_26"><From SequenceNumber="27"><StopPointRef>490009471S</StopPointRef><TimingStatus>PTP</TimingStatus></From><To SequenceNumber="28"><StopPointRef>490010466S</StopPointRef><TimingStatus>PTP</TimingStatus></To><RunTime>PT48S</RunTime></JourneyPatternTimingLink><JourneyPatternTimingLink id="JPL_54603c_H_6_27"><From SequenceNumber="28"><StopPointRef>490010466S</StopPointRef><TimingStatus>PTP</TimingStatus></From><To SequenceNumber="29"><StopPointRef>490009643S</StopPointRef><TimingStatus>PTP</TimingStatus></To><RunTime>PT48S</RunTime></JourneyPatternTimingLink><JourneyPatternTimingLink id="JPL_54603c_H_6_28"><From SequenceNumber="29"><StopPointRef>490009643S</StopPointRef><TimingStatus>PTP</TimingStatus></From><To SequenceNumber="30"><StopPointRef>490005486S</StopPointRef><TimingStatus>PTP</TimingStatus></To><RunTime>PT48S</RunTime></JourneyPatternTimingLink><JourneyPatternTimingLink id="JPL_54603c_H_6_29"><From SequenceNumber="30"><StopPointRef>490005486S</StopPointRef><TimingStatus>PTP</TimingStatus></From><To SequenceNumber="31"><StopPointRef>490000230D</StopPointRef><TimingStatus>PTP</TimingStatus></To><RunTime>PT48S</RunTime></JourneyPatternTimingLink><JourneyPatternTimingLink id="JPL_54603c_H_6_30"><From SequenceNumber="31"><StopPointRef>490000230D</StopPointRef><TimingStatus>PTP</TimingStatus></From><To SequenceNumber="32"><StopPointRef>490000230N</StopPointRef><TimingStatus>PTP</TimingStatus></To><RunTime>PT84S</RunTime></JourneyPatternTimingLink></JourneyPatternSection><JourneyPatternSection id="JPS_54603c_H_7"><JourneyPatternTimingLink id="JPL_54603c_H_7_0"><From SequenceNumber="1"><StopPointRef>490015187H</StopPointRef><TimingStatus>PTP</TimingStatus></From><To SequenceNumber="2"><StopPointRef>490010135L</StopPointRef><TimingStatus>PTP</TimingStatus></To><RunTime>PT90S</RunTime></JourneyPatternTimingLink><JourneyPatternTimingLink id="JPL_54603c_H_7_1"><From SequenceNumber="2"><StopPointRef>490010135L</StopPointRef><TimingStatus>PTP</TimingStatus></From><To SequenceNumber="3"><StopPointRef>490004017K</StopPointRef><TimingStatus>PTP</TimingStatus></To><RunTime>PT90S</RunTime></JourneyPatternTimingLink><JourneyPatternTimingLink id="JPL_54603c_H_7_2"><From SequenceNumber="3"><StopPointRef>490004017K</StopPointRef><TimingStatus>PTP</TimingStatus></From><To SequenceNumber="4"><StopPointRef>490006947W</StopPointRef><TimingStatus>PTP</TimingStatus></To><RunTime>PT90S</RunTime></JourneyPatternTimingLink><JourneyPatternTimingLink id="JPL_54603c_H_7_3"><From SequenceNumber="4"><StopPointRef>490006947W</StopPointRef><TimingStatus>PTP</TimingStatus></From><To SequenceNumber="5"><StopPointRef>490013880L</StopPointRef><TimingStatus>PTP</TimingStatus></To><RunTime>PT90S</RunTime></JourneyPatternTimingLink><JourneyPatternTimingLink id="JPL_54603c_H_7_4"><From SequenceNumber="5"><StopPointRef>490013880L</StopPointRef><TimingStatus>PTP</TimingStatus></From><To SequenceNumber="6"><StopPointRef>490013254J</StopPointRef><TimingStatus>PTP</TimingStatus></To><RunTime>PT90S</RunTime></JourneyPatternTimingLink><JourneyPatternTimingLink id="JPL_54603c_H_7_5"><From SequenceNumber="6"><StopPointRef>490013254J</StopPointRef><TimingStatus>PTP</TimingStatus></From><To SequenceNumber="7"><StopPointRef>490000067G</StopPointRef><TimingStatus>PTP</TimingStatus></To><RunTime>PT90S</RunTime></JourneyPatternTimingLink><JourneyPatternTimingLink id="JPL_54603c_H_7_6"><From SequenceNumber="7"><StopPointRef>490000067G</StopPointRef><TimingStatus>PTP</TimingStatus></From><To SequenceNumber="8"><StopPointRef>490013265S1</StopPointRef><TimingStatus>PTP</TimingStatus></To><RunTime>PT72S</RunTime></JourneyPatternTimingLink><JourneyPatternTimingLink id="JPL_54603c_H_7_7"><From SequenceNumber="8"><StopPointRef>490013265S1</StopPointRef><TimingStatus>PTP</TimingStatus></From><To SequenceNumber="9"><StopPointRef>490014894S</StopPointRef><TimingStatus>PTP</TimingStatus></To><RunTime>PT72S</RunTime></JourneyPatternTimingLink><JourneyPatternTimingLink id="JPL_54603c_H_7_8"><From SequenceNumber="9"><StopPointRef>490014894S</StopPointRef><TimingStatus>PTP</TimingStatus></From><To SequenceNumber="10"><StopPointRef>490010379S</StopPointRef><TimingStatus>PTP</TimingStatus></To><RunTime>PT72S</RunTime></JourneyPatternTimingLink><JourneyPatternTimingLink id="JPL_54603c_H_7_9"><From SequenceNumber="10"><StopPointRef>490010379S</StopPointRef><TimingStatus>PTP</TimingStatus></From><To SequenceNumber="11"><StopPointRef>490008159J</StopPointRef><TimingStatus>PTP</TimingStatus></To><RunTime>PT72S</RunTime></JourneyPatternTimingLink><JourneyPatternTimingLink id="JPL_54603c_H_7_10"><From SequenceNumber="11"><StopPointRef>490008159J</StopPointRef><TimingStatus>PTP</TimingStatus></From><To SequenceNumber="12"><StopPointRef>490008207S</StopPointRef><TimingStatus>PTP</TimingStatus></To><RunTime>PT72S</RunTime></JourneyPatternTimingLink><JourneyPatternTimingLink id="JPL_54603c_H_7_11"><From SequenceNumber="12"><StopPointRef>490008207S</StopPointRef><TimingStatus>PTP</TimingStatus></From><To SequenceNumber="13"><StopPointRef>490012816S</StopPointRef><TimingStatus>PTP</TimingStatus></To><RunTime>PT72S</RunTime></JourneyPatternTimingLink><JourneyPatternTimingLink id="JPL_54603c_H_7_12"><From SequenceNumber="13"><StopPointRef>490012816S</StopPointRef><TimingStatus>PTP</TimingStatus></From><To SequenceNumber="14"><StopPointRef>490008160S</StopPointRef><TimingStatus>PTP</TimingStatus></To><RunTime>PT108S</RunTime></JourneyPatternTimingLink><JourneyPatternTimingLink id="JPL_54603c_H_7_13"><From SequenceNumber="14"><StopPointRef>490008160S</StopPointRef><TimingStatus>PTP</TimingStatus></From><To SequenceNumber="15"><StopPointRef>490008158W</StopPointRef><TimingStatus>PTP</TimingStatus></To><RunTime>PT72S</RunTime></JourneyPatternTimingLink><JourneyPatternTimingLink id="JPL_54603c_H_7_14"><From SequenceNumber="15"><StopPointRef>490008158W</StopPointRef><TimingStatus>PTP</TimingStatus></From><To SequenceNumber="16"><StopPointRef>490003469W</StopPointRef><TimingStatus>PTP</TimingStatus></To><RunTime>PT72S</RunTime></JourneyPatternTimingLink><JourneyPatternTimingLink id="JPL_54603c_H_7_15"><From SequenceNumber="16"><StopPointRef>490003469W</StopPointRef><TimingStatus>PTP</TimingStatus></From><To SequenceNumber="17"><StopPointRef>490012863W</StopPointRef><TimingStatus>PTP</TimingStatus></To><RunTime>PT72S</RunTime></JourneyPatternTimingLink><JourneyPatternTimingLink id="JPL_54603c_H_7_16"><From SequenceNumber="17"><StopPointRef>490012863W</StopPointRef><TimingStatus>PTP</TimingStatus></From><To SequenceNumber="18"><StopPointRef>490005532W</StopPointRef><TimingStatus>PTP</TimingStatus></To><RunTime>PT72S</RunTime></JourneyPatternTimingLink><JourneyPatternTimingLink id="JPL_54603c_H_7_17"><From SequenceNumber="18"><StopPointRef>490005532W</StopPointRef><TimingStatus>PTP</TimingStatus></From><To SequenceNumber="19"><StopPointRef>490008675W</StopPointRef><TimingStatus>PTP</TimingStatus></To><RunTime>PT72S</RunTime></JourneyPatternTimingLink><JourneyPatternTimingLink id="JPL_54603c_H_7_18"><From SequenceNumber="19"><StopPointRef>490008675W</StopPointRef><TimingStatus>PTP</TimingStatus></From><To SequenceNumber="20"><StopPointRef>490013555S</StopPointRef><TimingStatus>PTP</TimingStatus></To><RunTime>PT72S</RunTime></JourneyPatternTimingLink><JourneyPatternTimingLink id="JPL_54603c_H_7_19"><From SequenceNumber="20"><StopPointRef>490013555S</StopPointRef><TimingStatus>PTP</TimingStatus></From><To SequenceNumber="21"><StopPointRef>490007717S</StopPointRef><TimingStatus>PTP</TimingStatus></To><RunTime>PT72S</RunTime></JourneyPatternTimingLink><JourneyPatternTimingLink id="JPL_54603c_H_7_20"><From SequenceNumber="21"><StopPointRef>490007717S</StopPointRef><TimingStatus>PTP</TimingStatus></From><To SequenceNumber="22"><StopPointRef>490008531S2</StopPointRef><TimingStatus>PTP</TimingStatus></To><RunTime>PT72S</RunTime></JourneyPatternTimingLink><JourneyPatternTimingLink id="JPL_54603c_H_7_21"><From SequenceNumber="22"><StopPointRef>490008531S2</StopPointRef><TimingStatus>PTP</TimingStatus></From><To SequenceNumber="23"><StopPointRef>490008531S1</StopPointRef><TimingStatus>PTP</TimingStatus></To><RunTime>PT84S</RunTime></JourneyPatternTimingLink><JourneyPatternTimingLink id="JPL_54603c_H_7_22"><From SequenceNumber="23"><StopPointRef>490008531S1</StopPointRef><TimingStatus>PTP</TimingStatus></From><To SequenceNumber="24"><StopPointRef>490000098S</StopPointRef><TimingStatus>PTP</TimingStatus></To><RunTime>PT360S</RunTime></JourneyPatternTimingLink><JourneyPatternTimingLink id="JPL_54603c_H_7_23"><From SequenceNumber="24"><StopPointRef>490000098S</StopPointRef><TimingStatus>PTP</TimingStatus></From><To SequenceNumber="25"><StopPointRef>490006484S</StopPointRef><TimingStatus>PTP</TimingStatus></To><RunTime>PT66S</RunTime></JourneyPatternTimingLink><JourneyPatternTimingLink id="JPL_54603c_H_7_24"><From SequenceNumber="25"><StopPointRef>490006484S</StopPointRef><TimingStatus>PTP</TimingStatus></From><To SequenceNumber="26"><StopPointRef>490012408S</StopPointRef><TimingStatus>PTP</TimingStatus></To><RunTime>PT66S</RunTime></JourneyPatternTimingLink><JourneyPatternTimingLink id="JPL_54603c_H_7_25"><From SequenceNumber="26"><StopPointRef>490012408S</StopPointRef><TimingStatus>PTP</TimingStatus></From><To SequenceNumber="27"><StopPointRef>490009471S</StopPointRef><TimingStatus>PTP</TimingStatus></To><RunTime>PT66S</RunTime></JourneyPatternTimingLink><JourneyPatternTimingLink id="JPL_54603c_H_7_26"><From SequenceNumber="27"><StopPointRef>490009471S</StopPointRef><TimingStatus>PTP</TimingStatus></From><To SequenceNumber="28"><StopPointRef>490010466S</StopPointRef><TimingStatus>PTP</TimingStatus></To><RunTime>PT66S</RunTime></JourneyPatternTimingLink><JourneyPatternTimingLink id="JPL_54603c_H_7_27"><From SequenceNumber="28"><StopPointRef>490010466S</StopPointRef><TimingStatus>PTP</TimingStatus></From><To SequenceNumber="29"><StopPointRef>490009643S</StopPointRef><TimingStatus>PTP</TimingStatus></To><RunTime>PT66S</RunTime></JourneyPatternTimingLink><JourneyPatternTimingLink id="JPL_54603c_H_7_28"><From SequenceNumber="29"><StopPointRef>490009643S</StopPointRef><TimingStatus>PTP</TimingStatus></From><To SequenceNumber="30"><StopPointRef>490005486S</StopPointRef><TimingStatus>PTP</TimingStatus></To><RunTime>PT66S</RunTime></JourneyPatternTimingLink><JourneyPatternTimingLink id="JPL_54603c_H_7_29"><From SequenceNumber="30"><StopPointRef>490005486S</StopPointRef><TimingStatus>PTP</TimingStatus></From><To SequenceNumber="31"><StopPointRef>490000230D</StopPointRef><TimingStatus>PTP</TimingStatus></To><RunTime>PT66S</RunTime></JourneyPatternTimingLink><JourneyPatternTimingLink id="JPL_54603c_H_7_30"><From SequenceNumber="31"><StopPointRef>490000230D</StopPointRef><TimingStatus>PTP</TimingStatus></From><To SequenceNumber="32"><StopPointRef>490000230N</StopPointRef><TimingStatus>PTP</TimingStatus></To><RunTime>PT78S</RunTime></JourneyPatternTimingLink></JourneyPatternSection><JourneyPatternSection id="JPS_54603c_R_5"><JourneyPatternTimingLink id="JPL_54603c_R_5_0"><From SequenceNumber="1"><StopPointRef>490000230N</StopPointRef><TimingStatus>PTP</TimingStatus></From><To SequenceNumber="2"><StopPointRef>490005486F</StopPointRef><TimingStatus>PTP</TimingStatus></To><RunTime>PT120S</RunTime></JourneyPatternTimingLink><JourneyPatternTimingLink id="JPL_54603c_R_5_1"><From SequenceNumber="2"><StopPointRef>490005486F</StopPointRef><TimingStatus>PTP</TimingStatus></From><To SequenceNumber="3"><StopPointRef>490009643N</StopPointRef><TimingStatus>PTP</TimingStatus></To><RunTime>PT120S</RunTime></JourneyPatternTimingLink><JourneyPatternTimingLink id="JPL_54603c_R_5_2"><From SequenceNumber="3"><StopPointRef>490009643N</StopPointRef><TimingStatus>PTP</TimingStatus></From><To SequenceNumber="4"><StopPointRef>490012806N</StopPointRef><TimingStatus>PTP</TimingStatus></To><RunTime>PT120S</RunTime></JourneyPatternTimingLink><JourneyPatternTimingLink id="JPL_54603c_R_5_3"><From SequenceNumber="4"><StopPointRef>490012806N</StopPointRef><TimingStatus>PTP</TimingStatus></From><To SequenceNumber="5"><StopPointRef>490009471N</StopPointRef><TimingStatus>PTP</TimingStatus></To><RunTime>PT120S</RunTime></JourneyPatternTimingLink><JourneyPatternTimingLink id="JPL_54603c_R_5_4"><From SequenceNumber="5"><StopPointRef>490009471N</StopPointRef><TimingStatus>PTP</TimingStatus></From><To SequenceNumber="6"><StopPointRef>490010947N</StopPointRef><TimingStatus>PTP</TimingStatus></To><RunTime>PT120S</RunTime></JourneyPatternTimingLink><JourneyPatternTimingLink id="JPL_54603c_R_5_5"><From SequenceNumber="6"><StopPointRef>490010947N</StopPointRef><TimingStatus>PTP</TimingStatus></From><To SequenceNumber="7"><StopPointRef>490008531N1</StopPointRef><TimingStatus>PTP</TimingStatus></To><RunTime>PT300S</RunTime></JourneyPatternTimingLink><JourneyPatternTimingLink id="JPL_54603c_R_5_6"><From SequenceNumber="7"><StopPointRef>490008531N1</StopPointRef><TimingStatus>PTP</TimingStatus></From><To SequenceNumber="8"><StopPointRef>490008531N2</StopPointRef><TimingStatus>PTP</TimingStatus></To><RunTime>PT60S</RunTime></JourneyPatternTimingLink><JourneyPatternTimingLink id="JPL_54603c_R_5_7"><From SequenceNumber="8"><StopPointRef>490008531N2</StopPointRef><TimingStatus>PTP</TimingStatus></From><To SequenceNumber="9"><StopPointRef>490007717N</StopPointRef><TimingStatus>PTP</TimingStatus></To><RunTime>PT60S</RunTime></JourneyPatternTimingLink><JourneyPatternTimingLink id="JPL_54603c_R_5_8"><From SequenceNumber="9"><StopPointRef>490007717N</StopPointRef><TimingStatus>PTP</TimingStatus></From><To SequenceNumber="10"><StopPointRef>490013555N</StopPointRef><TimingStatus>PTP</TimingStatus></To><RunTime>PT60S</RunTime></JourneyPatternTimingLink><JourneyPatternTimingLink id="JPL_54603c_R_5_9"><From SequenceNumber="10"><StopPointRef>490013555N</StopPointRef><TimingStatus>PTP</TimingStatus></From><To SequenceNumber="11"><StopPointRef>490008675E</StopPointRef><TimingStatus>PTP</TimingStatus></To><RunTime>PT60S</RunTime></JourneyPatternTimingLink><JourneyPatternTimingLink id="JPL_54603c_R_5_10"><From SequenceNumber="11"><StopPointRef>490008675E</StopPointRef><TimingStatus>PTP</TimingStatus></From><To SequenceNumber="12"><StopPointRef>490005532E</StopPointRef><TimingStatus>PTP</TimingStatus></To><RunTime>PT60S</RunTime></JourneyPatternTimingLink><JourneyPatternTimingLink id="JPL_54603c_R_5_11"><From SequenceNumber="12"><StopPointRef>490005532E</StopPointRef><TimingStatus>PTP</TimingStatus></From><To SequenceNumber="13"><StopPointRef>490012863E</StopPointRef><TimingStatus>PTP</TimingStatus></To><RunTime>PT60S</RunTime></JourneyPatternTimingLink><JourneyPatternTimingLink id="JPL_54603c_R_5_12"><From SequenceNumber="13"><StopPointRef>490012863E</StopPointRef><TimingStatus>PTP</TimingStatus></From><To SequenceNumber="14"><StopPointRef>490003469E</StopPointRef><TimingStatus>PTP</TimingStatus></To><RunTime>PT60S</RunTime></JourneyPatternTimingLink><JourneyPatternTimingLink id="JPL_54603c_R_5_13"><From SequenceNumber="14"><StopPointRef>490003469E</StopPointRef><TimingStatus>PTP</TimingStatus></From><To SequenceNumber="15"><StopPointRef>490008158X</StopPointRef><TimingStatus>PTP</TimingStatus></To><RunTime>PT60S</RunTime></JourneyPatternTimingLink><JourneyPatternTimingLink id="JPL_54603c_R_5_14"><From SequenceNumber="15"><StopPointRef>490008158X</StopPointRef><TimingStatus>PTP</TimingStatus></From><To SequenceNumber="16"><StopPointRef>490008160N</StopPointRef><TimingStatus>PTP</TimingStatus></To><RunTime>PT60S</RunTime></JourneyPatternTimingLink><JourneyPatternTimingLink id="JPL_54603c_R_5_15"><From SequenceNumber="16"><StopPointRef>490008160N</StopPointRef><TimingStatus>PTP</TimingStatus></From><To SequenceNumber="17"><StopPointRef>490008207N</StopPointRef><TimingStatus>PTP</TimingStatus></To><RunTime>PT78S</RunTime></JourneyPatternTimingLink><JourneyPatternTimingLink id="JPL_54603c_R_5_16"><From SequenceNumber="17"><StopPointRef>490008207N</StopPointRef><TimingStatus>PTP</TimingStatus></From><To SequenceNumber="18"><StopPointRef>490008159N</StopPointRef><TimingStatus>PTP</TimingStatus></To><RunTime>PT78S</RunTime></JourneyPatternTimingLink><JourneyPatternTimingLink id="JPL_54603c_R_5_17"><From SequenceNumber="18"><StopPointRef>490008159N</StopPointRef><TimingStatus>PTP</TimingStatus></From><To SequenceNumber="19"><StopPointRef>490010379N</StopPointRef><TimingStatus>PTP</TimingStatus></To><RunTime>PT78S</RunTime></JourneyPatternTimingLink><JourneyPatternTimingLink id="JPL_54603c_R_5_18"><From SequenceNumber="19"><StopPointRef>490010379N</StopPointRef><TimingStatus>PTP</TimingStatus></From><To SequenceNumber="20"><StopPointRef>490014894N</StopPointRef><TimingStatus>PTP</TimingStatus></To><RunTime>PT78S</RunTime></JourneyPatternTimingLink><JourneyPatternTimingLink id="JPL_54603c_R_5_19"><From SequenceNumber="20"><StopPointRef>490014894N</StopPointRef><TimingStatus>PTP</TimingStatus></From><To SequenceNumber="21"><StopPointRef>490013265N</StopPointRef><TimingStatus>PTP</TimingStatus></To><RunTime>PT78S</RunTime></JourneyPatternTimingLink><JourneyPatternTimingLink id="JPL_54603c_R_5_20"><From SequenceNumber="21"><StopPointRef>490013265N</StopPointRef><TimingStatus>PTP</TimingStatus></From><To SequenceNumber="22"><StopPointRef>490000067E</StopPointRef><TimingStatus>PTP</TimingStatus></To><RunTime>PT90S</RunTime></JourneyPatternTimingLink><JourneyPatternTimingLink id="JPL_54603c_R_5_21"><From SequenceNumber="22"><StopPointRef>490000067E</StopPointRef><TimingStatus>PTP</TimingStatus></From><To SequenceNumber="23"><StopPointRef>490013880K</StopPointRef><TimingStatus>PTP</TimingStatus></To><RunTime>PT78S</RunTime></JourneyPatternTimingLink><JourneyPatternTimingLink id="JPL_54603c_R_5_22"><From SequenceNumber="23"><StopPointRef>490013880K</StopPointRef><TimingStatus>PTP</TimingStatus></From><To SequenceNumber="24"><StopPointRef>490012392E</StopPointRef><TimingStatus>PTP</TimingStatus></To><RunTime>PT78S</RunTime></JourneyPatternTimingLink><JourneyPatternTimingLink id="JPL_54603c_R_5_23"><From SequenceNumber="24"><StopPointRef>490012392E</StopPointRef><TimingStatus>PTP</TimingStatus></From><To SequenceNumber="25"><StopPointRef>490006947E</StopPointRef><TimingStatus>PTP</TimingStatus></To><RunTime>PT78S</RunTime></JourneyPatternTimingLink><JourneyPatternTimingLink id="JPL_54603c_R_5_24"><From SequenceNumber="25"><StopPointRef>490006947E</StopPointRef><TimingStatus>PTP</TimingStatus></From><To SequenceNumber="26"><StopPointRef>490006949E</StopPointRef><TimingStatus>PTP</TimingStatus></To><RunTime>PT78S</RunTime></JourneyPatternTimingLink><JourneyPatternTimingLink id="JPL_54603c_R_5_25"><From SequenceNumber="26"><StopPointRef>490006949E</StopPointRef><TimingStatus>PTP</TimingStatus></From><To SequenceNumber="27"><StopPointRef>490010135K</StopPointRef><TimingStatus>PTP</TimingStatus></To><RunTime>PT78S</RunTime></JourneyPatternTimingLink><JourneyPatternTimingLink id="JPL_54603c_R_5_26"><From SequenceNumber="27"><StopPointRef>490010135K</StopPointRef><TimingStatus>PTP</TimingStatus></From><To SequenceNumber="28"><StopPointRef>490015187F</StopPointRef><TimingStatus>PTP</TimingStatus></To><RunTime>PT90S</RunTime></JourneyPatternTimingLink></JourneyPatternSection><JourneyPatternSection id="JPS_54603c_R_8"><JourneyPatternTimingLink id="JPL_54603c_R_8_0"><From SequenceNumber="1"><StopPointRef>490000230N</StopPointRef><TimingStatus>PTP</TimingStatus></From><To SequenceNumber="2"><StopPointRef>490005486F</StopPointRef><TimingStatus>PTP</TimingStatus></To><RunTime>PT120S</RunTime></JourneyPatternTimingLink><JourneyPatternTimingLink id="JPL_54603c_R_8_1"><From SequenceNumber="2"><StopPointRef>490005486F</StopPointRef><TimingStatus>PTP</TimingStatus></From><To SequenceNumber="3"><StopPointRef>490009643N</StopPointRef><TimingStatus>PTP</TimingStatus></To><RunTime>PT120S</RunTime></JourneyPatternTimingLink><JourneyPatternTimingLink id="JPL_54603c_R_8_2"><From SequenceNumber="3"><StopPointRef>490009643N</StopPointRef><TimingStatus>PTP</TimingStatus></From><To SequenceNumber="4"><StopPointRef>490012806N</StopPointRef><TimingStatus>PTP</TimingStatus></To><RunTime>PT120S</RunTime></JourneyPatternTimingLink><JourneyPatternTimingLink id="JPL_54603c_R_8_3"><From SequenceNumber="4"><StopPointRef>490012806N</StopPointRef><TimingStatus>PTP</TimingStatus></From><To SequenceNumber="5"><StopPointRef>490009471N</StopPointRef><TimingStatus>PTP</TimingStatus></To><RunTime>PT120S</RunTime></JourneyPatternTimingLink><JourneyPatternTimingLink id="JPL_54603c_R_8_4"><From SequenceNumber="5"><StopPointRef>490009471N</StopPointRef><TimingStatus>PTP</TimingStatus></From><To SequenceNumber="6"><StopPointRef>490010947N</StopPointRef><TimingStatus>PTP</TimingStatus></To><RunTime>PT120S</RunTime></JourneyPatternTimingLink><JourneyPatternTimingLink id="JPL_54603c_R_8_5"><From SequenceNumber="6"><StopPointRef>490010947N</StopPointRef><TimingStatus>PTP</TimingStatus></From><To SequenceNumber="7"><StopPointRef>490008531N1</StopPointRef><TimingStatus>PTP</TimingStatus></To><RunTime>PT300S</RunTime></JourneyPatternTimingLink><JourneyPatternTimingLink id="JPL_54603c_R_8_6"><From SequenceNumber="7"><StopPointRef>490008531N1</StopPointRef><TimingStatus>PTP</TimingStatus></From><To SequenceNumber="8"><StopPointRef>490008531N2</StopPointRef><TimingStatus>PTP</TimingStatus></To><RunTime>PT60S</RunTime></JourneyPatternTimingLink><JourneyPatternTimingLink id="JPL_54603c_R_8_7"><From SequenceNumber="8"><StopPointRef>490008531N2</StopPointRef><TimingStatus>PTP</TimingStatus></From><To SequenceNumber="9"><StopPointRef>490007717N</StopPointRef><TimingStatus>PTP</TimingStatus></To><RunTime>PT60S</RunTime></JourneyPatternTimingLink><JourneyPatternTimingLink id="JPL_54603c_R_8_8"><From SequenceNumber="9"><StopPointRef>490007717N</StopPointRef><TimingStatus>PTP</TimingStatus></From><To SequenceNumber="10"><StopPointRef>490013555N</StopPointRef><TimingStatus>PTP</TimingStatus></To><RunTime>PT60S</RunTime></JourneyPatternTimingLink><JourneyPatternTimingLink id="JPL_54603c_R_8_9"><From SequenceNumber="10"><StopPointRef>490013555N</StopPointRef><TimingStatus>PTP</TimingStatus></From><To SequenceNumber="11"><StopPointRef>490008675E</StopPointRef><TimingStatus>PTP</TimingStatus></To><RunTime>PT60S</RunTime></JourneyPatternTimingLink><JourneyPatternTimingLink id="JPL_54603c_R_8_10"><From SequenceNumber="11"><StopPointRef>490008675E</StopPointRef><TimingStatus>PTP</TimingStatus></From><To SequenceNumber="12"><StopPointRef>490005532E</StopPointRef><TimingStatus>PTP</TimingStatus></To><RunTime>PT60S</RunTime></JourneyPatternTimingLink><JourneyPatternTimingLink id="JPL_54603c_R_8_11"><From SequenceNumber="12"><StopPointRef>490005532E</StopPointRef><TimingStatus>PTP</TimingStatus></From><To SequenceNumber="13"><StopPointRef>490012863E</StopPointRef><TimingStatus>PTP</TimingStatus></To><RunTime>PT60S</RunTime></JourneyPatternTimingLink><JourneyPatternTimingLink id="JPL_54603c_R_8_12"><From SequenceNumber="13"><StopPointRef>490012863E</StopPointRef><TimingStatus>PTP</TimingStatus></From><To SequenceNumber="14"><StopPointRef>490003469E</StopPointRef><TimingStatus>PTP</TimingStatus></To><RunTime>PT60S</RunTime></JourneyPatternTimingLink><JourneyPatternTimingLink id="JPL_54603c_R_8_13"><From SequenceNumber="14"><StopPointRef>490003469E</StopPointRef><TimingStatus>PTP</TimingStatus></From><To SequenceNumber="15"><StopPointRef>490008158X</StopPointRef><TimingStatus>PTP</TimingStatus></To><RunTime>PT60S</RunTime></JourneyPatternTimingLink><JourneyPatternTimingLink id="JPL_54603c_R_8_14"><From SequenceNumber="15"><StopPointRef>490008158X</StopPointRef><TimingStatus>PTP</TimingStatus></From><To SequenceNumber="16"><StopPointRef>490008160N</StopPointRef><TimingStatus>PTP</TimingStatus></To><RunTime>PT60S</RunTime></JourneyPatternTimingLink><JourneyPatternTimingLink id="JPL_54603c_R_8_15"><From SequenceNumber="16"><StopPointRef>490008160N</StopPointRef><TimingStatus>PTP</TimingStatus></From><To SequenceNumber="17"><StopPointRef>490008207N</StopPointRef><TimingStatus>PTP</TimingStatus></To><RunTime>PT48S</RunTime></JourneyPatternTimingLink><JourneyPatternTimingLink id="JPL_54603c_R_8_16"><From SequenceNumber="17"><StopPointRef>490008207N</StopPointRef><TimingStatus>PTP</TimingStatus></From><To SequenceNumber="18"><StopPointRef>490008159N</StopPointRef><TimingStatus>PTP</TimingStatus></To><RunTime>PT48S</RunTime></JourneyPatternTimingLink><JourneyPatternTimingLink id="JPL_54603c_R_8_17"><From SequenceNumber="18"><StopPointRef>490008159N</StopPointRef><TimingStatus>PTP</TimingStatus></From><To SequenceNumber="19"><StopPointRef>490010379N</StopPointRef><TimingStatus>PTP</TimingStatus></To><RunTime>PT48S</RunTime></JourneyPatternTimingLink><JourneyPatternTimingLink id="JPL_54603c_R_8_18"><From SequenceNumber="19"><StopPointRef>490010379N</StopPointRef><TimingStatus>PTP</TimingStatus></From><To SequenceNumber="20"><StopPointRef>490014894N</StopPointRef><TimingStatus>PTP</TimingStatus></To><RunTime>PT48S</RunTime></JourneyPatternTimingLink><JourneyPatternTimingLink id="JPL_54603c_R_8_19"><From SequenceNumber="20"><StopPointRef>490014894N</StopPointRef><TimingStatus>PTP</TimingStatus></From><To SequenceNumber="21"><StopPointRef>490013265N</StopPointRef><TimingStatus>PTP</TimingStatus></To><RunTime>PT48S</RunTime></JourneyPatternTimingLink><JourneyPatternTimingLink id="JPL_54603c_R_8_20"><From SequenceNumber="21"><StopPointRef>490013265N</StopPointRef><TimingStatus>PTP</TimingStatus></From><To SequenceNumber="22"><StopPointRef>490000067E</StopPointRef><TimingStatus>PTP</TimingStatus></To><RunTime>PT60S</RunTime></JourneyPatternTimingLink><JourneyPatternTimingLink id="JPL_54603c_R_8_21"><From SequenceNumber="22"><StopPointRef>490000067E</StopPointRef><TimingStatus>PTP</TimingStatus></From><To SequenceNumber="23"><StopPointRef>490013880K</StopPointRef><TimingStatus>PTP</TimingStatus></To><RunTime>PT66S</RunTime></JourneyPatternTimingLink><JourneyPatternTimingLink id="JPL_54603c_R_8_22"><From SequenceNumber="23"><StopPointRef>490013880K</StopPointRef><TimingStatus>PTP</TimingStatus></From><To SequenceNumber="24"><StopPointRef>490012392E</StopPointRef><TimingStatus>PTP</TimingStatus></To><RunTime>PT66S</RunTime></JourneyPatternTimingLink><JourneyPatternTimingLink id="JPL_54603c_R_8_23"><From SequenceNumber="24"><StopPointRef>490012392E</StopPointRef><TimingStatus>PTP</TimingStatus></From><To SequenceNumber="25"><StopPointRef>490006947E</StopPointRef><TimingStatus>PTP</TimingStatus></To><RunTime>PT66S</RunTime></JourneyPatternTimingLink><JourneyPatternTimingLink id="JPL_54603c_R_8_24"><From SequenceNumber="25"><StopPointRef>490006947E</StopPointRef><TimingStatus>PTP</TimingStatus></From><To SequenceNumber="26"><StopPointRef>490006949E</StopPointRef><TimingStatus>PTP</TimingStatus></To><RunTime>PT66S</RunTime></JourneyPatternTimingLink><JourneyPatternTimingLink id="JPL_54603c_R_8_25"><From SequenceNumber="26"><StopPointRef>490006949E</StopPointRef><TimingStatus>PTP</TimingStatus></From><To SequenceNumber="27"><StopPointRef>490010135K</StopPointRef><TimingStatus>PTP</TimingStatus></To><RunTime>PT66S</RunTime></JourneyPatternTimingLink><JourneyPatternTimingLink id="JPL_54603c_R_8_26"><From SequenceNumber="27"><StopPointRef>490010135K</StopPointRef><TimingStatus>PTP</TimingStatus></From><To SequenceNumber="28"><StopPointRef>490015187F</StopPointRef><TimingStatus>PTP</TimingStatus></To><RunTime>PT90S</RunTime></JourneyPatternTimingLink></JourneyPatternSection></JourneyPatternSections><Operators><Operator id="OId_ML"><OperatorCode>ML</OperatorCode><OperatorShortName>ML</OperatorShortName><OperatorNameOnLicence>ML</OperatorNameOnLicence><TradingName>ML</TradingName></Operator></Operators><Services><Service><ServiceCode>SId_54603c0</ServiceCode><PrivateCode>54603c0</PrivateCode><Lines><Line id="LId_54603c0"><LineName>603</LineName></Line></Lines><OperatingPeriod><StartDate>2009-12-01</StartDate><EndDate>2010-12-23</EndDate></OperatingPeriod><OperatingProfile><RegularDayType>
					<DaysOfWeek>
						<MondayToFriday/>
					</DaysOfWeek>
				</RegularDayType>
				<BankHolidayOperation><DaysOfNonOperation><AllBankHolidays></AllBankHolidays></DaysOfNonOperation></BankHolidayOperation></OperatingProfile><RegisteredOperatorRef>OId_ML</RegisteredOperatorRef><StopRequirements><NoNewStopsRequired/></StopRequirements><StandardService><Origin>Princes Avenue (N10)</Origin><Destination>Swiss Cottage</Destination><JourneyPattern id="JP_54603c_H0_6"><Direction>outbound</Direction><Operational><VehicleType><VehicleTypeCode>08</VehicleTypeCode><Description>Double Decker Low Floor+Wheelchair</Description></VehicleType></Operational><RouteRef>R_54603c_H_1</RouteRef><JourneyPatternSectionRefs>JPS_54603c_H_6</JourneyPatternSectionRefs></JourneyPattern><JourneyPattern id="JP_54603c_H0_7"><Direction>outbound</Direction><Operational><VehicleType><VehicleTypeCode>08</VehicleTypeCode><Description>Double Decker Low Floor+Wheelchair</Description></VehicleType></Operational><RouteRef>R_54603c_H_1</RouteRef><JourneyPatternSectionRefs>JPS_54603c_H_7</JourneyPatternSectionRefs></JourneyPattern><JourneyPattern id="JP_54603c_R0_5"><Direction>inbound</Direction><Operational><VehicleType><VehicleTypeCode>08</VehicleTypeCode><Description>Double Decker Low Floor+Wheelchair</Description></VehicleType></Operational><RouteRef>R_54603c_R_2</RouteRef><JourneyPatternSectionRefs>JPS_54603c_R_5</JourneyPatternSectionRefs></JourneyPattern><JourneyPattern id="JP_54603c_R0_8"><Direction>inbound</Direction><Operational><VehicleType><VehicleTypeCode>08</VehicleTypeCode><Description>Double Decker Low Floor+Wheelchair</Description></VehicleType></Operational><RouteRef>R_54603c_R_2</RouteRef><JourneyPatternSectionRefs>JPS_54603c_R_8</JourneyPatternSectionRefs></JourneyPattern></StandardService></Service></Services><VehicleJourneys><VehicleJourney><PrivateCode>54603cc0H6030002</PrivateCode><Operational><VehicleType><VehicleTypeCode>08</VehicleTypeCode><Description>Double Decker Low Floor+Wheelchair</Description></VehicleType></Operational><OperatingProfile><RegularDayType>
					<DaysOfWeek>
						<MondayToFriday/>
					</DaysOfWeek>
				</RegularDayType>
			</OperatingProfile><VehicleJourneyCode>54603cc0H6030002</VehicleJourneyCode><ServiceRef>SId_54603c0</ServiceRef><LineRef>LId_54603c0</LineRef><JourneyPatternRef>JP_54603c_H0_7</JourneyPatternRef><DepartureTime>07:30:00</DepartureTime></VehicleJourney><VehicleJourney><PrivateCode>54603cc0H6030004</PrivateCode><Operational><VehicleType><VehicleTypeCode>08</VehicleTypeCode><Description>Double Decker Low Floor+Wheelchair</Description></VehicleType></Operational><OperatingProfile><RegularDayType>
					<DaysOfWeek>
						<MondayToFriday/>
					</DaysOfWeek>
				</RegularDayType>
			</OperatingProfile><VehicleJourneyCode>54603cc0H6030004</VehicleJourneyCode><ServiceRef>SId_54603c0</ServiceRef><LineRef>LId_54603c0</LineRef><JourneyPatternRef>JP_54603c_H0_7</JourneyPatternRef><DepartureTime>07:50:00</DepartureTime></VehicleJourney><VehicleJourney><PrivateCode>54603cc0H6030006</PrivateCode><Operational><VehicleType><VehicleTypeCode>08</VehicleTypeCode><Description>Double Decker Low Floor+Wheelchair</Description></VehicleType></Operational><OperatingProfile><RegularDayType>
					<DaysOfWeek>
						<MondayToFriday/>
					</DaysOfWeek>
				</RegularDayType>
			</OperatingProfile><VehicleJourneyCode>54603cc0H6030006</VehicleJourneyCode><ServiceRef>SId_54603c0</ServiceRef><LineRef>LId_54603c0</LineRef><JourneyPatternRef>JP_54603c_H0_6</JourneyPatternRef><DepartureTime>14:40:00</DepartureTime></VehicleJourney><VehicleJourney><PrivateCode>54603cc0H6030008</PrivateCode><Operational><VehicleType><VehicleTypeCode>08</VehicleTypeCode><Description>Double Decker Low Floor+Wheelchair</Description></VehicleType></Operational><OperatingProfile><RegularDayType>
					<DaysOfWeek>
						<MondayToFriday/>
					</DaysOfWeek>
				</RegularDayType>
			</OperatingProfile><VehicleJourneyCode>54603cc0H6030008</VehicleJourneyCode><ServiceRef>SId_54603c0</ServiceRef><LineRef>LId_54603c0</LineRef><JourneyPatternRef>JP_54603c_H0_6</JourneyPatternRef><DepartureTime>15:10:00</DepartureTime></VehicleJourney><VehicleJourney><PrivateCode>54603cc0R6030001</PrivateCode><Operational><VehicleType><VehicleTypeCode>08</VehicleTypeCode><Description>Double Decker Low Floor+Wheelchair</Description></VehicleType></Operational><OperatingProfile><RegularDayType>
					<DaysOfWeek>
						<MondayToFriday/>
					</DaysOfWeek>
				</RegularDayType>
			</OperatingProfile><VehicleJourneyCode>54603cc0R6030001</VehicleJourneyCode><ServiceRef>SId_54603c0</ServiceRef><LineRef>LId_54603c0</LineRef><JourneyPatternRef>JP_54603c_R0_8</JourneyPatternRef><DepartureTime>08:30:00</DepartureTime></VehicleJourney><VehicleJourney><PrivateCode>54603cc0R6030003</PrivateCode><Operational><VehicleType><VehicleTypeCode>08</VehicleTypeCode><Description>Double Decker Low Floor+Wheelchair</Description></VehicleType></Operational><OperatingProfile><RegularDayType>
					<DaysOfWeek>
						<MondayToFriday/>
					</DaysOfWeek>
				</RegularDayType>
			</OperatingProfile><VehicleJourneyCode>54603cc0R6030003</VehicleJourneyCode><ServiceRef>SId_54603c0</ServiceRef><LineRef>LId_54603c0</LineRef><JourneyPatternRef>JP_54603c_R0_8</JourneyPatternRef><DepartureTime>08:50:00</DepartureTime></VehicleJourney><VehicleJourney><PrivateCode>54603cc0R6030005</PrivateCode><Operational><VehicleType><VehicleTypeCode>08</VehicleTypeCode><Description>Double Decker Low Floor+Wheelchair</Description></VehicleType></Operational><OperatingProfile><RegularDayType>
					<DaysOfWeek>
						<MondayToFriday/>
					</DaysOfWeek>
				</RegularDayType>
			</OperatingProfile><VehicleJourneyCode>54603cc0R6030005</VehicleJourneyCode><ServiceRef>SId_54603c0</ServiceRef><LineRef>LId_54603c0</LineRef><JourneyPatternRef>JP_54603c_R0_5</JourneyPatternRef><DepartureTime>15:40:00</DepartureTime></VehicleJourney><VehicleJourney><PrivateCode>54603cc0R6030007</PrivateCode><Operational><VehicleType><VehicleTypeCode>08</VehicleTypeCode><Description>Double Decker Low Floor+Wheelchair</Description></VehicleType></Operational><OperatingProfile><RegularDayType>
					<DaysOfWeek>
						<MondayToFriday/>
					</DaysOfWeek>
				</RegularDayType>
			</OperatingProfile><VehicleJourneyCode>54603cc0R6030007</VehicleJourneyCode><ServiceRef>SId_54603c0</ServiceRef><LineRef>LId_54603c0</LineRef><JourneyPatternRef>JP_54603c_R0_5</JourneyPatternRef><DepartureTime>16:10:00</DepartureTime></VehicleJourney></VehicleJourneys></TransXChange>
