<?xml version="1.0" encoding="UTF-8"?>
<TransXChange CreationDateTime="2010-10-28T09:20:53" ModificationDateTime="2010-10-28T09:20:53" Modification="new" FileName="G:\mentzdv\Datastore\output_txc_59660c.xml" RevisionNumber="0" SchemaVersion="2.1" xmlns:xsi="http://www.w3.org/2001/XMLSchema-instance" xsi:schemaLocation="http://www.transxchange.org.uk/ http://www.transxchange.org.uk/schema/2.1/TransXChange_general.xsd" xmlns="http://www.transxchange.org.uk/" xmlns:n1="http://www.transxchange.org.uk/" xmlns:n2="http://www.govtalk.gov.uk/people/AddressAndPersonalDetails" xmlns:n3="http://www.govtalk.gov.uk/core" xmlns:n4="http://www.govtalk.gov.uk/people/bs7666"><StopPoints><AnnotatedStopPointRef><StopPointRef>490010248N</StopPointRef><CommonName>Catford Bus Garage/Newquay Rd</CommonName><Indicator>stop BC</Indicator><LocalityName>Bellingham</LocalityName><LocalityQualifier>Greater London</LocalityQualifier></AnnotatedStopPointRef><AnnotatedStopPointRef><StopPointRef>490005020N</StopPointRef><CommonName>Inchmery Road (SE6)</CommonName><Indicator>stop BD</Indicator><LocalityName>Bellingham</LocalityName><LocalityQualifier>Greater London</LocalityQualifier></AnnotatedStopPointRef><AnnotatedStopPointRef><StopPointRef>490003596N</StopPointRef><CommonName>Bargery Road</CommonName><Indicator>stop N</Indicator><LocalityName>Catford</LocalityName><LocalityQualifier>Greater London</LocalityQualifier></AnnotatedStopPointRef><AnnotatedStopPointRef><StopPointRef>490015150W</StopPointRef><CommonName>Bromley Rd/Lewisham Town Hall</CommonName><Indicator>stop W</Indicator><LocalityName>Catford</LocalityName><LocalityQualifier>Greater London</LocalityQualifier></AnnotatedStopPointRef><AnnotatedStopPointRef><StopPointRef>490013282H</StopPointRef><CommonName>The Catford Broadway (SE6)</CommonName><Indicator>stop H</Indicator><LocalityName>Catford</LocalityName><LocalityQualifier>Greater London</LocalityQualifier></AnnotatedStopPointRef><AnnotatedStopPointRef><StopPointRef>490013282E</StopPointRef><CommonName>Brownhill Road /Catford Centre</CommonName><Indicator>stop E</Indicator><LocalityName>Catford</LocalityName><LocalityQualifier>Greater London</LocalityQualifier></AnnotatedStopPointRef><AnnotatedStopPointRef><StopPointRef>490008598E</StopPointRef><CommonName>Laleham Road (SE6)</CommonName><Indicator>stop C</Indicator><LocalityName>Catford</LocalityName><LocalityQualifier>Greater London</LocalityQualifier></AnnotatedStopPointRef><AnnotatedStopPointRef><StopPointRef>490015457E</StopPointRef><CommonName>Brownhill Road/St Fillans Road</CommonName><Indicator>stop D</Indicator><LocalityName>Catford</LocalityName><LocalityQualifier>Greater London</LocalityQualifier></AnnotatedStopPointRef><AnnotatedStopPointRef><StopPointRef>490013717E</StopPointRef><CommonName>Torridon Road</CommonName><Indicator>stop G</Indicator><LocalityName>Hither Green</LocalityName><LocalityQualifier>Greater London</LocalityQualifier></AnnotatedStopPointRef><AnnotatedStopPointRef><StopPointRef>490014025E</StopPointRef><CommonName>St Mildreds Road /Brownhill Rd</CommonName><Indicator>stop E</Indicator><LocalityName>Hither Green</LocalityName><LocalityQualifier>Greater London</LocalityQualifier></AnnotatedStopPointRef><AnnotatedStopPointRef><StopPointRef>490010762E</StopPointRef><CommonName>Parkcroft Road</CommonName><Indicator>stop J</Indicator><LocalityName>Hither Green</LocalityName><LocalityQualifier>Greater London</LocalityQualifier></AnnotatedStopPointRef><AnnotatedStopPointRef><StopPointRef>490003599E</StopPointRef><CommonName>Baring Road / Mildreds Road</CommonName><Indicator>stop V</Indicator><LocalityName>Hither Green</LocalityName><LocalityQualifier>Greater London</LocalityQualifier></AnnotatedStopPointRef><AnnotatedStopPointRef><StopPointRef>490014920N</StopPointRef><CommonName>Woodyates Road</CommonName><Indicator>stop K</Indicator><LocalityName>Lee</LocalityName><LocalityQualifier>Greater London</LocalityQualifier></AnnotatedStopPointRef><AnnotatedStopPointRef><StopPointRef>490008354N</StopPointRef><CommonName>Horn Park Lane (SE12)</CommonName><Indicator>stop EL</Indicator><LocalityName>Blackheath Park</LocalityName><LocalityQualifier>Greater London</LocalityQualifier></AnnotatedStopPointRef><AnnotatedStopPointRef><StopPointRef>490012142N</StopPointRef><CommonName>Sidcup Road</CommonName><Indicator>stop EM</Indicator><LocalityName>Blackheath Park</LocalityName><LocalityQualifier>Greater London</LocalityQualifier></AnnotatedStopPointRef><AnnotatedStopPointRef><StopPointRef>490015018N</StopPointRef><CommonName>Westhorne Avenue / Eltham Road</CommonName><Indicator>stop EN</Indicator><LocalityName>Eltham</LocalityName><LocalityQualifier>Greater London</LocalityQualifier></AnnotatedStopPointRef><AnnotatedStopPointRef><StopPointRef>490006543S</StopPointRef><CommonName>Eltham Green School (SE9)</CommonName><Indicator>stop EO</Indicator><LocalityName>Eltham</LocalityName><LocalityQualifier>Greater London</LocalityQualifier></AnnotatedStopPointRef><AnnotatedStopPointRef><StopPointRef>490005248S</StopPointRef><CommonName>Churchbury Road (SE9)</CommonName><Indicator>stop EP</Indicator><LocalityName>Eltham</LocalityName><LocalityQualifier>Greater London</LocalityQualifier></AnnotatedStopPointRef><AnnotatedStopPointRef><StopPointRef>490004729S</StopPointRef><CommonName>Campfield Road (SE9)</CommonName><Indicator>stop S</Indicator><LocalityName>Eltham</LocalityName><LocalityQualifier>Greater London</LocalityQualifier></AnnotatedStopPointRef><AnnotatedStopPointRef><StopPointRef>490010238N2</StopPointRef><CommonName>Newmarket Green (SE9)</CommonName><Indicator>stop N2</Indicator><LocalityName>Eltham</LocalityName><LocalityQualifier>Greater London</LocalityQualifier></AnnotatedStopPointRef><AnnotatedStopPointRef><StopPointRef>490008779N</StopPointRef><CommonName>Kingsground/Eltham Palace Road</CommonName><Indicator>stop N</Indicator><LocalityName>Eltham</LocalityName><LocalityQualifier>Greater London</LocalityQualifier></AnnotatedStopPointRef><AnnotatedStopPointRef><StopPointRef>490006542N</StopPointRef><CommonName>Kingsground / Eltham Hill</CommonName><Indicator>stop N</Indicator><LocalityName>Eltham</LocalityName><LocalityQualifier>Greater London</LocalityQualifier></AnnotatedStopPointRef><AnnotatedStopPointRef><StopPointRef>490006546E</StopPointRef><CommonName>Eltham Pool</CommonName><Indicator>stop E</Indicator><LocalityName>Eltham</LocalityName><LocalityQualifier>Greater London</LocalityQualifier></AnnotatedStopPointRef><AnnotatedStopPointRef><StopPointRef>490006537O</StopPointRef><CommonName>Eltham High Street / Passey Pl</CommonName><Indicator>stop O</Indicator><LocalityName>Eltham</LocalityName><LocalityQualifier>Greater London</LocalityQualifier></AnnotatedStopPointRef><AnnotatedStopPointRef><StopPointRef>490006534Z</StopPointRef><CommonName>Eltham High Street/Blunts Road</CommonName><Indicator>stop S</Indicator><LocalityName>Eltham</LocalityName><LocalityQualifier>Greater London</LocalityQualifier></AnnotatedStopPointRef><AnnotatedStopPointRef><StopPointRef>490006548E</StopPointRef><CommonName>Eltham High St / Westmount Rd</CommonName><Indicator>stop E</Indicator><LocalityName>Eltham Park</LocalityName><LocalityQualifier>Greater London</LocalityQualifier></AnnotatedStopPointRef><AnnotatedStopPointRef><StopPointRef>490007227E</StopPointRef><CommonName>Bexley Road / Glenesk Road</CommonName><Indicator>stop AH</Indicator><LocalityName>Eltham Park</LocalityName><LocalityQualifier>Greater London</LocalityQualifier></AnnotatedStopPointRef><AnnotatedStopPointRef><StopPointRef>490016229E</StopPointRef><CommonName>Bexley Road/Crown Woods School</CommonName><Indicator>stop AY</Indicator><LocalityName>Avery Hill</LocalityName><LocalityQualifier>Greater London</LocalityQualifier></AnnotatedStopPointRef><AnnotatedStopPointRef><StopPointRef>490003505W</StopPointRef><CommonName>Univ of Greenwich / Avery Hill</CommonName><Indicator>stop AE</Indicator><LocalityName>Avery Hill</LocalityName><LocalityQualifier>Greater London</LocalityQualifier></AnnotatedStopPointRef><AnnotatedStopPointRef><StopPointRef>490007227W</StopPointRef><CommonName>Bexley Road / Glenesk Road</CommonName><Indicator>stop AF</Indicator><LocalityName>Eltham Park</LocalityName><LocalityQualifier>Greater London</LocalityQualifier></AnnotatedStopPointRef><AnnotatedStopPointRef><StopPointRef>490006548W</StopPointRef><CommonName>Eltham High St / Foots Cray Rd</CommonName><Indicator>stop W</Indicator><LocalityName>Eltham Park</LocalityName><LocalityQualifier>Greater London</LocalityQualifier></AnnotatedStopPointRef><AnnotatedStopPointRef><StopPointRef>490006533P</StopPointRef><CommonName>Eltham High Street / Roper St</CommonName><Indicator>stop P</Indicator><LocalityName>Eltham</LocalityName><LocalityQualifier>Greater London</LocalityQualifier></AnnotatedStopPointRef><AnnotatedStopPointRef><StopPointRef>490006537M</StopPointRef><CommonName>Eltham High St /Chequers Pde</CommonName><Indicator>stop M</Indicator><LocalityName>Eltham</LocalityName><LocalityQualifier>Greater London</LocalityQualifier></AnnotatedStopPointRef><AnnotatedStopPointRef><StopPointRef>490015433H</StopPointRef><CommonName>Eltham Church / High Street</CommonName><Indicator>stop H</Indicator><LocalityName>Eltham</LocalityName><LocalityQualifier>Greater London</LocalityQualifier></AnnotatedStopPointRef><AnnotatedStopPointRef><StopPointRef>490006542S</StopPointRef><CommonName>Kingsground / Eltham Hill</CommonName><Indicator>stop S</Indicator><LocalityName>Eltham</LocalityName><LocalityQualifier>Greater London</LocalityQualifier></AnnotatedStopPointRef><AnnotatedStopPointRef><StopPointRef>490008779S</StopPointRef><CommonName>Kingsground/Eltham Palace Road</CommonName><Indicator>stop S</Indicator><LocalityName>Eltham</LocalityName><LocalityQualifier>Greater London</LocalityQualifier></AnnotatedStopPointRef><AnnotatedStopPointRef><StopPointRef>490010238N1</StopPointRef><CommonName>Newmarket Green (SE9)</CommonName><Indicator>stop N1</Indicator><LocalityName>Eltham</LocalityName><LocalityQualifier>Greater London</LocalityQualifier></AnnotatedStopPointRef><AnnotatedStopPointRef><StopPointRef>490007210N</StopPointRef><CommonName>Campfield Road (SE9)</CommonName><Indicator>stop N</Indicator><LocalityName>Eltham</LocalityName><LocalityQualifier>Greater London</LocalityQualifier></AnnotatedStopPointRef><AnnotatedStopPointRef><StopPointRef>490005248N</StopPointRef><CommonName>Churchbury Road (SE9)</CommonName><Indicator>stop WH</Indicator><LocalityName>Eltham</LocalityName><LocalityQualifier>Greater London</LocalityQualifier></AnnotatedStopPointRef><AnnotatedStopPointRef><StopPointRef>490006543N1</StopPointRef><CommonName>Eltham Green School (SE9)</CommonName><Indicator>stop WJ</Indicator><LocalityName>Eltham</LocalityName><LocalityQualifier>Greater London</LocalityQualifier></AnnotatedStopPointRef><AnnotatedStopPointRef><StopPointRef>490015018S</StopPointRef><CommonName>Westhorne Avenue / Eltham Road</CommonName><Indicator>stop WL</Indicator><LocalityName>Eltham</LocalityName><LocalityQualifier>Greater London</LocalityQualifier></AnnotatedStopPointRef><AnnotatedStopPointRef><StopPointRef>490012142W</StopPointRef><CommonName>Sidcup Road</CommonName><Indicator>stop WM</Indicator><LocalityName>Blackheath Park</LocalityName><LocalityQualifier>Greater London</LocalityQualifier></AnnotatedStopPointRef><AnnotatedStopPointRef><StopPointRef>490003283S</StopPointRef><CommonName>Alwold Crescent (SE12)</CommonName><Indicator>stop WN</Indicator><LocalityName>Blackheath Park</LocalityName><LocalityQualifier>Greater London</LocalityQualifier></AnnotatedStopPointRef><AnnotatedStopPointRef><StopPointRef>490014920S</StopPointRef><CommonName>Woodyates Road</CommonName><Indicator>stop L</Indicator><LocalityName>Lee</LocalityName><LocalityQualifier>Greater London</LocalityQualifier></AnnotatedStopPointRef><AnnotatedStopPointRef><StopPointRef>490003599W</StopPointRef><CommonName>Baring Road / Mildreds Road</CommonName><Indicator>stop T</Indicator><LocalityName>Hither Green</LocalityName><LocalityQualifier>Greater London</LocalityQualifier></AnnotatedStopPointRef><AnnotatedStopPointRef><StopPointRef>490010762W</StopPointRef><CommonName>Parkcroft Road</CommonName><Indicator>stop K</Indicator><LocalityName>Hither Green</LocalityName><LocalityQualifier>Greater London</LocalityQualifier></AnnotatedStopPointRef><AnnotatedStopPointRef><StopPointRef>490014025W</StopPointRef><CommonName>St Mildreds Road /Brownhill Rd</CommonName><Indicator>stop L</Indicator><LocalityName>Hither Green</LocalityName><LocalityQualifier>Greater London</LocalityQualifier></AnnotatedStopPointRef><AnnotatedStopPointRef><StopPointRef>490013717W</StopPointRef><CommonName>Torridon Road</CommonName><Indicator>stop M</Indicator><LocalityName>Hither Green</LocalityName><LocalityQualifier>Greater London</LocalityQualifier></AnnotatedStopPointRef><AnnotatedStopPointRef><StopPointRef>490016592W</StopPointRef><CommonName>Stainton Road</CommonName><Indicator>stop N</Indicator><LocalityName>Catford</LocalityName><LocalityQualifier>Greater London</LocalityQualifier></AnnotatedStopPointRef><AnnotatedStopPointRef><StopPointRef>490015457W</StopPointRef><CommonName>Brownhill Road/St Fillans Road</CommonName><Indicator>stop B</Indicator><LocalityName>Catford</LocalityName><LocalityQualifier>Greater London</LocalityQualifier></AnnotatedStopPointRef><AnnotatedStopPointRef><StopPointRef>490008598W</StopPointRef><CommonName>Laleham Road (SE6)</CommonName><Indicator>stop A</Indicator><LocalityName>Catford</LocalityName><LocalityQualifier>Greater London</LocalityQualifier></AnnotatedStopPointRef><AnnotatedStopPointRef><StopPointRef>490011056F</StopPointRef><CommonName>Plassy Road</CommonName><Indicator>stop F</Indicator><LocalityName>Catford</LocalityName><LocalityQualifier>Greater London</LocalityQualifier></AnnotatedStopPointRef><AnnotatedStopPointRef><StopPointRef>490015150Z</StopPointRef><CommonName>Bromley Rd/Lewisham Town Hall</CommonName><Indicator>stop Z</Indicator><LocalityName>Catford</LocalityName><LocalityQualifier>Greater London</LocalityQualifier></AnnotatedStopPointRef><AnnotatedStopPointRef><StopPointRef>490003596S</StopPointRef><CommonName>Bargery Road</CommonName><Indicator>stop S</Indicator><LocalityName>Catford</LocalityName><LocalityQualifier>Greater London</LocalityQualifier></AnnotatedStopPointRef><AnnotatedStopPointRef><StopPointRef>490010248S</StopPointRef><CommonName>Catford Bus Garage/Newquay Rd</CommonName><Indicator>stop BM</Indicator><LocalityName>Bellingham</LocalityName><LocalityQualifier>Greater London</LocalityQualifier></AnnotatedStopPointRef><AnnotatedStopPointRef><StopPointRef>490004865S1</StopPointRef><CommonName>Catford Bus Garage</CommonName><Indicator>stop S</Indicator><LocalityName>Bellingham</LocalityName><LocalityQualifier>Greater London</LocalityQualifier></AnnotatedStopPointRef></StopPoints><RouteSections><RouteSection id="RS_59660c_H_1"><RouteLink id="RL_RS_59660c_H_1_0"><From><StopPointRef>490010248N</StopPointRef></From><To><StopPointRef>490005020N</StopPointRef></To><Direction>outbound</Direction></RouteLink><RouteLink id="RL_RS_59660c_H_1_1"><From><StopPointRef>490005020N</StopPointRef></From><To><StopPointRef>490003596N</StopPointRef></To><Direction>outbound</Direction></RouteLink><RouteLink id="RL_RS_59660c_H_1_2"><From><StopPointRef>490003596N</StopPointRef></From><To><StopPointRef>490015150W</StopPointRef></To><Direction>outbound</Direction></RouteLink><RouteLink id="RL_RS_59660c_H_1_3"><From><StopPointRef>490015150W</StopPointRef></From><To><StopPointRef>490013282H</StopPointRef></To><Direction>outbound</Direction></RouteLink><RouteLink id="RL_RS_59660c_H_1_4"><From><StopPointRef>490013282H</StopPointRef></From><To><StopPointRef>490013282E</StopPointRef></To><Direction>outbound</Direction></RouteLink><RouteLink id="RL_RS_59660c_H_1_5"><From><StopPointRef>490013282E</StopPointRef></From><To><StopPointRef>490008598E</StopPointRef></To><Direction>outbound</Direction></RouteLink><RouteLink id="RL_RS_59660c_H_1_6"><From><StopPointRef>490008598E</StopPointRef></From><To><StopPointRef>490015457E</StopPointRef></To><Direction>outbound</Direction></RouteLink><RouteLink id="RL_RS_59660c_H_1_7"><From><StopPointRef>490015457E</StopPointRef></From><To><StopPointRef>490013717E</StopPointRef></To><Direction>outbound</Direction></RouteLink><RouteLink id="RL_RS_59660c_H_1_8"><From><StopPointRef>490013717E</StopPointRef></From><To><StopPointRef>490014025E</StopPointRef></To><Direction>outbound</Direction></RouteLink><RouteLink id="RL_RS_59660c_H_1_9"><From><StopPointRef>490014025E</StopPointRef></From><To><StopPointRef>490010762E</StopPointRef></To><Direction>outbound</Direction></RouteLink><RouteLink id="RL_RS_59660c_H_1_10"><From><StopPointRef>490010762E</StopPointRef></From><To><StopPointRef>490003599E</StopPointRef></To><Direction>outbound</Direction></RouteLink><RouteLink id="RL_RS_59660c_H_1_11"><From><StopPointRef>490003599E</StopPointRef></From><To><StopPointRef>490014920N</StopPointRef></To><Direction>outbound</Direction></RouteLink><RouteLink id="RL_RS_59660c_H_1_12"><From><StopPointRef>490014920N</StopPointRef></From><To><StopPointRef>490008354N</StopPointRef></To><Direction>outbound</Direction></RouteLink><RouteLink id="RL_RS_59660c_H_1_13"><From><StopPointRef>490008354N</StopPointRef></From><To><StopPointRef>490012142N</StopPointRef></To><Direction>outbound</Direction></RouteLink><RouteLink id="RL_RS_59660c_H_1_14"><From><StopPointRef>490012142N</StopPointRef></From><To><StopPointRef>490015018N</StopPointRef></To><Direction>outbound</Direction></RouteLink><RouteLink id="RL_RS_59660c_H_1_15"><From><StopPointRef>490015018N</StopPointRef></From><To><StopPointRef>490006543S</StopPointRef></To><Direction>outbound</Direction></RouteLink><RouteLink id="RL_RS_59660c_H_1_16"><From><StopPointRef>490006543S</StopPointRef></From><To><StopPointRef>490005248S</StopPointRef></To><Direction>outbound</Direction></RouteLink><RouteLink id="RL_RS_59660c_H_1_17"><From><StopPointRef>490005248S</StopPointRef></From><To><StopPointRef>490004729S</StopPointRef></To><Direction>outbound</Direction></RouteLink><RouteLink id="RL_RS_59660c_H_1_18"><From><StopPointRef>490004729S</StopPointRef></From><To><StopPointRef>490010238N2</StopPointRef></To><Direction>outbound</Direction></RouteLink><RouteLink id="RL_RS_59660c_H_1_19"><From><StopPointRef>490010238N2</StopPointRef></From><To><StopPointRef>490008779N</StopPointRef></To><Direction>outbound</Direction></RouteLink><RouteLink id="RL_RS_59660c_H_1_20"><From><StopPointRef>490008779N</StopPointRef></From><To><StopPointRef>490006542N</StopPointRef></To><Direction>outbound</Direction></RouteLink><RouteLink id="RL_RS_59660c_H_1_21"><From><StopPointRef>490006542N</StopPointRef></From><To><StopPointRef>490006546E</StopPointRef></To><Direction>outbound</Direction></RouteLink><RouteLink id="RL_RS_59660c_H_1_22"><From><StopPointRef>490006546E</StopPointRef></From><To><StopPointRef>490006537O</StopPointRef></To><Direction>outbound</Direction></RouteLink><RouteLink id="RL_RS_59660c_H_1_23"><From><StopPointRef>490006537O</StopPointRef></From><To><StopPointRef>490006534Z</StopPointRef></To><Direction>outbound</Direction></RouteLink><RouteLink id="RL_RS_59660c_H_1_24"><From><StopPointRef>490006534Z</StopPointRef></From><To><StopPointRef>490006548E</StopPointRef></To><Direction>outbound</Direction></RouteLink><RouteLink id="RL_RS_59660c_H_1_25"><From><StopPointRef>490006548E</StopPointRef></From><To><StopPointRef>490007227E</StopPointRef></To><Direction>outbound</Direction></RouteLink><RouteLink id="RL_RS_59660c_H_1_26"><From><StopPointRef>490007227E</StopPointRef></From><To><StopPointRef>490016229E</StopPointRef></To><Direction>outbound</Direction></RouteLink></RouteSection><RouteSection id="RS_59660c_R_2"><RouteLink id="RL_RS_59660c_R_2_0"><From><StopPointRef>490016229E</StopPointRef></From><To><StopPointRef>490003505W</StopPointRef></To><Direction>inbound</Direction></RouteLink><RouteLink id="RL_RS_59660c_R_2_1"><From><StopPointRef>490003505W</StopPointRef></From><To><StopPointRef>490007227W</StopPointRef></To><Direction>inbound</Direction></RouteLink><RouteLink id="RL_RS_59660c_R_2_2"><From><StopPointRef>490007227W</StopPointRef></From><To><StopPointRef>490006548W</StopPointRef></To><Direction>inbound</Direction></RouteLink><RouteLink id="RL_RS_59660c_R_2_3"><From><StopPointRef>490006548W</StopPointRef></From><To><StopPointRef>490006533P</StopPointRef></To><Direction>inbound</Direction></RouteLink><RouteLink id="RL_RS_59660c_R_2_4"><From><StopPointRef>490006533P</StopPointRef></From><To><StopPointRef>490006537M</StopPointRef></To><Direction>inbound</Direction></RouteLink><RouteLink id="RL_RS_59660c_R_2_5"><From><StopPointRef>490006537M</StopPointRef></From><To><StopPointRef>490015433H</StopPointRef></To><Direction>inbound</Direction></RouteLink><RouteLink id="RL_RS_59660c_R_2_6"><From><StopPointRef>490015433H</StopPointRef></From><To><StopPointRef>490006542S</StopPointRef></To><Direction>inbound</Direction></RouteLink><RouteLink id="RL_RS_59660c_R_2_7"><From><StopPointRef>490006542S</StopPointRef></From><To><StopPointRef>490008779S</StopPointRef></To><Direction>inbound</Direction></RouteLink><RouteLink id="RL_RS_59660c_R_2_8"><From><StopPointRef>490008779S</StopPointRef></From><To><StopPointRef>490010238N1</StopPointRef></To><Direction>inbound</Direction></RouteLink><RouteLink id="RL_RS_59660c_R_2_9"><From><StopPointRef>490010238N1</StopPointRef></From><To><StopPointRef>490007210N</StopPointRef></To><Direction>inbound</Direction></RouteLink><RouteLink id="RL_RS_59660c_R_2_10"><From><StopPointRef>490007210N</StopPointRef></From><To><StopPointRef>490005248N</StopPointRef></To><Direction>inbound</Direction></RouteLink><RouteLink id="RL_RS_59660c_R_2_11"><From><StopPointRef>490005248N</StopPointRef></From><To><StopPointRef>490006543N1</StopPointRef></To><Direction>inbound</Direction></RouteLink><RouteLink id="RL_RS_59660c_R_2_12"><From><StopPointRef>490006543N1</StopPointRef></From><To><StopPointRef>490015018S</StopPointRef></To><Direction>inbound</Direction></RouteLink><RouteLink id="RL_RS_59660c_R_2_13"><From><StopPointRef>490015018S</StopPointRef></From><To><StopPointRef>490012142W</StopPointRef></To><Direction>inbound</Direction></RouteLink><RouteLink id="RL_RS_59660c_R_2_14"><From><StopPointRef>490012142W</StopPointRef></From><To><StopPointRef>490003283S</StopPointRef></To><Direction>inbound</Direction></RouteLink><RouteLink id="RL_RS_59660c_R_2_15"><From><StopPointRef>490003283S</StopPointRef></From><To><StopPointRef>490014920S</StopPointRef></To><Direction>inbound</Direction></RouteLink><RouteLink id="RL_RS_59660c_R_2_16"><From><StopPointRef>490014920S</StopPointRef></From><To><StopPointRef>490003599W</StopPointRef></To><Direction>inbound</Direction></RouteLink><RouteLink id="RL_RS_59660c_R_2_17"><From><StopPointRef>490003599W</StopPointRef></From><To><StopPointRef>490010762W</StopPointRef></To><Direction>inbound</Direction></RouteLink><RouteLink id="RL_RS_59660c_R_2_18"><From><StopPointRef>490010762W</StopPointRef></From><To><StopPointRef>490014025W</StopPointRef></To><Direction>inbound</Direction></RouteLink><RouteLink id="RL_RS_59660c_R_2_19"><From><StopPointRef>490014025W</StopPointRef></From><To><StopPointRef>490013717W</StopPointRef></To><Direction>inbound</Direction></RouteLink><RouteLink id="RL_RS_59660c_R_2_20"><From><StopPointRef>490013717W</StopPointRef></From><To><StopPointRef>490016592W</StopPointRef></To><Direction>inbound</Direction></RouteLink><RouteLink id="RL_RS_59660c_R_2_21"><From><StopPointRef>490016592W</StopPointRef></From><To><StopPointRef>490015457W</StopPointRef></To><Direction>inbound</Direction></RouteLink><RouteLink id="RL_RS_59660c_R_2_22"><From><StopPointRef>490015457W</StopPointRef></From><To><StopPointRef>490008598W</StopPointRef></To><Direction>inbound</Direction></RouteLink><RouteLink id="RL_RS_59660c_R_2_23"><From><StopPointRef>490008598W</StopPointRef></From><To><StopPointRef>490011056F</StopPointRef></To><Direction>inbound</Direction></RouteLink><RouteLink id="RL_RS_59660c_R_2_24"><From><StopPointRef>490011056F</StopPointRef></From><To><StopPointRef>490015150Z</StopPointRef></To><Direction>inbound</Direction></RouteLink><RouteLink id="RL_RS_59660c_R_2_25"><From><StopPointRef>490015150Z</StopPointRef></From><To><StopPointRef>490003596S</StopPointRef></To><Direction>inbound</Direction></RouteLink><RouteLink id="RL_RS_59660c_R_2_26"><From><StopPointRef>490003596S</StopPointRef></From><To><StopPointRef>490010248S</StopPointRef></To><Direction>inbound</Direction></RouteLink><RouteLink id="RL_RS_59660c_R_2_27"><From><StopPointRef>490010248S</StopPointRef></From><To><StopPointRef>490004865S1</StopPointRef></To><Direction>inbound</Direction></RouteLink></RouteSection></RouteSections><Routes><Route id="R_59660c_H_1"><PrivateCode>R_59660c_H_1</PrivateCode><Description>Catford Bus Garage/Newquay Rd - Bexley Road/Crown Woods School</Description><RouteSectionRef>RS_59660c_H_1</RouteSectionRef></Route><Route id="R_59660c_R_2"><PrivateCode>R_59660c_R_2</PrivateCode><Description>Bexley Road/Crown Woods School - Catford Bus Garage</Description><RouteSectionRef>RS_59660c_R_2</RouteSectionRef></Route></Routes><JourneyPatternSections><JourneyPatternSection id="JPS_59660c_H_1"><JourneyPatternTimingLink id="JPL_59660c_H_1_0"><From SequenceNumber="1"><StopPointRef>490010248N</StopPointRef><TimingStatus>PTP</TimingStatus></From><To SequenceNumber="2"><StopPointRef>490005020N</StopPointRef><TimingStatus>PTP</TimingStatus></To><RunTime>PT72S</RunTime></JourneyPatternTimingLink><JourneyPatternTimingLink id="JPL_59660c_H_1_1"><From SequenceNumber="2"><StopPointRef>490005020N</StopPointRef><TimingStatus>PTP</TimingStatus></From><To SequenceNumber="3"><StopPointRef>490003596N</StopPointRef><TimingStatus>PTP</TimingStatus></To><RunTime>PT78S</RunTime></JourneyPatternTimingLink><JourneyPatternTimingLink id="JPL_59660c_H_1_2"><From SequenceNumber="3"><StopPointRef>490003596N</StopPointRef><TimingStatus>PTP</TimingStatus></From><To SequenceNumber="4"><StopPointRef>490015150W</StopPointRef><TimingStatus>PTP</TimingStatus></To><RunTime>PT78S</RunTime></JourneyPatternTimingLink><JourneyPatternTimingLink id="JPL_59660c_H_1_3"><From SequenceNumber="4"><StopPointRef>490015150W</StopPointRef><TimingStatus>PTP</TimingStatus></From><To SequenceNumber="5"><StopPointRef>490013282H</StopPointRef><TimingStatus>PTP</TimingStatus></To><RunTime>PT72S</RunTime></JourneyPatternTimingLink><JourneyPatternTimingLink id="JPL_59660c_H_1_4"><From SequenceNumber="5"><StopPointRef>490013282H</StopPointRef><TimingStatus>PTP</TimingStatus></From><To SequenceNumber="6"><StopPointRef>490013282E</StopPointRef><TimingStatus>PTP</TimingStatus></To><RunTime>PT78S</RunTime></JourneyPatternTimingLink><JourneyPatternTimingLink id="JPL_59660c_H_1_5"><From SequenceNumber="6"><StopPointRef>490013282E</StopPointRef><TimingStatus>PTP</TimingStatus></From><To SequenceNumber="7"><StopPointRef>490008598E</StopPointRef><TimingStatus>PTP</TimingStatus></To><RunTime>PT78S</RunTime></JourneyPatternTimingLink><JourneyPatternTimingLink id="JPL_59660c_H_1_6"><From SequenceNumber="7"><StopPointRef>490008598E</StopPointRef><TimingStatus>PTP</TimingStatus></From><To SequenceNumber="8"><StopPointRef>490015457E</StopPointRef><TimingStatus>PTP</TimingStatus></To><RunTime>PT72S</RunTime></JourneyPatternTimingLink><JourneyPatternTimingLink id="JPL_59660c_H_1_7"><From SequenceNumber="8"><StopPointRef>490015457E</StopPointRef><TimingStatus>PTP</TimingStatus></From><To SequenceNumber="9"><StopPointRef>490013717E</StopPointRef><TimingStatus>PTP</TimingStatus></To><RunTime>PT78S</RunTime></JourneyPatternTimingLink><JourneyPatternTimingLink id="JPL_59660c_H_1_8"><From SequenceNumber="9"><StopPointRef>490013717E</StopPointRef><TimingStatus>PTP</TimingStatus></From><To SequenceNumber="10"><StopPointRef>490014025E</StopPointRef><TimingStatus>PTP</TimingStatus></To><RunTime>PT78S</RunTime></JourneyPatternTimingLink><JourneyPatternTimingLink id="JPL_59660c_H_1_9"><From SequenceNumber="10"><StopPointRef>490014025E</StopPointRef><TimingStatus>PTP</TimingStatus></From><To SequenceNumber="11"><StopPointRef>490010762E</StopPointRef><TimingStatus>PTP</TimingStatus></To><RunTime>PT72S</RunTime></JourneyPatternTimingLink><JourneyPatternTimingLink id="JPL_59660c_H_1_10"><From SequenceNumber="11"><StopPointRef>490010762E</StopPointRef><TimingStatus>PTP</TimingStatus></From><To SequenceNumber="12"><StopPointRef>490003599E</StopPointRef><TimingStatus>PTP</TimingStatus></To><RunTime>PT84S</RunTime></JourneyPatternTimingLink><JourneyPatternTimingLink id="JPL_59660c_H_1_11"><From SequenceNumber="12"><StopPointRef>490003599E</StopPointRef><TimingStatus>PTP</TimingStatus></From><To SequenceNumber="13"><StopPointRef>490014920N</StopPointRef><TimingStatus>PTP</TimingStatus></To><RunTime>PT60S</RunTime></JourneyPatternTimingLink><JourneyPatternTimingLink id="JPL_59660c_H_1_12"><From SequenceNumber="13"><StopPointRef>490014920N</StopPointRef><TimingStatus>PTP</TimingStatus></From><To SequenceNumber="14"><StopPointRef>490008354N</StopPointRef><TimingStatus>PTP</TimingStatus></To><RunTime>PT60S</RunTime></JourneyPatternTimingLink><JourneyPatternTimingLink id="JPL_59660c_H_1_13"><From SequenceNumber="14"><StopPointRef>490008354N</StopPointRef><TimingStatus>PTP</TimingStatus></From><To SequenceNumber="15"><StopPointRef>490012142N</StopPointRef><TimingStatus>PTP</TimingStatus></To><RunTime>PT60S</RunTime></JourneyPatternTimingLink><JourneyPatternTimingLink id="JPL_59660c_H_1_14"><From SequenceNumber="15"><StopPointRef>490012142N</StopPointRef><TimingStatus>PTP</TimingStatus></From><To SequenceNumber="16"><StopPointRef>490015018N</StopPointRef><TimingStatus>PTP</TimingStatus></To><RunTime>PT60S</RunTime></JourneyPatternTimingLink><JourneyPatternTimingLink id="JPL_59660c_H_1_15"><From SequenceNumber="16"><StopPointRef>490015018N</StopPointRef><TimingStatus>PTP</TimingStatus></From><To SequenceNumber="17"><StopPointRef>490006543S</StopPointRef><TimingStatus>PTP</TimingStatus></To><RunTime>PT60S</RunTime></JourneyPatternTimingLink><JourneyPatternTimingLink id="JPL_59660c_H_1_16"><From SequenceNumber="17"><StopPointRef>490006543S</StopPointRef><TimingStatus>PTP</TimingStatus></From><To SequenceNumber="18"><StopPointRef>490005248S</StopPointRef><TimingStatus>PTP</TimingStatus></To><RunTime>PT60S</RunTime></JourneyPatternTimingLink><JourneyPatternTimingLink id="JPL_59660c_H_1_17"><From SequenceNumber="18"><StopPointRef>490005248S</StopPointRef><TimingStatus>PTP</TimingStatus></From><To SequenceNumber="19"><StopPointRef>490004729S</StopPointRef><TimingStatus>PTP</TimingStatus></To><RunTime>PT60S</RunTime></JourneyPatternTimingLink><JourneyPatternTimingLink id="JPL_59660c_H_1_18"><From SequenceNumber="19"><StopPointRef>490004729S</StopPointRef><TimingStatus>PTP</TimingStatus></From><To SequenceNumber="20"><StopPointRef>490010238N2</StopPointRef><TimingStatus>PTP</TimingStatus></To><RunTime>PT60S</RunTime></JourneyPatternTimingLink><JourneyPatternTimingLink id="JPL_59660c_H_1_19"><From SequenceNumber="20"><StopPointRef>490010238N2</StopPointRef><TimingStatus>PTP</TimingStatus></From><To SequenceNumber="21"><StopPointRef>490008779N</StopPointRef><TimingStatus>PTP</TimingStatus></To><RunTime>PT72S</RunTime></JourneyPatternTimingLink><JourneyPatternTimingLink id="JPL_59660c_H_1_20"><From SequenceNumber="21"><StopPointRef>490008779N</StopPointRef><TimingStatus>PTP</TimingStatus></From><To SequenceNumber="22"><StopPointRef>490006542N</StopPointRef><TimingStatus>PTP</TimingStatus></To><RunTime>PT78S</RunTime></JourneyPatternTimingLink><JourneyPatternTimingLink id="JPL_59660c_H_1_21"><From SequenceNumber="22"><StopPointRef>490006542N</StopPointRef><TimingStatus>PTP</TimingStatus></From><To SequenceNumber="23"><StopPointRef>490006546E</StopPointRef><TimingStatus>PTP</TimingStatus></To><RunTime>PT72S</RunTime></JourneyPatternTimingLink><JourneyPatternTimingLink id="JPL_59660c_H_1_22"><From SequenceNumber="23"><StopPointRef>490006546E</StopPointRef><TimingStatus>PTP</TimingStatus></From><To SequenceNumber="24"><StopPointRef>490006537O</StopPointRef><TimingStatus>PTP</TimingStatus></To><RunTime>PT78S</RunTime></JourneyPatternTimingLink><JourneyPatternTimingLink id="JPL_59660c_H_1_23"><From SequenceNumber="24"><StopPointRef>490006537O</StopPointRef><TimingStatus>PTP</TimingStatus></From><To SequenceNumber="25"><StopPointRef>490006534Z</StopPointRef><TimingStatus>PTP</TimingStatus></To><RunTime>PT72S</RunTime></JourneyPatternTimingLink><JourneyPatternTimingLink id="JPL_59660c_H_1_24"><From SequenceNumber="25"><StopPointRef>490006534Z</StopPointRef><TimingStatus>PTP</TimingStatus></From><To SequenceNumber="26"><StopPointRef>490006548E</StopPointRef><TimingStatus>PTP</TimingStatus></To><RunTime>PT78S</RunTime></JourneyPatternTimingLink><JourneyPatternTimingLink id="JPL_59660c_H_1_25"><From SequenceNumber="26"><StopPointRef>490006548E</StopPointRef><TimingStatus>PTP</TimingStatus></From><To SequenceNumber="27"><StopPointRef>490007227E</StopPointRef><TimingStatus>PTP</TimingStatus></To><RunTime>PT72S</RunTime></JourneyPatternTimingLink><JourneyPatternTimingLink id="JPL_59660c_H_1_26"><From SequenceNumber="27"><StopPointRef>490007227E</StopPointRef><TimingStatus>PTP</TimingStatus></From><To SequenceNumber="28"><StopPointRef>490016229E</StopPointRef><TimingStatus>PTP</TimingStatus></To><RunTime>PT78S</RunTime></JourneyPatternTimingLink></JourneyPatternSection><JourneyPatternSection id="JPS_59660c_R_1"><JourneyPatternTimingLink id="JPL_59660c_R_1_0"><From SequenceNumber="1"><StopPointRef>490016229E</StopPointRef><TimingStatus>PTP</TimingStatus></From><To SequenceNumber="2"><StopPointRef>490003505W</StopPointRef><TimingStatus>PTP</TimingStatus></To><RunTime>PT168S</RunTime></JourneyPatternTimingLink><JourneyPatternTimingLink id="JPL_59660c_R_1_1"><From SequenceNumber="2"><StopPointRef>490003505W</StopPointRef><TimingStatus>PTP</TimingStatus></From><To SequenceNumber="3"><StopPointRef>490007227W</StopPointRef><TimingStatus>PTP</TimingStatus></To><RunTime>PT168S</RunTime></JourneyPatternTimingLink><JourneyPatternTimingLink id="JPL_59660c_R_1_2"><From SequenceNumber="3"><StopPointRef>490007227W</StopPointRef><TimingStatus>PTP</TimingStatus></From><To SequenceNumber="4"><StopPointRef>490006548W</StopPointRef><TimingStatus>PTP</TimingStatus></To><RunTime>PT168S</RunTime></JourneyPatternTimingLink><JourneyPatternTimingLink id="JPL_59660c_R_1_3"><From SequenceNumber="4"><StopPointRef>490006548W</StopPointRef><TimingStatus>PTP</TimingStatus></From><To SequenceNumber="5"><StopPointRef>490006533P</StopPointRef><TimingStatus>PTP</TimingStatus></To><RunTime>PT168S</RunTime></JourneyPatternTimingLink><JourneyPatternTimingLink id="JPL_59660c_R_1_4"><From SequenceNumber="5"><StopPointRef>490006533P</StopPointRef><TimingStatus>PTP</TimingStatus></From><To SequenceNumber="6"><StopPointRef>490006537M</StopPointRef><TimingStatus>PTP</TimingStatus></To><RunTime>PT168S</RunTime></JourneyPatternTimingLink><JourneyPatternTimingLink id="JPL_59660c_R_1_5"><From SequenceNumber="6"><StopPointRef>490006537M</StopPointRef><TimingStatus>PTP</TimingStatus></From><To SequenceNumber="7"><StopPointRef>490015433H</StopPointRef><TimingStatus>PTP</TimingStatus></To><RunTime>PT72S</RunTime></JourneyPatternTimingLink><JourneyPatternTimingLink id="JPL_59660c_R_1_6"><From SequenceNumber="7"><StopPointRef>490015433H</StopPointRef><TimingStatus>PTP</TimingStatus></From><To SequenceNumber="8"><StopPointRef>490006542S</StopPointRef><TimingStatus>PTP</TimingStatus></To><RunTime>PT78S</RunTime></JourneyPatternTimingLink><JourneyPatternTimingLink id="JPL_59660c_R_1_7"><From SequenceNumber="8"><StopPointRef>490006542S</StopPointRef><TimingStatus>PTP</TimingStatus></From><To SequenceNumber="9"><StopPointRef>490008779S</StopPointRef><TimingStatus>PTP</TimingStatus></To><RunTime>PT72S</RunTime></JourneyPatternTimingLink><JourneyPatternTimingLink id="JPL_59660c_R_1_8"><From SequenceNumber="9"><StopPointRef>490008779S</StopPointRef><TimingStatus>PTP</TimingStatus></From><To SequenceNumber="10"><StopPointRef>490010238N1</StopPointRef><TimingStatus>PTP</TimingStatus></To><RunTime>PT78S</RunTime></JourneyPatternTimingLink><JourneyPatternTimingLink id="JPL_59660c_R_1_9"><From SequenceNumber="10"><StopPointRef>490010238N1</StopPointRef><TimingStatus>PTP</TimingStatus></From><To SequenceNumber="11"><StopPointRef>490007210N</StopPointRef><TimingStatus>PTP</TimingStatus></To><RunTime>PT78S</RunTime></JourneyPatternTimingLink><JourneyPatternTimingLink id="JPL_59660c_R_1_10"><From SequenceNumber="11"><StopPointRef>490007210N</StopPointRef><TimingStatus>PTP</TimingStatus></From><To SequenceNumber="12"><StopPointRef>490005248N</StopPointRef><TimingStatus>PTP</TimingStatus></To><RunTime>PT84S</RunTime></JourneyPatternTimingLink><JourneyPatternTimingLink id="JPL_59660c_R_1_11"><From SequenceNumber="12"><StopPointRef>490005248N</StopPointRef><TimingStatus>PTP</TimingStatus></From><To SequenceNumber="13"><StopPointRef>490006543N1</StopPointRef><TimingStatus>PTP</TimingStatus></To><RunTime>PT84S</RunTime></JourneyPatternTimingLink><JourneyPatternTimingLink id="JPL_59660c_R_1_12"><From SequenceNumber="13"><StopPointRef>490006543N1</StopPointRef><TimingStatus>PTP</TimingStatus></From><To SequenceNumber="14"><StopPointRef>490015018S</StopPointRef><TimingStatus>PTP</TimingStatus></To><RunTime>PT78S</RunTime></JourneyPatternTimingLink><JourneyPatternTimingLink id="JPL_59660c_R_1_13"><From SequenceNumber="14"><StopPointRef>490015018S</StopPointRef><TimingStatus>PTP</TimingStatus></From><To SequenceNumber="15"><StopPointRef>490012142W</StopPointRef><TimingStatus>PTP</TimingStatus></To><RunTime>PT84S</RunTime></JourneyPatternTimingLink><JourneyPatternTimingLink id="JPL_59660c_R_1_14"><From SequenceNumber="15"><StopPointRef>490012142W</StopPointRef><TimingStatus>PTP</TimingStatus></From><To SequenceNumber="16"><StopPointRef>490003283S</StopPointRef><TimingStatus>PTP</TimingStatus></To><RunTime>PT84S</RunTime></JourneyPatternTimingLink><JourneyPatternTimingLink id="JPL_59660c_R_1_15"><From SequenceNumber="16"><StopPointRef>490003283S</StopPointRef><TimingStatus>PTP</TimingStatus></From><To SequenceNumber="17"><StopPointRef>490014920S</StopPointRef><TimingStatus>PTP</TimingStatus></To><RunTime>PT78S</RunTime></JourneyPatternTimingLink><JourneyPatternTimingLink id="JPL_59660c_R_1_16"><From SequenceNumber="17"><StopPointRef>490014920S</StopPointRef><TimingStatus>PTP</TimingStatus></From><To SequenceNumber="18"><StopPointRef>490003599W</StopPointRef><TimingStatus>PTP</TimingStatus></To><RunTime>PT90S</RunTime></JourneyPatternTimingLink><JourneyPatternTimingLink id="JPL_59660c_R_1_17"><From SequenceNumber="18"><StopPointRef>490003599W</StopPointRef><TimingStatus>PTP</TimingStatus></From><To SequenceNumber="19"><StopPointRef>490010762W</StopPointRef><TimingStatus>PTP</TimingStatus></To><RunTime>PT72S</RunTime></JourneyPatternTimingLink><JourneyPatternTimingLink id="JPL_59660c_R_1_18"><From SequenceNumber="19"><StopPointRef>490010762W</StopPointRef><TimingStatus>PTP</TimingStatus></From><To SequenceNumber="20"><StopPointRef>490014025W</StopPointRef><TimingStatus>PTP</TimingStatus></To><RunTime>PT78S</RunTime></JourneyPatternTimingLink><JourneyPatternTimingLink id="JPL_59660c_R_1_19"><From SequenceNumber="20"><StopPointRef>490014025W</StopPointRef><TimingStatus>PTP</TimingStatus></From><To SequenceNumber="21"><StopPointRef>490013717W</StopPointRef><TimingStatus>PTP</TimingStatus></To><RunTime>PT72S</RunTime></JourneyPatternTimingLink><JourneyPatternTimingLink id="JPL_59660c_R_1_20"><From SequenceNumber="21"><StopPointRef>490013717W</StopPointRef><TimingStatus>PTP</TimingStatus></From><To SequenceNumber="22"><StopPointRef>490016592W</StopPointRef><TimingStatus>PTP</TimingStatus></To><RunTime>PT78S</RunTime></JourneyPatternTimingLink><JourneyPatternTimingLink id="JPL_59660c_R_1_21"><From SequenceNumber="22"><StopPointRef>490016592W</StopPointRef><TimingStatus>PTP</TimingStatus></From><To SequenceNumber="23"><StopPointRef>490015457W</StopPointRef><TimingStatus>PTP</TimingStatus></To><RunTime>PT72S</RunTime></JourneyPatternTimingLink><JourneyPatternTimingLink id="JPL_59660c_R_1_22"><From SequenceNumber="23"><StopPointRef>490015457W</StopPointRef><TimingStatus>PTP</TimingStatus></From><To SequenceNumber="24"><StopPointRef>490008598W</StopPointRef><TimingStatus>PTP</TimingStatus></To><RunTime>PT78S</RunTime></JourneyPatternTimingLink><JourneyPatternTimingLink id="JPL_59660c_R_1_23"><From SequenceNumber="24"><StopPointRef>490008598W</StopPointRef><TimingStatus>PTP</TimingStatus></From><To SequenceNumber="25"><StopPointRef>490011056F</StopPointRef><TimingStatus>PTP</TimingStatus></To><RunTime>PT72S</RunTime></JourneyPatternTimingLink><JourneyPatternTimingLink id="JPL_59660c_R_1_24"><From SequenceNumber="25"><StopPointRef>490011056F</StopPointRef><TimingStatus>PTP</TimingStatus></From><To SequenceNumber="26"><StopPointRef>490015150Z</StopPointRef><TimingStatus>PTP</TimingStatus></To><RunTime>PT78S</RunTime></JourneyPatternTimingLink><JourneyPatternTimingLink id="JPL_59660c_R_1_25"><From SequenceNumber="26"><StopPointRef>490015150Z</StopPointRef><TimingStatus>PTP</TimingStatus></From><To SequenceNumber="27"><StopPointRef>490003596S</StopPointRef><TimingStatus>PTP</TimingStatus></To><RunTime>PT78S</RunTime></JourneyPatternTimingLink><JourneyPatternTimingLink id="JPL_59660c_R_1_26"><From SequenceNumber="27"><StopPointRef>490003596S</StopPointRef><TimingStatus>PTP</TimingStatus></From><To SequenceNumber="28"><StopPointRef>490010248S</StopPointRef><TimingStatus>PTP</TimingStatus></To><RunTime>PT78S</RunTime></JourneyPatternTimingLink><JourneyPatternTimingLink id="JPL_59660c_R_1_27"><From SequenceNumber="28"><StopPointRef>490010248S</StopPointRef><TimingStatus>PTP</TimingStatus></From><To SequenceNumber="29"><StopPointRef>490004865S1</StopPointRef><TimingStatus>PTP</TimingStatus></To><RunTime>PT84S</RunTime></JourneyPatternTimingLink></JourneyPatternSection></JourneyPatternSections><Operators><Operator id="OId_59"><OperatorCode>SE</OperatorCode><OperatorShortName>Selkent</OperatorShortName><OperatorNameOnLicence>Selkent</OperatorNameOnLicence><TradingName>Selkent</TradingName></Operator></Operators><Services><Service><ServiceCode>SId_59660c0</ServiceCode><PrivateCode>59660c0</PrivateCode><Lines><Line id="LId_59660c0"><LineName>660</LineName></Line></Lines><OperatingPeriod><StartDate>2009-12-01</StartDate><EndDate>2010-12-23</EndDate></OperatingPeriod><OperatingProfile><RegularDayType>
					<DaysOfWeek>
						<MondayToFriday/>
					</DaysOfWeek>
				</RegularDayType>
				<BankHolidayOperation><DaysOfNonOperation><AllBankHolidays></AllBankHolidays></DaysOfNonOperation></BankHolidayOperation></OperatingProfile><RegisteredOperatorRef>OId_59</RegisteredOperatorRef><StopRequirements><NoNewStopsRequired/></StopRequirements><StandardService><Origin>Catford Bus Garage/Newquay Rd</Origin><Destination>Bexley Road/Crown Woods School</Destination><JourneyPattern id="JP_59660c_H0_1"><Direction>outbound</Direction><Operational><VehicleType><VehicleTypeCode>08</VehicleTypeCode><Description>Double Decker Low Floor+Wheelchair</Description></VehicleType></Operational><RouteRef>R_59660c_H_1</RouteRef><JourneyPatternSectionRefs>JPS_59660c_H_1</JourneyPatternSectionRefs></JourneyPattern><JourneyPattern id="JP_59660c_R0_1"><Direction>inbound</Direction><Operational><VehicleType><VehicleTypeCode>08</VehicleTypeCode><Description>Double Decker Low Floor+Wheelchair</Description></VehicleType></Operational><RouteRef>R_59660c_R_2</RouteRef><JourneyPatternSectionRefs>JPS_59660c_R_1</JourneyPatternSectionRefs></JourneyPattern></StandardService></Service></Services><VehicleJourneys><VehicleJourney><PrivateCode>59660cc0H6600001</PrivateCode><Operational><VehicleType><VehicleTypeCode>08</VehicleTypeCode><Description>Double Decker Low Floor+Wheelchair</Description></VehicleType></Operational><OperatingProfile><RegularDayType>
					<DaysOfWeek>
						<MondayToFriday/>
					</DaysOfWeek>
				</RegularDayType>
			</OperatingProfile><VehicleJourneyCode>59660cc0H6600001</VehicleJourneyCode><ServiceRef>SId_59660c0</ServiceRef><LineRef>LId_59660c0</LineRef><JourneyPatternRef>JP_59660c_H0_1</JourneyPatternRef><DepartureTime>07:23:00</DepartureTime></VehicleJourney><VehicleJourney><PrivateCode>59660cc0R6600002</PrivateCode><Operational><VehicleType><VehicleTypeCode>08</VehicleTypeCode><Description>Double Decker Low Floor+Wheelchair</Description></VehicleType></Operational><OperatingProfile><RegularDayType>
					<DaysOfWeek>
						<MondayToFriday/>
					</DaysOfWeek>
				</RegularDayType>
			</OperatingProfile><VehicleJourneyCode>59660cc0R6600002</VehicleJourneyCode><ServiceRef>SId_59660c0</ServiceRef><LineRef>LId_59660c0</LineRef><JourneyPatternRef>JP_59660c_R0_1</JourneyPatternRef><DepartureTime>14:55:00</DepartureTime></VehicleJourney></VehicleJourneys></TransXChange>
