<?xml version="1.0" encoding="UTF-8"?>
<TransXChange CreationDateTime="2010-10-28T09:18:10" ModificationDateTime="2010-10-28T09:18:10" Modification="new" FileName="G:\mentzdv\Datastore\output_txc_54606h.xml" RevisionNumber="0" SchemaVersion="2.1" xmlns:xsi="http://www.w3.org/2001/XMLSchema-instance" xsi:schemaLocation="http://www.transxchange.org.uk/ http://www.transxchange.org.uk/schema/2.1/TransXChange_general.xsd" xmlns="http://www.transxchange.org.uk/" xmlns:n1="http://www.transxchange.org.uk/" xmlns:n2="http://www.govtalk.gov.uk/people/AddressAndPersonalDetails" xmlns:n3="http://www.govtalk.gov.uk/core" xmlns:n4="http://www.govtalk.gov.uk/people/bs7666"><StopPoints><AnnotatedStopPointRef><StopPointRef>490000185AA</StopPointRef><CommonName>Queensbury</CommonName><Indicator>stop AA</Indicator><LocalityName>Queensbury (London)</LocalityName><LocalityQualifier>Greater London</LocalityQualifier></AnnotatedStopPointRef><AnnotatedStopPointRef><StopPointRef>490013845E</StopPointRef><CommonName>Turner Road / Mollison Way</CommonName><Indicator>stop A</Indicator><LocalityName>Queensbury</LocalityName><LocalityQualifier>Greater London</LocalityQualifier></AnnotatedStopPointRef><AnnotatedStopPointRef><StopPointRef>490006882E</StopPointRef><CommonName>The Parade (HA8)</CommonName><Indicator>stop E</Indicator><LocalityName>Queensbury</LocalityName><LocalityQualifier>Greater London</LocalityQualifier></AnnotatedStopPointRef><AnnotatedStopPointRef><StopPointRef>490013416E</StopPointRef><CommonName>The Highlands</CommonName><Indicator>stop Y</Indicator><LocalityName>Little Stanmore</LocalityName><LocalityQualifier>Greater London</LocalityQualifier></AnnotatedStopPointRef><AnnotatedStopPointRef><StopPointRef>490004618C</StopPointRef><CommonName>Burnt Oak Broadway (HA8)</CommonName><Indicator>stop C</Indicator><LocalityName>Little Stanmore</LocalityName><LocalityQualifier>Greater London</LocalityQualifier></AnnotatedStopPointRef><AnnotatedStopPointRef><StopPointRef>490004617B</StopPointRef><CommonName>North Road (HA8)</CommonName><Indicator>stop B</Indicator><LocalityName>Burnt Oak</LocalityName><LocalityQualifier>Greater London</LocalityQualifier></AnnotatedStopPointRef><AnnotatedStopPointRef><StopPointRef>490006425HB</StopPointRef><CommonName>Edgware Community Hospital</CommonName><Indicator>stop HB</Indicator><LocalityName>Edgware</LocalityName><LocalityQualifier>Greater London</LocalityQualifier></AnnotatedStopPointRef><AnnotatedStopPointRef><StopPointRef>490006004HC</StopPointRef><CommonName>Deansbrook Road /Burnt Oak Bwy</CommonName><Indicator>stop HC</Indicator><LocalityName>Edgware</LocalityName><LocalityQualifier>Greater London</LocalityQualifier></AnnotatedStopPointRef><AnnotatedStopPointRef><StopPointRef>490012411P</StopPointRef><CommonName>Springvilla Road</CommonName><Indicator>stop P</Indicator><LocalityName>Little Stanmore</LocalityName><LocalityQualifier>Greater London</LocalityQualifier></AnnotatedStopPointRef><AnnotatedStopPointRef><StopPointRef>490012773K</StopPointRef><CommonName>St.Margarets Church</CommonName><Indicator>stop K</Indicator><LocalityName>Edgware</LocalityName><LocalityQualifier>Greater London</LocalityQualifier></AnnotatedStopPointRef><AnnotatedStopPointRef><StopPointRef>490000070G</StopPointRef><CommonName>Edgware</CommonName><Indicator>stop G</Indicator><LocalityName>Edgware</LocalityName><LocalityQualifier>Greater London</LocalityQualifier></AnnotatedStopPointRef><AnnotatedStopPointRef><StopPointRef>490000070F</StopPointRef><CommonName>Edgware</CommonName><Indicator>stop F</Indicator><LocalityName>Edgware</LocalityName><LocalityQualifier>Greater London</LocalityQualifier></AnnotatedStopPointRef><AnnotatedStopPointRef><StopPointRef>490000070B</StopPointRef><CommonName>Edgware Station / Station Road</CommonName><Indicator>stop B</Indicator><LocalityName>Edgware</LocalityName><LocalityQualifier>Greater London</LocalityQualifier></AnnotatedStopPointRef><AnnotatedStopPointRef><StopPointRef>490011254N</StopPointRef><CommonName>Purcells Avenue</CommonName><Indicator>stop P</Indicator><LocalityName>Edgware</LocalityName><LocalityQualifier>Greater London</LocalityQualifier></AnnotatedStopPointRef><AnnotatedStopPointRef><StopPointRef>490006423N</StopPointRef><CommonName>Edgwarebury Lane/Edgware Way</CommonName><Indicator>stop Q</Indicator><LocalityName>Edgware</LocalityName><LocalityQualifier>Greater London</LocalityQualifier></AnnotatedStopPointRef><AnnotatedStopPointRef><StopPointRef>490003002E</StopPointRef><CommonName>Broadfields Ave / Edgware Way</CommonName><Indicator>stop T</Indicator><LocalityName>Edgware</LocalityName><LocalityQualifier>Greater London</LocalityQualifier></AnnotatedStopPointRef><AnnotatedStopPointRef><StopPointRef>490013401E</StopPointRef><CommonName>Broadhurst Avenue (HA8)</CommonName><Indicator>stop U</Indicator><LocalityName>Edgware</LocalityName><LocalityQualifier>Greater London</LocalityQualifier></AnnotatedStopPointRef><AnnotatedStopPointRef><StopPointRef>490008196E</StopPointRef><CommonName>Kenilworth Road (HA8)</CommonName><Indicator>stop A</Indicator><LocalityName>Edgware</LocalityName><LocalityQualifier>Greater London</LocalityQualifier></AnnotatedStopPointRef><AnnotatedStopPointRef><StopPointRef>490008561E</StopPointRef><CommonName>Edgware Way / Stoneyfield Park</CommonName><Indicator>stop B</Indicator><LocalityName>Mill Hill</LocalityName><LocalityQualifier>Greater London</LocalityQualifier></AnnotatedStopPointRef><AnnotatedStopPointRef><StopPointRef>490010081E</StopPointRef><CommonName>Mount Grove</CommonName><Indicator>stop C</Indicator><LocalityName>Mill Hill</LocalityName><LocalityQualifier>Greater London</LocalityQualifier></AnnotatedStopPointRef><AnnotatedStopPointRef><StopPointRef>490003342N</StopPointRef><CommonName>Apex Corner (NW7)</CommonName><Indicator>stop E</Indicator><LocalityName>Mill Hill</LocalityName><LocalityQualifier>Greater London</LocalityQualifier></AnnotatedStopPointRef><AnnotatedStopPointRef><StopPointRef>490013347N</StopPointRef><CommonName>The Fairway / Barnet Way</CommonName><Indicator>stop F</Indicator><LocalityName>Mill Hill</LocalityName><LocalityQualifier>Greater London</LocalityQualifier></AnnotatedStopPointRef><AnnotatedStopPointRef><StopPointRef>490009960N</StopPointRef><CommonName>Moat Mount Park</CommonName><Indicator>stop N</Indicator><LocalityName>Barnet Gate</LocalityName><LocalityQualifier>Greater London</LocalityQualifier></AnnotatedStopPointRef><AnnotatedStopPointRef><StopPointRef>490011961N</StopPointRef><CommonName>Scratchwood Park</CommonName><Indicator>stop D</Indicator><LocalityName>Barnet Gate</LocalityName><LocalityQualifier>Greater London</LocalityQualifier></AnnotatedStopPointRef><AnnotatedStopPointRef><StopPointRef>490012721E2</StopPointRef><CommonName>Stirling Corner / Barnet Way</CommonName><Indicator>stop E</Indicator><LocalityName>Barnet Gate</LocalityName><LocalityQualifier>Greater London</LocalityQualifier></AnnotatedStopPointRef><AnnotatedStopPointRef><StopPointRef>490013368E</StopPointRef><CommonName>The Gate / Brickfield Lane</CommonName><Indicator>stop C</Indicator><LocalityName>Barnet Gate</LocalityName><LocalityQualifier>Greater London</LocalityQualifier></AnnotatedStopPointRef><AnnotatedStopPointRef><StopPointRef>490007215E</StopPointRef><CommonName>Glebe Lane (EN5)</CommonName><Indicator>stop E</Indicator><LocalityName>Arkley</LocalityName><LocalityQualifier>Greater London</LocalityQualifier></AnnotatedStopPointRef><AnnotatedStopPointRef><StopPointRef>490011744E</StopPointRef><CommonName>Rowley Green Road</CommonName><Indicator>stop E</Indicator><LocalityName>Arkley</LocalityName><LocalityQualifier>Greater London</LocalityQualifier></AnnotatedStopPointRef><AnnotatedStopPointRef><StopPointRef>490011379E1</StopPointRef><CommonName>Quinta Drive</CommonName><Indicator>stop E</Indicator><LocalityName>Arkley</LocalityName><LocalityQualifier>Greater London</LocalityQualifier></AnnotatedStopPointRef><AnnotatedStopPointRef><StopPointRef>490007117E</StopPointRef><CommonName>Garden Close (EN5)</CommonName><Indicator>stop E</Indicator><LocalityName>Arkley</LocalityName><LocalityQualifier>Greater London</LocalityQualifier></AnnotatedStopPointRef><AnnotatedStopPointRef><StopPointRef>490013231E2</StopPointRef><CommonName>Galley Lane</CommonName><Indicator>stop E2</Indicator><LocalityName>High Barnet</LocalityName><LocalityQualifier>Greater London</LocalityQualifier></AnnotatedStopPointRef><AnnotatedStopPointRef><StopPointRef>490003636B4</StopPointRef><CommonName>Barnet General Hosp/ Queens Rd</CommonName><Indicator>stop B4</Indicator><LocalityName>High Barnet</LocalityName><LocalityQualifier>Greater London</LocalityQualifier></AnnotatedStopPointRef><AnnotatedStopPointRef><StopPointRef>490013909E</StopPointRef><CommonName>Union Street (EN5)</CommonName><Indicator>stop E</Indicator><LocalityName>High Barnet</LocalityName><LocalityQualifier>Greater London</LocalityQualifier></AnnotatedStopPointRef><AnnotatedStopPointRef><StopPointRef>490015142F</StopPointRef><CommonName>Barnet Church Wood Street</CommonName><Indicator>stop F</Indicator><LocalityName>Barnet</LocalityName><LocalityQualifier>Greater London</LocalityQualifier></AnnotatedStopPointRef><AnnotatedStopPointRef><StopPointRef>490003634H</StopPointRef><CommonName>Barnet High St / Barnet Church</CommonName><Indicator>stop H</Indicator><LocalityName>Chipping Barnet</LocalityName><LocalityQualifier>Greater London</LocalityQualifier></AnnotatedStopPointRef><AnnotatedStopPointRef><StopPointRef>490009772N</StopPointRef><CommonName>Meadway / High Barnet Station</CommonName><Indicator>stop N</Indicator><LocalityName>Chipping Barnet</LocalityName><LocalityQualifier>Greater London</LocalityQualifier></AnnotatedStopPointRef><AnnotatedStopPointRef><StopPointRef>490000107R</StopPointRef><CommonName>High Barnet</CommonName><Indicator>stop R</Indicator><LocalityName>Barnet</LocalityName><LocalityQualifier>Greater London</LocalityQualifier></AnnotatedStopPointRef><AnnotatedStopPointRef><StopPointRef>490013904S</StopPointRef><CommonName>Underhill (EN5)</CommonName><Indicator>stop U</Indicator><LocalityName>Chipping Barnet</LocalityName><LocalityQualifier>Greater London</LocalityQualifier></AnnotatedStopPointRef><AnnotatedStopPointRef><StopPointRef>490011441N</StopPointRef><CommonName>Barnet / Ravenscroft School</CommonName><Indicator>stop N</Indicator><LocalityName>Totteridge</LocalityName><LocalityQualifier>Greater London</LocalityQualifier></AnnotatedStopPointRef><AnnotatedStopPointRef><StopPointRef>490013897N</StopPointRef><CommonName>Underhill (EN5)</CommonName><Indicator>stop W</Indicator><LocalityName>Chipping Barnet</LocalityName><LocalityQualifier>Greater London</LocalityQualifier></AnnotatedStopPointRef><AnnotatedStopPointRef><StopPointRef>490000107Q</StopPointRef><CommonName>High Barnet</CommonName><Indicator>stop Q</Indicator><LocalityName>Barnet</LocalityName><LocalityQualifier>Greater London</LocalityQualifier></AnnotatedStopPointRef><AnnotatedStopPointRef><StopPointRef>490003634K</StopPointRef><CommonName>Barnet Church</CommonName><Indicator>stop K</Indicator><LocalityName>Chipping Barnet</LocalityName><LocalityQualifier>Greater London</LocalityQualifier></AnnotatedStopPointRef><AnnotatedStopPointRef><StopPointRef>490015142E</StopPointRef><CommonName>Barnet Church Wood Street</CommonName><Indicator>stop E</Indicator><LocalityName>Barnet</LocalityName><LocalityQualifier>Greater London</LocalityQualifier></AnnotatedStopPointRef><AnnotatedStopPointRef><StopPointRef>490009584W</StopPointRef><CommonName>Manor Road (EN5)</CommonName><Indicator>stop W</Indicator><LocalityName>Barnet</LocalityName><LocalityQualifier>Greater London</LocalityQualifier></AnnotatedStopPointRef><AnnotatedStopPointRef><StopPointRef>490013909W</StopPointRef><CommonName>Union Street (EN5)</CommonName><Indicator>stop W</Indicator><LocalityName>High Barnet</LocalityName><LocalityQualifier>Greater London</LocalityQualifier></AnnotatedStopPointRef><AnnotatedStopPointRef><StopPointRef>490003636B3</StopPointRef><CommonName>Barnet General Hosp/ Queens Rd</CommonName><Indicator>stop B3</Indicator><LocalityName>High Barnet</LocalityName><LocalityQualifier>Greater London</LocalityQualifier></AnnotatedStopPointRef><AnnotatedStopPointRef><StopPointRef>490013231W</StopPointRef><CommonName>Galley Lane</CommonName><Indicator>stop W</Indicator><LocalityName>High Barnet</LocalityName><LocalityQualifier>Greater London</LocalityQualifier></AnnotatedStopPointRef><AnnotatedStopPointRef><StopPointRef>490007117W</StopPointRef><CommonName>Garden Close (EN5)</CommonName><Indicator>stop W</Indicator><LocalityName>Arkley</LocalityName><LocalityQualifier>Greater London</LocalityQualifier></AnnotatedStopPointRef><AnnotatedStopPointRef><StopPointRef>490011379W</StopPointRef><CommonName>Quinta Drive</CommonName><Indicator>stop W</Indicator><LocalityName>Arkley</LocalityName><LocalityQualifier>Greater London</LocalityQualifier></AnnotatedStopPointRef><AnnotatedStopPointRef><StopPointRef>490011744W</StopPointRef><CommonName>Rowley Green Road</CommonName><Indicator>stop W</Indicator><LocalityName>Arkley</LocalityName><LocalityQualifier>Greater London</LocalityQualifier></AnnotatedStopPointRef><AnnotatedStopPointRef><StopPointRef>490007215W</StopPointRef><CommonName>Glebe Lane (EN5)</CommonName><Indicator>stop W</Indicator><LocalityName>Arkley</LocalityName><LocalityQualifier>Greater London</LocalityQualifier></AnnotatedStopPointRef><AnnotatedStopPointRef><StopPointRef>490013368W</StopPointRef><CommonName>The Gate / Brickfield Lane</CommonName><Indicator>stop F</Indicator><LocalityName>Barnet Gate</LocalityName><LocalityQualifier>Greater London</LocalityQualifier></AnnotatedStopPointRef><AnnotatedStopPointRef><StopPointRef>490012721W2</StopPointRef><CommonName>Stirling Corner / Barnet Way</CommonName><Indicator>stop G</Indicator><LocalityName>Barnet Gate</LocalityName><LocalityQualifier>Greater London</LocalityQualifier></AnnotatedStopPointRef><AnnotatedStopPointRef><StopPointRef>490011961S</StopPointRef><CommonName>Scratchwood Park</CommonName><Indicator>stop H</Indicator><LocalityName>Barnet Gate</LocalityName><LocalityQualifier>Greater London</LocalityQualifier></AnnotatedStopPointRef><AnnotatedStopPointRef><StopPointRef>490009960S</StopPointRef><CommonName>Moat Mount Park</CommonName><Indicator>stop S</Indicator><LocalityName>Barnet Gate</LocalityName><LocalityQualifier>Greater London</LocalityQualifier></AnnotatedStopPointRef><AnnotatedStopPointRef><StopPointRef>490013347S</StopPointRef><CommonName>The Fairway / Barnet Way</CommonName><Indicator>stop H</Indicator><LocalityName>Mill Hill</LocalityName><LocalityQualifier>Greater London</LocalityQualifier></AnnotatedStopPointRef><AnnotatedStopPointRef><StopPointRef>490003342S</StopPointRef><CommonName>Apex Corner (NW7)</CommonName><Indicator>stop J</Indicator><LocalityName>Mill Hill</LocalityName><LocalityQualifier>Greater London</LocalityQualifier></AnnotatedStopPointRef><AnnotatedStopPointRef><StopPointRef>490010499W</StopPointRef><CommonName>Oakmede Gardens</CommonName><Indicator>stop L</Indicator><LocalityName>Mill Hill</LocalityName><LocalityQualifier>Greater London</LocalityQualifier></AnnotatedStopPointRef><AnnotatedStopPointRef><StopPointRef>490008561W</StopPointRef><CommonName>Edgware Way / Stoneyfield Park</CommonName><Indicator>stop M</Indicator><LocalityName>Mill Hill</LocalityName><LocalityQualifier>Greater London</LocalityQualifier></AnnotatedStopPointRef><AnnotatedStopPointRef><StopPointRef>490008196W</StopPointRef><CommonName>Highview Avenue (HA8)</CommonName><Indicator>stop N</Indicator><LocalityName>Edgware</LocalityName><LocalityQualifier>Greater London</LocalityQualifier></AnnotatedStopPointRef><AnnotatedStopPointRef><StopPointRef>490013401W</StopPointRef><CommonName>The Grove (HA8)</CommonName><Indicator>stop E</Indicator><LocalityName>Edgware</LocalityName><LocalityQualifier>Greater London</LocalityQualifier></AnnotatedStopPointRef><AnnotatedStopPointRef><StopPointRef>490003002W</StopPointRef><CommonName>Broadfields Ave / Edgware Way</CommonName><Indicator>stop F</Indicator><LocalityName>Edgware</LocalityName><LocalityQualifier>Greater London</LocalityQualifier></AnnotatedStopPointRef><AnnotatedStopPointRef><StopPointRef>490006423S</StopPointRef><CommonName>Edgwarebury Lane/Edgware Way</CommonName><Indicator>stop G</Indicator><LocalityName>Edgware</LocalityName><LocalityQualifier>Greater London</LocalityQualifier></AnnotatedStopPointRef><AnnotatedStopPointRef><StopPointRef>490006422S</StopPointRef><CommonName>Edgwarebury Gardens (HA8)</CommonName><Indicator>stop H</Indicator><LocalityName>Edgware</LocalityName><LocalityQualifier>Greater London</LocalityQualifier></AnnotatedStopPointRef><AnnotatedStopPointRef><StopPointRef>490000070C</StopPointRef><CommonName>Edgware</CommonName><Indicator>stop C</Indicator><LocalityName>Edgware</LocalityName><LocalityQualifier>Greater London</LocalityQualifier></AnnotatedStopPointRef><AnnotatedStopPointRef><StopPointRef>490012773L</StopPointRef><CommonName>St.Margarets Church</CommonName><Indicator>stop L</Indicator><LocalityName>Edgware</LocalityName><LocalityQualifier>Greater London</LocalityQualifier></AnnotatedStopPointRef><AnnotatedStopPointRef><StopPointRef>490014573N</StopPointRef><CommonName>Whitchurch Lane</CommonName><Indicator>stop N</Indicator><LocalityName>Edgware</LocalityName><LocalityQualifier>Greater London</LocalityQualifier></AnnotatedStopPointRef><AnnotatedStopPointRef><StopPointRef>490006004HD</StopPointRef><CommonName>Deansbrook Road /Burnt Oak Bwy</CommonName><Indicator>stop HD</Indicator><LocalityName>Edgware</LocalityName><LocalityQualifier>Greater London</LocalityQualifier></AnnotatedStopPointRef><AnnotatedStopPointRef><StopPointRef>490006425HA</StopPointRef><CommonName>Edgware Community Hospital</CommonName><Indicator>stop HA</Indicator><LocalityName>Edgware</LocalityName><LocalityQualifier>Greater London</LocalityQualifier></AnnotatedStopPointRef><AnnotatedStopPointRef><StopPointRef>490004617A</StopPointRef><CommonName>North Road (HA8)</CommonName><Indicator>stop A</Indicator><LocalityName>Burnt Oak</LocalityName><LocalityQualifier>Greater London</LocalityQualifier></AnnotatedStopPointRef><AnnotatedStopPointRef><StopPointRef>490013255D</StopPointRef><CommonName>The Bald Faced Stag (HA8)</CommonName><Indicator>stop D</Indicator><LocalityName>Burnt Oak</LocalityName><LocalityQualifier>Greater London</LocalityQualifier></AnnotatedStopPointRef><AnnotatedStopPointRef><StopPointRef>490010486F</StopPointRef><CommonName>Oak Gardens</CommonName><Indicator>stop F</Indicator><LocalityName>Colindale</LocalityName><LocalityQualifier>Greater London</LocalityQualifier></AnnotatedStopPointRef><AnnotatedStopPointRef><StopPointRef>490013416W</StopPointRef><CommonName>The Highlands</CommonName><Indicator>stop X</Indicator><LocalityName>Little Stanmore</LocalityName><LocalityQualifier>Greater London</LocalityQualifier></AnnotatedStopPointRef><AnnotatedStopPointRef><StopPointRef>490006882W</StopPointRef><CommonName>The Parade (HA8)</CommonName><Indicator>stop W</Indicator><LocalityName>Queensbury</LocalityName><LocalityQualifier>Greater London</LocalityQualifier></AnnotatedStopPointRef><AnnotatedStopPointRef><StopPointRef>490013845W</StopPointRef><CommonName>Turner Road / Mollison Way</CommonName><Indicator>stop B</Indicator><LocalityName>Queensbury</LocalityName><LocalityQualifier>Greater London</LocalityQualifier></AnnotatedStopPointRef><AnnotatedStopPointRef><StopPointRef>490000185BB</StopPointRef><CommonName>Queensbury</CommonName><Indicator>stop BB</Indicator><LocalityName>Queensbury (London)</LocalityName><LocalityQualifier>Greater London</LocalityQualifier></AnnotatedStopPointRef></StopPoints><RouteSections><RouteSection id="RS_54606h_H_1"><RouteLink id="RL_RS_54606h_H_1_0"><From><StopPointRef>490000185AA</StopPointRef></From><To><StopPointRef>490013845E</StopPointRef></To><Direction>outbound</Direction></RouteLink><RouteLink id="RL_RS_54606h_H_1_1"><From><StopPointRef>490013845E</StopPointRef></From><To><StopPointRef>490006882E</StopPointRef></To><Direction>outbound</Direction></RouteLink><RouteLink id="RL_RS_54606h_H_1_2"><From><StopPointRef>490006882E</StopPointRef></From><To><StopPointRef>490013416E</StopPointRef></To><Direction>outbound</Direction></RouteLink><RouteLink id="RL_RS_54606h_H_1_3"><From><StopPointRef>490013416E</StopPointRef></From><To><StopPointRef>490004618C</StopPointRef></To><Direction>outbound</Direction></RouteLink><RouteLink id="RL_RS_54606h_H_1_4"><From><StopPointRef>490004618C</StopPointRef></From><To><StopPointRef>490004617B</StopPointRef></To><Direction>outbound</Direction></RouteLink><RouteLink id="RL_RS_54606h_H_1_5"><From><StopPointRef>490004617B</StopPointRef></From><To><StopPointRef>490006425HB</StopPointRef></To><Direction>outbound</Direction></RouteLink><RouteLink id="RL_RS_54606h_H_1_6"><From><StopPointRef>490006425HB</StopPointRef></From><To><StopPointRef>490006004HC</StopPointRef></To><Direction>outbound</Direction></RouteLink><RouteLink id="RL_RS_54606h_H_1_7"><From><StopPointRef>490006004HC</StopPointRef></From><To><StopPointRef>490012411P</StopPointRef></To><Direction>outbound</Direction></RouteLink><RouteLink id="RL_RS_54606h_H_1_8"><From><StopPointRef>490012411P</StopPointRef></From><To><StopPointRef>490012773K</StopPointRef></To><Direction>outbound</Direction></RouteLink><RouteLink id="RL_RS_54606h_H_1_9"><From><StopPointRef>490012773K</StopPointRef></From><To><StopPointRef>490000070G</StopPointRef></To><Direction>outbound</Direction></RouteLink><RouteLink id="RL_RS_54606h_H_1_10"><From><StopPointRef>490000070G</StopPointRef></From><To><StopPointRef>490000070F</StopPointRef></To><Direction>outbound</Direction></RouteLink><RouteLink id="RL_RS_54606h_H_1_11"><From><StopPointRef>490000070F</StopPointRef></From><To><StopPointRef>490000070B</StopPointRef></To><Direction>outbound</Direction></RouteLink><RouteLink id="RL_RS_54606h_H_1_12"><From><StopPointRef>490000070B</StopPointRef></From><To><StopPointRef>490011254N</StopPointRef></To><Direction>outbound</Direction></RouteLink><RouteLink id="RL_RS_54606h_H_1_13"><From><StopPointRef>490011254N</StopPointRef></From><To><StopPointRef>490006423N</StopPointRef></To><Direction>outbound</Direction></RouteLink><RouteLink id="RL_RS_54606h_H_1_14"><From><StopPointRef>490006423N</StopPointRef></From><To><StopPointRef>490003002E</StopPointRef></To><Direction>outbound</Direction></RouteLink><RouteLink id="RL_RS_54606h_H_1_15"><From><StopPointRef>490003002E</StopPointRef></From><To><StopPointRef>490013401E</StopPointRef></To><Direction>outbound</Direction></RouteLink><RouteLink id="RL_RS_54606h_H_1_16"><From><StopPointRef>490013401E</StopPointRef></From><To><StopPointRef>490008196E</StopPointRef></To><Direction>outbound</Direction></RouteLink><RouteLink id="RL_RS_54606h_H_1_17"><From><StopPointRef>490008196E</StopPointRef></From><To><StopPointRef>490008561E</StopPointRef></To><Direction>outbound</Direction></RouteLink><RouteLink id="RL_RS_54606h_H_1_18"><From><StopPointRef>490008561E</StopPointRef></From><To><StopPointRef>490010081E</StopPointRef></To><Direction>outbound</Direction></RouteLink><RouteLink id="RL_RS_54606h_H_1_19"><From><StopPointRef>490010081E</StopPointRef></From><To><StopPointRef>490003342N</StopPointRef></To><Direction>outbound</Direction></RouteLink><RouteLink id="RL_RS_54606h_H_1_20"><From><StopPointRef>490003342N</StopPointRef></From><To><StopPointRef>490013347N</StopPointRef></To><Direction>outbound</Direction></RouteLink><RouteLink id="RL_RS_54606h_H_1_21"><From><StopPointRef>490013347N</StopPointRef></From><To><StopPointRef>490009960N</StopPointRef></To><Direction>outbound</Direction></RouteLink><RouteLink id="RL_RS_54606h_H_1_22"><From><StopPointRef>490009960N</StopPointRef></From><To><StopPointRef>490011961N</StopPointRef></To><Direction>outbound</Direction></RouteLink><RouteLink id="RL_RS_54606h_H_1_23"><From><StopPointRef>490011961N</StopPointRef></From><To><StopPointRef>490012721E2</StopPointRef></To><Direction>outbound</Direction></RouteLink><RouteLink id="RL_RS_54606h_H_1_24"><From><StopPointRef>490012721E2</StopPointRef></From><To><StopPointRef>490013368E</StopPointRef></To><Direction>outbound</Direction></RouteLink><RouteLink id="RL_RS_54606h_H_1_25"><From><StopPointRef>490013368E</StopPointRef></From><To><StopPointRef>490007215E</StopPointRef></To><Direction>outbound</Direction></RouteLink><RouteLink id="RL_RS_54606h_H_1_26"><From><StopPointRef>490007215E</StopPointRef></From><To><StopPointRef>490011744E</StopPointRef></To><Direction>outbound</Direction></RouteLink><RouteLink id="RL_RS_54606h_H_1_27"><From><StopPointRef>490011744E</StopPointRef></From><To><StopPointRef>490011379E1</StopPointRef></To><Direction>outbound</Direction></RouteLink><RouteLink id="RL_RS_54606h_H_1_28"><From><StopPointRef>490011379E1</StopPointRef></From><To><StopPointRef>490007117E</StopPointRef></To><Direction>outbound</Direction></RouteLink><RouteLink id="RL_RS_54606h_H_1_29"><From><StopPointRef>490007117E</StopPointRef></From><To><StopPointRef>490013231E2</StopPointRef></To><Direction>outbound</Direction></RouteLink><RouteLink id="RL_RS_54606h_H_1_30"><From><StopPointRef>490013231E2</StopPointRef></From><To><StopPointRef>490003636B4</StopPointRef></To><Direction>outbound</Direction></RouteLink><RouteLink id="RL_RS_54606h_H_1_31"><From><StopPointRef>490003636B4</StopPointRef></From><To><StopPointRef>490013909E</StopPointRef></To><Direction>outbound</Direction></RouteLink><RouteLink id="RL_RS_54606h_H_1_32"><From><StopPointRef>490013909E</StopPointRef></From><To><StopPointRef>490015142F</StopPointRef></To><Direction>outbound</Direction></RouteLink><RouteLink id="RL_RS_54606h_H_1_33"><From><StopPointRef>490015142F</StopPointRef></From><To><StopPointRef>490003634H</StopPointRef></To><Direction>outbound</Direction></RouteLink><RouteLink id="RL_RS_54606h_H_1_34"><From><StopPointRef>490003634H</StopPointRef></From><To><StopPointRef>490009772N</StopPointRef></To><Direction>outbound</Direction></RouteLink><RouteLink id="RL_RS_54606h_H_1_35"><From><StopPointRef>490009772N</StopPointRef></From><To><StopPointRef>490000107R</StopPointRef></To><Direction>outbound</Direction></RouteLink><RouteLink id="RL_RS_54606h_H_1_36"><From><StopPointRef>490000107R</StopPointRef></From><To><StopPointRef>490013904S</StopPointRef></To><Direction>outbound</Direction></RouteLink><RouteLink id="RL_RS_54606h_H_1_37"><From><StopPointRef>490013904S</StopPointRef></From><To><StopPointRef>490011441N</StopPointRef></To><Direction>outbound</Direction></RouteLink></RouteSection><RouteSection id="RS_54606h_R_2"><RouteLink id="RL_RS_54606h_R_2_0"><From><StopPointRef>490011441N</StopPointRef></From><To><StopPointRef>490013897N</StopPointRef></To><Direction>inbound</Direction></RouteLink><RouteLink id="RL_RS_54606h_R_2_1"><From><StopPointRef>490013897N</StopPointRef></From><To><StopPointRef>490000107Q</StopPointRef></To><Direction>inbound</Direction></RouteLink><RouteLink id="RL_RS_54606h_R_2_2"><From><StopPointRef>490000107Q</StopPointRef></From><To><StopPointRef>490003634K</StopPointRef></To><Direction>inbound</Direction></RouteLink><RouteLink id="RL_RS_54606h_R_2_3"><From><StopPointRef>490003634K</StopPointRef></From><To><StopPointRef>490015142E</StopPointRef></To><Direction>inbound</Direction></RouteLink><RouteLink id="RL_RS_54606h_R_2_4"><From><StopPointRef>490015142E</StopPointRef></From><To><StopPointRef>490009584W</StopPointRef></To><Direction>inbound</Direction></RouteLink><RouteLink id="RL_RS_54606h_R_2_5"><From><StopPointRef>490009584W</StopPointRef></From><To><StopPointRef>490013909W</StopPointRef></To><Direction>inbound</Direction></RouteLink><RouteLink id="RL_RS_54606h_R_2_6"><From><StopPointRef>490013909W</StopPointRef></From><To><StopPointRef>490003636B3</StopPointRef></To><Direction>inbound</Direction></RouteLink><RouteLink id="RL_RS_54606h_R_2_7"><From><StopPointRef>490003636B3</StopPointRef></From><To><StopPointRef>490013231W</StopPointRef></To><Direction>inbound</Direction></RouteLink><RouteLink id="RL_RS_54606h_R_2_8"><From><StopPointRef>490013231W</StopPointRef></From><To><StopPointRef>490007117W</StopPointRef></To><Direction>inbound</Direction></RouteLink><RouteLink id="RL_RS_54606h_R_2_9"><From><StopPointRef>490007117W</StopPointRef></From><To><StopPointRef>490011379W</StopPointRef></To><Direction>inbound</Direction></RouteLink><RouteLink id="RL_RS_54606h_R_2_10"><From><StopPointRef>490011379W</StopPointRef></From><To><StopPointRef>490011744W</StopPointRef></To><Direction>inbound</Direction></RouteLink><RouteLink id="RL_RS_54606h_R_2_11"><From><StopPointRef>490011744W</StopPointRef></From><To><StopPointRef>490007215W</StopPointRef></To><Direction>inbound</Direction></RouteLink><RouteLink id="RL_RS_54606h_R_2_12"><From><StopPointRef>490007215W</StopPointRef></From><To><StopPointRef>490013368W</StopPointRef></To><Direction>inbound</Direction></RouteLink><RouteLink id="RL_RS_54606h_R_2_13"><From><StopPointRef>490013368W</StopPointRef></From><To><StopPointRef>490012721W2</StopPointRef></To><Direction>inbound</Direction></RouteLink><RouteLink id="RL_RS_54606h_R_2_14"><From><StopPointRef>490012721W2</StopPointRef></From><To><StopPointRef>490011961S</StopPointRef></To><Direction>inbound</Direction></RouteLink><RouteLink id="RL_RS_54606h_R_2_15"><From><StopPointRef>490011961S</StopPointRef></From><To><StopPointRef>490009960S</StopPointRef></To><Direction>inbound</Direction></RouteLink><RouteLink id="RL_RS_54606h_R_2_16"><From><StopPointRef>490009960S</StopPointRef></From><To><StopPointRef>490013347S</StopPointRef></To><Direction>inbound</Direction></RouteLink><RouteLink id="RL_RS_54606h_R_2_17"><From><StopPointRef>490013347S</StopPointRef></From><To><StopPointRef>490003342S</StopPointRef></To><Direction>inbound</Direction></RouteLink><RouteLink id="RL_RS_54606h_R_2_18"><From><StopPointRef>490003342S</StopPointRef></From><To><StopPointRef>490010499W</StopPointRef></To><Direction>inbound</Direction></RouteLink><RouteLink id="RL_RS_54606h_R_2_19"><From><StopPointRef>490010499W</StopPointRef></From><To><StopPointRef>490008561W</StopPointRef></To><Direction>inbound</Direction></RouteLink><RouteLink id="RL_RS_54606h_R_2_20"><From><StopPointRef>490008561W</StopPointRef></From><To><StopPointRef>490008196W</StopPointRef></To><Direction>inbound</Direction></RouteLink><RouteLink id="RL_RS_54606h_R_2_21"><From><StopPointRef>490008196W</StopPointRef></From><To><StopPointRef>490013401W</StopPointRef></To><Direction>inbound</Direction></RouteLink><RouteLink id="RL_RS_54606h_R_2_22"><From><StopPointRef>490013401W</StopPointRef></From><To><StopPointRef>490003002W</StopPointRef></To><Direction>inbound</Direction></RouteLink><RouteLink id="RL_RS_54606h_R_2_23"><From><StopPointRef>490003002W</StopPointRef></From><To><StopPointRef>490006423S</StopPointRef></To><Direction>inbound</Direction></RouteLink><RouteLink id="RL_RS_54606h_R_2_24"><From><StopPointRef>490006423S</StopPointRef></From><To><StopPointRef>490006422S</StopPointRef></To><Direction>inbound</Direction></RouteLink><RouteLink id="RL_RS_54606h_R_2_25"><From><StopPointRef>490006422S</StopPointRef></From><To><StopPointRef>490000070G</StopPointRef></To><Direction>inbound</Direction></RouteLink><RouteLink id="RL_RS_54606h_R_2_26"><From><StopPointRef>490000070G</StopPointRef></From><To><StopPointRef>490000070C</StopPointRef></To><Direction>inbound</Direction></RouteLink><RouteLink id="RL_RS_54606h_R_2_27"><From><StopPointRef>490000070C</StopPointRef></From><To><StopPointRef>490012773L</StopPointRef></To><Direction>inbound</Direction></RouteLink><RouteLink id="RL_RS_54606h_R_2_28"><From><StopPointRef>490012773L</StopPointRef></From><To><StopPointRef>490014573N</StopPointRef></To><Direction>inbound</Direction></RouteLink><RouteLink id="RL_RS_54606h_R_2_29"><From><StopPointRef>490014573N</StopPointRef></From><To><StopPointRef>490006004HD</StopPointRef></To><Direction>inbound</Direction></RouteLink><RouteLink id="RL_RS_54606h_R_2_30"><From><StopPointRef>490006004HD</StopPointRef></From><To><StopPointRef>490006425HA</StopPointRef></To><Direction>inbound</Direction></RouteLink><RouteLink id="RL_RS_54606h_R_2_31"><From><StopPointRef>490006425HA</StopPointRef></From><To><StopPointRef>490004617A</StopPointRef></To><Direction>inbound</Direction></RouteLink><RouteLink id="RL_RS_54606h_R_2_32"><From><StopPointRef>490004617A</StopPointRef></From><To><StopPointRef>490013255D</StopPointRef></To><Direction>inbound</Direction></RouteLink><RouteLink id="RL_RS_54606h_R_2_33"><From><StopPointRef>490013255D</StopPointRef></From><To><StopPointRef>490010486F</StopPointRef></To><Direction>inbound</Direction></RouteLink><RouteLink id="RL_RS_54606h_R_2_34"><From><StopPointRef>490010486F</StopPointRef></From><To><StopPointRef>490013416W</StopPointRef></To><Direction>inbound</Direction></RouteLink><RouteLink id="RL_RS_54606h_R_2_35"><From><StopPointRef>490013416W</StopPointRef></From><To><StopPointRef>490006882W</StopPointRef></To><Direction>inbound</Direction></RouteLink><RouteLink id="RL_RS_54606h_R_2_36"><From><StopPointRef>490006882W</StopPointRef></From><To><StopPointRef>490013845W</StopPointRef></To><Direction>inbound</Direction></RouteLink><RouteLink id="RL_RS_54606h_R_2_37"><From><StopPointRef>490013845W</StopPointRef></From><To><StopPointRef>490000185BB</StopPointRef></To><Direction>inbound</Direction></RouteLink></RouteSection></RouteSections><Routes><Route id="R_54606h_H_1"><PrivateCode>R_54606h_H_1</PrivateCode><Description>Queensbury - Barnet / Ravenscroft School</Description><RouteSectionRef>RS_54606h_H_1</RouteSectionRef></Route><Route id="R_54606h_R_2"><PrivateCode>R_54606h_R_2</PrivateCode><Description>Barnet / Ravenscroft School - Queensbury</Description><RouteSectionRef>RS_54606h_R_2</RouteSectionRef></Route></Routes><JourneyPatternSections><JourneyPatternSection id="JPS_54606h_H_1"><JourneyPatternTimingLink id="JPL_54606h_H_1_0"><From SequenceNumber="1"><StopPointRef>490000185AA</StopPointRef><TimingStatus>PTP</TimingStatus></From><To SequenceNumber="2"><StopPointRef>490013845E</StopPointRef><TimingStatus>PTP</TimingStatus></To><RunTime>PT72S</RunTime></JourneyPatternTimingLink><JourneyPatternTimingLink id="JPL_54606h_H_1_1"><From SequenceNumber="2"><StopPointRef>490013845E</StopPointRef><TimingStatus>PTP</TimingStatus></From><To SequenceNumber="3"><StopPointRef>490006882E</StopPointRef><TimingStatus>PTP</TimingStatus></To><RunTime>PT72S</RunTime></JourneyPatternTimingLink><JourneyPatternTimingLink id="JPL_54606h_H_1_2"><From SequenceNumber="3"><StopPointRef>490006882E</StopPointRef><TimingStatus>PTP</TimingStatus></From><To SequenceNumber="4"><StopPointRef>490013416E</StopPointRef><TimingStatus>PTP</TimingStatus></To><RunTime>PT72S</RunTime></JourneyPatternTimingLink><JourneyPatternTimingLink id="JPL_54606h_H_1_3"><From SequenceNumber="4"><StopPointRef>490013416E</StopPointRef><TimingStatus>PTP</TimingStatus></From><To SequenceNumber="5"><StopPointRef>490004618C</StopPointRef><TimingStatus>PTP</TimingStatus></To><RunTime>PT84S</RunTime></JourneyPatternTimingLink><JourneyPatternTimingLink id="JPL_54606h_H_1_4"><From SequenceNumber="5"><StopPointRef>490004618C</StopPointRef><TimingStatus>PTP</TimingStatus></From><To SequenceNumber="6"><StopPointRef>490004617B</StopPointRef><TimingStatus>PTP</TimingStatus></To><RunTime>PT36S</RunTime></JourneyPatternTimingLink><JourneyPatternTimingLink id="JPL_54606h_H_1_5"><From SequenceNumber="6"><StopPointRef>490004617B</StopPointRef><TimingStatus>PTP</TimingStatus></From><To SequenceNumber="7"><StopPointRef>490006425HB</StopPointRef><TimingStatus>PTP</TimingStatus></To><RunTime>PT36S</RunTime></JourneyPatternTimingLink><JourneyPatternTimingLink id="JPL_54606h_H_1_6"><From SequenceNumber="7"><StopPointRef>490006425HB</StopPointRef><TimingStatus>PTP</TimingStatus></From><To SequenceNumber="8"><StopPointRef>490006004HC</StopPointRef><TimingStatus>PTP</TimingStatus></To><RunTime>PT48S</RunTime></JourneyPatternTimingLink><JourneyPatternTimingLink id="JPL_54606h_H_1_7"><From SequenceNumber="8"><StopPointRef>490006004HC</StopPointRef><TimingStatus>PTP</TimingStatus></From><To SequenceNumber="9"><StopPointRef>490012411P</StopPointRef><TimingStatus>PTP</TimingStatus></To><RunTime>PT42S</RunTime></JourneyPatternTimingLink><JourneyPatternTimingLink id="JPL_54606h_H_1_8"><From SequenceNumber="9"><StopPointRef>490012411P</StopPointRef><TimingStatus>PTP</TimingStatus></From><To SequenceNumber="10"><StopPointRef>490012773K</StopPointRef><TimingStatus>PTP</TimingStatus></To><RunTime>PT42S</RunTime></JourneyPatternTimingLink><JourneyPatternTimingLink id="JPL_54606h_H_1_9"><From SequenceNumber="10"><StopPointRef>490012773K</StopPointRef><TimingStatus>PTP</TimingStatus></From><To SequenceNumber="11"><StopPointRef>490000070G</StopPointRef><TimingStatus>PTP</TimingStatus></To><RunTime>PT42S</RunTime></JourneyPatternTimingLink><JourneyPatternTimingLink id="JPL_54606h_H_1_10"><From SequenceNumber="11"><StopPointRef>490000070G</StopPointRef><TimingStatus>PTP</TimingStatus></From><To SequenceNumber="12"><StopPointRef>490000070F</StopPointRef><TimingStatus>PTP</TimingStatus></To><RunTime>PT54S</RunTime></JourneyPatternTimingLink><JourneyPatternTimingLink id="JPL_54606h_H_1_11"><From SequenceNumber="12"><StopPointRef>490000070F</StopPointRef><TimingStatus>PTP</TimingStatus></From><To SequenceNumber="13"><StopPointRef>490000070B</StopPointRef><TimingStatus>PTP</TimingStatus></To><RunTime>PT96S</RunTime></JourneyPatternTimingLink><JourneyPatternTimingLink id="JPL_54606h_H_1_12"><From SequenceNumber="13"><StopPointRef>490000070B</StopPointRef><TimingStatus>PTP</TimingStatus></From><To SequenceNumber="14"><StopPointRef>490011254N</StopPointRef><TimingStatus>PTP</TimingStatus></To><RunTime>PT96S</RunTime></JourneyPatternTimingLink><JourneyPatternTimingLink id="JPL_54606h_H_1_13"><From SequenceNumber="14"><StopPointRef>490011254N</StopPointRef><TimingStatus>PTP</TimingStatus></From><To SequenceNumber="15"><StopPointRef>490006423N</StopPointRef><TimingStatus>PTP</TimingStatus></To><RunTime>PT96S</RunTime></JourneyPatternTimingLink><JourneyPatternTimingLink id="JPL_54606h_H_1_14"><From SequenceNumber="15"><StopPointRef>490006423N</StopPointRef><TimingStatus>PTP</TimingStatus></From><To SequenceNumber="16"><StopPointRef>490003002E</StopPointRef><TimingStatus>PTP</TimingStatus></To><RunTime>PT96S</RunTime></JourneyPatternTimingLink><JourneyPatternTimingLink id="JPL_54606h_H_1_15"><From SequenceNumber="16"><StopPointRef>490003002E</StopPointRef><TimingStatus>PTP</TimingStatus></From><To SequenceNumber="17"><StopPointRef>490013401E</StopPointRef><TimingStatus>PTP</TimingStatus></To><RunTime>PT96S</RunTime></JourneyPatternTimingLink><JourneyPatternTimingLink id="JPL_54606h_H_1_16"><From SequenceNumber="17"><StopPointRef>490013401E</StopPointRef><TimingStatus>PTP</TimingStatus></From><To SequenceNumber="18"><StopPointRef>490008196E</StopPointRef><TimingStatus>PTP</TimingStatus></To><RunTime>PT96S</RunTime></JourneyPatternTimingLink><JourneyPatternTimingLink id="JPL_54606h_H_1_17"><From SequenceNumber="18"><StopPointRef>490008196E</StopPointRef><TimingStatus>PTP</TimingStatus></From><To SequenceNumber="19"><StopPointRef>490008561E</StopPointRef><TimingStatus>PTP</TimingStatus></To><RunTime>PT96S</RunTime></JourneyPatternTimingLink><JourneyPatternTimingLink id="JPL_54606h_H_1_18"><From SequenceNumber="19"><StopPointRef>490008561E</StopPointRef><TimingStatus>PTP</TimingStatus></From><To SequenceNumber="20"><StopPointRef>490010081E</StopPointRef><TimingStatus>PTP</TimingStatus></To><RunTime>PT96S</RunTime></JourneyPatternTimingLink><JourneyPatternTimingLink id="JPL_54606h_H_1_19"><From SequenceNumber="20"><StopPointRef>490010081E</StopPointRef><TimingStatus>PTP</TimingStatus></From><To SequenceNumber="21"><StopPointRef>490003342N</StopPointRef><TimingStatus>PTP</TimingStatus></To><RunTime>PT132S</RunTime></JourneyPatternTimingLink><JourneyPatternTimingLink id="JPL_54606h_H_1_20"><From SequenceNumber="21"><StopPointRef>490003342N</StopPointRef><TimingStatus>PTP</TimingStatus></From><To SequenceNumber="22"><StopPointRef>490013347N</StopPointRef><TimingStatus>PTP</TimingStatus></To><RunTime>PT72S</RunTime></JourneyPatternTimingLink><JourneyPatternTimingLink id="JPL_54606h_H_1_21"><From SequenceNumber="22"><StopPointRef>490013347N</StopPointRef><TimingStatus>PTP</TimingStatus></From><To SequenceNumber="23"><StopPointRef>490009960N</StopPointRef><TimingStatus>PTP</TimingStatus></To><RunTime>PT72S</RunTime></JourneyPatternTimingLink><JourneyPatternTimingLink id="JPL_54606h_H_1_22"><From SequenceNumber="23"><StopPointRef>490009960N</StopPointRef><TimingStatus>PTP</TimingStatus></From><To SequenceNumber="24"><StopPointRef>490011961N</StopPointRef><TimingStatus>PTP</TimingStatus></To><RunTime>PT72S</RunTime></JourneyPatternTimingLink><JourneyPatternTimingLink id="JPL_54606h_H_1_23"><From SequenceNumber="24"><StopPointRef>490011961N</StopPointRef><TimingStatus>PTP</TimingStatus></From><To SequenceNumber="25"><StopPointRef>490012721E2</StopPointRef><TimingStatus>PTP</TimingStatus></To><RunTime>PT84S</RunTime></JourneyPatternTimingLink><JourneyPatternTimingLink id="JPL_54606h_H_1_24"><From SequenceNumber="25"><StopPointRef>490012721E2</StopPointRef><TimingStatus>PTP</TimingStatus></From><To SequenceNumber="26"><StopPointRef>490013368E</StopPointRef><TimingStatus>PTP</TimingStatus></To><RunTime>PT60S</RunTime></JourneyPatternTimingLink><JourneyPatternTimingLink id="JPL_54606h_H_1_25"><From SequenceNumber="26"><StopPointRef>490013368E</StopPointRef><TimingStatus>PTP</TimingStatus></From><To SequenceNumber="27"><StopPointRef>490007215E</StopPointRef><TimingStatus>PTP</TimingStatus></To><RunTime>PT60S</RunTime></JourneyPatternTimingLink><JourneyPatternTimingLink id="JPL_54606h_H_1_26"><From SequenceNumber="27"><StopPointRef>490007215E</StopPointRef><TimingStatus>PTP</TimingStatus></From><To SequenceNumber="28"><StopPointRef>490011744E</StopPointRef><TimingStatus>PTP</TimingStatus></To><RunTime>PT60S</RunTime></JourneyPatternTimingLink><JourneyPatternTimingLink id="JPL_54606h_H_1_27"><From SequenceNumber="28"><StopPointRef>490011744E</StopPointRef><TimingStatus>PTP</TimingStatus></From><To SequenceNumber="29"><StopPointRef>490011379E1</StopPointRef><TimingStatus>PTP</TimingStatus></To><RunTime>PT60S</RunTime></JourneyPatternTimingLink><JourneyPatternTimingLink id="JPL_54606h_H_1_28"><From SequenceNumber="29"><StopPointRef>490011379E1</StopPointRef><TimingStatus>PTP</TimingStatus></From><To SequenceNumber="30"><StopPointRef>490007117E</StopPointRef><TimingStatus>PTP</TimingStatus></To><RunTime>PT60S</RunTime></JourneyPatternTimingLink><JourneyPatternTimingLink id="JPL_54606h_H_1_29"><From SequenceNumber="30"><StopPointRef>490007117E</StopPointRef><TimingStatus>PTP</TimingStatus></From><To SequenceNumber="31"><StopPointRef>490013231E2</StopPointRef><TimingStatus>PTP</TimingStatus></To><RunTime>PT60S</RunTime></JourneyPatternTimingLink><JourneyPatternTimingLink id="JPL_54606h_H_1_30"><From SequenceNumber="31"><StopPointRef>490013231E2</StopPointRef><TimingStatus>PTP</TimingStatus></From><To SequenceNumber="32"><StopPointRef>490003636B4</StopPointRef><TimingStatus>PTP</TimingStatus></To><RunTime>PT90S</RunTime></JourneyPatternTimingLink><JourneyPatternTimingLink id="JPL_54606h_H_1_31"><From SequenceNumber="32"><StopPointRef>490003636B4</StopPointRef><TimingStatus>PTP</TimingStatus></From><To SequenceNumber="33"><StopPointRef>490013909E</StopPointRef><TimingStatus>PTP</TimingStatus></To><RunTime>PT90S</RunTime></JourneyPatternTimingLink><JourneyPatternTimingLink id="JPL_54606h_H_1_32"><From SequenceNumber="33"><StopPointRef>490013909E</StopPointRef><TimingStatus>PTP</TimingStatus></From><To SequenceNumber="34"><StopPointRef>490015142F</StopPointRef><TimingStatus>PTP</TimingStatus></To><RunTime>PT90S</RunTime></JourneyPatternTimingLink><JourneyPatternTimingLink id="JPL_54606h_H_1_33"><From SequenceNumber="34"><StopPointRef>490015142F</StopPointRef><TimingStatus>PTP</TimingStatus></From><To SequenceNumber="35"><StopPointRef>490003634H</StopPointRef><TimingStatus>PTP</TimingStatus></To><RunTime>PT90S</RunTime></JourneyPatternTimingLink><JourneyPatternTimingLink id="JPL_54606h_H_1_34"><From SequenceNumber="35"><StopPointRef>490003634H</StopPointRef><TimingStatus>PTP</TimingStatus></From><To SequenceNumber="36"><StopPointRef>490009772N</StopPointRef><TimingStatus>PTP</TimingStatus></To><RunTime>PT150S</RunTime></JourneyPatternTimingLink><JourneyPatternTimingLink id="JPL_54606h_H_1_35"><From SequenceNumber="36"><StopPointRef>490009772N</StopPointRef><TimingStatus>PTP</TimingStatus></From><To SequenceNumber="37"><StopPointRef>490000107R</StopPointRef><TimingStatus>PTP</TimingStatus></To><RunTime>PT150S</RunTime></JourneyPatternTimingLink><JourneyPatternTimingLink id="JPL_54606h_H_1_36"><From SequenceNumber="37"><StopPointRef>490000107R</StopPointRef><TimingStatus>PTP</TimingStatus></From><To SequenceNumber="38"><StopPointRef>490013904S</StopPointRef><TimingStatus>PTP</TimingStatus></To><RunTime>PT150S</RunTime></JourneyPatternTimingLink><JourneyPatternTimingLink id="JPL_54606h_H_1_37"><From SequenceNumber="38"><StopPointRef>490013904S</StopPointRef><TimingStatus>PTP</TimingStatus></From><To SequenceNumber="39"><StopPointRef>490011441N</StopPointRef><TimingStatus>PTP</TimingStatus></To><RunTime>PT150S</RunTime></JourneyPatternTimingLink></JourneyPatternSection><JourneyPatternSection id="JPS_54606h_R_2"><JourneyPatternTimingLink id="JPL_54606h_R_2_0"><From SequenceNumber="1"><StopPointRef>490011441N</StopPointRef><TimingStatus>PTP</TimingStatus></From><To SequenceNumber="2"><StopPointRef>490013897N</StopPointRef><TimingStatus>PTP</TimingStatus></To><RunTime>PT198S</RunTime></JourneyPatternTimingLink><JourneyPatternTimingLink id="JPL_54606h_R_2_1"><From SequenceNumber="2"><StopPointRef>490013897N</StopPointRef><TimingStatus>PTP</TimingStatus></From><To SequenceNumber="3"><StopPointRef>490000107Q</StopPointRef><TimingStatus>PTP</TimingStatus></To><RunTime>PT198S</RunTime></JourneyPatternTimingLink><JourneyPatternTimingLink id="JPL_54606h_R_2_2"><From SequenceNumber="3"><StopPointRef>490000107Q</StopPointRef><TimingStatus>PTP</TimingStatus></From><To SequenceNumber="4"><StopPointRef>490003634K</StopPointRef><TimingStatus>PTP</TimingStatus></To><RunTime>PT204S</RunTime></JourneyPatternTimingLink><JourneyPatternTimingLink id="JPL_54606h_R_2_3"><From SequenceNumber="4"><StopPointRef>490003634K</StopPointRef><TimingStatus>PTP</TimingStatus></From><To SequenceNumber="5"><StopPointRef>490015142E</StopPointRef><TimingStatus>PTP</TimingStatus></To><RunTime>PT72S</RunTime></JourneyPatternTimingLink><JourneyPatternTimingLink id="JPL_54606h_R_2_4"><From SequenceNumber="5"><StopPointRef>490015142E</StopPointRef><TimingStatus>PTP</TimingStatus></From><To SequenceNumber="6"><StopPointRef>490009584W</StopPointRef><TimingStatus>PTP</TimingStatus></To><RunTime>PT72S</RunTime></JourneyPatternTimingLink><JourneyPatternTimingLink id="JPL_54606h_R_2_5"><From SequenceNumber="6"><StopPointRef>490009584W</StopPointRef><TimingStatus>PTP</TimingStatus></From><To SequenceNumber="7"><StopPointRef>490013909W</StopPointRef><TimingStatus>PTP</TimingStatus></To><RunTime>PT72S</RunTime></JourneyPatternTimingLink><JourneyPatternTimingLink id="JPL_54606h_R_2_6"><From SequenceNumber="7"><StopPointRef>490013909W</StopPointRef><TimingStatus>PTP</TimingStatus></From><To SequenceNumber="8"><StopPointRef>490003636B3</StopPointRef><TimingStatus>PTP</TimingStatus></To><RunTime>PT72S</RunTime></JourneyPatternTimingLink><JourneyPatternTimingLink id="JPL_54606h_R_2_7"><From SequenceNumber="8"><StopPointRef>490003636B3</StopPointRef><TimingStatus>PTP</TimingStatus></From><To SequenceNumber="9"><StopPointRef>490013231W</StopPointRef><TimingStatus>PTP</TimingStatus></To><RunTime>PT72S</RunTime></JourneyPatternTimingLink><JourneyPatternTimingLink id="JPL_54606h_R_2_8"><From SequenceNumber="9"><StopPointRef>490013231W</StopPointRef><TimingStatus>PTP</TimingStatus></From><To SequenceNumber="10"><StopPointRef>490007117W</StopPointRef><TimingStatus>PTP</TimingStatus></To><RunTime>PT90S</RunTime></JourneyPatternTimingLink><JourneyPatternTimingLink id="JPL_54606h_R_2_9"><From SequenceNumber="10"><StopPointRef>490007117W</StopPointRef><TimingStatus>PTP</TimingStatus></From><To SequenceNumber="11"><StopPointRef>490011379W</StopPointRef><TimingStatus>PTP</TimingStatus></To><RunTime>PT90S</RunTime></JourneyPatternTimingLink><JourneyPatternTimingLink id="JPL_54606h_R_2_10"><From SequenceNumber="11"><StopPointRef>490011379W</StopPointRef><TimingStatus>PTP</TimingStatus></From><To SequenceNumber="12"><StopPointRef>490011744W</StopPointRef><TimingStatus>PTP</TimingStatus></To><RunTime>PT90S</RunTime></JourneyPatternTimingLink><JourneyPatternTimingLink id="JPL_54606h_R_2_11"><From SequenceNumber="12"><StopPointRef>490011744W</StopPointRef><TimingStatus>PTP</TimingStatus></From><To SequenceNumber="13"><StopPointRef>490007215W</StopPointRef><TimingStatus>PTP</TimingStatus></To><RunTime>PT90S</RunTime></JourneyPatternTimingLink><JourneyPatternTimingLink id="JPL_54606h_R_2_12"><From SequenceNumber="13"><StopPointRef>490007215W</StopPointRef><TimingStatus>PTP</TimingStatus></From><To SequenceNumber="14"><StopPointRef>490013368W</StopPointRef><TimingStatus>PTP</TimingStatus></To><RunTime>PT90S</RunTime></JourneyPatternTimingLink><JourneyPatternTimingLink id="JPL_54606h_R_2_13"><From SequenceNumber="14"><StopPointRef>490013368W</StopPointRef><TimingStatus>PTP</TimingStatus></From><To SequenceNumber="15"><StopPointRef>490012721W2</StopPointRef><TimingStatus>PTP</TimingStatus></To><RunTime>PT90S</RunTime></JourneyPatternTimingLink><JourneyPatternTimingLink id="JPL_54606h_R_2_14"><From SequenceNumber="15"><StopPointRef>490012721W2</StopPointRef><TimingStatus>PTP</TimingStatus></From><To SequenceNumber="16"><StopPointRef>490011961S</StopPointRef><TimingStatus>PTP</TimingStatus></To><RunTime>PT120S</RunTime></JourneyPatternTimingLink><JourneyPatternTimingLink id="JPL_54606h_R_2_15"><From SequenceNumber="16"><StopPointRef>490011961S</StopPointRef><TimingStatus>PTP</TimingStatus></From><To SequenceNumber="17"><StopPointRef>490009960S</StopPointRef><TimingStatus>PTP</TimingStatus></To><RunTime>PT120S</RunTime></JourneyPatternTimingLink><JourneyPatternTimingLink id="JPL_54606h_R_2_16"><From SequenceNumber="17"><StopPointRef>490009960S</StopPointRef><TimingStatus>PTP</TimingStatus></From><To SequenceNumber="18"><StopPointRef>490013347S</StopPointRef><TimingStatus>PTP</TimingStatus></To><RunTime>PT120S</RunTime></JourneyPatternTimingLink><JourneyPatternTimingLink id="JPL_54606h_R_2_17"><From SequenceNumber="18"><StopPointRef>490013347S</StopPointRef><TimingStatus>PTP</TimingStatus></From><To SequenceNumber="19"><StopPointRef>490003342S</StopPointRef><TimingStatus>PTP</TimingStatus></To><RunTime>PT120S</RunTime></JourneyPatternTimingLink><JourneyPatternTimingLink id="JPL_54606h_R_2_18"><From SequenceNumber="19"><StopPointRef>490003342S</StopPointRef><TimingStatus>PTP</TimingStatus></From><To SequenceNumber="20"><StopPointRef>490010499W</StopPointRef><TimingStatus>PTP</TimingStatus></To><RunTime>PT42S</RunTime></JourneyPatternTimingLink><JourneyPatternTimingLink id="JPL_54606h_R_2_19"><From SequenceNumber="20"><StopPointRef>490010499W</StopPointRef><TimingStatus>PTP</TimingStatus></From><To SequenceNumber="21"><StopPointRef>490008561W</StopPointRef><TimingStatus>PTP</TimingStatus></To><RunTime>PT42S</RunTime></JourneyPatternTimingLink><JourneyPatternTimingLink id="JPL_54606h_R_2_20"><From SequenceNumber="21"><StopPointRef>490008561W</StopPointRef><TimingStatus>PTP</TimingStatus></From><To SequenceNumber="22"><StopPointRef>490008196W</StopPointRef><TimingStatus>PTP</TimingStatus></To><RunTime>PT42S</RunTime></JourneyPatternTimingLink><JourneyPatternTimingLink id="JPL_54606h_R_2_21"><From SequenceNumber="22"><StopPointRef>490008196W</StopPointRef><TimingStatus>PTP</TimingStatus></From><To SequenceNumber="23"><StopPointRef>490013401W</StopPointRef><TimingStatus>PTP</TimingStatus></To><RunTime>PT42S</RunTime></JourneyPatternTimingLink><JourneyPatternTimingLink id="JPL_54606h_R_2_22"><From SequenceNumber="23"><StopPointRef>490013401W</StopPointRef><TimingStatus>PTP</TimingStatus></From><To SequenceNumber="24"><StopPointRef>490003002W</StopPointRef><TimingStatus>PTP</TimingStatus></To><RunTime>PT42S</RunTime></JourneyPatternTimingLink><JourneyPatternTimingLink id="JPL_54606h_R_2_23"><From SequenceNumber="24"><StopPointRef>490003002W</StopPointRef><TimingStatus>PTP</TimingStatus></From><To SequenceNumber="25"><StopPointRef>490006423S</StopPointRef><TimingStatus>PTP</TimingStatus></To><RunTime>PT42S</RunTime></JourneyPatternTimingLink><JourneyPatternTimingLink id="JPL_54606h_R_2_24"><From SequenceNumber="25"><StopPointRef>490006423S</StopPointRef><TimingStatus>PTP</TimingStatus></From><To SequenceNumber="26"><StopPointRef>490006422S</StopPointRef><TimingStatus>PTP</TimingStatus></To><RunTime>PT42S</RunTime></JourneyPatternTimingLink><JourneyPatternTimingLink id="JPL_54606h_R_2_25"><From SequenceNumber="26"><StopPointRef>490006422S</StopPointRef><TimingStatus>PTP</TimingStatus></From><To SequenceNumber="27"><StopPointRef>490000070G</StopPointRef><TimingStatus>PTP</TimingStatus></To><RunTime>PT42S</RunTime></JourneyPatternTimingLink><JourneyPatternTimingLink id="JPL_54606h_R_2_26"><From SequenceNumber="27"><StopPointRef>490000070G</StopPointRef><TimingStatus>PTP</TimingStatus></From><To SequenceNumber="28"><StopPointRef>490000070C</StopPointRef><TimingStatus>PTP</TimingStatus></To><RunTime>PT84S</RunTime></JourneyPatternTimingLink><JourneyPatternTimingLink id="JPL_54606h_R_2_27"><From SequenceNumber="28"><StopPointRef>490000070C</StopPointRef><TimingStatus>PTP</TimingStatus></From><To SequenceNumber="29"><StopPointRef>490012773L</StopPointRef><TimingStatus>PTP</TimingStatus></To><RunTime>PT78S</RunTime></JourneyPatternTimingLink><JourneyPatternTimingLink id="JPL_54606h_R_2_28"><From SequenceNumber="29"><StopPointRef>490012773L</StopPointRef><TimingStatus>PTP</TimingStatus></From><To SequenceNumber="30"><StopPointRef>490014573N</StopPointRef><TimingStatus>PTP</TimingStatus></To><RunTime>PT78S</RunTime></JourneyPatternTimingLink><JourneyPatternTimingLink id="JPL_54606h_R_2_29"><From SequenceNumber="30"><StopPointRef>490014573N</StopPointRef><TimingStatus>PTP</TimingStatus></From><To SequenceNumber="31"><StopPointRef>490006004HD</StopPointRef><TimingStatus>PTP</TimingStatus></To><RunTime>PT84S</RunTime></JourneyPatternTimingLink><JourneyPatternTimingLink id="JPL_54606h_R_2_30"><From SequenceNumber="31"><StopPointRef>490006004HD</StopPointRef><TimingStatus>PTP</TimingStatus></From><To SequenceNumber="32"><StopPointRef>490006425HA</StopPointRef><TimingStatus>PTP</TimingStatus></To><RunTime>PT78S</RunTime></JourneyPatternTimingLink><JourneyPatternTimingLink id="JPL_54606h_R_2_31"><From SequenceNumber="32"><StopPointRef>490006425HA</StopPointRef><TimingStatus>PTP</TimingStatus></From><To SequenceNumber="33"><StopPointRef>490004617A</StopPointRef><TimingStatus>PTP</TimingStatus></To><RunTime>PT78S</RunTime></JourneyPatternTimingLink><JourneyPatternTimingLink id="JPL_54606h_R_2_32"><From SequenceNumber="33"><StopPointRef>490004617A</StopPointRef><TimingStatus>PTP</TimingStatus></From><To SequenceNumber="34"><StopPointRef>490013255D</StopPointRef><TimingStatus>PTP</TimingStatus></To><RunTime>PT84S</RunTime></JourneyPatternTimingLink><JourneyPatternTimingLink id="JPL_54606h_R_2_33"><From SequenceNumber="34"><StopPointRef>490013255D</StopPointRef><TimingStatus>PTP</TimingStatus></From><To SequenceNumber="35"><StopPointRef>490010486F</StopPointRef><TimingStatus>PTP</TimingStatus></To><RunTime>PT72S</RunTime></JourneyPatternTimingLink><JourneyPatternTimingLink id="JPL_54606h_R_2_34"><From SequenceNumber="35"><StopPointRef>490010486F</StopPointRef><TimingStatus>PTP</TimingStatus></From><To SequenceNumber="36"><StopPointRef>490013416W</StopPointRef><TimingStatus>PTP</TimingStatus></To><RunTime>PT72S</RunTime></JourneyPatternTimingLink><JourneyPatternTimingLink id="JPL_54606h_R_2_35"><From SequenceNumber="36"><StopPointRef>490013416W</StopPointRef><TimingStatus>PTP</TimingStatus></From><To SequenceNumber="37"><StopPointRef>490006882W</StopPointRef><TimingStatus>PTP</TimingStatus></To><RunTime>PT72S</RunTime></JourneyPatternTimingLink><JourneyPatternTimingLink id="JPL_54606h_R_2_36"><From SequenceNumber="37"><StopPointRef>490006882W</StopPointRef><TimingStatus>PTP</TimingStatus></From><To SequenceNumber="38"><StopPointRef>490013845W</StopPointRef><TimingStatus>PTP</TimingStatus></To><RunTime>PT72S</RunTime></JourneyPatternTimingLink><JourneyPatternTimingLink id="JPL_54606h_R_2_37"><From SequenceNumber="38"><StopPointRef>490013845W</StopPointRef><TimingStatus>PTP</TimingStatus></From><To SequenceNumber="39"><StopPointRef>490000185BB</StopPointRef><TimingStatus>PTP</TimingStatus></To><RunTime>PT72S</RunTime></JourneyPatternTimingLink></JourneyPatternSection></JourneyPatternSections><Operators><Operator id="OId_ML"><OperatorCode>ML</OperatorCode><OperatorShortName>ML</OperatorShortName><OperatorNameOnLicence>ML</OperatorNameOnLicence><TradingName>ML</TradingName></Operator></Operators><Services><Service><ServiceCode>SId_54606h0</ServiceCode><PrivateCode>54606h0</PrivateCode><Lines><Line id="LId_54606h0"><LineName>606</LineName></Line></Lines><OperatingPeriod><StartDate>2009-12-01</StartDate><EndDate>2010-12-23</EndDate></OperatingPeriod><OperatingProfile><RegularDayType>
					<DaysOfWeek>
						<MondayToFriday/>
					</DaysOfWeek>
				</RegularDayType>
				<BankHolidayOperation><DaysOfNonOperation><AllBankHolidays></AllBankHolidays></DaysOfNonOperation></BankHolidayOperation></OperatingProfile><RegisteredOperatorRef>OId_ML</RegisteredOperatorRef><StopRequirements><NoNewStopsRequired/></StopRequirements><StandardService><Origin>Queensbury</Origin><Destination>Barnet / Ravenscroft School</Destination><JourneyPattern id="JP_54606h_H0_1"><Direction>outbound</Direction><Operational><VehicleType><VehicleTypeCode>08</VehicleTypeCode><Description>Double Decker Low Floor+Wheelchair</Description></VehicleType></Operational><RouteRef>R_54606h_H_1</RouteRef><JourneyPatternSectionRefs>JPS_54606h_H_1</JourneyPatternSectionRefs></JourneyPattern><JourneyPattern id="JP_54606h_R0_2"><Direction>inbound</Direction><Operational><VehicleType><VehicleTypeCode>08</VehicleTypeCode><Description>Double Decker Low Floor+Wheelchair</Description></VehicleType></Operational><RouteRef>R_54606h_R_2</RouteRef><JourneyPatternSectionRefs>JPS_54606h_R_2</JourneyPatternSectionRefs></JourneyPattern></StandardService></Service></Services><VehicleJourneys><VehicleJourney><PrivateCode>54606hh0H6060011</PrivateCode><Operational><VehicleType><VehicleTypeCode>08</VehicleTypeCode><Description>Double Decker Low Floor+Wheelchair</Description></VehicleType></Operational><OperatingProfile><RegularDayType>
					<DaysOfWeek>
						<MondayToFriday/>
					</DaysOfWeek>
				</RegularDayType>
			</OperatingProfile><VehicleJourneyCode>54606hh0H6060011</VehicleJourneyCode><ServiceRef>SId_54606h0</ServiceRef><LineRef>LId_54606h0</LineRef><JourneyPatternRef>JP_54606h_H0_1</JourneyPatternRef><DepartureTime>07:22:00</DepartureTime></VehicleJourney><VehicleJourney><PrivateCode>54606hh0H6060012</PrivateCode><Operational><VehicleType><VehicleTypeCode>08</VehicleTypeCode><Description>Double Decker Low Floor+Wheelchair</Description></VehicleType></Operational><OperatingProfile><RegularDayType>
					<DaysOfWeek>
						<MondayToFriday/>
					</DaysOfWeek>
				</RegularDayType>
			</OperatingProfile><VehicleJourneyCode>54606hh0H6060012</VehicleJourneyCode><ServiceRef>SId_54606h0</ServiceRef><LineRef>LId_54606h0</LineRef><JourneyPatternRef>JP_54606h_H0_1</JourneyPatternRef><DepartureTime>07:24:00</DepartureTime></VehicleJourney><VehicleJourney><PrivateCode>54606hh0H6060013</PrivateCode><Operational><VehicleType><VehicleTypeCode>08</VehicleTypeCode><Description>Double Decker Low Floor+Wheelchair</Description></VehicleType></Operational><OperatingProfile><RegularDayType>
					<DaysOfWeek>
						<MondayToFriday/>
					</DaysOfWeek>
				</RegularDayType>
			</OperatingProfile><VehicleJourneyCode>54606hh0H6060013</VehicleJourneyCode><ServiceRef>SId_54606h0</ServiceRef><LineRef>LId_54606h0</LineRef><JourneyPatternRef>JP_54606h_H0_1</JourneyPatternRef><DepartureTime>07:26:00</DepartureTime></VehicleJourney><VehicleJourney><PrivateCode>54606hh0R6060002</PrivateCode><Operational><VehicleType><VehicleTypeCode>08</VehicleTypeCode><Description>Double Decker Low Floor+Wheelchair</Description></VehicleType></Operational><OperatingProfile><RegularDayType>
					<DaysOfWeek>
						<MondayToFriday/>
					</DaysOfWeek>
				</RegularDayType>
			</OperatingProfile><VehicleJourneyCode>54606hh0R6060002</VehicleJourneyCode><ServiceRef>SId_54606h0</ServiceRef><LineRef>LId_54606h0</LineRef><JourneyPatternRef>JP_54606h_R0_2</JourneyPatternRef><DepartureTime>15:45:00</DepartureTime></VehicleJourney><VehicleJourney><PrivateCode>54606hh0R6060004</PrivateCode><Operational><VehicleType><VehicleTypeCode>08</VehicleTypeCode><Description>Double Decker Low Floor+Wheelchair</Description></VehicleType></Operational><OperatingProfile><RegularDayType>
					<DaysOfWeek>
						<MondayToFriday/>
					</DaysOfWeek>
				</RegularDayType>
			</OperatingProfile><VehicleJourneyCode>54606hh0R6060004</VehicleJourneyCode><ServiceRef>SId_54606h0</ServiceRef><LineRef>LId_54606h0</LineRef><JourneyPatternRef>JP_54606h_R0_2</JourneyPatternRef><DepartureTime>15:48:00</DepartureTime></VehicleJourney></VehicleJourneys></TransXChange>
