<?xml version="1.0" encoding="UTF-8"?>
<TransXChange CreationDateTime="2010-10-28T09:18:12" ModificationDateTime="2010-10-28T09:18:12" Modification="new" FileName="G:\mentzdv\Datastore\output_txc_54969d.xml" RevisionNumber="0" SchemaVersion="2.1" xmlns:xsi="http://www.w3.org/2001/XMLSchema-instance" xsi:schemaLocation="http://www.transxchange.org.uk/ http://www.transxchange.org.uk/schema/2.1/TransXChange_general.xsd" xmlns="http://www.transxchange.org.uk/" xmlns:n1="http://www.transxchange.org.uk/" xmlns:n2="http://www.govtalk.gov.uk/people/AddressAndPersonalDetails" xmlns:n3="http://www.govtalk.gov.uk/core" xmlns:n4="http://www.govtalk.gov.uk/people/bs7666"><StopPoints><AnnotatedStopPointRef><StopPointRef>490014630E</StopPointRef><CommonName>Whitton / Gladstone Avenue</CommonName><Indicator>stop E</Indicator><LocalityName>Whitton</LocalityName><LocalityQualifier>Greater London</LocalityQualifier></AnnotatedStopPointRef><AnnotatedStopPointRef><StopPointRef>490011689W</StopPointRef><CommonName>Rosecroft Gardens</CommonName><Indicator>stop W</Indicator><LocalityName>Whitton</LocalityName><LocalityQualifier>Greater London</LocalityQualifier></AnnotatedStopPointRef><AnnotatedStopPointRef><StopPointRef>490011495W</StopPointRef><CommonName>Redway Drive</CommonName><Indicator>stop W</Indicator><LocalityName>Whitton</LocalityName><LocalityQualifier>Greater London</LocalityQualifier></AnnotatedStopPointRef><AnnotatedStopPointRef><StopPointRef>490009779S</StopPointRef><CommonName>Devon Avenue (TW2)</CommonName><Indicator>stop S</Indicator><LocalityName>Whitton</LocalityName><LocalityQualifier>Greater London</LocalityQualifier></AnnotatedStopPointRef><AnnotatedStopPointRef><StopPointRef>490014628W</StopPointRef><CommonName>Whitton / Lincoln Avenue</CommonName><Indicator>stop W</Indicator><LocalityName>Whitton</LocalityName><LocalityQualifier>Greater London</LocalityQualifier></AnnotatedStopPointRef><AnnotatedStopPointRef><StopPointRef>490011595W</StopPointRef><CommonName>River Crane Footbridge</CommonName><Indicator>stop W</Indicator><LocalityName>Whitton</LocalityName><LocalityQualifier>Greater London</LocalityQualifier></AnnotatedStopPointRef><AnnotatedStopPointRef><StopPointRef>490005106W</StopPointRef><CommonName>Chertsey Road Playing Field</CommonName><Indicator>stop W</Indicator><LocalityName>Whitton</LocalityName><LocalityQualifier>Greater London</LocalityQualifier></AnnotatedStopPointRef><AnnotatedStopPointRef><StopPointRef>490014640E</StopPointRef><CommonName>Whitton Sports Centre</CommonName><Indicator>stop E</Indicator><LocalityName>Whitton</LocalityName><LocalityQualifier>Greater London</LocalityQualifier></AnnotatedStopPointRef><AnnotatedStopPointRef><StopPointRef>490013604E</StopPointRef><CommonName>The Winning Post</CommonName><Indicator>stop E</Indicator><LocalityName>Whitton</LocalityName><LocalityQualifier>Greater London</LocalityQualifier></AnnotatedStopPointRef><AnnotatedStopPointRef><StopPointRef>490011495E</StopPointRef><CommonName>Redway Drive</CommonName><Indicator>stop E</Indicator><LocalityName>Whitton</LocalityName><LocalityQualifier>Greater London</LocalityQualifier></AnnotatedStopPointRef><AnnotatedStopPointRef><StopPointRef>490005035E</StopPointRef><CommonName>Chase Gardens</CommonName><Indicator>stop E</Indicator><LocalityName>Whitton</LocalityName><LocalityQualifier>Greater London</LocalityQualifier></AnnotatedStopPointRef><AnnotatedStopPointRef><StopPointRef>490013171E</StopPointRef><CommonName>Chertsey Road / Tayben Avenue</CommonName><Indicator>stop E</Indicator><LocalityName>Twickenham</LocalityName><LocalityQualifier>Greater London</LocalityQualifier></AnnotatedStopPointRef><AnnotatedStopPointRef><StopPointRef>490005105E</StopPointRef><CommonName>All Hallows / Chertsey Road</CommonName><Indicator>stop E</Indicator><LocalityName>Twickenham</LocalityName><LocalityQualifier>Greater London</LocalityQualifier></AnnotatedStopPointRef><AnnotatedStopPointRef><StopPointRef>490005467E</StopPointRef><CommonName>London Road Roundabout (TW1)</CommonName><Indicator>stop E</Indicator><LocalityName>St Margarets (London)</LocalityName><LocalityQualifier>Greater London</LocalityQualifier></AnnotatedStopPointRef><AnnotatedStopPointRef><StopPointRef>490005103E</StopPointRef><CommonName>St Margarets Roundabout (TW1)</CommonName><Indicator>stop E</Indicator><LocalityName>St Margarets (London)</LocalityName><LocalityQualifier>Greater London</LocalityQualifier></AnnotatedStopPointRef><AnnotatedStopPointRef><StopPointRef>490001270A</StopPointRef><CommonName>St Margarets</CommonName><Indicator>stop P</Indicator><LocalityName>St Margarets (London)</LocalityName><LocalityQualifier>Greater London</LocalityQualifier></AnnotatedStopPointRef><AnnotatedStopPointRef><StopPointRef>490011922E</StopPointRef><CommonName>Sandycoombe Road</CommonName><Indicator>stop Q</Indicator><LocalityName>St Margarets (London)</LocalityName><LocalityQualifier>Greater London</LocalityQualifier></AnnotatedStopPointRef><AnnotatedStopPointRef><StopPointRef>490011109E</StopPointRef><CommonName>Poplar Court</CommonName><Indicator>stop R</Indicator><LocalityName>Richmond</LocalityName><LocalityQualifier>Greater London</LocalityQualifier></AnnotatedStopPointRef><AnnotatedStopPointRef><StopPointRef>490005755E</StopPointRef><CommonName>Cresswell Road (TW1)</CommonName><Indicator>stop W</Indicator><LocalityName>Richmond</LocalityName><LocalityQualifier>Greater London</LocalityQualifier></AnnotatedStopPointRef><AnnotatedStopPointRef><StopPointRef>490007166B</StopPointRef><CommonName>George Street (TW9)</CommonName><Indicator>stop B</Indicator><LocalityName>Richmond</LocalityName><LocalityQualifier>Greater London</LocalityQualifier></AnnotatedStopPointRef><AnnotatedStopPointRef><StopPointRef>490012050G</StopPointRef><CommonName>Eton Street</CommonName><Indicator>stop G</Indicator><LocalityName>Richmond</LocalityName><LocalityQualifier>Greater London</LocalityQualifier></AnnotatedStopPointRef><AnnotatedStopPointRef><StopPointRef>490012051E</StopPointRef><CommonName>Sheen Road / Worple Way</CommonName><Indicator>stop E</Indicator><LocalityName>Richmond</LocalityName><LocalityQualifier>Greater London</LocalityQualifier></AnnotatedStopPointRef><AnnotatedStopPointRef><StopPointRef>490012452SH</StopPointRef><CommonName>St.Marys Grove</CommonName><Indicator>stop SH</Indicator><LocalityName>North Sheen</LocalityName><LocalityQualifier>Greater London</LocalityQualifier></AnnotatedStopPointRef><AnnotatedStopPointRef><StopPointRef>490006377SD</StopPointRef><CommonName>Manor Road/North Sheen Station</CommonName><Indicator>stop SD</Indicator><LocalityName>North Sheen</LocalityName><LocalityQualifier>Greater London</LocalityQualifier></AnnotatedStopPointRef><AnnotatedStopPointRef><StopPointRef>490012046E</StopPointRef><CommonName>Sheen Court</CommonName><Indicator>stop S</Indicator><LocalityName>North Sheen</LocalityName><LocalityQualifier>Greater London</LocalityQualifier></AnnotatedStopPointRef><AnnotatedStopPointRef><StopPointRef>490005407E</StopPointRef><CommonName>Berwyn Road (TW10)</CommonName><Indicator>stop T</Indicator><LocalityName>North Sheen</LocalityName><LocalityQualifier>Greater London</LocalityQualifier></AnnotatedStopPointRef><AnnotatedStopPointRef><StopPointRef>490007332E</StopPointRef><CommonName>Graemesdyke Avenue (SW14)</CommonName><Indicator>stop U</Indicator><LocalityName>East Sheen</LocalityName><LocalityQualifier>Greater London</LocalityQualifier></AnnotatedStopPointRef><AnnotatedStopPointRef><StopPointRef>490013196E</StopPointRef><CommonName>Temple Sheen Road</CommonName><Indicator>stop V</Indicator><LocalityName>East Sheen</LocalityName><LocalityQualifier>Greater London</LocalityQualifier></AnnotatedStopPointRef><AnnotatedStopPointRef><StopPointRef>490012049E</StopPointRef><CommonName>East Sheen / Sheen Lane</CommonName><Indicator>stop C</Indicator><LocalityName>East Sheen</LocalityName><LocalityQualifier>Greater London</LocalityQualifier></AnnotatedStopPointRef><AnnotatedStopPointRef><StopPointRef>490012045945</StopPointRef><CommonName>Sheen / Pig &amp; Whistle</CommonName><Indicator>stop E</Indicator><LocalityName>East Sheen</LocalityName><LocalityQualifier>Greater London</LocalityQualifier></AnnotatedStopPointRef><AnnotatedStopPointRef><StopPointRef>490010046E</StopPointRef><CommonName>Mortlake / Charlie Butler</CommonName><Indicator>stop A</Indicator><LocalityName>Mortlake</LocalityName><LocalityQualifier>Greater London</LocalityQualifier></AnnotatedStopPointRef><AnnotatedStopPointRef><StopPointRef>490003516E</StopPointRef><CommonName>Avondale Road (SW14)</CommonName><Indicator>stop S</Indicator><LocalityName>Mortlake</LocalityName><LocalityQualifier>Greater London</LocalityQualifier></AnnotatedStopPointRef><AnnotatedStopPointRef><StopPointRef>490014596E</StopPointRef><CommonName>Mortlake High Street</CommonName><Indicator>stop T</Indicator><LocalityName>Mortlake</LocalityName><LocalityQualifier>Greater London</LocalityQualifier></AnnotatedStopPointRef><AnnotatedStopPointRef><StopPointRef>490001015BK</StopPointRef><CommonName>Barnes Bridge</CommonName><Indicator>stop BK</Indicator><LocalityName>Barnes</LocalityName><LocalityQualifier>Greater London</LocalityQualifier></AnnotatedStopPointRef><AnnotatedStopPointRef><StopPointRef>490003631S</StopPointRef><CommonName>Lyric Road (SW13)</CommonName><Indicator>stop S</Indicator><LocalityName>Barnes</LocalityName><LocalityQualifier>Greater London</LocalityQualifier></AnnotatedStopPointRef><AnnotatedStopPointRef><StopPointRef>490007168N</StopPointRef><CommonName>Nassau Road (SW13)</CommonName><Indicator>stop N</Indicator><LocalityName>Barnes</LocalityName><LocalityQualifier>Greater London</LocalityQualifier></AnnotatedStopPointRef><AnnotatedStopPointRef><StopPointRef>490005551N</StopPointRef><CommonName>Coniston Close (SW13)</CommonName><Indicator>stop N</Indicator><LocalityName>Barnes</LocalityName><LocalityQualifier>Greater London</LocalityQualifier></AnnotatedStopPointRef><AnnotatedStopPointRef><StopPointRef>490007840S</StopPointRef><CommonName>Harrodian School</CommonName><Indicator>stop S</Indicator><LocalityName>Barnes</LocalityName><LocalityQualifier>Greater London</LocalityQualifier></AnnotatedStopPointRef><AnnotatedStopPointRef><StopPointRef>490009354W</StopPointRef><CommonName>Windermere Court (SW13)</CommonName><Indicator>stop W</Indicator><LocalityName>Barnes</LocalityName><LocalityQualifier>Greater London</LocalityQualifier></AnnotatedStopPointRef><AnnotatedStopPointRef><StopPointRef>490006661E</StopPointRef><CommonName>Everdon Road (SW13)</CommonName><Indicator>stop E</Indicator><LocalityName>Barnes</LocalityName><LocalityQualifier>Greater London</LocalityQualifier></AnnotatedStopPointRef><AnnotatedStopPointRef><StopPointRef>490008546E</StopPointRef><CommonName>Boileau Road / Nowell Road</CommonName><Indicator>stop E</Indicator><LocalityName>Barnes</LocalityName><LocalityQualifier>Greater London</LocalityQualifier></AnnotatedStopPointRef><AnnotatedStopPointRef><StopPointRef>490009511S</StopPointRef><CommonName>Madrid Road (SW13)</CommonName><Indicator>stop S</Indicator><LocalityName>Barnes</LocalityName><LocalityQualifier>Greater London</LocalityQualifier></AnnotatedStopPointRef><AnnotatedStopPointRef><StopPointRef>490012987W</StopPointRef><CommonName>Suffolk Road (SW13)</CommonName><Indicator>stop W</Indicator><LocalityName>Barnes</LocalityName><LocalityQualifier>Greater London</LocalityQualifier></AnnotatedStopPointRef><AnnotatedStopPointRef><StopPointRef>490006824S</StopPointRef><CommonName>Ferry Road (SW13)</CommonName><Indicator>stop S</Indicator><LocalityName>Barnes</LocalityName><LocalityQualifier>Greater London</LocalityQualifier></AnnotatedStopPointRef><AnnotatedStopPointRef><StopPointRef>490005298WS</StopPointRef><CommonName>Church Road / Red Lion</CommonName><Indicator>stop WS</Indicator><LocalityName>Barnes</LocalityName><LocalityQualifier>Greater London</LocalityQualifier></AnnotatedStopPointRef><AnnotatedStopPointRef><StopPointRef>490011420WT</StopPointRef><CommonName>Ranelagh Avenue</CommonName><Indicator>stop WT</Indicator><LocalityName>Barnes</LocalityName><LocalityQualifier>Greater London</LocalityQualifier></AnnotatedStopPointRef><AnnotatedStopPointRef><StopPointRef>490001014B</StopPointRef><CommonName>Barnes</CommonName><Indicator>stop B</Indicator><LocalityName>Barnes</LocalityName><LocalityQualifier>Greater London</LocalityQualifier></AnnotatedStopPointRef><AnnotatedStopPointRef><StopPointRef>490011642F</StopPointRef><CommonName>Queens Ride (SW13)</CommonName><Indicator>stop M</Indicator><LocalityName>Barnes</LocalityName><LocalityQualifier>Greater London</LocalityQualifier></AnnotatedStopPointRef><AnnotatedStopPointRef><StopPointRef>490009445W</StopPointRef><CommonName>Lennox Estate (SW15)</CommonName><Indicator>stop W</Indicator><LocalityName>Roehampton</LocalityName><LocalityQualifier>Greater London</LocalityQualifier></AnnotatedStopPointRef><AnnotatedStopPointRef><StopPointRef>490011642E</StopPointRef><CommonName>Queens Ride (SW13)</CommonName><Indicator>stop E</Indicator><LocalityName>Barnes</LocalityName><LocalityQualifier>Greater London</LocalityQualifier></AnnotatedStopPointRef><AnnotatedStopPointRef><StopPointRef>490011715D</StopPointRef><CommonName>Rosslyn Park R.F.C.</CommonName><Indicator>stop P</Indicator><LocalityName>Roehampton</LocalityName><LocalityQualifier>Greater London</LocalityQualifier></AnnotatedStopPointRef><AnnotatedStopPointRef><StopPointRef>490006697S</StopPointRef><CommonName>Fairacres (SW15)</CommonName><Indicator>stop R</Indicator><LocalityName>Roehampton</LocalityName><LocalityQualifier>Greater London</LocalityQualifier></AnnotatedStopPointRef><AnnotatedStopPointRef><StopPointRef>490006083S</StopPointRef><CommonName>Roehampton University Main Ent</CommonName><Indicator>stop U</Indicator><LocalityName>Roehampton</LocalityName><LocalityQualifier>Greater London</LocalityQualifier></AnnotatedStopPointRef><AnnotatedStopPointRef><StopPointRef>490015037S</StopPointRef><CommonName>Queen Mary's Hospital</CommonName><Indicator>stop V</Indicator><LocalityName>Roehampton</LocalityName><LocalityQualifier>Greater London</LocalityQualifier></AnnotatedStopPointRef><AnnotatedStopPointRef><StopPointRef>490011322T</StopPointRef><CommonName>South Thames College/Roehamptn</CommonName><Indicator>stop T</Indicator><LocalityName>Roehampton</LocalityName><LocalityQualifier>Greater London</LocalityQualifier></AnnotatedStopPointRef><AnnotatedStopPointRef><StopPointRef>490011640M</StopPointRef><CommonName>Medfield Street / Earl Spencer</CommonName><Indicator>stop M</Indicator><LocalityName>Roehampton</LocalityName><LocalityQualifier>Greater London</LocalityQualifier></AnnotatedStopPointRef><AnnotatedStopPointRef><StopPointRef>490009745S</StopPointRef><CommonName>Mayfield Surgery (SW15)</CommonName><Indicator>stop Q</Indicator><LocalityName>Roehampton</LocalityName><LocalityQualifier>Greater London</LocalityQualifier></AnnotatedStopPointRef><AnnotatedStopPointRef><StopPointRef>490014181S</StopPointRef><CommonName>Wanborough Drive</CommonName><Indicator>stop RS</Indicator><LocalityName>Roehampton</LocalityName><LocalityQualifier>Greater London</LocalityQualifier></AnnotatedStopPointRef><AnnotatedStopPointRef><StopPointRef>490011292W</StopPointRef><CommonName>Putney Vale Cemetery</CommonName><Indicator>stop PT</Indicator><LocalityName>Putney Vale</LocalityName><LocalityQualifier>Greater London</LocalityQualifier></AnnotatedStopPointRef><AnnotatedStopPointRef><StopPointRef>490014489W</StopPointRef><CommonName>West Lodge</CommonName><Indicator>stop PU</Indicator><LocalityName>Putney Vale</LocalityName><LocalityQualifier>Greater London</LocalityQualifier></AnnotatedStopPointRef><AnnotatedStopPointRef><StopPointRef>490008832S2</StopPointRef><CommonName>Roehampton Vale Asda</CommonName><Indicator>stop PA</Indicator><LocalityName>Putney Vale</LocalityName><LocalityQualifier>Greater London</LocalityQualifier></AnnotatedStopPointRef><AnnotatedStopPointRef><StopPointRef>490011640A</StopPointRef><CommonName>Medfield Street / Earl Spencer</CommonName><Indicator>stop A</Indicator><LocalityName>Roehampton</LocalityName><LocalityQualifier>Greater London</LocalityQualifier></AnnotatedStopPointRef><AnnotatedStopPointRef><StopPointRef>490011322S</StopPointRef><CommonName>South Thames College/Roehamptn</CommonName><Indicator>stop S</Indicator><LocalityName>Roehampton</LocalityName><LocalityQualifier>Greater London</LocalityQualifier></AnnotatedStopPointRef><AnnotatedStopPointRef><StopPointRef>490015037N</StopPointRef><CommonName>Queen Mary's Hospital</CommonName><Indicator>stop W</Indicator><LocalityName>Roehampton</LocalityName><LocalityQualifier>Greater London</LocalityQualifier></AnnotatedStopPointRef><AnnotatedStopPointRef><StopPointRef>490006083N</StopPointRef><CommonName>Roehampton University Main Ent</CommonName><Indicator>stop X</Indicator><LocalityName>Roehampton</LocalityName><LocalityQualifier>Greater London</LocalityQualifier></AnnotatedStopPointRef><AnnotatedStopPointRef><StopPointRef>490006697N</StopPointRef><CommonName>Fairacres (SW15)</CommonName><Indicator>stop Q</Indicator><LocalityName>Roehampton</LocalityName><LocalityQualifier>Greater London</LocalityQualifier></AnnotatedStopPointRef><AnnotatedStopPointRef><StopPointRef>490011715C</StopPointRef><CommonName>Rosslyn Park R.F.C.</CommonName><Indicator>stop S</Indicator><LocalityName>Roehampton</LocalityName><LocalityQualifier>Greater London</LocalityQualifier></AnnotatedStopPointRef><AnnotatedStopPointRef><StopPointRef>490011231W</StopPointRef><CommonName>Arabella Drive</CommonName><Indicator>stop W</Indicator><LocalityName>Roehampton</LocalityName><LocalityQualifier>Greater London</LocalityQualifier></AnnotatedStopPointRef><AnnotatedStopPointRef><StopPointRef>490001014A</StopPointRef><CommonName>Barnes</CommonName><Indicator>stop A</Indicator><LocalityName>Barnes</LocalityName><LocalityQualifier>Greater London</LocalityQualifier></AnnotatedStopPointRef><AnnotatedStopPointRef><StopPointRef>490011420WX</StopPointRef><CommonName>Ranelagh Avenue</CommonName><Indicator>stop WX</Indicator><LocalityName>Barnes</LocalityName><LocalityQualifier>Greater London</LocalityQualifier></AnnotatedStopPointRef><AnnotatedStopPointRef><StopPointRef>490003628WR</StopPointRef><CommonName>Barnes / Red Lion</CommonName><Indicator>stop WR</Indicator><LocalityName>Barnes</LocalityName><LocalityQualifier>Greater London</LocalityQualifier></AnnotatedStopPointRef><AnnotatedStopPointRef><StopPointRef>490006824N</StopPointRef><CommonName>Ferry Road (SW13)</CommonName><Indicator>stop N</Indicator><LocalityName>Barnes</LocalityName><LocalityQualifier>Greater London</LocalityQualifier></AnnotatedStopPointRef><AnnotatedStopPointRef><StopPointRef>490012987E</StopPointRef><CommonName>Suffolk Road (SW13)</CommonName><Indicator>stop E</Indicator><LocalityName>Barnes</LocalityName><LocalityQualifier>Greater London</LocalityQualifier></AnnotatedStopPointRef><AnnotatedStopPointRef><StopPointRef>490009511N</StopPointRef><CommonName>Madrid Road (SW13)</CommonName><Indicator>stop N</Indicator><LocalityName>Barnes</LocalityName><LocalityQualifier>Greater London</LocalityQualifier></AnnotatedStopPointRef><AnnotatedStopPointRef><StopPointRef>490008546N1</StopPointRef><CommonName>Boileau Road / Nowell Road</CommonName><Indicator>stop N1</Indicator><LocalityName>Barnes</LocalityName><LocalityQualifier>Greater London</LocalityQualifier></AnnotatedStopPointRef><AnnotatedStopPointRef><StopPointRef>490006661W</StopPointRef><CommonName>Everdon Road (SW13)</CommonName><Indicator>stop W</Indicator><LocalityName>Barnes</LocalityName><LocalityQualifier>Greater London</LocalityQualifier></AnnotatedStopPointRef><AnnotatedStopPointRef><StopPointRef>490009354E</StopPointRef><CommonName>Windermere Court (SW13)</CommonName><Indicator>stop E</Indicator><LocalityName>Barnes</LocalityName><LocalityQualifier>Greater London</LocalityQualifier></AnnotatedStopPointRef><AnnotatedStopPointRef><StopPointRef>490005551S</StopPointRef><CommonName>Coniston Close (SW13)</CommonName><Indicator>stop S</Indicator><LocalityName>Barnes</LocalityName><LocalityQualifier>Greater London</LocalityQualifier></AnnotatedStopPointRef><AnnotatedStopPointRef><StopPointRef>490007168S</StopPointRef><CommonName>Nassau Road (SW13)</CommonName><Indicator>stop S</Indicator><LocalityName>Barnes</LocalityName><LocalityQualifier>Greater London</LocalityQualifier></AnnotatedStopPointRef><AnnotatedStopPointRef><StopPointRef>490001015BJ</StopPointRef><CommonName>Barnes Bridge</CommonName><Indicator>stop BJ</Indicator><LocalityName>Barnes</LocalityName><LocalityQualifier>Greater London</LocalityQualifier></AnnotatedStopPointRef><AnnotatedStopPointRef><StopPointRef>490014596W</StopPointRef><CommonName>Mortlake High Street</CommonName><Indicator>stop V</Indicator><LocalityName>Mortlake</LocalityName><LocalityQualifier>Greater London</LocalityQualifier></AnnotatedStopPointRef><AnnotatedStopPointRef><StopPointRef>490003516W</StopPointRef><CommonName>Avondale Road (SW14)</CommonName><Indicator>stop Q</Indicator><LocalityName>Mortlake</LocalityName><LocalityQualifier>Greater London</LocalityQualifier></AnnotatedStopPointRef><AnnotatedStopPointRef><StopPointRef>490010046W</StopPointRef><CommonName>Mortlake / Charlie Butler</CommonName><Indicator>stop B</Indicator><LocalityName>Mortlake</LocalityName><LocalityQualifier>Greater London</LocalityQualifier></AnnotatedStopPointRef><AnnotatedStopPointRef><StopPointRef>490012045946</StopPointRef><CommonName>Sheen / Pig &amp; Whistle</CommonName><Indicator>stop F</Indicator><LocalityName>East Sheen</LocalityName><LocalityQualifier>Greater London</LocalityQualifier></AnnotatedStopPointRef><AnnotatedStopPointRef><StopPointRef>490012049W</StopPointRef><CommonName>East Sheen / Sheen Lane</CommonName><Indicator>stop D</Indicator><LocalityName>East Sheen</LocalityName><LocalityQualifier>Greater London</LocalityQualifier></AnnotatedStopPointRef><AnnotatedStopPointRef><StopPointRef>490013196W</StopPointRef><CommonName>Temple Sheen Road</CommonName><Indicator>stop X</Indicator><LocalityName>East Sheen</LocalityName><LocalityQualifier>Greater London</LocalityQualifier></AnnotatedStopPointRef><AnnotatedStopPointRef><StopPointRef>490003941W</StopPointRef><CommonName>Berwyn Road (TW10)</CommonName><Indicator>stop Y</Indicator><LocalityName>North Sheen</LocalityName><LocalityQualifier>Greater London</LocalityQualifier></AnnotatedStopPointRef><AnnotatedStopPointRef><StopPointRef>490012046W</StopPointRef><CommonName>Sheen Court</CommonName><Indicator>stop Z</Indicator><LocalityName>North Sheen</LocalityName><LocalityQualifier>Greater London</LocalityQualifier></AnnotatedStopPointRef><AnnotatedStopPointRef><StopPointRef>490006377SE</StopPointRef><CommonName>Manor Road/North Sheen Station</CommonName><Indicator>stop SE</Indicator><LocalityName>North Sheen</LocalityName><LocalityQualifier>Greater London</LocalityQualifier></AnnotatedStopPointRef><AnnotatedStopPointRef><StopPointRef>490012452W</StopPointRef><CommonName>St.Marys Grove</CommonName><Indicator>stop SF</Indicator><LocalityName>North Sheen</LocalityName><LocalityQualifier>Greater London</LocalityQualifier></AnnotatedStopPointRef><AnnotatedStopPointRef><StopPointRef>490012051W</StopPointRef><CommonName>Sheen Road / Worple Way</CommonName><Indicator>stop W</Indicator><LocalityName>Richmond</LocalityName><LocalityQualifier>Greater London</LocalityQualifier></AnnotatedStopPointRef><AnnotatedStopPointRef><StopPointRef>490012050L</StopPointRef><CommonName>Eton Street</CommonName><Indicator>stop L</Indicator><LocalityName>Richmond</LocalityName><LocalityQualifier>Greater London</LocalityQualifier></AnnotatedStopPointRef><AnnotatedStopPointRef><StopPointRef>490011556J</StopPointRef><CommonName>Richmond Bus Station</CommonName><Indicator>stop J</Indicator><LocalityName>Richmond</LocalityName><LocalityQualifier>Greater London</LocalityQualifier></AnnotatedStopPointRef><AnnotatedStopPointRef><StopPointRef>490005755W</StopPointRef><CommonName>Cresswell Road (TW1)</CommonName><Indicator>stop A</Indicator><LocalityName>Richmond</LocalityName><LocalityQualifier>Greater London</LocalityQualifier></AnnotatedStopPointRef><AnnotatedStopPointRef><StopPointRef>490011109W</StopPointRef><CommonName>Poplar Court</CommonName><Indicator>stop G</Indicator><LocalityName>Richmond</LocalityName><LocalityQualifier>Greater London</LocalityQualifier></AnnotatedStopPointRef><AnnotatedStopPointRef><StopPointRef>490011922W</StopPointRef><CommonName>Sandycoombe Road</CommonName><Indicator>stop H</Indicator><LocalityName>St Margarets (London)</LocalityName><LocalityQualifier>Greater London</LocalityQualifier></AnnotatedStopPointRef><AnnotatedStopPointRef><StopPointRef>490001270B</StopPointRef><CommonName>St Margarets</CommonName><Indicator>stop J</Indicator><LocalityName>St Margarets (London)</LocalityName><LocalityQualifier>Greater London</LocalityQualifier></AnnotatedStopPointRef><AnnotatedStopPointRef><StopPointRef>490005103W</StopPointRef><CommonName>St Margarets Roundabout (TW1)</CommonName><Indicator>stop W</Indicator><LocalityName>St Margarets (London)</LocalityName><LocalityQualifier>Greater London</LocalityQualifier></AnnotatedStopPointRef><AnnotatedStopPointRef><StopPointRef>490005467W</StopPointRef><CommonName>London Road Roundabout (TW1)</CommonName><Indicator>stop W</Indicator><LocalityName>St Margarets (London)</LocalityName><LocalityQualifier>Greater London</LocalityQualifier></AnnotatedStopPointRef><AnnotatedStopPointRef><StopPointRef>490005102W</StopPointRef><CommonName>Chertsey Road / London Road</CommonName><Indicator>stop W</Indicator><LocalityName>St Margarets (London)</LocalityName><LocalityQualifier>Greater London</LocalityQualifier></AnnotatedStopPointRef><AnnotatedStopPointRef><StopPointRef>490003234W</StopPointRef><CommonName>All Hallows / Chertsey Road</CommonName><Indicator>stop W</Indicator><LocalityName>Twickenham</LocalityName><LocalityQualifier>Greater London</LocalityQualifier></AnnotatedStopPointRef><AnnotatedStopPointRef><StopPointRef>490005245W</StopPointRef><CommonName>Palmerston Road (TW2)</CommonName><Indicator>stop W</Indicator><LocalityName>Twickenham</LocalityName><LocalityQualifier>Greater London</LocalityQualifier></AnnotatedStopPointRef><AnnotatedStopPointRef><StopPointRef>490005107W</StopPointRef><CommonName>Chertsey Road Sports Ground</CommonName><Indicator>stop W</Indicator><LocalityName>Twickenham</LocalityName><LocalityQualifier>Greater London</LocalityQualifier></AnnotatedStopPointRef><AnnotatedStopPointRef><StopPointRef>490008623W</StopPointRef><CommonName>Kendrey Gardens (TW2)</CommonName><Indicator>stop W</Indicator><LocalityName>Whitton</LocalityName><LocalityQualifier>Greater London</LocalityQualifier></AnnotatedStopPointRef></StopPoints><RouteSections><RouteSection id="RS_54969d_H_1"><RouteLink id="RL_RS_54969d_H_1_0"><From><StopPointRef>490014630E</StopPointRef></From><To><StopPointRef>490011689W</StopPointRef></To><Direction>outbound</Direction></RouteLink><RouteLink id="RL_RS_54969d_H_1_1"><From><StopPointRef>490011689W</StopPointRef></From><To><StopPointRef>490011495W</StopPointRef></To><Direction>outbound</Direction></RouteLink><RouteLink id="RL_RS_54969d_H_1_2"><From><StopPointRef>490011495W</StopPointRef></From><To><StopPointRef>490009779S</StopPointRef></To><Direction>outbound</Direction></RouteLink><RouteLink id="RL_RS_54969d_H_1_3"><From><StopPointRef>490009779S</StopPointRef></From><To><StopPointRef>490014628W</StopPointRef></To><Direction>outbound</Direction></RouteLink><RouteLink id="RL_RS_54969d_H_1_4"><From><StopPointRef>490014628W</StopPointRef></From><To><StopPointRef>490011595W</StopPointRef></To><Direction>outbound</Direction></RouteLink><RouteLink id="RL_RS_54969d_H_1_5"><From><StopPointRef>490011595W</StopPointRef></From><To><StopPointRef>490005106W</StopPointRef></To><Direction>outbound</Direction></RouteLink><RouteLink id="RL_RS_54969d_H_1_6"><From><StopPointRef>490005106W</StopPointRef></From><To><StopPointRef>490014640E</StopPointRef></To><Direction>outbound</Direction></RouteLink><RouteLink id="RL_RS_54969d_H_1_7"><From><StopPointRef>490014640E</StopPointRef></From><To><StopPointRef>490013604E</StopPointRef></To><Direction>outbound</Direction></RouteLink><RouteLink id="RL_RS_54969d_H_1_8"><From><StopPointRef>490013604E</StopPointRef></From><To><StopPointRef>490011495E</StopPointRef></To><Direction>outbound</Direction></RouteLink><RouteLink id="RL_RS_54969d_H_1_9"><From><StopPointRef>490011495E</StopPointRef></From><To><StopPointRef>490005035E</StopPointRef></To><Direction>outbound</Direction></RouteLink><RouteLink id="RL_RS_54969d_H_1_10"><From><StopPointRef>490005035E</StopPointRef></From><To><StopPointRef>490013171E</StopPointRef></To><Direction>outbound</Direction></RouteLink><RouteLink id="RL_RS_54969d_H_1_11"><From><StopPointRef>490013171E</StopPointRef></From><To><StopPointRef>490005105E</StopPointRef></To><Direction>outbound</Direction></RouteLink><RouteLink id="RL_RS_54969d_H_1_12"><From><StopPointRef>490005105E</StopPointRef></From><To><StopPointRef>490005467E</StopPointRef></To><Direction>outbound</Direction></RouteLink><RouteLink id="RL_RS_54969d_H_1_13"><From><StopPointRef>490005467E</StopPointRef></From><To><StopPointRef>490005103E</StopPointRef></To><Direction>outbound</Direction></RouteLink><RouteLink id="RL_RS_54969d_H_1_14"><From><StopPointRef>490005103E</StopPointRef></From><To><StopPointRef>490001270A</StopPointRef></To><Direction>outbound</Direction></RouteLink><RouteLink id="RL_RS_54969d_H_1_15"><From><StopPointRef>490001270A</StopPointRef></From><To><StopPointRef>490011922E</StopPointRef></To><Direction>outbound</Direction></RouteLink><RouteLink id="RL_RS_54969d_H_1_16"><From><StopPointRef>490011922E</StopPointRef></From><To><StopPointRef>490011109E</StopPointRef></To><Direction>outbound</Direction></RouteLink><RouteLink id="RL_RS_54969d_H_1_17"><From><StopPointRef>490011109E</StopPointRef></From><To><StopPointRef>490005755E</StopPointRef></To><Direction>outbound</Direction></RouteLink><RouteLink id="RL_RS_54969d_H_1_18"><From><StopPointRef>490005755E</StopPointRef></From><To><StopPointRef>490007166B</StopPointRef></To><Direction>outbound</Direction></RouteLink><RouteLink id="RL_RS_54969d_H_1_19"><From><StopPointRef>490007166B</StopPointRef></From><To><StopPointRef>490012050G</StopPointRef></To><Direction>outbound</Direction></RouteLink><RouteLink id="RL_RS_54969d_H_1_20"><From><StopPointRef>490012050G</StopPointRef></From><To><StopPointRef>490012051E</StopPointRef></To><Direction>outbound</Direction></RouteLink><RouteLink id="RL_RS_54969d_H_1_21"><From><StopPointRef>490012051E</StopPointRef></From><To><StopPointRef>490012452SH</StopPointRef></To><Direction>outbound</Direction></RouteLink><RouteLink id="RL_RS_54969d_H_1_22"><From><StopPointRef>490012452SH</StopPointRef></From><To><StopPointRef>490006377SD</StopPointRef></To><Direction>outbound</Direction></RouteLink><RouteLink id="RL_RS_54969d_H_1_23"><From><StopPointRef>490006377SD</StopPointRef></From><To><StopPointRef>490012046E</StopPointRef></To><Direction>outbound</Direction></RouteLink><RouteLink id="RL_RS_54969d_H_1_24"><From><StopPointRef>490012046E</StopPointRef></From><To><StopPointRef>490005407E</StopPointRef></To><Direction>outbound</Direction></RouteLink><RouteLink id="RL_RS_54969d_H_1_25"><From><StopPointRef>490005407E</StopPointRef></From><To><StopPointRef>490007332E</StopPointRef></To><Direction>outbound</Direction></RouteLink><RouteLink id="RL_RS_54969d_H_1_26"><From><StopPointRef>490007332E</StopPointRef></From><To><StopPointRef>490013196E</StopPointRef></To><Direction>outbound</Direction></RouteLink><RouteLink id="RL_RS_54969d_H_1_27"><From><StopPointRef>490013196E</StopPointRef></From><To><StopPointRef>490012049E</StopPointRef></To><Direction>outbound</Direction></RouteLink><RouteLink id="RL_RS_54969d_H_1_28"><From><StopPointRef>490012049E</StopPointRef></From><To><StopPointRef>490012045945</StopPointRef></To><Direction>outbound</Direction></RouteLink><RouteLink id="RL_RS_54969d_H_1_29"><From><StopPointRef>490012045945</StopPointRef></From><To><StopPointRef>490010046E</StopPointRef></To><Direction>outbound</Direction></RouteLink><RouteLink id="RL_RS_54969d_H_1_30"><From><StopPointRef>490010046E</StopPointRef></From><To><StopPointRef>490003516E</StopPointRef></To><Direction>outbound</Direction></RouteLink><RouteLink id="RL_RS_54969d_H_1_31"><From><StopPointRef>490003516E</StopPointRef></From><To><StopPointRef>490014596E</StopPointRef></To><Direction>outbound</Direction></RouteLink><RouteLink id="RL_RS_54969d_H_1_32"><From><StopPointRef>490014596E</StopPointRef></From><To><StopPointRef>490001015BK</StopPointRef></To><Direction>outbound</Direction></RouteLink><RouteLink id="RL_RS_54969d_H_1_33"><From><StopPointRef>490001015BK</StopPointRef></From><To><StopPointRef>490003631S</StopPointRef></To><Direction>outbound</Direction></RouteLink><RouteLink id="RL_RS_54969d_H_1_34"><From><StopPointRef>490003631S</StopPointRef></From><To><StopPointRef>490007168N</StopPointRef></To><Direction>outbound</Direction></RouteLink><RouteLink id="RL_RS_54969d_H_1_35"><From><StopPointRef>490007168N</StopPointRef></From><To><StopPointRef>490005551N</StopPointRef></To><Direction>outbound</Direction></RouteLink><RouteLink id="RL_RS_54969d_H_1_36"><From><StopPointRef>490005551N</StopPointRef></From><To><StopPointRef>490007840S</StopPointRef></To><Direction>outbound</Direction></RouteLink><RouteLink id="RL_RS_54969d_H_1_37"><From><StopPointRef>490007840S</StopPointRef></From><To><StopPointRef>490009354W</StopPointRef></To><Direction>outbound</Direction></RouteLink><RouteLink id="RL_RS_54969d_H_1_38"><From><StopPointRef>490009354W</StopPointRef></From><To><StopPointRef>490006661E</StopPointRef></To><Direction>outbound</Direction></RouteLink><RouteLink id="RL_RS_54969d_H_1_39"><From><StopPointRef>490006661E</StopPointRef></From><To><StopPointRef>490008546E</StopPointRef></To><Direction>outbound</Direction></RouteLink><RouteLink id="RL_RS_54969d_H_1_40"><From><StopPointRef>490008546E</StopPointRef></From><To><StopPointRef>490009511S</StopPointRef></To><Direction>outbound</Direction></RouteLink><RouteLink id="RL_RS_54969d_H_1_41"><From><StopPointRef>490009511S</StopPointRef></From><To><StopPointRef>490012987W</StopPointRef></To><Direction>outbound</Direction></RouteLink><RouteLink id="RL_RS_54969d_H_1_42"><From><StopPointRef>490012987W</StopPointRef></From><To><StopPointRef>490006824S</StopPointRef></To><Direction>outbound</Direction></RouteLink><RouteLink id="RL_RS_54969d_H_1_43"><From><StopPointRef>490006824S</StopPointRef></From><To><StopPointRef>490005298WS</StopPointRef></To><Direction>outbound</Direction></RouteLink><RouteLink id="RL_RS_54969d_H_1_44"><From><StopPointRef>490005298WS</StopPointRef></From><To><StopPointRef>490011420WT</StopPointRef></To><Direction>outbound</Direction></RouteLink><RouteLink id="RL_RS_54969d_H_1_45"><From><StopPointRef>490011420WT</StopPointRef></From><To><StopPointRef>490001014B</StopPointRef></To><Direction>outbound</Direction></RouteLink><RouteLink id="RL_RS_54969d_H_1_46"><From><StopPointRef>490001014B</StopPointRef></From><To><StopPointRef>490011642F</StopPointRef></To><Direction>outbound</Direction></RouteLink><RouteLink id="RL_RS_54969d_H_1_47"><From><StopPointRef>490011642F</StopPointRef></From><To><StopPointRef>490009445W</StopPointRef></To><Direction>outbound</Direction></RouteLink><RouteLink id="RL_RS_54969d_H_1_48"><From><StopPointRef>490009445W</StopPointRef></From><To><StopPointRef>490011642E</StopPointRef></To><Direction>outbound</Direction></RouteLink><RouteLink id="RL_RS_54969d_H_1_49"><From><StopPointRef>490011642E</StopPointRef></From><To><StopPointRef>490011715D</StopPointRef></To><Direction>outbound</Direction></RouteLink><RouteLink id="RL_RS_54969d_H_1_50"><From><StopPointRef>490011715D</StopPointRef></From><To><StopPointRef>490006697S</StopPointRef></To><Direction>outbound</Direction></RouteLink><RouteLink id="RL_RS_54969d_H_1_51"><From><StopPointRef>490006697S</StopPointRef></From><To><StopPointRef>490006083S</StopPointRef></To><Direction>outbound</Direction></RouteLink><RouteLink id="RL_RS_54969d_H_1_52"><From><StopPointRef>490006083S</StopPointRef></From><To><StopPointRef>490015037S</StopPointRef></To><Direction>outbound</Direction></RouteLink><RouteLink id="RL_RS_54969d_H_1_53"><From><StopPointRef>490015037S</StopPointRef></From><To><StopPointRef>490011322T</StopPointRef></To><Direction>outbound</Direction></RouteLink><RouteLink id="RL_RS_54969d_H_1_54"><From><StopPointRef>490011322T</StopPointRef></From><To><StopPointRef>490011640M</StopPointRef></To><Direction>outbound</Direction></RouteLink><RouteLink id="RL_RS_54969d_H_1_55"><From><StopPointRef>490011640M</StopPointRef></From><To><StopPointRef>490009745S</StopPointRef></To><Direction>outbound</Direction></RouteLink><RouteLink id="RL_RS_54969d_H_1_56"><From><StopPointRef>490009745S</StopPointRef></From><To><StopPointRef>490014181S</StopPointRef></To><Direction>outbound</Direction></RouteLink><RouteLink id="RL_RS_54969d_H_1_57"><From><StopPointRef>490014181S</StopPointRef></From><To><StopPointRef>490011292W</StopPointRef></To><Direction>outbound</Direction></RouteLink><RouteLink id="RL_RS_54969d_H_1_58"><From><StopPointRef>490011292W</StopPointRef></From><To><StopPointRef>490014489W</StopPointRef></To><Direction>outbound</Direction></RouteLink><RouteLink id="RL_RS_54969d_H_1_59"><From><StopPointRef>490014489W</StopPointRef></From><To><StopPointRef>490008832S2</StopPointRef></To><Direction>outbound</Direction></RouteLink></RouteSection><RouteSection id="RS_54969d_R_2"><RouteLink id="RL_RS_54969d_R_2_0"><From><StopPointRef>490008832S2</StopPointRef></From><To><StopPointRef>490011640A</StopPointRef></To><Direction>inbound</Direction></RouteLink><RouteLink id="RL_RS_54969d_R_2_1"><From><StopPointRef>490011640A</StopPointRef></From><To><StopPointRef>490011322S</StopPointRef></To><Direction>inbound</Direction></RouteLink><RouteLink id="RL_RS_54969d_R_2_2"><From><StopPointRef>490011322S</StopPointRef></From><To><StopPointRef>490015037N</StopPointRef></To><Direction>inbound</Direction></RouteLink><RouteLink id="RL_RS_54969d_R_2_3"><From><StopPointRef>490015037N</StopPointRef></From><To><StopPointRef>490006083N</StopPointRef></To><Direction>inbound</Direction></RouteLink><RouteLink id="RL_RS_54969d_R_2_4"><From><StopPointRef>490006083N</StopPointRef></From><To><StopPointRef>490006697N</StopPointRef></To><Direction>inbound</Direction></RouteLink><RouteLink id="RL_RS_54969d_R_2_5"><From><StopPointRef>490006697N</StopPointRef></From><To><StopPointRef>490011715C</StopPointRef></To><Direction>inbound</Direction></RouteLink><RouteLink id="RL_RS_54969d_R_2_6"><From><StopPointRef>490011715C</StopPointRef></From><To><StopPointRef>490011642F</StopPointRef></To><Direction>inbound</Direction></RouteLink><RouteLink id="RL_RS_54969d_R_2_7"><From><StopPointRef>490011642F</StopPointRef></From><To><StopPointRef>490009445W</StopPointRef></To><Direction>inbound</Direction></RouteLink><RouteLink id="RL_RS_54969d_R_2_8"><From><StopPointRef>490009445W</StopPointRef></From><To><StopPointRef>490011231W</StopPointRef></To><Direction>inbound</Direction></RouteLink><RouteLink id="RL_RS_54969d_R_2_9"><From><StopPointRef>490011231W</StopPointRef></From><To><StopPointRef>490011642E</StopPointRef></To><Direction>inbound</Direction></RouteLink><RouteLink id="RL_RS_54969d_R_2_10"><From><StopPointRef>490011642E</StopPointRef></From><To><StopPointRef>490001014A</StopPointRef></To><Direction>inbound</Direction></RouteLink><RouteLink id="RL_RS_54969d_R_2_11"><From><StopPointRef>490001014A</StopPointRef></From><To><StopPointRef>490011420WX</StopPointRef></To><Direction>inbound</Direction></RouteLink><RouteLink id="RL_RS_54969d_R_2_12"><From><StopPointRef>490011420WX</StopPointRef></From><To><StopPointRef>490003628WR</StopPointRef></To><Direction>inbound</Direction></RouteLink><RouteLink id="RL_RS_54969d_R_2_13"><From><StopPointRef>490003628WR</StopPointRef></From><To><StopPointRef>490006824N</StopPointRef></To><Direction>inbound</Direction></RouteLink><RouteLink id="RL_RS_54969d_R_2_14"><From><StopPointRef>490006824N</StopPointRef></From><To><StopPointRef>490012987E</StopPointRef></To><Direction>inbound</Direction></RouteLink><RouteLink id="RL_RS_54969d_R_2_15"><From><StopPointRef>490012987E</StopPointRef></From><To><StopPointRef>490009511N</StopPointRef></To><Direction>inbound</Direction></RouteLink><RouteLink id="RL_RS_54969d_R_2_16"><From><StopPointRef>490009511N</StopPointRef></From><To><StopPointRef>490008546N1</StopPointRef></To><Direction>inbound</Direction></RouteLink><RouteLink id="RL_RS_54969d_R_2_17"><From><StopPointRef>490008546N1</StopPointRef></From><To><StopPointRef>490006661W</StopPointRef></To><Direction>inbound</Direction></RouteLink><RouteLink id="RL_RS_54969d_R_2_18"><From><StopPointRef>490006661W</StopPointRef></From><To><StopPointRef>490009354E</StopPointRef></To><Direction>inbound</Direction></RouteLink><RouteLink id="RL_RS_54969d_R_2_19"><From><StopPointRef>490009354E</StopPointRef></From><To><StopPointRef>490007840S</StopPointRef></To><Direction>inbound</Direction></RouteLink><RouteLink id="RL_RS_54969d_R_2_20"><From><StopPointRef>490007840S</StopPointRef></From><To><StopPointRef>490005551S</StopPointRef></To><Direction>inbound</Direction></RouteLink><RouteLink id="RL_RS_54969d_R_2_21"><From><StopPointRef>490005551S</StopPointRef></From><To><StopPointRef>490007168S</StopPointRef></To><Direction>inbound</Direction></RouteLink><RouteLink id="RL_RS_54969d_R_2_22"><From><StopPointRef>490007168S</StopPointRef></From><To><StopPointRef>490003631S</StopPointRef></To><Direction>inbound</Direction></RouteLink><RouteLink id="RL_RS_54969d_R_2_23"><From><StopPointRef>490003631S</StopPointRef></From><To><StopPointRef>490001015BJ</StopPointRef></To><Direction>inbound</Direction></RouteLink><RouteLink id="RL_RS_54969d_R_2_24"><From><StopPointRef>490001015BJ</StopPointRef></From><To><StopPointRef>490014596W</StopPointRef></To><Direction>inbound</Direction></RouteLink><RouteLink id="RL_RS_54969d_R_2_25"><From><StopPointRef>490014596W</StopPointRef></From><To><StopPointRef>490003516W</StopPointRef></To><Direction>inbound</Direction></RouteLink><RouteLink id="RL_RS_54969d_R_2_26"><From><StopPointRef>490003516W</StopPointRef></From><To><StopPointRef>490010046W</StopPointRef></To><Direction>inbound</Direction></RouteLink><RouteLink id="RL_RS_54969d_R_2_27"><From><StopPointRef>490010046W</StopPointRef></From><To><StopPointRef>490012045946</StopPointRef></To><Direction>inbound</Direction></RouteLink><RouteLink id="RL_RS_54969d_R_2_28"><From><StopPointRef>490012045946</StopPointRef></From><To><StopPointRef>490012049W</StopPointRef></To><Direction>inbound</Direction></RouteLink><RouteLink id="RL_RS_54969d_R_2_29"><From><StopPointRef>490012049W</StopPointRef></From><To><StopPointRef>490013196W</StopPointRef></To><Direction>inbound</Direction></RouteLink><RouteLink id="RL_RS_54969d_R_2_30"><From><StopPointRef>490013196W</StopPointRef></From><To><StopPointRef>490003941W</StopPointRef></To><Direction>inbound</Direction></RouteLink><RouteLink id="RL_RS_54969d_R_2_31"><From><StopPointRef>490003941W</StopPointRef></From><To><StopPointRef>490012046W</StopPointRef></To><Direction>inbound</Direction></RouteLink><RouteLink id="RL_RS_54969d_R_2_32"><From><StopPointRef>490012046W</StopPointRef></From><To><StopPointRef>490006377SE</StopPointRef></To><Direction>inbound</Direction></RouteLink><RouteLink id="RL_RS_54969d_R_2_33"><From><StopPointRef>490006377SE</StopPointRef></From><To><StopPointRef>490012452W</StopPointRef></To><Direction>inbound</Direction></RouteLink><RouteLink id="RL_RS_54969d_R_2_34"><From><StopPointRef>490012452W</StopPointRef></From><To><StopPointRef>490012051W</StopPointRef></To><Direction>inbound</Direction></RouteLink><RouteLink id="RL_RS_54969d_R_2_35"><From><StopPointRef>490012051W</StopPointRef></From><To><StopPointRef>490012050L</StopPointRef></To><Direction>inbound</Direction></RouteLink><RouteLink id="RL_RS_54969d_R_2_36"><From><StopPointRef>490012050L</StopPointRef></From><To><StopPointRef>490011556J</StopPointRef></To><Direction>inbound</Direction></RouteLink><RouteLink id="RL_RS_54969d_R_2_37"><From><StopPointRef>490011556J</StopPointRef></From><To><StopPointRef>490005755W</StopPointRef></To><Direction>inbound</Direction></RouteLink><RouteLink id="RL_RS_54969d_R_2_38"><From><StopPointRef>490005755W</StopPointRef></From><To><StopPointRef>490011109W</StopPointRef></To><Direction>inbound</Direction></RouteLink><RouteLink id="RL_RS_54969d_R_2_39"><From><StopPointRef>490011109W</StopPointRef></From><To><StopPointRef>490011922W</StopPointRef></To><Direction>inbound</Direction></RouteLink><RouteLink id="RL_RS_54969d_R_2_40"><From><StopPointRef>490011922W</StopPointRef></From><To><StopPointRef>490001270B</StopPointRef></To><Direction>inbound</Direction></RouteLink><RouteLink id="RL_RS_54969d_R_2_41"><From><StopPointRef>490001270B</StopPointRef></From><To><StopPointRef>490005103W</StopPointRef></To><Direction>inbound</Direction></RouteLink><RouteLink id="RL_RS_54969d_R_2_42"><From><StopPointRef>490005103W</StopPointRef></From><To><StopPointRef>490005467W</StopPointRef></To><Direction>inbound</Direction></RouteLink><RouteLink id="RL_RS_54969d_R_2_43"><From><StopPointRef>490005467W</StopPointRef></From><To><StopPointRef>490005102W</StopPointRef></To><Direction>inbound</Direction></RouteLink><RouteLink id="RL_RS_54969d_R_2_44"><From><StopPointRef>490005102W</StopPointRef></From><To><StopPointRef>490003234W</StopPointRef></To><Direction>inbound</Direction></RouteLink><RouteLink id="RL_RS_54969d_R_2_45"><From><StopPointRef>490003234W</StopPointRef></From><To><StopPointRef>490005245W</StopPointRef></To><Direction>inbound</Direction></RouteLink><RouteLink id="RL_RS_54969d_R_2_46"><From><StopPointRef>490005245W</StopPointRef></From><To><StopPointRef>490005107W</StopPointRef></To><Direction>inbound</Direction></RouteLink><RouteLink id="RL_RS_54969d_R_2_47"><From><StopPointRef>490005107W</StopPointRef></From><To><StopPointRef>490008623W</StopPointRef></To><Direction>inbound</Direction></RouteLink><RouteLink id="RL_RS_54969d_R_2_48"><From><StopPointRef>490008623W</StopPointRef></From><To><StopPointRef>490014630E</StopPointRef></To><Direction>inbound</Direction></RouteLink><RouteLink id="RL_RS_54969d_R_2_49"><From><StopPointRef>490014630E</StopPointRef></From><To><StopPointRef>490011689W</StopPointRef></To><Direction>inbound</Direction></RouteLink><RouteLink id="RL_RS_54969d_R_2_50"><From><StopPointRef>490011689W</StopPointRef></From><To><StopPointRef>490011495W</StopPointRef></To><Direction>inbound</Direction></RouteLink><RouteLink id="RL_RS_54969d_R_2_51"><From><StopPointRef>490011495W</StopPointRef></From><To><StopPointRef>490009779S</StopPointRef></To><Direction>inbound</Direction></RouteLink><RouteLink id="RL_RS_54969d_R_2_52"><From><StopPointRef>490009779S</StopPointRef></From><To><StopPointRef>490014628W</StopPointRef></To><Direction>inbound</Direction></RouteLink><RouteLink id="RL_RS_54969d_R_2_53"><From><StopPointRef>490014628W</StopPointRef></From><To><StopPointRef>490011595W</StopPointRef></To><Direction>inbound</Direction></RouteLink><RouteLink id="RL_RS_54969d_R_2_54"><From><StopPointRef>490011595W</StopPointRef></From><To><StopPointRef>490005106W</StopPointRef></To><Direction>inbound</Direction></RouteLink></RouteSection></RouteSections><Routes><Route id="R_54969d_H_1"><PrivateCode>R_54969d_H_1</PrivateCode><Description>Whitton / Gladstone Avenue - Roehampton Vale Asda</Description><RouteSectionRef>RS_54969d_H_1</RouteSectionRef></Route><Route id="R_54969d_R_2"><PrivateCode>R_54969d_R_2</PrivateCode><Description>Roehampton Vale Asda - Chertsey Road Playing Field</Description><RouteSectionRef>RS_54969d_R_2</RouteSectionRef></Route></Routes><JourneyPatternSections><JourneyPatternSection id="JPS_54969d_H_1"><JourneyPatternTimingLink id="JPL_54969d_H_1_0"><From SequenceNumber="1"><StopPointRef>490014630E</StopPointRef><TimingStatus>PTP</TimingStatus></From><To SequenceNumber="2"><StopPointRef>490011689W</StopPointRef><TimingStatus>PTP</TimingStatus></To><RunTime>PT90S</RunTime></JourneyPatternTimingLink><JourneyPatternTimingLink id="JPL_54969d_H_1_1"><From SequenceNumber="2"><StopPointRef>490011689W</StopPointRef><TimingStatus>PTP</TimingStatus></From><To SequenceNumber="3"><StopPointRef>490011495W</StopPointRef><TimingStatus>PTP</TimingStatus></To><RunTime>PT90S</RunTime></JourneyPatternTimingLink><JourneyPatternTimingLink id="JPL_54969d_H_1_2"><From SequenceNumber="3"><StopPointRef>490011495W</StopPointRef><TimingStatus>PTP</TimingStatus></From><To SequenceNumber="4"><StopPointRef>490009779S</StopPointRef><TimingStatus>PTP</TimingStatus></To><RunTime>PT90S</RunTime></JourneyPatternTimingLink><JourneyPatternTimingLink id="JPL_54969d_H_1_3"><From SequenceNumber="4"><StopPointRef>490009779S</StopPointRef><TimingStatus>PTP</TimingStatus></From><To SequenceNumber="5"><StopPointRef>490014628W</StopPointRef><TimingStatus>PTP</TimingStatus></To><RunTime>PT90S</RunTime></JourneyPatternTimingLink><JourneyPatternTimingLink id="JPL_54969d_H_1_4"><From SequenceNumber="5"><StopPointRef>490014628W</StopPointRef><TimingStatus>PTP</TimingStatus></From><To SequenceNumber="6"><StopPointRef>490011595W</StopPointRef><TimingStatus>PTP</TimingStatus></To><RunTime>PT30S</RunTime></JourneyPatternTimingLink><JourneyPatternTimingLink id="JPL_54969d_H_1_5"><From SequenceNumber="6"><StopPointRef>490011595W</StopPointRef><TimingStatus>PTP</TimingStatus></From><To SequenceNumber="7"><StopPointRef>490005106W</StopPointRef><TimingStatus>PTP</TimingStatus></To><RunTime>PT30S</RunTime></JourneyPatternTimingLink><JourneyPatternTimingLink id="JPL_54969d_H_1_6"><From SequenceNumber="7"><StopPointRef>490005106W</StopPointRef><TimingStatus>PTP</TimingStatus></From><To SequenceNumber="8"><StopPointRef>490014640E</StopPointRef><TimingStatus>PTP</TimingStatus></To><RunTime>PT36S</RunTime></JourneyPatternTimingLink><JourneyPatternTimingLink id="JPL_54969d_H_1_7"><From SequenceNumber="8"><StopPointRef>490014640E</StopPointRef><TimingStatus>PTP</TimingStatus></From><To SequenceNumber="9"><StopPointRef>490013604E</StopPointRef><TimingStatus>PTP</TimingStatus></To><RunTime>PT30S</RunTime></JourneyPatternTimingLink><JourneyPatternTimingLink id="JPL_54969d_H_1_8"><From SequenceNumber="9"><StopPointRef>490013604E</StopPointRef><TimingStatus>PTP</TimingStatus></From><To SequenceNumber="10"><StopPointRef>490011495E</StopPointRef><TimingStatus>PTP</TimingStatus></To><RunTime>PT30S</RunTime></JourneyPatternTimingLink><JourneyPatternTimingLink id="JPL_54969d_H_1_9"><From SequenceNumber="10"><StopPointRef>490011495E</StopPointRef><TimingStatus>PTP</TimingStatus></From><To SequenceNumber="11"><StopPointRef>490005035E</StopPointRef><TimingStatus>PTP</TimingStatus></To><RunTime>PT36S</RunTime></JourneyPatternTimingLink><JourneyPatternTimingLink id="JPL_54969d_H_1_10"><From SequenceNumber="11"><StopPointRef>490005035E</StopPointRef><TimingStatus>PTP</TimingStatus></From><To SequenceNumber="12"><StopPointRef>490013171E</StopPointRef><TimingStatus>PTP</TimingStatus></To><RunTime>PT30S</RunTime></JourneyPatternTimingLink><JourneyPatternTimingLink id="JPL_54969d_H_1_11"><From SequenceNumber="12"><StopPointRef>490013171E</StopPointRef><TimingStatus>PTP</TimingStatus></From><To SequenceNumber="13"><StopPointRef>490005105E</StopPointRef><TimingStatus>PTP</TimingStatus></To><RunTime>PT30S</RunTime></JourneyPatternTimingLink><JourneyPatternTimingLink id="JPL_54969d_H_1_12"><From SequenceNumber="13"><StopPointRef>490005105E</StopPointRef><TimingStatus>PTP</TimingStatus></From><To SequenceNumber="14"><StopPointRef>490005467E</StopPointRef><TimingStatus>PTP</TimingStatus></To><RunTime>PT36S</RunTime></JourneyPatternTimingLink><JourneyPatternTimingLink id="JPL_54969d_H_1_13"><From SequenceNumber="14"><StopPointRef>490005467E</StopPointRef><TimingStatus>PTP</TimingStatus></From><To SequenceNumber="15"><StopPointRef>490005103E</StopPointRef><TimingStatus>PTP</TimingStatus></To><RunTime>PT30S</RunTime></JourneyPatternTimingLink><JourneyPatternTimingLink id="JPL_54969d_H_1_14"><From SequenceNumber="15"><StopPointRef>490005103E</StopPointRef><TimingStatus>PTP</TimingStatus></From><To SequenceNumber="16"><StopPointRef>490001270A</StopPointRef><TimingStatus>PTP</TimingStatus></To><RunTime>PT42S</RunTime></JourneyPatternTimingLink><JourneyPatternTimingLink id="JPL_54969d_H_1_15"><From SequenceNumber="16"><StopPointRef>490001270A</StopPointRef><TimingStatus>PTP</TimingStatus></From><To SequenceNumber="17"><StopPointRef>490011922E</StopPointRef><TimingStatus>PTP</TimingStatus></To><RunTime>PT90S</RunTime></JourneyPatternTimingLink><JourneyPatternTimingLink id="JPL_54969d_H_1_16"><From SequenceNumber="17"><StopPointRef>490011922E</StopPointRef><TimingStatus>PTP</TimingStatus></From><To SequenceNumber="18"><StopPointRef>490011109E</StopPointRef><TimingStatus>PTP</TimingStatus></To><RunTime>PT90S</RunTime></JourneyPatternTimingLink><JourneyPatternTimingLink id="JPL_54969d_H_1_17"><From SequenceNumber="18"><StopPointRef>490011109E</StopPointRef><TimingStatus>PTP</TimingStatus></From><To SequenceNumber="19"><StopPointRef>490005755E</StopPointRef><TimingStatus>PTP</TimingStatus></To><RunTime>PT90S</RunTime></JourneyPatternTimingLink><JourneyPatternTimingLink id="JPL_54969d_H_1_18"><From SequenceNumber="19"><StopPointRef>490005755E</StopPointRef><TimingStatus>PTP</TimingStatus></From><To SequenceNumber="20"><StopPointRef>490007166B</StopPointRef><TimingStatus>PTP</TimingStatus></To><RunTime>PT90S</RunTime></JourneyPatternTimingLink><JourneyPatternTimingLink id="JPL_54969d_H_1_19"><From SequenceNumber="20"><StopPointRef>490007166B</StopPointRef><TimingStatus>PTP</TimingStatus></From><To SequenceNumber="21"><StopPointRef>490012050G</StopPointRef><TimingStatus>PTP</TimingStatus></To><RunTime>PT54S</RunTime></JourneyPatternTimingLink><JourneyPatternTimingLink id="JPL_54969d_H_1_20"><From SequenceNumber="21"><StopPointRef>490012050G</StopPointRef><TimingStatus>PTP</TimingStatus></From><To SequenceNumber="22"><StopPointRef>490012051E</StopPointRef><TimingStatus>PTP</TimingStatus></To><RunTime>PT54S</RunTime></JourneyPatternTimingLink><JourneyPatternTimingLink id="JPL_54969d_H_1_21"><From SequenceNumber="22"><StopPointRef>490012051E</StopPointRef><TimingStatus>PTP</TimingStatus></From><To SequenceNumber="23"><StopPointRef>490012452SH</StopPointRef><TimingStatus>PTP</TimingStatus></To><RunTime>PT54S</RunTime></JourneyPatternTimingLink><JourneyPatternTimingLink id="JPL_54969d_H_1_22"><From SequenceNumber="23"><StopPointRef>490012452SH</StopPointRef><TimingStatus>PTP</TimingStatus></From><To SequenceNumber="24"><StopPointRef>490006377SD</StopPointRef><TimingStatus>PTP</TimingStatus></To><RunTime>PT54S</RunTime></JourneyPatternTimingLink><JourneyPatternTimingLink id="JPL_54969d_H_1_23"><From SequenceNumber="24"><StopPointRef>490006377SD</StopPointRef><TimingStatus>PTP</TimingStatus></From><To SequenceNumber="25"><StopPointRef>490012046E</StopPointRef><TimingStatus>PTP</TimingStatus></To><RunTime>PT54S</RunTime></JourneyPatternTimingLink><JourneyPatternTimingLink id="JPL_54969d_H_1_24"><From SequenceNumber="25"><StopPointRef>490012046E</StopPointRef><TimingStatus>PTP</TimingStatus></From><To SequenceNumber="26"><StopPointRef>490005407E</StopPointRef><TimingStatus>PTP</TimingStatus></To><RunTime>PT54S</RunTime></JourneyPatternTimingLink><JourneyPatternTimingLink id="JPL_54969d_H_1_25"><From SequenceNumber="26"><StopPointRef>490005407E</StopPointRef><TimingStatus>PTP</TimingStatus></From><To SequenceNumber="27"><StopPointRef>490007332E</StopPointRef><TimingStatus>PTP</TimingStatus></To><RunTime>PT54S</RunTime></JourneyPatternTimingLink><JourneyPatternTimingLink id="JPL_54969d_H_1_26"><From SequenceNumber="27"><StopPointRef>490007332E</StopPointRef><TimingStatus>PTP</TimingStatus></From><To SequenceNumber="28"><StopPointRef>490013196E</StopPointRef><TimingStatus>PTP</TimingStatus></To><RunTime>PT54S</RunTime></JourneyPatternTimingLink><JourneyPatternTimingLink id="JPL_54969d_H_1_27"><From SequenceNumber="28"><StopPointRef>490013196E</StopPointRef><TimingStatus>PTP</TimingStatus></From><To SequenceNumber="29"><StopPointRef>490012049E</StopPointRef><TimingStatus>PTP</TimingStatus></To><RunTime>PT54S</RunTime></JourneyPatternTimingLink><JourneyPatternTimingLink id="JPL_54969d_H_1_28"><From SequenceNumber="29"><StopPointRef>490012049E</StopPointRef><TimingStatus>PTP</TimingStatus></From><To SequenceNumber="30"><StopPointRef>490012045945</StopPointRef><TimingStatus>PTP</TimingStatus></To><RunTime>PT54S</RunTime></JourneyPatternTimingLink><JourneyPatternTimingLink id="JPL_54969d_H_1_29"><From SequenceNumber="30"><StopPointRef>490012045945</StopPointRef><TimingStatus>PTP</TimingStatus></From><To SequenceNumber="31"><StopPointRef>490010046E</StopPointRef><TimingStatus>PTP</TimingStatus></To><RunTime>PT102S</RunTime></JourneyPatternTimingLink><JourneyPatternTimingLink id="JPL_54969d_H_1_30"><From SequenceNumber="31"><StopPointRef>490010046E</StopPointRef><TimingStatus>PTP</TimingStatus></From><To SequenceNumber="32"><StopPointRef>490003516E</StopPointRef><TimingStatus>PTP</TimingStatus></To><RunTime>PT108S</RunTime></JourneyPatternTimingLink><JourneyPatternTimingLink id="JPL_54969d_H_1_31"><From SequenceNumber="32"><StopPointRef>490003516E</StopPointRef><TimingStatus>PTP</TimingStatus></From><To SequenceNumber="33"><StopPointRef>490014596E</StopPointRef><TimingStatus>PTP</TimingStatus></To><RunTime>PT102S</RunTime></JourneyPatternTimingLink><JourneyPatternTimingLink id="JPL_54969d_H_1_32"><From SequenceNumber="33"><StopPointRef>490014596E</StopPointRef><TimingStatus>PTP</TimingStatus></From><To SequenceNumber="34"><StopPointRef>490001015BK</StopPointRef><TimingStatus>PTP</TimingStatus></To><RunTime>PT108S</RunTime></JourneyPatternTimingLink><JourneyPatternTimingLink id="JPL_54969d_H_1_33"><From SequenceNumber="34"><StopPointRef>490001015BK</StopPointRef><TimingStatus>PTP</TimingStatus></From><To SequenceNumber="35"><StopPointRef>490003631S</StopPointRef><TimingStatus>PTP</TimingStatus></To><RunTime>PT48S</RunTime></JourneyPatternTimingLink><JourneyPatternTimingLink id="JPL_54969d_H_1_34"><From SequenceNumber="35"><StopPointRef>490003631S</StopPointRef><TimingStatus>PTP</TimingStatus></From><To SequenceNumber="36"><StopPointRef>490007168N</StopPointRef><TimingStatus>PTP</TimingStatus></To><RunTime>PT54S</RunTime></JourneyPatternTimingLink><JourneyPatternTimingLink id="JPL_54969d_H_1_35"><From SequenceNumber="36"><StopPointRef>490007168N</StopPointRef><TimingStatus>PTP</TimingStatus></From><To SequenceNumber="37"><StopPointRef>490005551N</StopPointRef><TimingStatus>PTP</TimingStatus></To><RunTime>PT48S</RunTime></JourneyPatternTimingLink><JourneyPatternTimingLink id="JPL_54969d_H_1_36"><From SequenceNumber="37"><StopPointRef>490005551N</StopPointRef><TimingStatus>PTP</TimingStatus></From><To SequenceNumber="38"><StopPointRef>490007840S</StopPointRef><TimingStatus>PTP</TimingStatus></To><RunTime>PT54S</RunTime></JourneyPatternTimingLink><JourneyPatternTimingLink id="JPL_54969d_H_1_37"><From SequenceNumber="38"><StopPointRef>490007840S</StopPointRef><TimingStatus>PTP</TimingStatus></From><To SequenceNumber="39"><StopPointRef>490009354W</StopPointRef><TimingStatus>PTP</TimingStatus></To><RunTime>PT48S</RunTime></JourneyPatternTimingLink><JourneyPatternTimingLink id="JPL_54969d_H_1_38"><From SequenceNumber="39"><StopPointRef>490009354W</StopPointRef><TimingStatus>PTP</TimingStatus></From><To SequenceNumber="40"><StopPointRef>490006661E</StopPointRef><TimingStatus>PTP</TimingStatus></To><RunTime>PT54S</RunTime></JourneyPatternTimingLink><JourneyPatternTimingLink id="JPL_54969d_H_1_39"><From SequenceNumber="40"><StopPointRef>490006661E</StopPointRef><TimingStatus>PTP</TimingStatus></From><To SequenceNumber="41"><StopPointRef>490008546E</StopPointRef><TimingStatus>PTP</TimingStatus></To><RunTime>PT54S</RunTime></JourneyPatternTimingLink><JourneyPatternTimingLink id="JPL_54969d_H_1_40"><From SequenceNumber="41"><StopPointRef>490008546E</StopPointRef><TimingStatus>PTP</TimingStatus></From><To SequenceNumber="42"><StopPointRef>490009511S</StopPointRef><TimingStatus>PTP</TimingStatus></To><RunTime>PT72S</RunTime></JourneyPatternTimingLink><JourneyPatternTimingLink id="JPL_54969d_H_1_41"><From SequenceNumber="42"><StopPointRef>490009511S</StopPointRef><TimingStatus>PTP</TimingStatus></From><To SequenceNumber="43"><StopPointRef>490012987W</StopPointRef><TimingStatus>PTP</TimingStatus></To><RunTime>PT78S</RunTime></JourneyPatternTimingLink><JourneyPatternTimingLink id="JPL_54969d_H_1_42"><From SequenceNumber="43"><StopPointRef>490012987W</StopPointRef><TimingStatus>PTP</TimingStatus></From><To SequenceNumber="44"><StopPointRef>490006824S</StopPointRef><TimingStatus>PTP</TimingStatus></To><RunTime>PT72S</RunTime></JourneyPatternTimingLink><JourneyPatternTimingLink id="JPL_54969d_H_1_43"><From SequenceNumber="44"><StopPointRef>490006824S</StopPointRef><TimingStatus>PTP</TimingStatus></From><To SequenceNumber="45"><StopPointRef>490005298WS</StopPointRef><TimingStatus>PTP</TimingStatus></To><RunTime>PT78S</RunTime></JourneyPatternTimingLink><JourneyPatternTimingLink id="JPL_54969d_H_1_44"><From SequenceNumber="45"><StopPointRef>490005298WS</StopPointRef><TimingStatus>PTP</TimingStatus></From><To SequenceNumber="46"><StopPointRef>490011420WT</StopPointRef><TimingStatus>PTP</TimingStatus></To><RunTime>PT60S</RunTime></JourneyPatternTimingLink><JourneyPatternTimingLink id="JPL_54969d_H_1_45"><From SequenceNumber="46"><StopPointRef>490011420WT</StopPointRef><TimingStatus>PTP</TimingStatus></From><To SequenceNumber="47"><StopPointRef>490001014B</StopPointRef><TimingStatus>PTP</TimingStatus></To><RunTime>PT60S</RunTime></JourneyPatternTimingLink><JourneyPatternTimingLink id="JPL_54969d_H_1_46"><From SequenceNumber="47"><StopPointRef>490001014B</StopPointRef><TimingStatus>PTP</TimingStatus></From><To SequenceNumber="48"><StopPointRef>490011642F</StopPointRef><TimingStatus>PTP</TimingStatus></To><RunTime>PT60S</RunTime></JourneyPatternTimingLink><JourneyPatternTimingLink id="JPL_54969d_H_1_47"><From SequenceNumber="48"><StopPointRef>490011642F</StopPointRef><TimingStatus>PTP</TimingStatus></From><To SequenceNumber="49"><StopPointRef>490009445W</StopPointRef><TimingStatus>PTP</TimingStatus></To><RunTime>PT120S</RunTime></JourneyPatternTimingLink><JourneyPatternTimingLink id="JPL_54969d_H_1_48"><From SequenceNumber="49"><StopPointRef>490009445W</StopPointRef><TimingStatus>PTP</TimingStatus></From><To SequenceNumber="50"><StopPointRef>490011642E</StopPointRef><TimingStatus>PTP</TimingStatus></To><RunTime>PT132S</RunTime></JourneyPatternTimingLink><JourneyPatternTimingLink id="JPL_54969d_H_1_49"><From SequenceNumber="50"><StopPointRef>490011642E</StopPointRef><TimingStatus>PTP</TimingStatus></From><To SequenceNumber="51"><StopPointRef>490011715D</StopPointRef><TimingStatus>PTP</TimingStatus></To><RunTime>PT132S</RunTime></JourneyPatternTimingLink><JourneyPatternTimingLink id="JPL_54969d_H_1_50"><From SequenceNumber="51"><StopPointRef>490011715D</StopPointRef><TimingStatus>PTP</TimingStatus></From><To SequenceNumber="52"><StopPointRef>490006697S</StopPointRef><TimingStatus>PTP</TimingStatus></To><RunTime>PT132S</RunTime></JourneyPatternTimingLink><JourneyPatternTimingLink id="JPL_54969d_H_1_51"><From SequenceNumber="52"><StopPointRef>490006697S</StopPointRef><TimingStatus>PTP</TimingStatus></From><To SequenceNumber="53"><StopPointRef>490006083S</StopPointRef><TimingStatus>PTP</TimingStatus></To><RunTime>PT132S</RunTime></JourneyPatternTimingLink><JourneyPatternTimingLink id="JPL_54969d_H_1_52"><From SequenceNumber="53"><StopPointRef>490006083S</StopPointRef><TimingStatus>PTP</TimingStatus></From><To SequenceNumber="54"><StopPointRef>490015037S</StopPointRef><TimingStatus>PTP</TimingStatus></To><RunTime>PT132S</RunTime></JourneyPatternTimingLink><JourneyPatternTimingLink id="JPL_54969d_H_1_53"><From SequenceNumber="54"><StopPointRef>490015037S</StopPointRef><TimingStatus>PTP</TimingStatus></From><To SequenceNumber="55"><StopPointRef>490011322T</StopPointRef><TimingStatus>PTP</TimingStatus></To><RunTime>PT60S</RunTime></JourneyPatternTimingLink><JourneyPatternTimingLink id="JPL_54969d_H_1_54"><From SequenceNumber="55"><StopPointRef>490011322T</StopPointRef><TimingStatus>PTP</TimingStatus></From><To SequenceNumber="56"><StopPointRef>490011640M</StopPointRef><TimingStatus>PTP</TimingStatus></To><RunTime>PT60S</RunTime></JourneyPatternTimingLink><JourneyPatternTimingLink id="JPL_54969d_H_1_55"><From SequenceNumber="56"><StopPointRef>490011640M</StopPointRef><TimingStatus>PTP</TimingStatus></From><To SequenceNumber="57"><StopPointRef>490009745S</StopPointRef><TimingStatus>PTP</TimingStatus></To><RunTime>PT60S</RunTime></JourneyPatternTimingLink><JourneyPatternTimingLink id="JPL_54969d_H_1_56"><From SequenceNumber="57"><StopPointRef>490009745S</StopPointRef><TimingStatus>PTP</TimingStatus></From><To SequenceNumber="58"><StopPointRef>490014181S</StopPointRef><TimingStatus>PTP</TimingStatus></To><RunTime>PT60S</RunTime></JourneyPatternTimingLink><JourneyPatternTimingLink id="JPL_54969d_H_1_57"><From SequenceNumber="58"><StopPointRef>490014181S</StopPointRef><TimingStatus>PTP</TimingStatus></From><To SequenceNumber="59"><StopPointRef>490011292W</StopPointRef><TimingStatus>PTP</TimingStatus></To><RunTime>PT60S</RunTime></JourneyPatternTimingLink><JourneyPatternTimingLink id="JPL_54969d_H_1_58"><From SequenceNumber="59"><StopPointRef>490011292W</StopPointRef><TimingStatus>PTP</TimingStatus></From><To SequenceNumber="60"><StopPointRef>490014489W</StopPointRef><TimingStatus>PTP</TimingStatus></To><RunTime>PT60S</RunTime></JourneyPatternTimingLink><JourneyPatternTimingLink id="JPL_54969d_H_1_59"><From SequenceNumber="60"><StopPointRef>490014489W</StopPointRef><TimingStatus>PTP</TimingStatus></From><To SequenceNumber="61"><StopPointRef>490008832S2</StopPointRef><TimingStatus>PTP</TimingStatus></To><RunTime>PT60S</RunTime></JourneyPatternTimingLink></JourneyPatternSection><JourneyPatternSection id="JPS_54969d_R_2"><JourneyPatternTimingLink id="JPL_54969d_R_2_0"><From SequenceNumber="1"><StopPointRef>490008832S2</StopPointRef><TimingStatus>PTP</TimingStatus></From><To SequenceNumber="2"><StopPointRef>490011640A</StopPointRef><TimingStatus>PTP</TimingStatus></To><RunTime>PT240S</RunTime></JourneyPatternTimingLink><JourneyPatternTimingLink id="JPL_54969d_R_2_1"><From SequenceNumber="2"><StopPointRef>490011640A</StopPointRef><TimingStatus>PTP</TimingStatus></From><To SequenceNumber="3"><StopPointRef>490011322S</StopPointRef><TimingStatus>PTP</TimingStatus></To><RunTime>PT60S</RunTime></JourneyPatternTimingLink><JourneyPatternTimingLink id="JPL_54969d_R_2_2"><From SequenceNumber="3"><StopPointRef>490011322S</StopPointRef><TimingStatus>PTP</TimingStatus></From><To SequenceNumber="4"><StopPointRef>490015037N</StopPointRef><TimingStatus>PTP</TimingStatus></To><RunTime>PT60S</RunTime></JourneyPatternTimingLink><JourneyPatternTimingLink id="JPL_54969d_R_2_3"><From SequenceNumber="4"><StopPointRef>490015037N</StopPointRef><TimingStatus>PTP</TimingStatus></From><To SequenceNumber="5"><StopPointRef>490006083N</StopPointRef><TimingStatus>PTP</TimingStatus></To><RunTime>PT42S</RunTime></JourneyPatternTimingLink><JourneyPatternTimingLink id="JPL_54969d_R_2_4"><From SequenceNumber="5"><StopPointRef>490006083N</StopPointRef><TimingStatus>PTP</TimingStatus></From><To SequenceNumber="6"><StopPointRef>490006697N</StopPointRef><TimingStatus>PTP</TimingStatus></To><RunTime>PT48S</RunTime></JourneyPatternTimingLink><JourneyPatternTimingLink id="JPL_54969d_R_2_5"><From SequenceNumber="6"><StopPointRef>490006697N</StopPointRef><TimingStatus>PTP</TimingStatus></From><To SequenceNumber="7"><StopPointRef>490011715C</StopPointRef><TimingStatus>PTP</TimingStatus></To><RunTime>PT42S</RunTime></JourneyPatternTimingLink><JourneyPatternTimingLink id="JPL_54969d_R_2_6"><From SequenceNumber="7"><StopPointRef>490011715C</StopPointRef><TimingStatus>PTP</TimingStatus></From><To SequenceNumber="8"><StopPointRef>490011642F</StopPointRef><TimingStatus>PTP</TimingStatus></To><RunTime>PT48S</RunTime></JourneyPatternTimingLink><JourneyPatternTimingLink id="JPL_54969d_R_2_7"><From SequenceNumber="8"><StopPointRef>490011642F</StopPointRef><TimingStatus>PTP</TimingStatus></From><To SequenceNumber="9"><StopPointRef>490009445W</StopPointRef><TimingStatus>PTP</TimingStatus></To><RunTime>PT120S</RunTime></JourneyPatternTimingLink><JourneyPatternTimingLink id="JPL_54969d_R_2_8"><From SequenceNumber="9"><StopPointRef>490009445W</StopPointRef><TimingStatus>PTP</TimingStatus></From><To SequenceNumber="10"><StopPointRef>490011231W</StopPointRef><TimingStatus>PTP</TimingStatus></To><RunTime>PT120S</RunTime></JourneyPatternTimingLink><JourneyPatternTimingLink id="JPL_54969d_R_2_9"><From SequenceNumber="10"><StopPointRef>490011231W</StopPointRef><TimingStatus>PTP</TimingStatus></From><To SequenceNumber="11"><StopPointRef>490011642E</StopPointRef><TimingStatus>PTP</TimingStatus></To><RunTime>PT120S</RunTime></JourneyPatternTimingLink><JourneyPatternTimingLink id="JPL_54969d_R_2_10"><From SequenceNumber="11"><StopPointRef>490011642E</StopPointRef><TimingStatus>PTP</TimingStatus></From><To SequenceNumber="12"><StopPointRef>490001014A</StopPointRef><TimingStatus>PTP</TimingStatus></To><RunTime>PT120S</RunTime></JourneyPatternTimingLink><JourneyPatternTimingLink id="JPL_54969d_R_2_11"><From SequenceNumber="12"><StopPointRef>490001014A</StopPointRef><TimingStatus>PTP</TimingStatus></From><To SequenceNumber="13"><StopPointRef>490011420WX</StopPointRef><TimingStatus>PTP</TimingStatus></To><RunTime>PT120S</RunTime></JourneyPatternTimingLink><JourneyPatternTimingLink id="JPL_54969d_R_2_12"><From SequenceNumber="13"><StopPointRef>490011420WX</StopPointRef><TimingStatus>PTP</TimingStatus></From><To SequenceNumber="14"><StopPointRef>490003628WR</StopPointRef><TimingStatus>PTP</TimingStatus></To><RunTime>PT120S</RunTime></JourneyPatternTimingLink><JourneyPatternTimingLink id="JPL_54969d_R_2_13"><From SequenceNumber="14"><StopPointRef>490003628WR</StopPointRef><TimingStatus>PTP</TimingStatus></From><To SequenceNumber="15"><StopPointRef>490006824N</StopPointRef><TimingStatus>PTP</TimingStatus></To><RunTime>PT72S</RunTime></JourneyPatternTimingLink><JourneyPatternTimingLink id="JPL_54969d_R_2_14"><From SequenceNumber="15"><StopPointRef>490006824N</StopPointRef><TimingStatus>PTP</TimingStatus></From><To SequenceNumber="16"><StopPointRef>490012987E</StopPointRef><TimingStatus>PTP</TimingStatus></To><RunTime>PT78S</RunTime></JourneyPatternTimingLink><JourneyPatternTimingLink id="JPL_54969d_R_2_15"><From SequenceNumber="16"><StopPointRef>490012987E</StopPointRef><TimingStatus>PTP</TimingStatus></From><To SequenceNumber="17"><StopPointRef>490009511N</StopPointRef><TimingStatus>PTP</TimingStatus></To><RunTime>PT72S</RunTime></JourneyPatternTimingLink><JourneyPatternTimingLink id="JPL_54969d_R_2_16"><From SequenceNumber="17"><StopPointRef>490009511N</StopPointRef><TimingStatus>PTP</TimingStatus></From><To SequenceNumber="18"><StopPointRef>490008546N1</StopPointRef><TimingStatus>PTP</TimingStatus></To><RunTime>PT78S</RunTime></JourneyPatternTimingLink><JourneyPatternTimingLink id="JPL_54969d_R_2_17"><From SequenceNumber="18"><StopPointRef>490008546N1</StopPointRef><TimingStatus>PTP</TimingStatus></From><To SequenceNumber="19"><StopPointRef>490006661W</StopPointRef><TimingStatus>PTP</TimingStatus></To><RunTime>PT48S</RunTime></JourneyPatternTimingLink><JourneyPatternTimingLink id="JPL_54969d_R_2_18"><From SequenceNumber="19"><StopPointRef>490006661W</StopPointRef><TimingStatus>PTP</TimingStatus></From><To SequenceNumber="20"><StopPointRef>490009354E</StopPointRef><TimingStatus>PTP</TimingStatus></To><RunTime>PT54S</RunTime></JourneyPatternTimingLink><JourneyPatternTimingLink id="JPL_54969d_R_2_19"><From SequenceNumber="20"><StopPointRef>490009354E</StopPointRef><TimingStatus>PTP</TimingStatus></From><To SequenceNumber="21"><StopPointRef>490007840S</StopPointRef><TimingStatus>PTP</TimingStatus></To><RunTime>PT48S</RunTime></JourneyPatternTimingLink><JourneyPatternTimingLink id="JPL_54969d_R_2_20"><From SequenceNumber="21"><StopPointRef>490007840S</StopPointRef><TimingStatus>PTP</TimingStatus></From><To SequenceNumber="22"><StopPointRef>490005551S</StopPointRef><TimingStatus>PTP</TimingStatus></To><RunTime>PT54S</RunTime></JourneyPatternTimingLink><JourneyPatternTimingLink id="JPL_54969d_R_2_21"><From SequenceNumber="22"><StopPointRef>490005551S</StopPointRef><TimingStatus>PTP</TimingStatus></From><To SequenceNumber="23"><StopPointRef>490007168S</StopPointRef><TimingStatus>PTP</TimingStatus></To><RunTime>PT48S</RunTime></JourneyPatternTimingLink><JourneyPatternTimingLink id="JPL_54969d_R_2_22"><From SequenceNumber="23"><StopPointRef>490007168S</StopPointRef><TimingStatus>PTP</TimingStatus></From><To SequenceNumber="24"><StopPointRef>490003631S</StopPointRef><TimingStatus>PTP</TimingStatus></To><RunTime>PT54S</RunTime></JourneyPatternTimingLink><JourneyPatternTimingLink id="JPL_54969d_R_2_23"><From SequenceNumber="24"><StopPointRef>490003631S</StopPointRef><TimingStatus>PTP</TimingStatus></From><To SequenceNumber="25"><StopPointRef>490001015BJ</StopPointRef><TimingStatus>PTP</TimingStatus></To><RunTime>PT54S</RunTime></JourneyPatternTimingLink><JourneyPatternTimingLink id="JPL_54969d_R_2_24"><From SequenceNumber="25"><StopPointRef>490001015BJ</StopPointRef><TimingStatus>PTP</TimingStatus></From><To SequenceNumber="26"><StopPointRef>490014596W</StopPointRef><TimingStatus>PTP</TimingStatus></To><RunTime>PT102S</RunTime></JourneyPatternTimingLink><JourneyPatternTimingLink id="JPL_54969d_R_2_25"><From SequenceNumber="26"><StopPointRef>490014596W</StopPointRef><TimingStatus>PTP</TimingStatus></From><To SequenceNumber="27"><StopPointRef>490003516W</StopPointRef><TimingStatus>PTP</TimingStatus></To><RunTime>PT108S</RunTime></JourneyPatternTimingLink><JourneyPatternTimingLink id="JPL_54969d_R_2_26"><From SequenceNumber="27"><StopPointRef>490003516W</StopPointRef><TimingStatus>PTP</TimingStatus></From><To SequenceNumber="28"><StopPointRef>490010046W</StopPointRef><TimingStatus>PTP</TimingStatus></To><RunTime>PT102S</RunTime></JourneyPatternTimingLink><JourneyPatternTimingLink id="JPL_54969d_R_2_27"><From SequenceNumber="28"><StopPointRef>490010046W</StopPointRef><TimingStatus>PTP</TimingStatus></From><To SequenceNumber="29"><StopPointRef>490012045946</StopPointRef><TimingStatus>PTP</TimingStatus></To><RunTime>PT108S</RunTime></JourneyPatternTimingLink><JourneyPatternTimingLink id="JPL_54969d_R_2_28"><From SequenceNumber="29"><StopPointRef>490012045946</StopPointRef><TimingStatus>PTP</TimingStatus></From><To SequenceNumber="30"><StopPointRef>490012049W</StopPointRef><TimingStatus>PTP</TimingStatus></To><RunTime>PT60S</RunTime></JourneyPatternTimingLink><JourneyPatternTimingLink id="JPL_54969d_R_2_29"><From SequenceNumber="30"><StopPointRef>490012049W</StopPointRef><TimingStatus>PTP</TimingStatus></From><To SequenceNumber="31"><StopPointRef>490013196W</StopPointRef><TimingStatus>PTP</TimingStatus></To><RunTime>PT60S</RunTime></JourneyPatternTimingLink><JourneyPatternTimingLink id="JPL_54969d_R_2_30"><From SequenceNumber="31"><StopPointRef>490013196W</StopPointRef><TimingStatus>PTP</TimingStatus></From><To SequenceNumber="32"><StopPointRef>490003941W</StopPointRef><TimingStatus>PTP</TimingStatus></To><RunTime>PT60S</RunTime></JourneyPatternTimingLink><JourneyPatternTimingLink id="JPL_54969d_R_2_31"><From SequenceNumber="32"><StopPointRef>490003941W</StopPointRef><TimingStatus>PTP</TimingStatus></From><To SequenceNumber="33"><StopPointRef>490012046W</StopPointRef><TimingStatus>PTP</TimingStatus></To><RunTime>PT60S</RunTime></JourneyPatternTimingLink><JourneyPatternTimingLink id="JPL_54969d_R_2_32"><From SequenceNumber="33"><StopPointRef>490012046W</StopPointRef><TimingStatus>PTP</TimingStatus></From><To SequenceNumber="34"><StopPointRef>490006377SE</StopPointRef><TimingStatus>PTP</TimingStatus></To><RunTime>PT60S</RunTime></JourneyPatternTimingLink><JourneyPatternTimingLink id="JPL_54969d_R_2_33"><From SequenceNumber="34"><StopPointRef>490006377SE</StopPointRef><TimingStatus>PTP</TimingStatus></From><To SequenceNumber="35"><StopPointRef>490012452W</StopPointRef><TimingStatus>PTP</TimingStatus></To><RunTime>PT60S</RunTime></JourneyPatternTimingLink><JourneyPatternTimingLink id="JPL_54969d_R_2_34"><From SequenceNumber="35"><StopPointRef>490012452W</StopPointRef><TimingStatus>PTP</TimingStatus></From><To SequenceNumber="36"><StopPointRef>490012051W</StopPointRef><TimingStatus>PTP</TimingStatus></To><RunTime>PT60S</RunTime></JourneyPatternTimingLink><JourneyPatternTimingLink id="JPL_54969d_R_2_35"><From SequenceNumber="36"><StopPointRef>490012051W</StopPointRef><TimingStatus>PTP</TimingStatus></From><To SequenceNumber="37"><StopPointRef>490012050L</StopPointRef><TimingStatus>PTP</TimingStatus></To><RunTime>PT60S</RunTime></JourneyPatternTimingLink><JourneyPatternTimingLink id="JPL_54969d_R_2_36"><From SequenceNumber="37"><StopPointRef>490012050L</StopPointRef><TimingStatus>PTP</TimingStatus></From><To SequenceNumber="38"><StopPointRef>490011556J</StopPointRef><TimingStatus>PTP</TimingStatus></To><RunTime>PT60S</RunTime></JourneyPatternTimingLink><JourneyPatternTimingLink id="JPL_54969d_R_2_37"><From SequenceNumber="38"><StopPointRef>490011556J</StopPointRef><TimingStatus>PTP</TimingStatus></From><To SequenceNumber="39"><StopPointRef>490005755W</StopPointRef><TimingStatus>PTP</TimingStatus></To><RunTime>PT90S</RunTime></JourneyPatternTimingLink><JourneyPatternTimingLink id="JPL_54969d_R_2_38"><From SequenceNumber="39"><StopPointRef>490005755W</StopPointRef><TimingStatus>PTP</TimingStatus></From><To SequenceNumber="40"><StopPointRef>490011109W</StopPointRef><TimingStatus>PTP</TimingStatus></To><RunTime>PT90S</RunTime></JourneyPatternTimingLink><JourneyPatternTimingLink id="JPL_54969d_R_2_39"><From SequenceNumber="40"><StopPointRef>490011109W</StopPointRef><TimingStatus>PTP</TimingStatus></From><To SequenceNumber="41"><StopPointRef>490011922W</StopPointRef><TimingStatus>PTP</TimingStatus></To><RunTime>PT90S</RunTime></JourneyPatternTimingLink><JourneyPatternTimingLink id="JPL_54969d_R_2_40"><From SequenceNumber="41"><StopPointRef>490011922W</StopPointRef><TimingStatus>PTP</TimingStatus></From><To SequenceNumber="42"><StopPointRef>490001270B</StopPointRef><TimingStatus>PTP</TimingStatus></To><RunTime>PT90S</RunTime></JourneyPatternTimingLink><JourneyPatternTimingLink id="JPL_54969d_R_2_41"><From SequenceNumber="42"><StopPointRef>490001270B</StopPointRef><TimingStatus>PTP</TimingStatus></From><To SequenceNumber="43"><StopPointRef>490005103W</StopPointRef><TimingStatus>PTP</TimingStatus></To><RunTime>PT36S</RunTime></JourneyPatternTimingLink><JourneyPatternTimingLink id="JPL_54969d_R_2_42"><From SequenceNumber="43"><StopPointRef>490005103W</StopPointRef><TimingStatus>PTP</TimingStatus></From><To SequenceNumber="44"><StopPointRef>490005467W</StopPointRef><TimingStatus>PTP</TimingStatus></To><RunTime>PT36S</RunTime></JourneyPatternTimingLink><JourneyPatternTimingLink id="JPL_54969d_R_2_43"><From SequenceNumber="44"><StopPointRef>490005467W</StopPointRef><TimingStatus>PTP</TimingStatus></From><To SequenceNumber="45"><StopPointRef>490005102W</StopPointRef><TimingStatus>PTP</TimingStatus></To><RunTime>PT36S</RunTime></JourneyPatternTimingLink><JourneyPatternTimingLink id="JPL_54969d_R_2_44"><From SequenceNumber="45"><StopPointRef>490005102W</StopPointRef><TimingStatus>PTP</TimingStatus></From><To SequenceNumber="46"><StopPointRef>490003234W</StopPointRef><TimingStatus>PTP</TimingStatus></To><RunTime>PT36S</RunTime></JourneyPatternTimingLink><JourneyPatternTimingLink id="JPL_54969d_R_2_45"><From SequenceNumber="46"><StopPointRef>490003234W</StopPointRef><TimingStatus>PTP</TimingStatus></From><To SequenceNumber="47"><StopPointRef>490005245W</StopPointRef><TimingStatus>PTP</TimingStatus></To><RunTime>PT36S</RunTime></JourneyPatternTimingLink><JourneyPatternTimingLink id="JPL_54969d_R_2_46"><From SequenceNumber="47"><StopPointRef>490005245W</StopPointRef><TimingStatus>PTP</TimingStatus></From><To SequenceNumber="48"><StopPointRef>490005107W</StopPointRef><TimingStatus>PTP</TimingStatus></To><RunTime>PT42S</RunTime></JourneyPatternTimingLink><JourneyPatternTimingLink id="JPL_54969d_R_2_47"><From SequenceNumber="48"><StopPointRef>490005107W</StopPointRef><TimingStatus>PTP</TimingStatus></From><To SequenceNumber="49"><StopPointRef>490008623W</StopPointRef><TimingStatus>PTP</TimingStatus></To><RunTime>PT36S</RunTime></JourneyPatternTimingLink><JourneyPatternTimingLink id="JPL_54969d_R_2_48"><From SequenceNumber="49"><StopPointRef>490008623W</StopPointRef><TimingStatus>PTP</TimingStatus></From><To SequenceNumber="50"><StopPointRef>490014630E</StopPointRef><TimingStatus>PTP</TimingStatus></To><RunTime>PT42S</RunTime></JourneyPatternTimingLink><JourneyPatternTimingLink id="JPL_54969d_R_2_49"><From SequenceNumber="50"><StopPointRef>490014630E</StopPointRef><TimingStatus>PTP</TimingStatus></From><To SequenceNumber="51"><StopPointRef>490011689W</StopPointRef><TimingStatus>PTP</TimingStatus></To><RunTime>PT60S</RunTime></JourneyPatternTimingLink><JourneyPatternTimingLink id="JPL_54969d_R_2_50"><From SequenceNumber="51"><StopPointRef>490011689W</StopPointRef><TimingStatus>PTP</TimingStatus></From><To SequenceNumber="52"><StopPointRef>490011495W</StopPointRef><TimingStatus>PTP</TimingStatus></To><RunTime>PT60S</RunTime></JourneyPatternTimingLink><JourneyPatternTimingLink id="JPL_54969d_R_2_51"><From SequenceNumber="52"><StopPointRef>490011495W</StopPointRef><TimingStatus>PTP</TimingStatus></From><To SequenceNumber="53"><StopPointRef>490009779S</StopPointRef><TimingStatus>PTP</TimingStatus></To><RunTime>PT60S</RunTime></JourneyPatternTimingLink><JourneyPatternTimingLink id="JPL_54969d_R_2_52"><From SequenceNumber="53"><StopPointRef>490009779S</StopPointRef><TimingStatus>PTP</TimingStatus></From><To SequenceNumber="54"><StopPointRef>490014628W</StopPointRef><TimingStatus>PTP</TimingStatus></To><RunTime>PT60S</RunTime></JourneyPatternTimingLink><JourneyPatternTimingLink id="JPL_54969d_R_2_53"><From SequenceNumber="54"><StopPointRef>490014628W</StopPointRef><TimingStatus>PTP</TimingStatus></From><To SequenceNumber="55"><StopPointRef>490011595W</StopPointRef><TimingStatus>PTP</TimingStatus></To><RunTime>PT60S</RunTime></JourneyPatternTimingLink><JourneyPatternTimingLink id="JPL_54969d_R_2_54"><From SequenceNumber="55"><StopPointRef>490011595W</StopPointRef><TimingStatus>PTP</TimingStatus></From><To SequenceNumber="56"><StopPointRef>490005106W</StopPointRef><TimingStatus>PTP</TimingStatus></To><RunTime>PT60S</RunTime></JourneyPatternTimingLink></JourneyPatternSection></JourneyPatternSections><Operators><Operator id="OId_54"><OperatorCode>ML</OperatorCode><OperatorShortName>Metroline</OperatorShortName><OperatorNameOnLicence>Metroline</OperatorNameOnLicence><TradingName>Metroline</TradingName></Operator></Operators><Services><Service><ServiceCode>SId_54969d6</ServiceCode><PrivateCode>54969d6</PrivateCode><Lines><Line id="LId_54969d6"><LineName>969</LineName></Line></Lines><OperatingPeriod><StartDate>2009-12-01</StartDate><EndDate>2010-12-23</EndDate></OperatingPeriod><OperatingProfile><RegularDayType>
					<DaysOfWeek>
						<Friday/>
					</DaysOfWeek>
				</RegularDayType>
				<BankHolidayOperation><DaysOfNonOperation><AllBankHolidays></AllBankHolidays></DaysOfNonOperation></BankHolidayOperation></OperatingProfile><RegisteredOperatorRef>OId_54</RegisteredOperatorRef><StopRequirements><NoNewStopsRequired/></StopRequirements><StandardService><Origin>Whitton / Gladstone Avenue</Origin><Destination>Roehampton Vale Asda</Destination><JourneyPattern id="JP_54969d_H6_1"><Direction>outbound</Direction><Operational><VehicleType><VehicleTypeCode>06</VehicleTypeCode><Description>Single Decker Low Floor+Wheelchair</Description></VehicleType></Operational><RouteRef>R_54969d_H_1</RouteRef><JourneyPatternSectionRefs>JPS_54969d_H_1</JourneyPatternSectionRefs></JourneyPattern><JourneyPattern id="JP_54969d_R6_2"><Direction>inbound</Direction><Operational><VehicleType><VehicleTypeCode>06</VehicleTypeCode><Description>Single Decker Low Floor+Wheelchair</Description></VehicleType></Operational><RouteRef>R_54969d_R_2</RouteRef><JourneyPatternSectionRefs>JPS_54969d_R_2</JourneyPatternSectionRefs></JourneyPattern></StandardService></Service><Service><ServiceCode>SId_54969dT</ServiceCode><PrivateCode>54969dT</PrivateCode><Lines><Line id="LId_54969dT"><LineName>969</LineName></Line></Lines><OperatingPeriod><StartDate>2009-12-01</StartDate><EndDate>2010-12-23</EndDate></OperatingPeriod><OperatingProfile><RegularDayType>
					<DaysOfWeek>
						<Tuesday/>
					</DaysOfWeek>
				</RegularDayType>
				<BankHolidayOperation><DaysOfNonOperation><AllBankHolidays></AllBankHolidays></DaysOfNonOperation></BankHolidayOperation></OperatingProfile><RegisteredOperatorRef>OId_54</RegisteredOperatorRef><StopRequirements><NoNewStopsRequired/></StopRequirements><StandardService><Origin>Whitton / Gladstone Avenue</Origin><Destination>Roehampton Vale Asda</Destination><JourneyPattern id="JP_54969d_HT_1"><Direction>outbound</Direction><Operational><VehicleType><VehicleTypeCode>06</VehicleTypeCode><Description>Single Decker Low Floor+Wheelchair</Description></VehicleType></Operational><RouteRef>R_54969d_H_1</RouteRef><JourneyPatternSectionRefs>JPS_54969d_H_1</JourneyPatternSectionRefs></JourneyPattern><JourneyPattern id="JP_54969d_RT_2"><Direction>inbound</Direction><Operational><VehicleType><VehicleTypeCode>06</VehicleTypeCode><Description>Single Decker Low Floor+Wheelchair</Description></VehicleType></Operational><RouteRef>R_54969d_R_2</RouteRef><JourneyPatternSectionRefs>JPS_54969d_R_2</JourneyPatternSectionRefs></JourneyPattern></StandardService></Service></Services><VehicleJourneys><VehicleJourney><PrivateCode>54969dd6H9690001</PrivateCode><Operational><VehicleType><VehicleTypeCode>06</VehicleTypeCode><Description>Single Decker Low Floor+Wheelchair</Description></VehicleType></Operational><OperatingProfile><RegularDayType>
					<DaysOfWeek>
						<Friday/>
					</DaysOfWeek>
				</RegularDayType>
			</OperatingProfile><VehicleJourneyCode>54969dd6H9690001</VehicleJourneyCode><ServiceRef>SId_54969d6</ServiceRef><LineRef>LId_54969d6</LineRef><JourneyPatternRef>JP_54969d_H6_1</JourneyPatternRef><DepartureTime>10:00:00</DepartureTime></VehicleJourney><VehicleJourney><PrivateCode>54969ddTH9690002</PrivateCode><Operational><VehicleType><VehicleTypeCode>06</VehicleTypeCode><Description>Single Decker Low Floor+Wheelchair</Description></VehicleType></Operational><OperatingProfile><RegularDayType>
					<DaysOfWeek>
						<Tuesday/>
					</DaysOfWeek>
				</RegularDayType>
			</OperatingProfile><VehicleJourneyCode>54969ddTH9690002</VehicleJourneyCode><ServiceRef>SId_54969dT</ServiceRef><LineRef>LId_54969dT</LineRef><JourneyPatternRef>JP_54969d_HT_1</JourneyPatternRef><DepartureTime>10:00:00</DepartureTime></VehicleJourney><VehicleJourney><PrivateCode>54969dd6R9690003</PrivateCode><Operational><VehicleType><VehicleTypeCode>06</VehicleTypeCode><Description>Single Decker Low Floor+Wheelchair</Description></VehicleType></Operational><OperatingProfile><RegularDayType>
					<DaysOfWeek>
						<Friday/>
					</DaysOfWeek>
				</RegularDayType>
			</OperatingProfile><VehicleJourneyCode>54969dd6R9690003</VehicleJourneyCode><ServiceRef>SId_54969d6</ServiceRef><LineRef>LId_54969d6</LineRef><JourneyPatternRef>JP_54969d_R6_2</JourneyPatternRef><DepartureTime>13:15:00</DepartureTime></VehicleJourney><VehicleJourney><PrivateCode>54969ddTR9690004</PrivateCode><Operational><VehicleType><VehicleTypeCode>06</VehicleTypeCode><Description>Single Decker Low Floor+Wheelchair</Description></VehicleType></Operational><OperatingProfile><RegularDayType>
					<DaysOfWeek>
						<Tuesday/>
					</DaysOfWeek>
				</RegularDayType>
			</OperatingProfile><VehicleJourneyCode>54969ddTR9690004</VehicleJourneyCode><ServiceRef>SId_54969dT</ServiceRef><LineRef>LId_54969dT</LineRef><JourneyPatternRef>JP_54969d_RT_2</JourneyPatternRef><DepartureTime>13:15:00</DepartureTime></VehicleJourney></VehicleJourneys></TransXChange>
