<?xml version="1.0" encoding="UTF-8"?>
<TransXChange CreationDateTime="2010-10-28T09:25:53" ModificationDateTime="2010-10-28T09:25:53" Modification="new" FileName="G:\mentzdv\Datastore\output_txc_60678i.xml" RevisionNumber="0" SchemaVersion="2.1" xmlns:xsi="http://www.w3.org/2001/XMLSchema-instance" xsi:schemaLocation="http://www.transxchange.org.uk/ http://www.transxchange.org.uk/schema/2.1/TransXChange_general.xsd" xmlns="http://www.transxchange.org.uk/" xmlns:n1="http://www.transxchange.org.uk/" xmlns:n2="http://www.govtalk.gov.uk/people/AddressAndPersonalDetails" xmlns:n3="http://www.govtalk.gov.uk/core" xmlns:n4="http://www.govtalk.gov.uk/people/bs7666"><StopPoints><AnnotatedStopPointRef><StopPointRef>490012702S</StopPointRef><CommonName>St Georges Road (E7)</CommonName><Indicator>stop A</Indicator><LocalityName>Upton (London)</LocalityName><LocalityQualifier>Greater London</LocalityQualifier></AnnotatedStopPointRef><AnnotatedStopPointRef><StopPointRef>490015000W</StopPointRef><CommonName>Wyatt Road (E7)</CommonName><Indicator>stop B</Indicator><LocalityName>Upton (London)</LocalityName><LocalityQualifier>Greater London</LocalityQualifier></AnnotatedStopPointRef><AnnotatedStopPointRef><StopPointRef>490014467S</StopPointRef><CommonName>West Ham Park</CommonName><Indicator>stop C</Indicator><LocalityName>Upton (London)</LocalityName><LocalityQualifier>Greater London</LocalityQualifier></AnnotatedStopPointRef><AnnotatedStopPointRef><StopPointRef>490011054S</StopPointRef><CommonName>Plashet Road / Portway</CommonName><Indicator>stop D</Indicator><LocalityName>West Ham</LocalityName><LocalityQualifier>Greater London</LocalityQualifier></AnnotatedStopPointRef><AnnotatedStopPointRef><StopPointRef>490005741S</StopPointRef><CommonName>Crescent Road (E13)</CommonName><Indicator>stop E</Indicator><LocalityName>West Ham</LocalityName><LocalityQualifier>Greater London</LocalityQualifier></AnnotatedStopPointRef><AnnotatedStopPointRef><StopPointRef>490013197S</StopPointRef><CommonName>Terrace Road / Stopford Road</CommonName><Indicator>stop R</Indicator><LocalityName>West Ham</LocalityName><LocalityQualifier>Greater London</LocalityQualifier></AnnotatedStopPointRef><AnnotatedStopPointRef><StopPointRef>490008637E</StopPointRef><CommonName>Kennedy Close (E13)</CommonName><Indicator>stop E</Indicator><LocalityName>Plaistow (Newham)</LocalityName><LocalityQualifier>Greater London</LocalityQualifier></AnnotatedStopPointRef><AnnotatedStopPointRef><StopPointRef>490011042S</StopPointRef><CommonName>Plaistow Broadway (E13)</CommonName><Indicator>stop S</Indicator><LocalityName>Plaistow (Newham)</LocalityName><LocalityQualifier>Greater London</LocalityQualifier></AnnotatedStopPointRef><AnnotatedStopPointRef><StopPointRef>490012011S</StopPointRef><CommonName>Sewell Street (E13)</CommonName><Indicator>stop AA</Indicator><LocalityName>Plaistow (Newham)</LocalityName><LocalityQualifier>Greater London</LocalityQualifier></AnnotatedStopPointRef><AnnotatedStopPointRef><StopPointRef>490009149S</StopPointRef><CommonName>Liddon Road (E13)</CommonName><Indicator>stop AB</Indicator><LocalityName>Plaistow (Newham)</LocalityName><LocalityQualifier>Greater London</LocalityQualifier></AnnotatedStopPointRef><AnnotatedStopPointRef><StopPointRef>490003549S</StopPointRef><CommonName>Barking Road / Balaam Street</CommonName><Indicator>stop AC</Indicator><LocalityName>Plaistow (Newham)</LocalityName><LocalityQualifier>Greater London</LocalityQualifier></AnnotatedStopPointRef><AnnotatedStopPointRef><StopPointRef>490011039S</StopPointRef><CommonName>Plaistow / Abbey Arms</CommonName><Indicator>stop AD</Indicator><LocalityName>Plaistow (Newham)</LocalityName><LocalityQualifier>Greater London</LocalityQualifier></AnnotatedStopPointRef><AnnotatedStopPointRef><StopPointRef>490006040S</StopPointRef><CommonName>Denmark Street (E13)</CommonName><Indicator>stop S</Indicator><LocalityName>Plaistow (Newham)</LocalityName><LocalityQualifier>Greater London</LocalityQualifier></AnnotatedStopPointRef><AnnotatedStopPointRef><StopPointRef>490010219S</StopPointRef><CommonName>Newham Way / New Barn Street</CommonName><Indicator>stop S</Indicator><LocalityName>Plaistow (Newham)</LocalityName><LocalityQualifier>Greater London</LocalityQualifier></AnnotatedStopPointRef><AnnotatedStopPointRef><StopPointRef>490016788S</StopPointRef><CommonName>Ringlet Close</CommonName><Indicator>stop S</Indicator><LocalityName>Canning Town</LocalityName><LocalityQualifier>Greater London</LocalityQualifier></AnnotatedStopPointRef><AnnotatedStopPointRef><StopPointRef>490011814S</StopPointRef><CommonName>Russell Road</CommonName><Indicator>stop S</Indicator><LocalityName>Custom House</LocalityName><LocalityQualifier>Greater London</LocalityQualifier></AnnotatedStopPointRef><AnnotatedStopPointRef><StopPointRef>490010212S</StopPointRef><CommonName>Vandome Close</CommonName><Indicator>stop S</Indicator><LocalityName>Custom House</LocalityName><LocalityQualifier>Greater London</LocalityQualifier></AnnotatedStopPointRef><AnnotatedStopPointRef><StopPointRef>490009092E</StopPointRef><CommonName>Leslie Road (E16)</CommonName><Indicator>stop E</Indicator><LocalityName>Custom House</LocalityName><LocalityQualifier>Greater London</LocalityQualifier></AnnotatedStopPointRef><AnnotatedStopPointRef><StopPointRef>490001079B</StopPointRef><CommonName>Custom House</CommonName><Indicator>stop B</Indicator><LocalityName>Custom House</LocalityName><LocalityQualifier>Greater London</LocalityQualifier></AnnotatedStopPointRef><AnnotatedStopPointRef><StopPointRef>490015386E</StopPointRef><CommonName>Prince Regent Station</CommonName><Indicator>stop K</Indicator><LocalityName>Custom House</LocalityName><LocalityQualifier>Greater London</LocalityQualifier></AnnotatedStopPointRef><AnnotatedStopPointRef><StopPointRef>490011204R</StopPointRef><CommonName>Prince Regent Bus Station</CommonName><Indicator>stop R</Indicator><LocalityName>Custom House</LocalityName><LocalityQualifier>Greater London</LocalityQualifier></AnnotatedStopPointRef><AnnotatedStopPointRef><StopPointRef>490012577E</StopPointRef><CommonName>Stansfeld Road</CommonName><Indicator>stop E</Indicator><LocalityName>Beckton</LocalityName><LocalityQualifier>Greater London</LocalityQualifier></AnnotatedStopPointRef><AnnotatedStopPointRef><StopPointRef>490002012Z</StopPointRef><CommonName>Beckton Park</CommonName><Indicator>stop Z</Indicator><LocalityName>Beckton Park</LocalityName><LocalityQualifier>Greater London</LocalityQualifier></AnnotatedStopPointRef><AnnotatedStopPointRef><StopPointRef>490004730V</StopPointRef><CommonName>Campion Close (E6)</CommonName><Indicator>stop Y</Indicator><LocalityName>Cyprus</LocalityName><LocalityQualifier>Greater London</LocalityQualifier></AnnotatedStopPointRef><AnnotatedStopPointRef><StopPointRef>490011520E</StopPointRef><CommonName>Renfrew Close (E6)</CommonName><Indicator>stop V</Indicator><LocalityName>Cyprus</LocalityName><LocalityQualifier>Greater London</LocalityQualifier></AnnotatedStopPointRef><AnnotatedStopPointRef><StopPointRef>490006361S</StopPointRef><CommonName>East Ham Manor Way / Strait Rd</CommonName><Indicator>stop S</Indicator><LocalityName>Cyprus</LocalityName><LocalityQualifier>Greater London</LocalityQualifier></AnnotatedStopPointRef><AnnotatedStopPointRef><StopPointRef>490002028M</StopPointRef><CommonName>Cyprus</CommonName><Indicator>stop M</Indicator><LocalityName>Cyprus</LocalityName><LocalityQualifier>Greater London</LocalityQualifier></AnnotatedStopPointRef><AnnotatedStopPointRef><StopPointRef>490006804N2</StopPointRef><CommonName>Woolwich Manor Way/Ferndale St</CommonName><Indicator>stop X</Indicator><LocalityName>Cyprus</LocalityName><LocalityQualifier>Greater London</LocalityQualifier></AnnotatedStopPointRef><AnnotatedStopPointRef><StopPointRef>490008378W</StopPointRef><CommonName>Horse Leaze (E6)</CommonName><Indicator>stop F</Indicator><LocalityName>Cyprus</LocalityName><LocalityQualifier>Greater London</LocalityQualifier></AnnotatedStopPointRef><AnnotatedStopPointRef><StopPointRef>490006389W</StopPointRef><CommonName>East Ham Manor Way / Beckton</CommonName><Indicator>stop J</Indicator><LocalityName>Beckton</LocalityName><LocalityQualifier>Greater London</LocalityQualifier></AnnotatedStopPointRef><AnnotatedStopPointRef><StopPointRef>490006317A</StopPointRef><CommonName>Beckton Bus Station (E6)</CommonName><Indicator>stop A</Indicator><LocalityName>Beckton</LocalityName><LocalityQualifier>Greater London</LocalityQualifier></AnnotatedStopPointRef><AnnotatedStopPointRef><StopPointRef>490002011H</StopPointRef><CommonName>Beckton</CommonName><Indicator>stop H</Indicator><LocalityName>Beckton</LocalityName><LocalityQualifier>Greater London</LocalityQualifier></AnnotatedStopPointRef><AnnotatedStopPointRef><StopPointRef>490008378S</StopPointRef><CommonName>Horse Leaze (E6)</CommonName><Indicator>stop A</Indicator><LocalityName>Cyprus</LocalityName><LocalityQualifier>Greater London</LocalityQualifier></AnnotatedStopPointRef><AnnotatedStopPointRef><StopPointRef>490013355W</StopPointRef><CommonName>Devalls Close (E6)</CommonName><Indicator>stop W</Indicator><LocalityName>Cyprus</LocalityName><LocalityQualifier>Greater London</LocalityQualifier></AnnotatedStopPointRef><AnnotatedStopPointRef><StopPointRef>490002028Q</StopPointRef><CommonName>Cyprus</CommonName><Indicator>stop Q</Indicator><LocalityName>Cyprus</LocalityName><LocalityQualifier>Greater London</LocalityQualifier></AnnotatedStopPointRef><AnnotatedStopPointRef><StopPointRef>490006361E</StopPointRef><CommonName>Strait Road/East Ham Manor Way</CommonName><Indicator>stop R</Indicator><LocalityName>Cyprus</LocalityName><LocalityQualifier>Greater London</LocalityQualifier></AnnotatedStopPointRef><AnnotatedStopPointRef><StopPointRef>490011520T</StopPointRef><CommonName>Renfrew Close (E6)</CommonName><Indicator>stop T</Indicator><LocalityName>Cyprus</LocalityName><LocalityQualifier>Greater London</LocalityQualifier></AnnotatedStopPointRef><AnnotatedStopPointRef><StopPointRef>490002012X</StopPointRef><CommonName>Beckton Park</CommonName><Indicator>stop X</Indicator><LocalityName>Beckton Park</LocalityName><LocalityQualifier>Greater London</LocalityQualifier></AnnotatedStopPointRef><AnnotatedStopPointRef><StopPointRef>490012577W</StopPointRef><CommonName>Stansfeld Road</CommonName><Indicator>stop W</Indicator><LocalityName>Beckton</LocalityName><LocalityQualifier>Greater London</LocalityQualifier></AnnotatedStopPointRef><AnnotatedStopPointRef><StopPointRef>490011204S</StopPointRef><CommonName>Prince Regent Bus Station</CommonName><Indicator>stop S</Indicator><LocalityName>Custom House</LocalityName><LocalityQualifier>Greater London</LocalityQualifier></AnnotatedStopPointRef><AnnotatedStopPointRef><StopPointRef>490001079A</StopPointRef><CommonName>Custom House</CommonName><Indicator>stop A</Indicator><LocalityName>Custom House</LocalityName><LocalityQualifier>Greater London</LocalityQualifier></AnnotatedStopPointRef><AnnotatedStopPointRef><StopPointRef>490009092F</StopPointRef><CommonName>Leslie Road (E16)</CommonName><Indicator>stop F</Indicator><LocalityName>Custom House</LocalityName><LocalityQualifier>Greater London</LocalityQualifier></AnnotatedStopPointRef><AnnotatedStopPointRef><StopPointRef>490010212S2</StopPointRef><CommonName>Vandome Close</CommonName><Indicator>stop N</Indicator><LocalityName>Custom House</LocalityName><LocalityQualifier>Greater London</LocalityQualifier></AnnotatedStopPointRef><AnnotatedStopPointRef><StopPointRef>490011814N</StopPointRef><CommonName>Russell Road</CommonName><Indicator>stop N</Indicator><LocalityName>Custom House</LocalityName><LocalityQualifier>Greater London</LocalityQualifier></AnnotatedStopPointRef><AnnotatedStopPointRef><StopPointRef>490016788N</StopPointRef><CommonName>Ringlet Close</CommonName><Indicator>stop N</Indicator><LocalityName>Canning Town</LocalityName><LocalityQualifier>Greater London</LocalityQualifier></AnnotatedStopPointRef><AnnotatedStopPointRef><StopPointRef>490010219N</StopPointRef><CommonName>Newham Way / New Barn Street</CommonName><Indicator>stop N</Indicator><LocalityName>Plaistow (Newham)</LocalityName><LocalityQualifier>Greater London</LocalityQualifier></AnnotatedStopPointRef><AnnotatedStopPointRef><StopPointRef>490006040N</StopPointRef><CommonName>Denmark Street (E13)</CommonName><Indicator>stop N</Indicator><LocalityName>Plaistow (Newham)</LocalityName><LocalityQualifier>Greater London</LocalityQualifier></AnnotatedStopPointRef><AnnotatedStopPointRef><StopPointRef>490011039N</StopPointRef><CommonName>Barking Road / Balaam Street</CommonName><Indicator>stop AH</Indicator><LocalityName>Plaistow (Newham)</LocalityName><LocalityQualifier>Greater London</LocalityQualifier></AnnotatedStopPointRef><AnnotatedStopPointRef><StopPointRef>490006106N</StopPointRef><CommonName>Dongola Road West (E13)</CommonName><Indicator>stop AJ</Indicator><LocalityName>Plaistow (Newham)</LocalityName><LocalityQualifier>Greater London</LocalityQualifier></AnnotatedStopPointRef><AnnotatedStopPointRef><StopPointRef>490012011N</StopPointRef><CommonName>Sewell Street (E13)</CommonName><Indicator>stop AK</Indicator><LocalityName>Plaistow (Newham)</LocalityName><LocalityQualifier>Greater London</LocalityQualifier></AnnotatedStopPointRef><AnnotatedStopPointRef><StopPointRef>490011045N</StopPointRef><CommonName>Balaam St / Plaistow High St</CommonName><Indicator>stop T</Indicator><LocalityName>Plaistow (Newham)</LocalityName><LocalityQualifier>Greater London</LocalityQualifier></AnnotatedStopPointRef><AnnotatedStopPointRef><StopPointRef>490005387D</StopPointRef><CommonName>High Street Plaistow (E13)</CommonName><Indicator>stop D</Indicator><LocalityName>West Ham</LocalityName><LocalityQualifier>Greater London</LocalityQualifier></AnnotatedStopPointRef><AnnotatedStopPointRef><StopPointRef>490013197E</StopPointRef><CommonName>Terrace Road / Stopford Road</CommonName><Indicator>stop P</Indicator><LocalityName>West Ham</LocalityName><LocalityQualifier>Greater London</LocalityQualifier></AnnotatedStopPointRef><AnnotatedStopPointRef><StopPointRef>490005741N</StopPointRef><CommonName>Crescent Road (E13)</CommonName><Indicator>stop Q</Indicator><LocalityName>West Ham</LocalityName><LocalityQualifier>Greater London</LocalityQualifier></AnnotatedStopPointRef><AnnotatedStopPointRef><StopPointRef>490011054N</StopPointRef><CommonName>Plashet Road / Portway</CommonName><Indicator>stop T</Indicator><LocalityName>West Ham</LocalityName><LocalityQualifier>Greater London</LocalityQualifier></AnnotatedStopPointRef><AnnotatedStopPointRef><StopPointRef>490014467N</StopPointRef><CommonName>West Ham Park</CommonName><Indicator>stop U</Indicator><LocalityName>Upton (London)</LocalityName><LocalityQualifier>Greater London</LocalityQualifier></AnnotatedStopPointRef><AnnotatedStopPointRef><StopPointRef>490015000N</StopPointRef><CommonName>Stratford School</CommonName><Indicator>stop V</Indicator><LocalityName>Upton (London)</LocalityName><LocalityQualifier>Greater London</LocalityQualifier></AnnotatedStopPointRef><AnnotatedStopPointRef><StopPointRef>490012702E</StopPointRef><CommonName>St Georges Road (E7)</CommonName><Indicator>stop W</Indicator><LocalityName>Upton (London)</LocalityName><LocalityQualifier>Greater London</LocalityQualifier></AnnotatedStopPointRef><AnnotatedStopPointRef><StopPointRef>490007330N</StopPointRef><CommonName>Studley Road / Upton Lane</CommonName><Indicator>stop GG</Indicator><LocalityName>Forest Gate</LocalityName><LocalityQualifier>Greater London</LocalityQualifier></AnnotatedStopPointRef><AnnotatedStopPointRef><StopPointRef>490006917G</StopPointRef><CommonName>Romford Road / Upton Lane</CommonName><Indicator>stop G</Indicator><LocalityName>Forest Gate</LocalityName><LocalityQualifier>Greater London</LocalityQualifier></AnnotatedStopPointRef><AnnotatedStopPointRef><StopPointRef>490006917L</StopPointRef><CommonName>Claremont Road (E7)</CommonName><Indicator>stop L</Indicator><LocalityName>Forest Gate</LocalityName><LocalityQualifier>Greater London</LocalityQualifier></AnnotatedStopPointRef><AnnotatedStopPointRef><StopPointRef>490001111A</StopPointRef><CommonName>Forest Gate</CommonName><Indicator>stop A</Indicator><LocalityName>Forest Gate</LocalityName><LocalityQualifier>Greater London</LocalityQualifier></AnnotatedStopPointRef><AnnotatedStopPointRef><StopPointRef>490009513W</StopPointRef><CommonName>St James School (E7)</CommonName><Indicator>stop W</Indicator><LocalityName>Forest Gate</LocalityName><LocalityQualifier>Greater London</LocalityQualifier></AnnotatedStopPointRef><AnnotatedStopPointRef><StopPointRef>490009760W2</StopPointRef><CommonName>Mcgrath Road (E15)</CommonName><Indicator>stop W</Indicator><LocalityName>Forest Gate</LocalityName><LocalityQualifier>Greater London</LocalityQualifier></AnnotatedStopPointRef><AnnotatedStopPointRef><StopPointRef>490009536S</StopPointRef><CommonName>Manbey Grove (E15)</CommonName><Indicator>stop MH</Indicator><LocalityName>Stratford</LocalityName><LocalityQualifier>Greater London</LocalityQualifier></AnnotatedStopPointRef><AnnotatedStopPointRef><StopPointRef>490012902R</StopPointRef><CommonName>Stratford / Romford Road</CommonName><Indicator>stop R</Indicator><LocalityName>Stratford</LocalityName><LocalityQualifier>Greater London</LocalityQualifier></AnnotatedStopPointRef><AnnotatedStopPointRef><StopPointRef>490015114E</StopPointRef><CommonName>Stratford Centre Burtons Court</CommonName><Indicator>stop E</Indicator><LocalityName>Stratford</LocalityName><LocalityQualifier>Greater London</LocalityQualifier></AnnotatedStopPointRef><AnnotatedStopPointRef><StopPointRef>490012904E</StopPointRef><CommonName>Stratford Bus Station</CommonName><Indicator>stop AP2</Indicator><LocalityName>Stratford</LocalityName><LocalityQualifier>Greater London</LocalityQualifier></AnnotatedStopPointRef></StopPoints><RouteSections><RouteSection id="RS_60678i_H_1"><RouteLink id="RL_RS_60678i_H_1_0"><From><StopPointRef>490014467S</StopPointRef></From><To><StopPointRef>490011054S</StopPointRef></To><Direction>outbound</Direction></RouteLink><RouteLink id="RL_RS_60678i_H_1_1"><From><StopPointRef>490011054S</StopPointRef></From><To><StopPointRef>490005741S</StopPointRef></To><Direction>outbound</Direction></RouteLink><RouteLink id="RL_RS_60678i_H_1_2"><From><StopPointRef>490005741S</StopPointRef></From><To><StopPointRef>490013197S</StopPointRef></To><Direction>outbound</Direction></RouteLink><RouteLink id="RL_RS_60678i_H_1_3"><From><StopPointRef>490013197S</StopPointRef></From><To><StopPointRef>490008637E</StopPointRef></To><Direction>outbound</Direction></RouteLink><RouteLink id="RL_RS_60678i_H_1_4"><From><StopPointRef>490008637E</StopPointRef></From><To><StopPointRef>490011042S</StopPointRef></To><Direction>outbound</Direction></RouteLink><RouteLink id="RL_RS_60678i_H_1_5"><From><StopPointRef>490011042S</StopPointRef></From><To><StopPointRef>490012011S</StopPointRef></To><Direction>outbound</Direction></RouteLink><RouteLink id="RL_RS_60678i_H_1_6"><From><StopPointRef>490012011S</StopPointRef></From><To><StopPointRef>490009149S</StopPointRef></To><Direction>outbound</Direction></RouteLink><RouteLink id="RL_RS_60678i_H_1_7"><From><StopPointRef>490009149S</StopPointRef></From><To><StopPointRef>490003549S</StopPointRef></To><Direction>outbound</Direction></RouteLink><RouteLink id="RL_RS_60678i_H_1_8"><From><StopPointRef>490003549S</StopPointRef></From><To><StopPointRef>490011039S</StopPointRef></To><Direction>outbound</Direction></RouteLink><RouteLink id="RL_RS_60678i_H_1_9"><From><StopPointRef>490011039S</StopPointRef></From><To><StopPointRef>490006040S</StopPointRef></To><Direction>outbound</Direction></RouteLink><RouteLink id="RL_RS_60678i_H_1_10"><From><StopPointRef>490006040S</StopPointRef></From><To><StopPointRef>490010219S</StopPointRef></To><Direction>outbound</Direction></RouteLink><RouteLink id="RL_RS_60678i_H_1_11"><From><StopPointRef>490010219S</StopPointRef></From><To><StopPointRef>490016788S</StopPointRef></To><Direction>outbound</Direction></RouteLink><RouteLink id="RL_RS_60678i_H_1_12"><From><StopPointRef>490016788S</StopPointRef></From><To><StopPointRef>490011814S</StopPointRef></To><Direction>outbound</Direction></RouteLink><RouteLink id="RL_RS_60678i_H_1_13"><From><StopPointRef>490011814S</StopPointRef></From><To><StopPointRef>490010212S</StopPointRef></To><Direction>outbound</Direction></RouteLink><RouteLink id="RL_RS_60678i_H_1_14"><From><StopPointRef>490010212S</StopPointRef></From><To><StopPointRef>490009092E</StopPointRef></To><Direction>outbound</Direction></RouteLink><RouteLink id="RL_RS_60678i_H_1_15"><From><StopPointRef>490009092E</StopPointRef></From><To><StopPointRef>490001079B</StopPointRef></To><Direction>outbound</Direction></RouteLink><RouteLink id="RL_RS_60678i_H_1_16"><From><StopPointRef>490001079B</StopPointRef></From><To><StopPointRef>490015386E</StopPointRef></To><Direction>outbound</Direction></RouteLink><RouteLink id="RL_RS_60678i_H_1_17"><From><StopPointRef>490015386E</StopPointRef></From><To><StopPointRef>490011204R</StopPointRef></To><Direction>outbound</Direction></RouteLink><RouteLink id="RL_RS_60678i_H_1_18"><From><StopPointRef>490011204R</StopPointRef></From><To><StopPointRef>490012577E</StopPointRef></To><Direction>outbound</Direction></RouteLink><RouteLink id="RL_RS_60678i_H_1_19"><From><StopPointRef>490012577E</StopPointRef></From><To><StopPointRef>490002012Z</StopPointRef></To><Distance>351</Distance><Direction>outbound</Direction></RouteLink><RouteLink id="RL_RS_60678i_H_1_20"><From><StopPointRef>490002012Z</StopPointRef></From><To><StopPointRef>490004730V</StopPointRef></To><Distance>263</Distance><Direction>outbound</Direction></RouteLink><RouteLink id="RL_RS_60678i_H_1_21"><From><StopPointRef>490004730V</StopPointRef></From><To><StopPointRef>490011520E</StopPointRef></To><Direction>outbound</Direction></RouteLink><RouteLink id="RL_RS_60678i_H_1_22"><From><StopPointRef>490011520E</StopPointRef></From><To><StopPointRef>490006361S</StopPointRef></To><Direction>outbound</Direction></RouteLink><RouteLink id="RL_RS_60678i_H_1_23"><From><StopPointRef>490006361S</StopPointRef></From><To><StopPointRef>490002028M</StopPointRef></To><Distance>349</Distance><Direction>outbound</Direction></RouteLink><RouteLink id="RL_RS_60678i_H_1_24"><From><StopPointRef>490002028M</StopPointRef></From><To><StopPointRef>490006804N2</StopPointRef></To><Distance>210</Distance><Direction>outbound</Direction></RouteLink><RouteLink id="RL_RS_60678i_H_1_25"><From><StopPointRef>490006804N2</StopPointRef></From><To><StopPointRef>490008378W</StopPointRef></To><Distance>315</Distance><Direction>outbound</Direction></RouteLink><RouteLink id="RL_RS_60678i_H_1_26"><From><StopPointRef>490008378W</StopPointRef></From><To><StopPointRef>490006389W</StopPointRef></To><Direction>outbound</Direction></RouteLink><RouteLink id="RL_RS_60678i_H_1_27"><From><StopPointRef>490006389W</StopPointRef></From><To><StopPointRef>490006317A</StopPointRef></To><Direction>outbound</Direction></RouteLink></RouteSection><RouteSection id="RS_60678i_H_2"><RouteLink id="RL_RS_60678i_H_2_0"><From><StopPointRef>490012702S</StopPointRef></From><To><StopPointRef>490015000W</StopPointRef></To><Direction>outbound</Direction></RouteLink><RouteLink id="RL_RS_60678i_H_2_1"><From><StopPointRef>490015000W</StopPointRef></From><To><StopPointRef>490014467S</StopPointRef></To><Direction>outbound</Direction></RouteLink><RouteLink id="RL_RS_60678i_H_2_2"><From><StopPointRef>490014467S</StopPointRef></From><To><StopPointRef>490011054S</StopPointRef></To><Direction>outbound</Direction></RouteLink><RouteLink id="RL_RS_60678i_H_2_3"><From><StopPointRef>490011054S</StopPointRef></From><To><StopPointRef>490005741S</StopPointRef></To><Direction>outbound</Direction></RouteLink><RouteLink id="RL_RS_60678i_H_2_4"><From><StopPointRef>490005741S</StopPointRef></From><To><StopPointRef>490013197S</StopPointRef></To><Direction>outbound</Direction></RouteLink><RouteLink id="RL_RS_60678i_H_2_5"><From><StopPointRef>490013197S</StopPointRef></From><To><StopPointRef>490008637E</StopPointRef></To><Direction>outbound</Direction></RouteLink><RouteLink id="RL_RS_60678i_H_2_6"><From><StopPointRef>490008637E</StopPointRef></From><To><StopPointRef>490011042S</StopPointRef></To><Direction>outbound</Direction></RouteLink><RouteLink id="RL_RS_60678i_H_2_7"><From><StopPointRef>490011042S</StopPointRef></From><To><StopPointRef>490012011S</StopPointRef></To><Direction>outbound</Direction></RouteLink><RouteLink id="RL_RS_60678i_H_2_8"><From><StopPointRef>490012011S</StopPointRef></From><To><StopPointRef>490009149S</StopPointRef></To><Direction>outbound</Direction></RouteLink><RouteLink id="RL_RS_60678i_H_2_9"><From><StopPointRef>490009149S</StopPointRef></From><To><StopPointRef>490003549S</StopPointRef></To><Direction>outbound</Direction></RouteLink><RouteLink id="RL_RS_60678i_H_2_10"><From><StopPointRef>490003549S</StopPointRef></From><To><StopPointRef>490011039S</StopPointRef></To><Direction>outbound</Direction></RouteLink><RouteLink id="RL_RS_60678i_H_2_11"><From><StopPointRef>490011039S</StopPointRef></From><To><StopPointRef>490006040S</StopPointRef></To><Direction>outbound</Direction></RouteLink><RouteLink id="RL_RS_60678i_H_2_12"><From><StopPointRef>490006040S</StopPointRef></From><To><StopPointRef>490010219S</StopPointRef></To><Direction>outbound</Direction></RouteLink><RouteLink id="RL_RS_60678i_H_2_13"><From><StopPointRef>490010219S</StopPointRef></From><To><StopPointRef>490016788S</StopPointRef></To><Direction>outbound</Direction></RouteLink><RouteLink id="RL_RS_60678i_H_2_14"><From><StopPointRef>490016788S</StopPointRef></From><To><StopPointRef>490011814S</StopPointRef></To><Direction>outbound</Direction></RouteLink><RouteLink id="RL_RS_60678i_H_2_15"><From><StopPointRef>490011814S</StopPointRef></From><To><StopPointRef>490010212S</StopPointRef></To><Direction>outbound</Direction></RouteLink><RouteLink id="RL_RS_60678i_H_2_16"><From><StopPointRef>490010212S</StopPointRef></From><To><StopPointRef>490009092E</StopPointRef></To><Direction>outbound</Direction></RouteLink><RouteLink id="RL_RS_60678i_H_2_17"><From><StopPointRef>490009092E</StopPointRef></From><To><StopPointRef>490001079B</StopPointRef></To><Direction>outbound</Direction></RouteLink><RouteLink id="RL_RS_60678i_H_2_18"><From><StopPointRef>490001079B</StopPointRef></From><To><StopPointRef>490015386E</StopPointRef></To><Direction>outbound</Direction></RouteLink><RouteLink id="RL_RS_60678i_H_2_19"><From><StopPointRef>490015386E</StopPointRef></From><To><StopPointRef>490011204R</StopPointRef></To><Direction>outbound</Direction></RouteLink><RouteLink id="RL_RS_60678i_H_2_20"><From><StopPointRef>490011204R</StopPointRef></From><To><StopPointRef>490012577E</StopPointRef></To><Direction>outbound</Direction></RouteLink><RouteLink id="RL_RS_60678i_H_2_21"><From><StopPointRef>490012577E</StopPointRef></From><To><StopPointRef>490002012Z</StopPointRef></To><Distance>351</Distance><Direction>outbound</Direction></RouteLink><RouteLink id="RL_RS_60678i_H_2_22"><From><StopPointRef>490002012Z</StopPointRef></From><To><StopPointRef>490004730V</StopPointRef></To><Distance>263</Distance><Direction>outbound</Direction></RouteLink><RouteLink id="RL_RS_60678i_H_2_23"><From><StopPointRef>490004730V</StopPointRef></From><To><StopPointRef>490011520E</StopPointRef></To><Direction>outbound</Direction></RouteLink><RouteLink id="RL_RS_60678i_H_2_24"><From><StopPointRef>490011520E</StopPointRef></From><To><StopPointRef>490006361S</StopPointRef></To><Direction>outbound</Direction></RouteLink><RouteLink id="RL_RS_60678i_H_2_25"><From><StopPointRef>490006361S</StopPointRef></From><To><StopPointRef>490002028M</StopPointRef></To><Distance>349</Distance><Direction>outbound</Direction></RouteLink><RouteLink id="RL_RS_60678i_H_2_26"><From><StopPointRef>490002028M</StopPointRef></From><To><StopPointRef>490006804N2</StopPointRef></To><Distance>210</Distance><Direction>outbound</Direction></RouteLink><RouteLink id="RL_RS_60678i_H_2_27"><From><StopPointRef>490006804N2</StopPointRef></From><To><StopPointRef>490008378W</StopPointRef></To><Distance>315</Distance><Direction>outbound</Direction></RouteLink><RouteLink id="RL_RS_60678i_H_2_28"><From><StopPointRef>490008378W</StopPointRef></From><To><StopPointRef>490006389W</StopPointRef></To><Direction>outbound</Direction></RouteLink><RouteLink id="RL_RS_60678i_H_2_29"><From><StopPointRef>490006389W</StopPointRef></From><To><StopPointRef>490006317A</StopPointRef></To><Direction>outbound</Direction></RouteLink></RouteSection><RouteSection id="RS_60678i_R_3"><RouteLink id="RL_RS_60678i_R_3_0"><From><StopPointRef>490006317A</StopPointRef></From><To><StopPointRef>490002011H</StopPointRef></To><Direction>inbound</Direction></RouteLink><RouteLink id="RL_RS_60678i_R_3_1"><From><StopPointRef>490002011H</StopPointRef></From><To><StopPointRef>490008378S</StopPointRef></To><Direction>inbound</Direction></RouteLink><RouteLink id="RL_RS_60678i_R_3_2"><From><StopPointRef>490008378S</StopPointRef></From><To><StopPointRef>490013355W</StopPointRef></To><Distance>586</Distance><Direction>inbound</Direction></RouteLink><RouteLink id="RL_RS_60678i_R_3_3"><From><StopPointRef>490013355W</StopPointRef></From><To><StopPointRef>490002028Q</StopPointRef></To><Distance>134</Distance><Direction>inbound</Direction></RouteLink><RouteLink id="RL_RS_60678i_R_3_4"><From><StopPointRef>490002028Q</StopPointRef></From><To><StopPointRef>490006361E</StopPointRef></To><Direction>inbound</Direction></RouteLink><RouteLink id="RL_RS_60678i_R_3_5"><From><StopPointRef>490006361E</StopPointRef></From><To><StopPointRef>490011520T</StopPointRef></To><Direction>inbound</Direction></RouteLink><RouteLink id="RL_RS_60678i_R_3_6"><From><StopPointRef>490011520T</StopPointRef></From><To><StopPointRef>490002012X</StopPointRef></To><Distance>252</Distance><Direction>inbound</Direction></RouteLink><RouteLink id="RL_RS_60678i_R_3_7"><From><StopPointRef>490002012X</StopPointRef></From><To><StopPointRef>490012577W</StopPointRef></To><Distance>480</Distance><Direction>inbound</Direction></RouteLink><RouteLink id="RL_RS_60678i_R_3_8"><From><StopPointRef>490012577W</StopPointRef></From><To><StopPointRef>490011204S</StopPointRef></To><Direction>inbound</Direction></RouteLink><RouteLink id="RL_RS_60678i_R_3_9"><From><StopPointRef>490011204S</StopPointRef></From><To><StopPointRef>490001079A</StopPointRef></To><Direction>inbound</Direction></RouteLink><RouteLink id="RL_RS_60678i_R_3_10"><From><StopPointRef>490001079A</StopPointRef></From><To><StopPointRef>490009092F</StopPointRef></To><Direction>inbound</Direction></RouteLink><RouteLink id="RL_RS_60678i_R_3_11"><From><StopPointRef>490009092F</StopPointRef></From><To><StopPointRef>490010212S2</StopPointRef></To><Direction>inbound</Direction></RouteLink><RouteLink id="RL_RS_60678i_R_3_12"><From><StopPointRef>490010212S2</StopPointRef></From><To><StopPointRef>490011814N</StopPointRef></To><Direction>inbound</Direction></RouteLink><RouteLink id="RL_RS_60678i_R_3_13"><From><StopPointRef>490011814N</StopPointRef></From><To><StopPointRef>490016788N</StopPointRef></To><Direction>inbound</Direction></RouteLink><RouteLink id="RL_RS_60678i_R_3_14"><From><StopPointRef>490016788N</StopPointRef></From><To><StopPointRef>490010219N</StopPointRef></To><Direction>inbound</Direction></RouteLink><RouteLink id="RL_RS_60678i_R_3_15"><From><StopPointRef>490010219N</StopPointRef></From><To><StopPointRef>490006040N</StopPointRef></To><Direction>inbound</Direction></RouteLink><RouteLink id="RL_RS_60678i_R_3_16"><From><StopPointRef>490006040N</StopPointRef></From><To><StopPointRef>490011039N</StopPointRef></To><Direction>inbound</Direction></RouteLink><RouteLink id="RL_RS_60678i_R_3_17"><From><StopPointRef>490011039N</StopPointRef></From><To><StopPointRef>490006106N</StopPointRef></To><Direction>inbound</Direction></RouteLink><RouteLink id="RL_RS_60678i_R_3_18"><From><StopPointRef>490006106N</StopPointRef></From><To><StopPointRef>490012011N</StopPointRef></To><Direction>inbound</Direction></RouteLink><RouteLink id="RL_RS_60678i_R_3_19"><From><StopPointRef>490012011N</StopPointRef></From><To><StopPointRef>490011045N</StopPointRef></To><Direction>inbound</Direction></RouteLink><RouteLink id="RL_RS_60678i_R_3_20"><From><StopPointRef>490011045N</StopPointRef></From><To><StopPointRef>490005387D</StopPointRef></To><Direction>inbound</Direction></RouteLink><RouteLink id="RL_RS_60678i_R_3_21"><From><StopPointRef>490005387D</StopPointRef></From><To><StopPointRef>490013197E</StopPointRef></To><Direction>inbound</Direction></RouteLink><RouteLink id="RL_RS_60678i_R_3_22"><From><StopPointRef>490013197E</StopPointRef></From><To><StopPointRef>490005741N</StopPointRef></To><Direction>inbound</Direction></RouteLink><RouteLink id="RL_RS_60678i_R_3_23"><From><StopPointRef>490005741N</StopPointRef></From><To><StopPointRef>490011054N</StopPointRef></To><Direction>inbound</Direction></RouteLink><RouteLink id="RL_RS_60678i_R_3_24"><From><StopPointRef>490011054N</StopPointRef></From><To><StopPointRef>490014467N</StopPointRef></To><Direction>inbound</Direction></RouteLink><RouteLink id="RL_RS_60678i_R_3_25"><From><StopPointRef>490014467N</StopPointRef></From><To><StopPointRef>490015000N</StopPointRef></To><Direction>inbound</Direction></RouteLink><RouteLink id="RL_RS_60678i_R_3_26"><From><StopPointRef>490015000N</StopPointRef></From><To><StopPointRef>490012702E</StopPointRef></To><Direction>inbound</Direction></RouteLink><RouteLink id="RL_RS_60678i_R_3_27"><From><StopPointRef>490012702E</StopPointRef></From><To><StopPointRef>490007330N</StopPointRef></To><Direction>inbound</Direction></RouteLink><RouteLink id="RL_RS_60678i_R_3_28"><From><StopPointRef>490007330N</StopPointRef></From><To><StopPointRef>490006917G</StopPointRef></To><Direction>inbound</Direction></RouteLink><RouteLink id="RL_RS_60678i_R_3_29"><From><StopPointRef>490006917G</StopPointRef></From><To><StopPointRef>490006917L</StopPointRef></To><Direction>inbound</Direction></RouteLink><RouteLink id="RL_RS_60678i_R_3_30"><From><StopPointRef>490006917L</StopPointRef></From><To><StopPointRef>490001111A</StopPointRef></To><Direction>inbound</Direction></RouteLink><RouteLink id="RL_RS_60678i_R_3_31"><From><StopPointRef>490001111A</StopPointRef></From><To><StopPointRef>490009513W</StopPointRef></To><Direction>inbound</Direction></RouteLink><RouteLink id="RL_RS_60678i_R_3_32"><From><StopPointRef>490009513W</StopPointRef></From><To><StopPointRef>490009760W2</StopPointRef></To><Direction>inbound</Direction></RouteLink><RouteLink id="RL_RS_60678i_R_3_33"><From><StopPointRef>490009760W2</StopPointRef></From><To><StopPointRef>490009536S</StopPointRef></To><Direction>inbound</Direction></RouteLink><RouteLink id="RL_RS_60678i_R_3_34"><From><StopPointRef>490009536S</StopPointRef></From><To><StopPointRef>490012902R</StopPointRef></To><Direction>inbound</Direction></RouteLink><RouteLink id="RL_RS_60678i_R_3_35"><From><StopPointRef>490012902R</StopPointRef></From><To><StopPointRef>490015114E</StopPointRef></To><Direction>inbound</Direction></RouteLink><RouteLink id="RL_RS_60678i_R_3_36"><From><StopPointRef>490015114E</StopPointRef></From><To><StopPointRef>490012904E</StopPointRef></To><Distance>603</Distance><Direction>inbound</Direction></RouteLink></RouteSection></RouteSections><Routes><Route id="R_60678i_H_1"><PrivateCode>R_60678i_H_1</PrivateCode><Description>West Ham Park - Beckton Bus Station (E6)</Description><RouteSectionRef>RS_60678i_H_1</RouteSectionRef></Route><Route id="R_60678i_H_2"><PrivateCode>R_60678i_H_2</PrivateCode><Description>St Georges Road (E7) - Beckton Bus Station (E6)</Description><RouteSectionRef>RS_60678i_H_2</RouteSectionRef></Route><Route id="R_60678i_R_3"><PrivateCode>R_60678i_R_3</PrivateCode><Description>Beckton Bus Station (E6) - Stratford Bus Station</Description><RouteSectionRef>RS_60678i_R_3</RouteSectionRef></Route></Routes><JourneyPatternSections><JourneyPatternSection id="JPS_60678i_H_1"><JourneyPatternTimingLink id="JPL_60678i_H_1_0"><From SequenceNumber="3"><StopPointRef>490014467S</StopPointRef><TimingStatus>PTP</TimingStatus></From><To SequenceNumber="4"><StopPointRef>490011054S</StopPointRef><TimingStatus>PTP</TimingStatus></To><RunTime>PT228S</RunTime></JourneyPatternTimingLink><JourneyPatternTimingLink id="JPL_60678i_H_1_1"><From SequenceNumber="4"><StopPointRef>490011054S</StopPointRef><TimingStatus>PTP</TimingStatus></From><To SequenceNumber="5"><StopPointRef>490005741S</StopPointRef><TimingStatus>PTP</TimingStatus></To><RunTime>PT228S</RunTime></JourneyPatternTimingLink><JourneyPatternTimingLink id="JPL_60678i_H_1_2"><From SequenceNumber="5"><StopPointRef>490005741S</StopPointRef><TimingStatus>PTP</TimingStatus></From><To SequenceNumber="6"><StopPointRef>490013197S</StopPointRef><TimingStatus>PTP</TimingStatus></To><RunTime>PT228S</RunTime></JourneyPatternTimingLink><JourneyPatternTimingLink id="JPL_60678i_H_1_3"><From SequenceNumber="6"><StopPointRef>490013197S</StopPointRef><TimingStatus>PTP</TimingStatus></From><To SequenceNumber="7"><StopPointRef>490008637E</StopPointRef><TimingStatus>PTP</TimingStatus></To><RunTime>PT228S</RunTime></JourneyPatternTimingLink><JourneyPatternTimingLink id="JPL_60678i_H_1_4"><From SequenceNumber="7"><StopPointRef>490008637E</StopPointRef><TimingStatus>PTP</TimingStatus></From><To SequenceNumber="8"><StopPointRef>490011042S</StopPointRef><TimingStatus>PTP</TimingStatus></To><RunTime>PT228S</RunTime></JourneyPatternTimingLink><JourneyPatternTimingLink id="JPL_60678i_H_1_5"><From SequenceNumber="8"><StopPointRef>490011042S</StopPointRef><TimingStatus>PTP</TimingStatus></From><To SequenceNumber="9"><StopPointRef>490012011S</StopPointRef><TimingStatus>PTP</TimingStatus></To><RunTime>PT60S</RunTime></JourneyPatternTimingLink><JourneyPatternTimingLink id="JPL_60678i_H_1_6"><From SequenceNumber="9"><StopPointRef>490012011S</StopPointRef><TimingStatus>PTP</TimingStatus></From><To SequenceNumber="10"><StopPointRef>490009149S</StopPointRef><TimingStatus>PTP</TimingStatus></To><RunTime>PT60S</RunTime></JourneyPatternTimingLink><JourneyPatternTimingLink id="JPL_60678i_H_1_7"><From SequenceNumber="10"><StopPointRef>490009149S</StopPointRef><TimingStatus>PTP</TimingStatus></From><To SequenceNumber="11"><StopPointRef>490003549S</StopPointRef><TimingStatus>PTP</TimingStatus></To><RunTime>PT60S</RunTime></JourneyPatternTimingLink><JourneyPatternTimingLink id="JPL_60678i_H_1_8"><From SequenceNumber="11"><StopPointRef>490003549S</StopPointRef><TimingStatus>PTP</TimingStatus></From><To SequenceNumber="12"><StopPointRef>490011039S</StopPointRef><TimingStatus>PTP</TimingStatus></To><RunTime>PT36S</RunTime></JourneyPatternTimingLink><JourneyPatternTimingLink id="JPL_60678i_H_1_9"><From SequenceNumber="12"><StopPointRef>490011039S</StopPointRef><TimingStatus>PTP</TimingStatus></From><To SequenceNumber="13"><StopPointRef>490006040S</StopPointRef><TimingStatus>PTP</TimingStatus></To><RunTime>PT36S</RunTime></JourneyPatternTimingLink><JourneyPatternTimingLink id="JPL_60678i_H_1_10"><From SequenceNumber="13"><StopPointRef>490006040S</StopPointRef><TimingStatus>PTP</TimingStatus></From><To SequenceNumber="14"><StopPointRef>490010219S</StopPointRef><TimingStatus>PTP</TimingStatus></To><RunTime>PT36S</RunTime></JourneyPatternTimingLink><JourneyPatternTimingLink id="JPL_60678i_H_1_11"><From SequenceNumber="14"><StopPointRef>490010219S</StopPointRef><TimingStatus>PTP</TimingStatus></From><To SequenceNumber="15"><StopPointRef>490016788S</StopPointRef><TimingStatus>PTP</TimingStatus></To><RunTime>PT36S</RunTime></JourneyPatternTimingLink><JourneyPatternTimingLink id="JPL_60678i_H_1_12"><From SequenceNumber="15"><StopPointRef>490016788S</StopPointRef><TimingStatus>PTP</TimingStatus></From><To SequenceNumber="16"><StopPointRef>490011814S</StopPointRef><TimingStatus>PTP</TimingStatus></To><RunTime>PT36S</RunTime></JourneyPatternTimingLink><JourneyPatternTimingLink id="JPL_60678i_H_1_13"><From SequenceNumber="16"><StopPointRef>490011814S</StopPointRef><TimingStatus>PTP</TimingStatus></From><To SequenceNumber="17"><StopPointRef>490010212S</StopPointRef><TimingStatus>PTP</TimingStatus></To><RunTime>PT36S</RunTime></JourneyPatternTimingLink><JourneyPatternTimingLink id="JPL_60678i_H_1_14"><From SequenceNumber="17"><StopPointRef>490010212S</StopPointRef><TimingStatus>PTP</TimingStatus></From><To SequenceNumber="18"><StopPointRef>490009092E</StopPointRef><TimingStatus>PTP</TimingStatus></To><RunTime>PT36S</RunTime></JourneyPatternTimingLink><JourneyPatternTimingLink id="JPL_60678i_H_1_15"><From SequenceNumber="18"><StopPointRef>490009092E</StopPointRef><TimingStatus>PTP</TimingStatus></From><To SequenceNumber="19"><StopPointRef>490001079B</StopPointRef><TimingStatus>PTP</TimingStatus></To><RunTime>PT36S</RunTime></JourneyPatternTimingLink><JourneyPatternTimingLink id="JPL_60678i_H_1_16"><From SequenceNumber="19"><StopPointRef>490001079B</StopPointRef><TimingStatus>PTP</TimingStatus></From><To SequenceNumber="20"><StopPointRef>490015386E</StopPointRef><TimingStatus>PTP</TimingStatus></To><RunTime>PT36S</RunTime></JourneyPatternTimingLink><JourneyPatternTimingLink id="JPL_60678i_H_1_17"><From SequenceNumber="20"><StopPointRef>490015386E</StopPointRef><TimingStatus>PTP</TimingStatus></From><To SequenceNumber="21"><StopPointRef>490011204R</StopPointRef><TimingStatus>PTP</TimingStatus></To><RunTime>PT36S</RunTime></JourneyPatternTimingLink><JourneyPatternTimingLink id="JPL_60678i_H_1_18"><From SequenceNumber="21"><StopPointRef>490011204R</StopPointRef><TimingStatus>PTP</TimingStatus></From><To SequenceNumber="22"><StopPointRef>490012577E</StopPointRef><TimingStatus>PTP</TimingStatus></To><RunTime>PT60S</RunTime></JourneyPatternTimingLink><JourneyPatternTimingLink id="JPL_60678i_H_1_19"><From SequenceNumber="22"><StopPointRef>490012577E</StopPointRef><TimingStatus>PTP</TimingStatus></From><To SequenceNumber="23"><StopPointRef>490002012Z</StopPointRef><TimingStatus>PTP</TimingStatus></To><RunTime>PT60S</RunTime></JourneyPatternTimingLink><JourneyPatternTimingLink id="JPL_60678i_H_1_20"><From SequenceNumber="23"><StopPointRef>490002012Z</StopPointRef><TimingStatus>PTP</TimingStatus></From><To SequenceNumber="24"><StopPointRef>490004730V</StopPointRef><TimingStatus>PTP</TimingStatus></To><RunTime>PT60S</RunTime></JourneyPatternTimingLink><JourneyPatternTimingLink id="JPL_60678i_H_1_21"><From SequenceNumber="24"><StopPointRef>490004730V</StopPointRef><TimingStatus>PTP</TimingStatus></From><To SequenceNumber="25"><StopPointRef>490011520E</StopPointRef><TimingStatus>PTP</TimingStatus></To><RunTime>PT60S</RunTime></JourneyPatternTimingLink><JourneyPatternTimingLink id="JPL_60678i_H_1_22"><From SequenceNumber="25"><StopPointRef>490011520E</StopPointRef><TimingStatus>PTP</TimingStatus></From><To SequenceNumber="26"><StopPointRef>490006361S</StopPointRef><TimingStatus>PTP</TimingStatus></To><RunTime>PT60S</RunTime></JourneyPatternTimingLink><JourneyPatternTimingLink id="JPL_60678i_H_1_23"><From SequenceNumber="26"><StopPointRef>490006361S</StopPointRef><TimingStatus>PTP</TimingStatus></From><To SequenceNumber="27"><StopPointRef>490002028M</StopPointRef><TimingStatus>PTP</TimingStatus></To><RunTime>PT60S</RunTime></JourneyPatternTimingLink><JourneyPatternTimingLink id="JPL_60678i_H_1_24"><From SequenceNumber="27"><StopPointRef>490002028M</StopPointRef><TimingStatus>PTP</TimingStatus></From><To SequenceNumber="28"><StopPointRef>490006804N2</StopPointRef><TimingStatus>PTP</TimingStatus></To><RunTime>PT30S</RunTime></JourneyPatternTimingLink><JourneyPatternTimingLink id="JPL_60678i_H_1_25"><From SequenceNumber="28"><StopPointRef>490006804N2</StopPointRef><TimingStatus>PTP</TimingStatus></From><To SequenceNumber="29"><StopPointRef>490008378W</StopPointRef><TimingStatus>PTP</TimingStatus></To><RunTime>PT30S</RunTime></JourneyPatternTimingLink><JourneyPatternTimingLink id="JPL_60678i_H_1_26"><From SequenceNumber="29"><StopPointRef>490008378W</StopPointRef><TimingStatus>PTP</TimingStatus></From><To SequenceNumber="30"><StopPointRef>490006389W</StopPointRef><TimingStatus>PTP</TimingStatus></To><RunTime>PT30S</RunTime></JourneyPatternTimingLink><JourneyPatternTimingLink id="JPL_60678i_H_1_27"><From SequenceNumber="30"><StopPointRef>490006389W</StopPointRef><TimingStatus>PTP</TimingStatus></From><To SequenceNumber="31"><StopPointRef>490006317A</StopPointRef><TimingStatus>PTP</TimingStatus></To><RunTime>PT30S</RunTime></JourneyPatternTimingLink></JourneyPatternSection><JourneyPatternSection id="JPS_60678i_H_2"><JourneyPatternTimingLink id="JPL_60678i_H_2_0"><From SequenceNumber="1"><StopPointRef>490012702S</StopPointRef><TimingStatus>PTP</TimingStatus></From><To SequenceNumber="2"><StopPointRef>490015000W</StopPointRef><TimingStatus>PTP</TimingStatus></To><RunTime>PT150S</RunTime></JourneyPatternTimingLink><JourneyPatternTimingLink id="JPL_60678i_H_2_1"><From SequenceNumber="2"><StopPointRef>490015000W</StopPointRef><TimingStatus>PTP</TimingStatus></From><To SequenceNumber="3"><StopPointRef>490014467S</StopPointRef><TimingStatus>PTP</TimingStatus></To><RunTime>PT150S</RunTime></JourneyPatternTimingLink><JourneyPatternTimingLink id="JPL_60678i_H_2_2"><From SequenceNumber="3"><StopPointRef>490014467S</StopPointRef><TimingStatus>PTP</TimingStatus></From><To SequenceNumber="4"><StopPointRef>490011054S</StopPointRef><TimingStatus>PTP</TimingStatus></To><RunTime>PT168S</RunTime></JourneyPatternTimingLink><JourneyPatternTimingLink id="JPL_60678i_H_2_3"><From SequenceNumber="4"><StopPointRef>490011054S</StopPointRef><TimingStatus>PTP</TimingStatus></From><To SequenceNumber="5"><StopPointRef>490005741S</StopPointRef><TimingStatus>PTP</TimingStatus></To><RunTime>PT168S</RunTime></JourneyPatternTimingLink><JourneyPatternTimingLink id="JPL_60678i_H_2_4"><From SequenceNumber="5"><StopPointRef>490005741S</StopPointRef><TimingStatus>PTP</TimingStatus></From><To SequenceNumber="6"><StopPointRef>490013197S</StopPointRef><TimingStatus>PTP</TimingStatus></To><RunTime>PT168S</RunTime></JourneyPatternTimingLink><JourneyPatternTimingLink id="JPL_60678i_H_2_5"><From SequenceNumber="6"><StopPointRef>490013197S</StopPointRef><TimingStatus>PTP</TimingStatus></From><To SequenceNumber="7"><StopPointRef>490008637E</StopPointRef><TimingStatus>PTP</TimingStatus></To><RunTime>PT168S</RunTime></JourneyPatternTimingLink><JourneyPatternTimingLink id="JPL_60678i_H_2_6"><From SequenceNumber="7"><StopPointRef>490008637E</StopPointRef><TimingStatus>PTP</TimingStatus></From><To SequenceNumber="8"><StopPointRef>490011042S</StopPointRef><TimingStatus>PTP</TimingStatus></To><RunTime>PT168S</RunTime></JourneyPatternTimingLink><JourneyPatternTimingLink id="JPL_60678i_H_2_7"><From SequenceNumber="8"><StopPointRef>490011042S</StopPointRef><TimingStatus>PTP</TimingStatus></From><To SequenceNumber="9"><StopPointRef>490012011S</StopPointRef><TimingStatus>PTP</TimingStatus></To><RunTime>PT60S</RunTime></JourneyPatternTimingLink><JourneyPatternTimingLink id="JPL_60678i_H_2_8"><From SequenceNumber="9"><StopPointRef>490012011S</StopPointRef><TimingStatus>PTP</TimingStatus></From><To SequenceNumber="10"><StopPointRef>490009149S</StopPointRef><TimingStatus>PTP</TimingStatus></To><RunTime>PT60S</RunTime></JourneyPatternTimingLink><JourneyPatternTimingLink id="JPL_60678i_H_2_9"><From SequenceNumber="10"><StopPointRef>490009149S</StopPointRef><TimingStatus>PTP</TimingStatus></From><To SequenceNumber="11"><StopPointRef>490003549S</StopPointRef><TimingStatus>PTP</TimingStatus></To><RunTime>PT60S</RunTime></JourneyPatternTimingLink><JourneyPatternTimingLink id="JPL_60678i_H_2_10"><From SequenceNumber="11"><StopPointRef>490003549S</StopPointRef><TimingStatus>PTP</TimingStatus></From><To SequenceNumber="12"><StopPointRef>490011039S</StopPointRef><TimingStatus>PTP</TimingStatus></To><RunTime>PT36S</RunTime></JourneyPatternTimingLink><JourneyPatternTimingLink id="JPL_60678i_H_2_11"><From SequenceNumber="12"><StopPointRef>490011039S</StopPointRef><TimingStatus>PTP</TimingStatus></From><To SequenceNumber="13"><StopPointRef>490006040S</StopPointRef><TimingStatus>PTP</TimingStatus></To><RunTime>PT36S</RunTime></JourneyPatternTimingLink><JourneyPatternTimingLink id="JPL_60678i_H_2_12"><From SequenceNumber="13"><StopPointRef>490006040S</StopPointRef><TimingStatus>PTP</TimingStatus></From><To SequenceNumber="14"><StopPointRef>490010219S</StopPointRef><TimingStatus>PTP</TimingStatus></To><RunTime>PT36S</RunTime></JourneyPatternTimingLink><JourneyPatternTimingLink id="JPL_60678i_H_2_13"><From SequenceNumber="14"><StopPointRef>490010219S</StopPointRef><TimingStatus>PTP</TimingStatus></From><To SequenceNumber="15"><StopPointRef>490016788S</StopPointRef><TimingStatus>PTP</TimingStatus></To><RunTime>PT36S</RunTime></JourneyPatternTimingLink><JourneyPatternTimingLink id="JPL_60678i_H_2_14"><From SequenceNumber="15"><StopPointRef>490016788S</StopPointRef><TimingStatus>PTP</TimingStatus></From><To SequenceNumber="16"><StopPointRef>490011814S</StopPointRef><TimingStatus>PTP</TimingStatus></To><RunTime>PT36S</RunTime></JourneyPatternTimingLink><JourneyPatternTimingLink id="JPL_60678i_H_2_15"><From SequenceNumber="16"><StopPointRef>490011814S</StopPointRef><TimingStatus>PTP</TimingStatus></From><To SequenceNumber="17"><StopPointRef>490010212S</StopPointRef><TimingStatus>PTP</TimingStatus></To><RunTime>PT36S</RunTime></JourneyPatternTimingLink><JourneyPatternTimingLink id="JPL_60678i_H_2_16"><From SequenceNumber="17"><StopPointRef>490010212S</StopPointRef><TimingStatus>PTP</TimingStatus></From><To SequenceNumber="18"><StopPointRef>490009092E</StopPointRef><TimingStatus>PTP</TimingStatus></To><RunTime>PT36S</RunTime></JourneyPatternTimingLink><JourneyPatternTimingLink id="JPL_60678i_H_2_17"><From SequenceNumber="18"><StopPointRef>490009092E</StopPointRef><TimingStatus>PTP</TimingStatus></From><To SequenceNumber="19"><StopPointRef>490001079B</StopPointRef><TimingStatus>PTP</TimingStatus></To><RunTime>PT36S</RunTime></JourneyPatternTimingLink><JourneyPatternTimingLink id="JPL_60678i_H_2_18"><From SequenceNumber="19"><StopPointRef>490001079B</StopPointRef><TimingStatus>PTP</TimingStatus></From><To SequenceNumber="20"><StopPointRef>490015386E</StopPointRef><TimingStatus>PTP</TimingStatus></To><RunTime>PT36S</RunTime></JourneyPatternTimingLink><JourneyPatternTimingLink id="JPL_60678i_H_2_19"><From SequenceNumber="20"><StopPointRef>490015386E</StopPointRef><TimingStatus>PTP</TimingStatus></From><To SequenceNumber="21"><StopPointRef>490011204R</StopPointRef><TimingStatus>PTP</TimingStatus></To><RunTime>PT36S</RunTime></JourneyPatternTimingLink><JourneyPatternTimingLink id="JPL_60678i_H_2_20"><From SequenceNumber="21"><StopPointRef>490011204R</StopPointRef><TimingStatus>PTP</TimingStatus></From><To SequenceNumber="22"><StopPointRef>490012577E</StopPointRef><TimingStatus>PTP</TimingStatus></To><RunTime>PT60S</RunTime></JourneyPatternTimingLink><JourneyPatternTimingLink id="JPL_60678i_H_2_21"><From SequenceNumber="22"><StopPointRef>490012577E</StopPointRef><TimingStatus>PTP</TimingStatus></From><To SequenceNumber="23"><StopPointRef>490002012Z</StopPointRef><TimingStatus>PTP</TimingStatus></To><RunTime>PT60S</RunTime></JourneyPatternTimingLink><JourneyPatternTimingLink id="JPL_60678i_H_2_22"><From SequenceNumber="23"><StopPointRef>490002012Z</StopPointRef><TimingStatus>PTP</TimingStatus></From><To SequenceNumber="24"><StopPointRef>490004730V</StopPointRef><TimingStatus>PTP</TimingStatus></To><RunTime>PT60S</RunTime></JourneyPatternTimingLink><JourneyPatternTimingLink id="JPL_60678i_H_2_23"><From SequenceNumber="24"><StopPointRef>490004730V</StopPointRef><TimingStatus>PTP</TimingStatus></From><To SequenceNumber="25"><StopPointRef>490011520E</StopPointRef><TimingStatus>PTP</TimingStatus></To><RunTime>PT60S</RunTime></JourneyPatternTimingLink><JourneyPatternTimingLink id="JPL_60678i_H_2_24"><From SequenceNumber="25"><StopPointRef>490011520E</StopPointRef><TimingStatus>PTP</TimingStatus></From><To SequenceNumber="26"><StopPointRef>490006361S</StopPointRef><TimingStatus>PTP</TimingStatus></To><RunTime>PT60S</RunTime></JourneyPatternTimingLink><JourneyPatternTimingLink id="JPL_60678i_H_2_25"><From SequenceNumber="26"><StopPointRef>490006361S</StopPointRef><TimingStatus>PTP</TimingStatus></From><To SequenceNumber="27"><StopPointRef>490002028M</StopPointRef><TimingStatus>PTP</TimingStatus></To><RunTime>PT60S</RunTime></JourneyPatternTimingLink><JourneyPatternTimingLink id="JPL_60678i_H_2_26"><From SequenceNumber="27"><StopPointRef>490002028M</StopPointRef><TimingStatus>PTP</TimingStatus></From><To SequenceNumber="28"><StopPointRef>490006804N2</StopPointRef><TimingStatus>PTP</TimingStatus></To><RunTime>PT30S</RunTime></JourneyPatternTimingLink><JourneyPatternTimingLink id="JPL_60678i_H_2_27"><From SequenceNumber="28"><StopPointRef>490006804N2</StopPointRef><TimingStatus>PTP</TimingStatus></From><To SequenceNumber="29"><StopPointRef>490008378W</StopPointRef><TimingStatus>PTP</TimingStatus></To><RunTime>PT30S</RunTime></JourneyPatternTimingLink><JourneyPatternTimingLink id="JPL_60678i_H_2_28"><From SequenceNumber="29"><StopPointRef>490008378W</StopPointRef><TimingStatus>PTP</TimingStatus></From><To SequenceNumber="30"><StopPointRef>490006389W</StopPointRef><TimingStatus>PTP</TimingStatus></To><RunTime>PT30S</RunTime></JourneyPatternTimingLink><JourneyPatternTimingLink id="JPL_60678i_H_2_29"><From SequenceNumber="30"><StopPointRef>490006389W</StopPointRef><TimingStatus>PTP</TimingStatus></From><To SequenceNumber="31"><StopPointRef>490006317A</StopPointRef><TimingStatus>PTP</TimingStatus></To><RunTime>PT30S</RunTime></JourneyPatternTimingLink></JourneyPatternSection><JourneyPatternSection id="JPS_60678i_R_6"><JourneyPatternTimingLink id="JPL_60678i_R_6_0"><From SequenceNumber="1"><StopPointRef>490006317A</StopPointRef><TimingStatus>PTP</TimingStatus></From><To SequenceNumber="2"><StopPointRef>490002011H</StopPointRef><TimingStatus>PTP</TimingStatus></To><RunTime>PT30S</RunTime></JourneyPatternTimingLink><JourneyPatternTimingLink id="JPL_60678i_R_6_1"><From SequenceNumber="2"><StopPointRef>490002011H</StopPointRef><TimingStatus>PTP</TimingStatus></From><To SequenceNumber="3"><StopPointRef>490008378S</StopPointRef><TimingStatus>PTP</TimingStatus></To><RunTime>PT30S</RunTime></JourneyPatternTimingLink><JourneyPatternTimingLink id="JPL_60678i_R_6_2"><From SequenceNumber="3"><StopPointRef>490008378S</StopPointRef><TimingStatus>PTP</TimingStatus></From><To SequenceNumber="4"><StopPointRef>490013355W</StopPointRef><TimingStatus>PTP</TimingStatus></To><RunTime>PT30S</RunTime></JourneyPatternTimingLink><JourneyPatternTimingLink id="JPL_60678i_R_6_3"><From SequenceNumber="4"><StopPointRef>490013355W</StopPointRef><TimingStatus>PTP</TimingStatus></From><To SequenceNumber="5"><StopPointRef>490002028Q</StopPointRef><TimingStatus>PTP</TimingStatus></To><RunTime>PT30S</RunTime></JourneyPatternTimingLink><JourneyPatternTimingLink id="JPL_60678i_R_6_4"><From SequenceNumber="5"><StopPointRef>490002028Q</StopPointRef><TimingStatus>PTP</TimingStatus></From><To SequenceNumber="6"><StopPointRef>490006361E</StopPointRef><TimingStatus>PTP</TimingStatus></To><RunTime>PT72S</RunTime></JourneyPatternTimingLink><JourneyPatternTimingLink id="JPL_60678i_R_6_5"><From SequenceNumber="6"><StopPointRef>490006361E</StopPointRef><TimingStatus>PTP</TimingStatus></From><To SequenceNumber="7"><StopPointRef>490011520T</StopPointRef><TimingStatus>PTP</TimingStatus></To><RunTime>PT72S</RunTime></JourneyPatternTimingLink><JourneyPatternTimingLink id="JPL_60678i_R_6_6"><From SequenceNumber="7"><StopPointRef>490011520T</StopPointRef><TimingStatus>PTP</TimingStatus></From><To SequenceNumber="8"><StopPointRef>490002012X</StopPointRef><TimingStatus>PTP</TimingStatus></To><RunTime>PT72S</RunTime></JourneyPatternTimingLink><JourneyPatternTimingLink id="JPL_60678i_R_6_7"><From SequenceNumber="8"><StopPointRef>490002012X</StopPointRef><TimingStatus>PTP</TimingStatus></From><To SequenceNumber="9"><StopPointRef>490012577W</StopPointRef><TimingStatus>PTP</TimingStatus></To><RunTime>PT72S</RunTime></JourneyPatternTimingLink><JourneyPatternTimingLink id="JPL_60678i_R_6_8"><From SequenceNumber="9"><StopPointRef>490012577W</StopPointRef><TimingStatus>PTP</TimingStatus></From><To SequenceNumber="10"><StopPointRef>490011204S</StopPointRef><TimingStatus>PTP</TimingStatus></To><RunTime>PT72S</RunTime></JourneyPatternTimingLink><JourneyPatternTimingLink id="JPL_60678i_R_6_9"><From SequenceNumber="10"><StopPointRef>490011204S</StopPointRef><TimingStatus>PTP</TimingStatus></From><To SequenceNumber="11"><StopPointRef>490001079A</StopPointRef><TimingStatus>PTP</TimingStatus></To><RunTime>PT42S</RunTime></JourneyPatternTimingLink><JourneyPatternTimingLink id="JPL_60678i_R_6_10"><From SequenceNumber="11"><StopPointRef>490001079A</StopPointRef><TimingStatus>PTP</TimingStatus></From><To SequenceNumber="12"><StopPointRef>490009092F</StopPointRef><TimingStatus>PTP</TimingStatus></To><RunTime>PT42S</RunTime></JourneyPatternTimingLink><JourneyPatternTimingLink id="JPL_60678i_R_6_11"><From SequenceNumber="12"><StopPointRef>490009092F</StopPointRef><TimingStatus>PTP</TimingStatus></From><To SequenceNumber="13"><StopPointRef>490010212S2</StopPointRef><TimingStatus>PTP</TimingStatus></To><RunTime>PT42S</RunTime></JourneyPatternTimingLink><JourneyPatternTimingLink id="JPL_60678i_R_6_12"><From SequenceNumber="13"><StopPointRef>490010212S2</StopPointRef><TimingStatus>PTP</TimingStatus></From><To SequenceNumber="14"><StopPointRef>490011814N</StopPointRef><TimingStatus>PTP</TimingStatus></To><RunTime>PT42S</RunTime></JourneyPatternTimingLink><JourneyPatternTimingLink id="JPL_60678i_R_6_13"><From SequenceNumber="14"><StopPointRef>490011814N</StopPointRef><TimingStatus>PTP</TimingStatus></From><To SequenceNumber="15"><StopPointRef>490016788N</StopPointRef><TimingStatus>PTP</TimingStatus></To><RunTime>PT42S</RunTime></JourneyPatternTimingLink><JourneyPatternTimingLink id="JPL_60678i_R_6_14"><From SequenceNumber="15"><StopPointRef>490016788N</StopPointRef><TimingStatus>PTP</TimingStatus></From><To SequenceNumber="16"><StopPointRef>490010219N</StopPointRef><TimingStatus>PTP</TimingStatus></To><RunTime>PT42S</RunTime></JourneyPatternTimingLink><JourneyPatternTimingLink id="JPL_60678i_R_6_15"><From SequenceNumber="16"><StopPointRef>490010219N</StopPointRef><TimingStatus>PTP</TimingStatus></From><To SequenceNumber="17"><StopPointRef>490006040N</StopPointRef><TimingStatus>PTP</TimingStatus></To><RunTime>PT42S</RunTime></JourneyPatternTimingLink><JourneyPatternTimingLink id="JPL_60678i_R_6_16"><From SequenceNumber="17"><StopPointRef>490006040N</StopPointRef><TimingStatus>PTP</TimingStatus></From><To SequenceNumber="18"><StopPointRef>490011039N</StopPointRef><TimingStatus>PTP</TimingStatus></To><RunTime>PT66S</RunTime></JourneyPatternTimingLink><JourneyPatternTimingLink id="JPL_60678i_R_6_17"><From SequenceNumber="18"><StopPointRef>490011039N</StopPointRef><TimingStatus>PTP</TimingStatus></From><To SequenceNumber="19"><StopPointRef>490006106N</StopPointRef><TimingStatus>PTP</TimingStatus></To><RunTime>PT78S</RunTime></JourneyPatternTimingLink><JourneyPatternTimingLink id="JPL_60678i_R_6_18"><From SequenceNumber="19"><StopPointRef>490006106N</StopPointRef><TimingStatus>PTP</TimingStatus></From><To SequenceNumber="20"><StopPointRef>490012011N</StopPointRef><TimingStatus>PTP</TimingStatus></To><RunTime>PT78S</RunTime></JourneyPatternTimingLink><JourneyPatternTimingLink id="JPL_60678i_R_6_19"><From SequenceNumber="20"><StopPointRef>490012011N</StopPointRef><TimingStatus>PTP</TimingStatus></From><To SequenceNumber="21"><StopPointRef>490011045N</StopPointRef><TimingStatus>PTP</TimingStatus></To><RunTime>PT84S</RunTime></JourneyPatternTimingLink><JourneyPatternTimingLink id="JPL_60678i_R_6_20"><From SequenceNumber="21"><StopPointRef>490011045N</StopPointRef><TimingStatus>PTP</TimingStatus></From><To SequenceNumber="22"><StopPointRef>490005387D</StopPointRef><TimingStatus>PTP</TimingStatus></To><RunTime>PT60S</RunTime></JourneyPatternTimingLink><JourneyPatternTimingLink id="JPL_60678i_R_6_21"><From SequenceNumber="22"><StopPointRef>490005387D</StopPointRef><TimingStatus>PTP</TimingStatus></From><To SequenceNumber="23"><StopPointRef>490013197E</StopPointRef><TimingStatus>PTP</TimingStatus></To><RunTime>PT60S</RunTime></JourneyPatternTimingLink><JourneyPatternTimingLink id="JPL_60678i_R_6_22"><From SequenceNumber="23"><StopPointRef>490013197E</StopPointRef><TimingStatus>PTP</TimingStatus></From><To SequenceNumber="24"><StopPointRef>490005741N</StopPointRef><TimingStatus>PTP</TimingStatus></To><RunTime>PT60S</RunTime></JourneyPatternTimingLink><JourneyPatternTimingLink id="JPL_60678i_R_6_23"><From SequenceNumber="24"><StopPointRef>490005741N</StopPointRef><TimingStatus>PTP</TimingStatus></From><To SequenceNumber="25"><StopPointRef>490011054N</StopPointRef><TimingStatus>PTP</TimingStatus></To><RunTime>PT60S</RunTime></JourneyPatternTimingLink><JourneyPatternTimingLink id="JPL_60678i_R_6_24"><From SequenceNumber="25"><StopPointRef>490011054N</StopPointRef><TimingStatus>PTP</TimingStatus></From><To SequenceNumber="26"><StopPointRef>490014467N</StopPointRef><TimingStatus>PTP</TimingStatus></To><RunTime>PT60S</RunTime></JourneyPatternTimingLink><JourneyPatternTimingLink id="JPL_60678i_R_6_25"><From SequenceNumber="26"><StopPointRef>490014467N</StopPointRef><TimingStatus>PTP</TimingStatus></From><To SequenceNumber="27"><StopPointRef>490015000N</StopPointRef><TimingStatus>PTP</TimingStatus></To><RunTime>PT60S</RunTime></JourneyPatternTimingLink><JourneyPatternTimingLink id="JPL_60678i_R_6_26"><From SequenceNumber="27"><StopPointRef>490015000N</StopPointRef><TimingStatus>PTP</TimingStatus></From><To SequenceNumber="28"><StopPointRef>490012702E</StopPointRef><TimingStatus>PTP</TimingStatus></To><RunTime>PT60S</RunTime></JourneyPatternTimingLink><JourneyPatternTimingLink id="JPL_60678i_R_6_27"><From SequenceNumber="28"><StopPointRef>490012702E</StopPointRef><TimingStatus>PTP</TimingStatus></From><To SequenceNumber="29"><StopPointRef>490007330N</StopPointRef><TimingStatus>PTP</TimingStatus></To><RunTime>PT60S</RunTime></JourneyPatternTimingLink><JourneyPatternTimingLink id="JPL_60678i_R_6_28"><From SequenceNumber="29"><StopPointRef>490007330N</StopPointRef><TimingStatus>PTP</TimingStatus></From><To SequenceNumber="30"><StopPointRef>490006917G</StopPointRef><TimingStatus>PTP</TimingStatus></To><RunTime>PT60S</RunTime></JourneyPatternTimingLink><JourneyPatternTimingLink id="JPL_60678i_R_6_29"><From SequenceNumber="30"><StopPointRef>490006917G</StopPointRef><TimingStatus>PTP</TimingStatus></From><To SequenceNumber="31"><StopPointRef>490006917L</StopPointRef><TimingStatus>PTP</TimingStatus></To><RunTime>PT60S</RunTime></JourneyPatternTimingLink><JourneyPatternTimingLink id="JPL_60678i_R_6_30"><From SequenceNumber="31"><StopPointRef>490006917L</StopPointRef><TimingStatus>PTP</TimingStatus></From><To SequenceNumber="32"><StopPointRef>490001111A</StopPointRef><TimingStatus>PTP</TimingStatus></To><RunTime>PT120S</RunTime></JourneyPatternTimingLink><JourneyPatternTimingLink id="JPL_60678i_R_6_31"><From SequenceNumber="32"><StopPointRef>490001111A</StopPointRef><TimingStatus>PTP</TimingStatus></From><To SequenceNumber="33"><StopPointRef>490009513W</StopPointRef><TimingStatus>PTP</TimingStatus></To><RunTime>PT120S</RunTime></JourneyPatternTimingLink><JourneyPatternTimingLink id="JPL_60678i_R_6_32"><From SequenceNumber="33"><StopPointRef>490009513W</StopPointRef><TimingStatus>PTP</TimingStatus></From><To SequenceNumber="34"><StopPointRef>490009760W2</StopPointRef><TimingStatus>PTP</TimingStatus></To><RunTime>PT120S</RunTime></JourneyPatternTimingLink><JourneyPatternTimingLink id="JPL_60678i_R_6_33"><From SequenceNumber="34"><StopPointRef>490009760W2</StopPointRef><TimingStatus>PTP</TimingStatus></From><To SequenceNumber="35"><StopPointRef>490009536S</StopPointRef><TimingStatus>PTP</TimingStatus></To><RunTime>PT120S</RunTime></JourneyPatternTimingLink><JourneyPatternTimingLink id="JPL_60678i_R_6_34"><From SequenceNumber="35"><StopPointRef>490009536S</StopPointRef><TimingStatus>PTP</TimingStatus></From><To SequenceNumber="36"><StopPointRef>490012902R</StopPointRef><TimingStatus>PTP</TimingStatus></To><RunTime>PT120S</RunTime></JourneyPatternTimingLink><JourneyPatternTimingLink id="JPL_60678i_R_6_35"><From SequenceNumber="36"><StopPointRef>490012902R</StopPointRef><TimingStatus>PTP</TimingStatus></From><To SequenceNumber="37"><StopPointRef>490015114E</StopPointRef><TimingStatus>PTP</TimingStatus></To><RunTime>PT120S</RunTime></JourneyPatternTimingLink><JourneyPatternTimingLink id="JPL_60678i_R_6_36"><From SequenceNumber="37"><StopPointRef>490015114E</StopPointRef><TimingStatus>PTP</TimingStatus></From><To SequenceNumber="38"><StopPointRef>490012904E</StopPointRef><TimingStatus>PTP</TimingStatus></To><RunTime>PT120S</RunTime></JourneyPatternTimingLink></JourneyPatternSection></JourneyPatternSections><Operators><Operator id="OId_IF"><OperatorCode>IF</OperatorCode><OperatorShortName>IF</OperatorShortName><OperatorNameOnLicence>IF</OperatorNameOnLicence><TradingName>IF</TradingName></Operator></Operators><Services><Service><ServiceCode>SId_60678i0</ServiceCode><PrivateCode>60678i0</PrivateCode><Lines><Line id="LId_60678i0"><LineName>678</LineName></Line></Lines><OperatingPeriod><StartDate>2009-12-01</StartDate><EndDate>2010-12-23</EndDate></OperatingPeriod><OperatingProfile><RegularDayType>
					<DaysOfWeek>
						<MondayToFriday/>
					</DaysOfWeek>
				</RegularDayType>
				<BankHolidayOperation><DaysOfNonOperation><AllBankHolidays></AllBankHolidays></DaysOfNonOperation></BankHolidayOperation></OperatingProfile><RegisteredOperatorRef>OId_IF</RegisteredOperatorRef><StopRequirements><NoNewStopsRequired/></StopRequirements><StandardService><Origin>St Georges Road (E7)</Origin><Destination>Beckton Bus Station (E6)</Destination><JourneyPattern id="JP_60678i_H0_1"><Direction>outbound</Direction><Operational><VehicleType><VehicleTypeCode>08</VehicleTypeCode><Description>Double Decker Low Floor+Wheelchair</Description></VehicleType></Operational><RouteRef>R_60678i_H_1</RouteRef><JourneyPatternSectionRefs>JPS_60678i_H_1</JourneyPatternSectionRefs></JourneyPattern><JourneyPattern id="JP_60678i_H0_2"><Direction>outbound</Direction><Operational><VehicleType><VehicleTypeCode>08</VehicleTypeCode><Description>Double Decker Low Floor+Wheelchair</Description></VehicleType></Operational><RouteRef>R_60678i_H_2</RouteRef><JourneyPatternSectionRefs>JPS_60678i_H_2</JourneyPatternSectionRefs></JourneyPattern><JourneyPattern id="JP_60678i_R0_6"><Direction>inbound</Direction><Operational><VehicleType><VehicleTypeCode>08</VehicleTypeCode><Description>Double Decker Low Floor+Wheelchair</Description></VehicleType></Operational><RouteRef>R_60678i_R_3</RouteRef><JourneyPatternSectionRefs>JPS_60678i_R_6</JourneyPatternSectionRefs></JourneyPattern></StandardService></Service></Services><VehicleJourneys><VehicleJourney><PrivateCode>60678ii0H6780002</PrivateCode><Operational><VehicleType><VehicleTypeCode>08</VehicleTypeCode><Description>Double Decker Low Floor+Wheelchair</Description></VehicleType></Operational><OperatingProfile><RegularDayType>
					<DaysOfWeek>
						<MondayToFriday/>
					</DaysOfWeek>
				</RegularDayType>
			</OperatingProfile><VehicleJourneyCode>60678ii0H6780002</VehicleJourneyCode><ServiceRef>SId_60678i0</ServiceRef><LineRef>LId_60678i0</LineRef><JourneyPatternRef>JP_60678i_H0_1</JourneyPatternRef><DepartureTime>15:25:00</DepartureTime></VehicleJourney><VehicleJourney><PrivateCode>60678ii0H6780004</PrivateCode><Operational><VehicleType><VehicleTypeCode>08</VehicleTypeCode><Description>Double Decker Low Floor+Wheelchair</Description></VehicleType></Operational><OperatingProfile><RegularDayType>
					<DaysOfWeek>
						<MondayToFriday/>
					</DaysOfWeek>
				</RegularDayType>
			</OperatingProfile><VehicleJourneyCode>60678ii0H6780004</VehicleJourneyCode><ServiceRef>SId_60678i0</ServiceRef><LineRef>LId_60678i0</LineRef><JourneyPatternRef>JP_60678i_H0_2</JourneyPatternRef><DepartureTime>15:30:00</DepartureTime></VehicleJourney><VehicleJourney><PrivateCode>60678ii0H6780006</PrivateCode><Operational><VehicleType><VehicleTypeCode>08</VehicleTypeCode><Description>Double Decker Low Floor+Wheelchair</Description></VehicleType></Operational><OperatingProfile><RegularDayType>
					<DaysOfWeek>
						<MondayToFriday/>
					</DaysOfWeek>
				</RegularDayType>
			</OperatingProfile><VehicleJourneyCode>60678ii0H6780006</VehicleJourneyCode><ServiceRef>SId_60678i0</ServiceRef><LineRef>LId_60678i0</LineRef><JourneyPatternRef>JP_60678i_H0_2</JourneyPatternRef><DepartureTime>15:35:00</DepartureTime></VehicleJourney><VehicleJourney><PrivateCode>60678ii0H6780008</PrivateCode><Operational><VehicleType><VehicleTypeCode>08</VehicleTypeCode><Description>Double Decker Low Floor+Wheelchair</Description></VehicleType></Operational><OperatingProfile><RegularDayType>
					<DaysOfWeek>
						<MondayToFriday/>
					</DaysOfWeek>
				</RegularDayType>
			</OperatingProfile><VehicleJourneyCode>60678ii0H6780008</VehicleJourneyCode><ServiceRef>SId_60678i0</ServiceRef><LineRef>LId_60678i0</LineRef><JourneyPatternRef>JP_60678i_H0_2</JourneyPatternRef><DepartureTime>15:40:00</DepartureTime></VehicleJourney><VehicleJourney><PrivateCode>60678ii0R6780001</PrivateCode><Operational><VehicleType><VehicleTypeCode>08</VehicleTypeCode><Description>Double Decker Low Floor+Wheelchair</Description></VehicleType></Operational><OperatingProfile><RegularDayType>
					<DaysOfWeek>
						<MondayToFriday/>
					</DaysOfWeek>
				</RegularDayType>
			</OperatingProfile><VehicleJourneyCode>60678ii0R6780001</VehicleJourneyCode><ServiceRef>SId_60678i0</ServiceRef><LineRef>LId_60678i0</LineRef><JourneyPatternRef>JP_60678i_R0_6</JourneyPatternRef><DepartureTime>07:50:00</DepartureTime></VehicleJourney><VehicleJourney><PrivateCode>60678ii0R6780003</PrivateCode><Operational><VehicleType><VehicleTypeCode>08</VehicleTypeCode><Description>Double Decker Low Floor+Wheelchair</Description></VehicleType></Operational><OperatingProfile><RegularDayType>
					<DaysOfWeek>
						<MondayToFriday/>
					</DaysOfWeek>
				</RegularDayType>
			</OperatingProfile><VehicleJourneyCode>60678ii0R6780003</VehicleJourneyCode><ServiceRef>SId_60678i0</ServiceRef><LineRef>LId_60678i0</LineRef><JourneyPatternRef>JP_60678i_R0_6</JourneyPatternRef><DepartureTime>07:55:00</DepartureTime></VehicleJourney><VehicleJourney><PrivateCode>60678ii0R6780005</PrivateCode><Operational><VehicleType><VehicleTypeCode>08</VehicleTypeCode><Description>Double Decker Low Floor+Wheelchair</Description></VehicleType></Operational><OperatingProfile><RegularDayType>
					<DaysOfWeek>
						<MondayToFriday/>
					</DaysOfWeek>
				</RegularDayType>
			</OperatingProfile><VehicleJourneyCode>60678ii0R6780005</VehicleJourneyCode><ServiceRef>SId_60678i0</ServiceRef><LineRef>LId_60678i0</LineRef><JourneyPatternRef>JP_60678i_R0_6</JourneyPatternRef><DepartureTime>08:00:00</DepartureTime></VehicleJourney></VehicleJourneys></TransXChange>
