<?xml version="1.0" encoding="UTF-8"?>
<TransXChange CreationDateTime="2010-10-28T09:20:52" ModificationDateTime="2010-10-28T09:20:52" Modification="new" FileName="G:\mentzdv\Datastore\output_txc_59625f.xml" RevisionNumber="0" SchemaVersion="2.1" xmlns:xsi="http://www.w3.org/2001/XMLSchema-instance" xsi:schemaLocation="http://www.transxchange.org.uk/ http://www.transxchange.org.uk/schema/2.1/TransXChange_general.xsd" xmlns="http://www.transxchange.org.uk/" xmlns:n1="http://www.transxchange.org.uk/" xmlns:n2="http://www.govtalk.gov.uk/people/AddressAndPersonalDetails" xmlns:n3="http://www.govtalk.gov.uk/core" xmlns:n4="http://www.govtalk.gov.uk/people/bs7666"><StopPoints><AnnotatedStopPointRef><StopPointRef>490011067S2</StopPointRef><CommonName>Warwick Terrace/Plumstead C Rd</CommonName><Indicator>stop C</Indicator><LocalityName>Plumstead</LocalityName><LocalityQualifier>Greater London</LocalityQualifier></AnnotatedStopPointRef><AnnotatedStopPointRef><StopPointRef>490011072E</StopPointRef><CommonName>Plumstead Common Road</CommonName><Indicator>stop K</Indicator><LocalityName>Plumstead</LocalityName><LocalityQualifier>Greater London</LocalityQualifier></AnnotatedStopPointRef><AnnotatedStopPointRef><StopPointRef>490013607E</StopPointRef><CommonName>The Slade / Ravine Grove</CommonName><Indicator>stop L</Indicator><LocalityName>Plumstead</LocalityName><LocalityQualifier>Greater London</LocalityQualifier></AnnotatedStopPointRef><AnnotatedStopPointRef><StopPointRef>490009795E</StopPointRef><CommonName>Bassant Street (SE18)</CommonName><Indicator>stop E</Indicator><LocalityName>Plumstead</LocalityName><LocalityQualifier>Greater London</LocalityQualifier></AnnotatedStopPointRef><AnnotatedStopPointRef><StopPointRef>490008773S</StopPointRef><CommonName>Kingsdale Road (SE18)</CommonName><Indicator>stop S</Indicator><LocalityName>Plumstead</LocalityName><LocalityQualifier>Greater London</LocalityQualifier></AnnotatedStopPointRef><AnnotatedStopPointRef><StopPointRef>490013627S</StopPointRef><CommonName>Thornhill Avenue</CommonName><Indicator>stop S</Indicator><LocalityName>Plumstead</LocalityName><LocalityQualifier>Greater London</LocalityQualifier></AnnotatedStopPointRef><AnnotatedStopPointRef><StopPointRef>490013375S</StopPointRef><CommonName>The Glenmore Arms</CommonName><Indicator>stop S</Indicator><LocalityName>Plumstead</LocalityName><LocalityQualifier>Greater London</LocalityQualifier></AnnotatedStopPointRef><AnnotatedStopPointRef><StopPointRef>490005053S</StopPointRef><CommonName>Chaucer Road (DA16)</CommonName><Indicator>stop S</Indicator><LocalityName>Welling</LocalityName><LocalityQualifier>Greater London</LocalityQualifier></AnnotatedStopPointRef><AnnotatedStopPointRef><StopPointRef>490014655E</StopPointRef><CommonName>Wickham Street / Edison Road</CommonName><Indicator>stop E</Indicator><LocalityName>Welling</LocalityName><LocalityQualifier>Greater London</LocalityQualifier></AnnotatedStopPointRef><AnnotatedStopPointRef><StopPointRef>490004602S</StopPointRef><CommonName>Central Avenue/ Wickham Street</CommonName><Indicator>stop S</Indicator><LocalityName>Welling</LocalityName><LocalityQualifier>Greater London</LocalityQualifier></AnnotatedStopPointRef><AnnotatedStopPointRef><StopPointRef>490001318A</StopPointRef><CommonName>Welling</CommonName><Indicator>stop A</Indicator><LocalityName>Welling</LocalityName><LocalityQualifier>Greater London</LocalityQualifier></AnnotatedStopPointRef><AnnotatedStopPointRef><StopPointRef>490006018H</StopPointRef><CommonName>Deepdene Road (DA16)</CommonName><Indicator>stop H</Indicator><LocalityName>Welling</LocalityName><LocalityQualifier>Greater London</LocalityQualifier></AnnotatedStopPointRef><AnnotatedStopPointRef><StopPointRef>490014351L</StopPointRef><CommonName>Bellegrove Road / Hook Lane</CommonName><Indicator>stop L</Indicator><LocalityName>Welling</LocalityName><LocalityQualifier>Greater London</LocalityQualifier></AnnotatedStopPointRef><AnnotatedStopPointRef><StopPointRef>490006735S</StopPointRef><CommonName>Faraday Road (DA16)</CommonName><Indicator>stop S</Indicator><LocalityName>Welling</LocalityName><LocalityQualifier>Greater London</LocalityQualifier></AnnotatedStopPointRef><AnnotatedStopPointRef><StopPointRef>490014536N</StopPointRef><CommonName>Westwood Lane / Hook Lane</CommonName><Indicator>stop N</Indicator><LocalityName>Falconwood</LocalityName><LocalityQualifier>Greater London</LocalityQualifier></AnnotatedStopPointRef><AnnotatedStopPointRef><StopPointRef>490014389S</StopPointRef><CommonName>Wendover Way</CommonName><Indicator>stop P</Indicator><LocalityName>Blackfen</LocalityName><LocalityQualifier>Greater London</LocalityQualifier></AnnotatedStopPointRef><AnnotatedStopPointRef><StopPointRef>490004059S</StopPointRef><CommonName>Westwood Lane / Blackfen Road</CommonName><Indicator>stop Q</Indicator><LocalityName>Blackfen</LocalityName><LocalityQualifier>Greater London</LocalityQualifier></AnnotatedStopPointRef><AnnotatedStopPointRef><StopPointRef>490015262S1</StopPointRef><CommonName>Wellington Avenue /Blackfen Rd</CommonName><Indicator>stop R</Indicator><LocalityName>Blackfen</LocalityName><LocalityQualifier>Greater London</LocalityQualifier></AnnotatedStopPointRef><AnnotatedStopPointRef><StopPointRef>490013489S</StopPointRef><CommonName>The Oval (DA15)</CommonName><Indicator>stop S</Indicator><LocalityName>Blackfen</LocalityName><LocalityQualifier>Greater London</LocalityQualifier></AnnotatedStopPointRef><AnnotatedStopPointRef><StopPointRef>490009674W</StopPointRef><CommonName>Marlborough Park Avenue (DA15)</CommonName><Indicator>stop T</Indicator><LocalityName>Blackfen</LocalityName><LocalityQualifier>Greater London</LocalityQualifier></AnnotatedStopPointRef><AnnotatedStopPointRef><StopPointRef>490010491W</StopPointRef><CommonName>Oaklands Avenue</CommonName><Indicator>stop U</Indicator><LocalityName>Blackfen</LocalityName><LocalityQualifier>Greater London</LocalityQualifier></AnnotatedStopPointRef><AnnotatedStopPointRef><StopPointRef>490003333S</StopPointRef><CommonName>Annandale Road</CommonName><Indicator>stop S</Indicator><LocalityName>Blackfen</LocalityName><LocalityQualifier>Greater London</LocalityQualifier></AnnotatedStopPointRef><AnnotatedStopPointRef><StopPointRef>490008291E</StopPointRef><CommonName>Hollies Avenue (DA15)</CommonName><Indicator>stop E</Indicator><LocalityName>Longlands</LocalityName><LocalityQualifier>Greater London</LocalityQualifier></AnnotatedStopPointRef><AnnotatedStopPointRef><StopPointRef>490014998S</StopPointRef><CommonName>Halfway St /Old Farm Road West</CommonName><Indicator>stop S</Indicator><LocalityName>Sidcup</LocalityName><LocalityQualifier>Greater London</LocalityQualifier></AnnotatedStopPointRef><AnnotatedStopPointRef><StopPointRef>490015177G</StopPointRef><CommonName>Hatherley Crescent /Sidcup Stn</CommonName><Indicator>stop G</Indicator><LocalityName>Sidcup</LocalityName><LocalityQualifier>Greater London</LocalityQualifier></AnnotatedStopPointRef><AnnotatedStopPointRef><StopPointRef>490005743M</StopPointRef><CommonName>Station Road / Crescent Road</CommonName><Indicator>stop M</Indicator><LocalityName>Sidcup</LocalityName><LocalityQualifier>Greater London</LocalityQualifier></AnnotatedStopPointRef><AnnotatedStopPointRef><StopPointRef>490012140S</StopPointRef><CommonName>Sidcup Police Station</CommonName><Indicator>stop S</Indicator><LocalityName>Sidcup</LocalityName><LocalityQualifier>Greater London</LocalityQualifier></AnnotatedStopPointRef><AnnotatedStopPointRef><StopPointRef>490013387S</StopPointRef><CommonName>The Green / Elm Road</CommonName><Indicator>stop W</Indicator><LocalityName>Sidcup</LocalityName><LocalityQualifier>Greater London</LocalityQualifier></AnnotatedStopPointRef><AnnotatedStopPointRef><StopPointRef>490012139HH</StopPointRef><CommonName>Sidcup / Queen Mary's Hospital</CommonName><Indicator>stop HH</Indicator><LocalityName>Sidcup</LocalityName><LocalityQualifier>Greater London</LocalityQualifier></AnnotatedStopPointRef><AnnotatedStopPointRef><StopPointRef>490003735W</StopPointRef><CommonName>Beaverwood Road (BR7)</CommonName><Indicator>stop W</Indicator><LocalityName>Chislehurst</LocalityName><LocalityQualifier>Greater London</LocalityQualifier></AnnotatedStopPointRef><AnnotatedStopPointRef><StopPointRef>490003427W</StopPointRef><CommonName>Ashfield Lane</CommonName><Indicator>stop Z</Indicator><LocalityName>Chislehurst</LocalityName><LocalityQualifier>Greater London</LocalityQualifier></AnnotatedStopPointRef><AnnotatedStopPointRef><StopPointRef>490005205R</StopPointRef><CommonName>Bromley Lane / War Memorial</CommonName><Indicator>stop R</Indicator><LocalityName>Chislehurst</LocalityName><LocalityQualifier>Greater London</LocalityQualifier></AnnotatedStopPointRef><AnnotatedStopPointRef><StopPointRef>490015269T</StopPointRef><CommonName>Chislehurst War Memorial</CommonName><Indicator>stop T</Indicator><LocalityName>Chislehurst</LocalityName><LocalityQualifier>Greater London</LocalityQualifier></AnnotatedStopPointRef><AnnotatedStopPointRef><StopPointRef>490015269S</StopPointRef><CommonName>Bromley Lane / War Memorial</CommonName><Indicator>stop S</Indicator><LocalityName>Chislehurst</LocalityName><LocalityQualifier>Greater London</LocalityQualifier></AnnotatedStopPointRef><AnnotatedStopPointRef><StopPointRef>490003427E</StopPointRef><CommonName>Ashfield Lane</CommonName><Indicator>stop Y</Indicator><LocalityName>Chislehurst</LocalityName><LocalityQualifier>Greater London</LocalityQualifier></AnnotatedStopPointRef><AnnotatedStopPointRef><StopPointRef>490003735E</StopPointRef><CommonName>Beaverwood Road (BR7)</CommonName><Indicator>stop E</Indicator><LocalityName>Chislehurst</LocalityName><LocalityQualifier>Greater London</LocalityQualifier></AnnotatedStopPointRef><AnnotatedStopPointRef><StopPointRef>490009041HK</StopPointRef><CommonName>Leas Green (BR7)</CommonName><Indicator>stop HK</Indicator><LocalityName>Chislehurst</LocalityName><LocalityQualifier>Greater London</LocalityQualifier></AnnotatedStopPointRef><AnnotatedStopPointRef><StopPointRef>490012139HJ</StopPointRef><CommonName>Sidcup / Queen Mary's Hospital</CommonName><Indicator>stop HJ</Indicator><LocalityName>Sidcup</LocalityName><LocalityQualifier>Greater London</LocalityQualifier></AnnotatedStopPointRef><AnnotatedStopPointRef><StopPointRef>490013421N</StopPointRef><CommonName>The Green / Chislehurst Road</CommonName><Indicator>stop N</Indicator><LocalityName>Sidcup</LocalityName><LocalityQualifier>Greater London</LocalityQualifier></AnnotatedStopPointRef><AnnotatedStopPointRef><StopPointRef>490012140R</StopPointRef><CommonName>Sidcup Police Station</CommonName><Indicator>stop R</Indicator><LocalityName>Sidcup</LocalityName><LocalityQualifier>Greater London</LocalityQualifier></AnnotatedStopPointRef><AnnotatedStopPointRef><StopPointRef>490005743N</StopPointRef><CommonName>Crescent Road (DA15)</CommonName><Indicator>stop N</Indicator><LocalityName>Sidcup</LocalityName><LocalityQualifier>Greater London</LocalityQualifier></AnnotatedStopPointRef><AnnotatedStopPointRef><StopPointRef>490015177L</StopPointRef><CommonName>Hatherley Crescent /Sidcup Stn</CommonName><Indicator>stop L</Indicator><LocalityName>Sidcup</LocalityName><LocalityQualifier>Greater London</LocalityQualifier></AnnotatedStopPointRef><AnnotatedStopPointRef><StopPointRef>490003346E</StopPointRef><CommonName>Hemmings Close</CommonName><Indicator>stop J</Indicator><LocalityName>Sidcup</LocalityName><LocalityQualifier>Greater London</LocalityQualifier></AnnotatedStopPointRef><AnnotatedStopPointRef><StopPointRef>490004016E</StopPointRef><CommonName>Birchwood Avenue (DA14)</CommonName><Indicator>stop K</Indicator><LocalityName>Sidcup</LocalityName><LocalityQualifier>Greater London</LocalityQualifier></AnnotatedStopPointRef><AnnotatedStopPointRef><StopPointRef>490009802E</StopPointRef><CommonName>Melville Road (DA14)</CommonName><Indicator>stop L</Indicator><LocalityName>Sidcup</LocalityName><LocalityQualifier>Greater London</LocalityQualifier></AnnotatedStopPointRef><AnnotatedStopPointRef><StopPointRef>490014956E</StopPointRef><CommonName>Wren Road</CommonName><Indicator>stop M</Indicator><LocalityName>Sidcup</LocalityName><LocalityQualifier>Greater London</LocalityQualifier></AnnotatedStopPointRef><AnnotatedStopPointRef><StopPointRef>490004765N</StopPointRef><CommonName>Canterbury Avenue</CommonName><Indicator>stop N</Indicator><LocalityName>Sidcup</LocalityName><LocalityQualifier>Greater London</LocalityQualifier></AnnotatedStopPointRef><AnnotatedStopPointRef><StopPointRef>490006890N</StopPointRef><CommonName>Foots Cray Lane / Hurst Road</CommonName><Indicator>stop P</Indicator><LocalityName>Blackfen</LocalityName><LocalityQualifier>Greater London</LocalityQualifier></AnnotatedStopPointRef><AnnotatedStopPointRef><StopPointRef>490008439W</StopPointRef><CommonName>Hurstmere School (DA15)</CommonName><Indicator>stop W</Indicator><LocalityName>Sidcup</LocalityName><LocalityQualifier>Greater London</LocalityQualifier></AnnotatedStopPointRef><AnnotatedStopPointRef><StopPointRef>490008441W</StopPointRef><CommonName>Sidcup Leisure Centre (DA15)</CommonName><Indicator>stop C</Indicator><LocalityName>Sidcup</LocalityName><LocalityQualifier>Greater London</LocalityQualifier></AnnotatedStopPointRef><AnnotatedStopPointRef><StopPointRef>490014998W</StopPointRef><CommonName>Halfway St /Old Farm Road West</CommonName><Indicator>stop W</Indicator><LocalityName>Sidcup</LocalityName><LocalityQualifier>Greater London</LocalityQualifier></AnnotatedStopPointRef><AnnotatedStopPointRef><StopPointRef>490008291W</StopPointRef><CommonName>Hollies Avenue (DA15)</CommonName><Indicator>stop W</Indicator><LocalityName>Longlands</LocalityName><LocalityQualifier>Greater London</LocalityQualifier></AnnotatedStopPointRef><AnnotatedStopPointRef><StopPointRef>490003333N</StopPointRef><CommonName>Annandale Road</CommonName><Indicator>stop N</Indicator><LocalityName>Blackfen</LocalityName><LocalityQualifier>Greater London</LocalityQualifier></AnnotatedStopPointRef><AnnotatedStopPointRef><StopPointRef>490010491E</StopPointRef><CommonName>Oaklands Avenue</CommonName><Indicator>stop J</Indicator><LocalityName>Blackfen</LocalityName><LocalityQualifier>Greater London</LocalityQualifier></AnnotatedStopPointRef><AnnotatedStopPointRef><StopPointRef>490009674E</StopPointRef><CommonName>Marlborough Park Avenue (DA15)</CommonName><Indicator>stop K</Indicator><LocalityName>Blackfen</LocalityName><LocalityQualifier>Greater London</LocalityQualifier></AnnotatedStopPointRef><AnnotatedStopPointRef><StopPointRef>490013489N</StopPointRef><CommonName>The Oval (DA15)</CommonName><Indicator>stop L</Indicator><LocalityName>Blackfen</LocalityName><LocalityQualifier>Greater London</LocalityQualifier></AnnotatedStopPointRef><AnnotatedStopPointRef><StopPointRef>490015262N</StopPointRef><CommonName>Wellington Avenue /Blackfen Rd</CommonName><Indicator>stop M</Indicator><LocalityName>Blackfen</LocalityName><LocalityQualifier>Greater London</LocalityQualifier></AnnotatedStopPointRef><AnnotatedStopPointRef><StopPointRef>490014389N</StopPointRef><CommonName>Wendover Way</CommonName><Indicator>stop N</Indicator><LocalityName>Blackfen</LocalityName><LocalityQualifier>Greater London</LocalityQualifier></AnnotatedStopPointRef><AnnotatedStopPointRef><StopPointRef>490004227N</StopPointRef><CommonName>Bradenham Avenue</CommonName><Indicator>stop N</Indicator><LocalityName>Falconwood</LocalityName><LocalityQualifier>Greater London</LocalityQualifier></AnnotatedStopPointRef><AnnotatedStopPointRef><StopPointRef>490008341N</StopPointRef><CommonName>Hook Lane / Westwood Lane</CommonName><Indicator>stop N</Indicator><LocalityName>Falconwood</LocalityName><LocalityQualifier>Greater London</LocalityQualifier></AnnotatedStopPointRef><AnnotatedStopPointRef><StopPointRef>490006735N</StopPointRef><CommonName>Faraday Road (DA16)</CommonName><Indicator>stop N</Indicator><LocalityName>Welling</LocalityName><LocalityQualifier>Greater London</LocalityQualifier></AnnotatedStopPointRef><AnnotatedStopPointRef><StopPointRef>490014351P</StopPointRef><CommonName>Bellegrove Road / Hook Lane</CommonName><Indicator>stop P</Indicator><LocalityName>Welling</LocalityName><LocalityQualifier>Greater London</LocalityQualifier></AnnotatedStopPointRef><AnnotatedStopPointRef><StopPointRef>490011803G</StopPointRef><CommonName>Ruskin Drive</CommonName><Indicator>stop G</Indicator><LocalityName>Welling</LocalityName><LocalityQualifier>Greater London</LocalityQualifier></AnnotatedStopPointRef><AnnotatedStopPointRef><StopPointRef>490001318B</StopPointRef><CommonName>Welling</CommonName><Indicator>stop B</Indicator><LocalityName>Welling</LocalityName><LocalityQualifier>Greater London</LocalityQualifier></AnnotatedStopPointRef><AnnotatedStopPointRef><StopPointRef>490004602N</StopPointRef><CommonName>Central Avenue/ Wickham Street</CommonName><Indicator>stop N</Indicator><LocalityName>Welling</LocalityName><LocalityQualifier>Greater London</LocalityQualifier></AnnotatedStopPointRef><AnnotatedStopPointRef><StopPointRef>490010941N</StopPointRef><CommonName>Peregrine Court</CommonName><Indicator>stop N</Indicator><LocalityName>Welling</LocalityName><LocalityQualifier>Greater London</LocalityQualifier></AnnotatedStopPointRef><AnnotatedStopPointRef><StopPointRef>490005053N</StopPointRef><CommonName>Chaucer Road (DA16)</CommonName><Indicator>stop N</Indicator><LocalityName>Welling</LocalityName><LocalityQualifier>Greater London</LocalityQualifier></AnnotatedStopPointRef><AnnotatedStopPointRef><StopPointRef>490013375N</StopPointRef><CommonName>The Glenmore Arms</CommonName><Indicator>stop N</Indicator><LocalityName>Plumstead</LocalityName><LocalityQualifier>Greater London</LocalityQualifier></AnnotatedStopPointRef><AnnotatedStopPointRef><StopPointRef>490013627N</StopPointRef><CommonName>Thornhill Avenue</CommonName><Indicator>stop N</Indicator><LocalityName>Plumstead</LocalityName><LocalityQualifier>Greater London</LocalityQualifier></AnnotatedStopPointRef><AnnotatedStopPointRef><StopPointRef>490008773N</StopPointRef><CommonName>Kingsdale Road (SE18)</CommonName><Indicator>stop N</Indicator><LocalityName>Plumstead</LocalityName><LocalityQualifier>Greater London</LocalityQualifier></AnnotatedStopPointRef><AnnotatedStopPointRef><StopPointRef>490003672N</StopPointRef><CommonName>Bassant Street (SE18)</CommonName><Indicator>stop N</Indicator><LocalityName>Plumstead</LocalityName><LocalityQualifier>Greater London</LocalityQualifier></AnnotatedStopPointRef><AnnotatedStopPointRef><StopPointRef>490013607W</StopPointRef><CommonName>The Slade / Ravine Grove</CommonName><Indicator>stop P</Indicator><LocalityName>Plumstead</LocalityName><LocalityQualifier>Greater London</LocalityQualifier></AnnotatedStopPointRef><AnnotatedStopPointRef><StopPointRef>490011072W</StopPointRef><CommonName>Plumstead Common Road</CommonName><Indicator>stop R</Indicator><LocalityName>Plumstead</LocalityName><LocalityQualifier>Greater London</LocalityQualifier></AnnotatedStopPointRef><AnnotatedStopPointRef><StopPointRef>490011073W</StopPointRef><CommonName>Plumstead Common / The Ship</CommonName><Indicator>stop S</Indicator><LocalityName>Plumstead</LocalityName><LocalityQualifier>Greater London</LocalityQualifier></AnnotatedStopPointRef><AnnotatedStopPointRef><StopPointRef>490018952E</StopPointRef><CommonName>Old Mill Rd /Plumstead Comm Rd</CommonName><Indicator>stop D</Indicator><LocalityName>Plumstead</LocalityName><LocalityQualifier>Greater London</LocalityQualifier></AnnotatedStopPointRef><AnnotatedStopPointRef><StopPointRef>490011067S1</StopPointRef><CommonName>Warwick Terrace/Plumstead C Rd</CommonName><Indicator>stop B</Indicator><LocalityName>Plumstead</LocalityName><LocalityQualifier>Greater London</LocalityQualifier></AnnotatedStopPointRef></StopPoints><RouteSections><RouteSection id="RS_59625f_H_1"><RouteLink id="RL_RS_59625f_H_1_0"><From><StopPointRef>490011067S2</StopPointRef></From><To><StopPointRef>490011072E</StopPointRef></To><Direction>outbound</Direction></RouteLink><RouteLink id="RL_RS_59625f_H_1_1"><From><StopPointRef>490011072E</StopPointRef></From><To><StopPointRef>490013607E</StopPointRef></To><Direction>outbound</Direction></RouteLink><RouteLink id="RL_RS_59625f_H_1_2"><From><StopPointRef>490013607E</StopPointRef></From><To><StopPointRef>490009795E</StopPointRef></To><Direction>outbound</Direction></RouteLink><RouteLink id="RL_RS_59625f_H_1_3"><From><StopPointRef>490009795E</StopPointRef></From><To><StopPointRef>490008773S</StopPointRef></To><Direction>outbound</Direction></RouteLink><RouteLink id="RL_RS_59625f_H_1_4"><From><StopPointRef>490008773S</StopPointRef></From><To><StopPointRef>490013627S</StopPointRef></To><Direction>outbound</Direction></RouteLink><RouteLink id="RL_RS_59625f_H_1_5"><From><StopPointRef>490013627S</StopPointRef></From><To><StopPointRef>490013375S</StopPointRef></To><Direction>outbound</Direction></RouteLink><RouteLink id="RL_RS_59625f_H_1_6"><From><StopPointRef>490013375S</StopPointRef></From><To><StopPointRef>490005053S</StopPointRef></To><Direction>outbound</Direction></RouteLink><RouteLink id="RL_RS_59625f_H_1_7"><From><StopPointRef>490005053S</StopPointRef></From><To><StopPointRef>490014655E</StopPointRef></To><Direction>outbound</Direction></RouteLink><RouteLink id="RL_RS_59625f_H_1_8"><From><StopPointRef>490014655E</StopPointRef></From><To><StopPointRef>490004602S</StopPointRef></To><Direction>outbound</Direction></RouteLink><RouteLink id="RL_RS_59625f_H_1_9"><From><StopPointRef>490004602S</StopPointRef></From><To><StopPointRef>490001318A</StopPointRef></To><Direction>outbound</Direction></RouteLink><RouteLink id="RL_RS_59625f_H_1_10"><From><StopPointRef>490001318A</StopPointRef></From><To><StopPointRef>490006018H</StopPointRef></To><Direction>outbound</Direction></RouteLink><RouteLink id="RL_RS_59625f_H_1_11"><From><StopPointRef>490006018H</StopPointRef></From><To><StopPointRef>490014351L</StopPointRef></To><Direction>outbound</Direction></RouteLink><RouteLink id="RL_RS_59625f_H_1_12"><From><StopPointRef>490014351L</StopPointRef></From><To><StopPointRef>490006735S</StopPointRef></To><Direction>outbound</Direction></RouteLink><RouteLink id="RL_RS_59625f_H_1_13"><From><StopPointRef>490006735S</StopPointRef></From><To><StopPointRef>490014536N</StopPointRef></To><Direction>outbound</Direction></RouteLink><RouteLink id="RL_RS_59625f_H_1_14"><From><StopPointRef>490014536N</StopPointRef></From><To><StopPointRef>490014389S</StopPointRef></To><Direction>outbound</Direction></RouteLink><RouteLink id="RL_RS_59625f_H_1_15"><From><StopPointRef>490014389S</StopPointRef></From><To><StopPointRef>490004059S</StopPointRef></To><Direction>outbound</Direction></RouteLink><RouteLink id="RL_RS_59625f_H_1_16"><From><StopPointRef>490004059S</StopPointRef></From><To><StopPointRef>490015262S1</StopPointRef></To><Direction>outbound</Direction></RouteLink><RouteLink id="RL_RS_59625f_H_1_17"><From><StopPointRef>490015262S1</StopPointRef></From><To><StopPointRef>490013489S</StopPointRef></To><Direction>outbound</Direction></RouteLink><RouteLink id="RL_RS_59625f_H_1_18"><From><StopPointRef>490013489S</StopPointRef></From><To><StopPointRef>490009674W</StopPointRef></To><Direction>outbound</Direction></RouteLink><RouteLink id="RL_RS_59625f_H_1_19"><From><StopPointRef>490009674W</StopPointRef></From><To><StopPointRef>490010491W</StopPointRef></To><Direction>outbound</Direction></RouteLink><RouteLink id="RL_RS_59625f_H_1_20"><From><StopPointRef>490010491W</StopPointRef></From><To><StopPointRef>490003333S</StopPointRef></To><Direction>outbound</Direction></RouteLink><RouteLink id="RL_RS_59625f_H_1_21"><From><StopPointRef>490003333S</StopPointRef></From><To><StopPointRef>490008291E</StopPointRef></To><Direction>outbound</Direction></RouteLink><RouteLink id="RL_RS_59625f_H_1_22"><From><StopPointRef>490008291E</StopPointRef></From><To><StopPointRef>490014998S</StopPointRef></To><Direction>outbound</Direction></RouteLink><RouteLink id="RL_RS_59625f_H_1_23"><From><StopPointRef>490014998S</StopPointRef></From><To><StopPointRef>490015177G</StopPointRef></To><Direction>outbound</Direction></RouteLink><RouteLink id="RL_RS_59625f_H_1_24"><From><StopPointRef>490015177G</StopPointRef></From><To><StopPointRef>490005743M</StopPointRef></To><Direction>outbound</Direction></RouteLink><RouteLink id="RL_RS_59625f_H_1_25"><From><StopPointRef>490005743M</StopPointRef></From><To><StopPointRef>490012140S</StopPointRef></To><Direction>outbound</Direction></RouteLink><RouteLink id="RL_RS_59625f_H_1_26"><From><StopPointRef>490012140S</StopPointRef></From><To><StopPointRef>490013387S</StopPointRef></To><Direction>outbound</Direction></RouteLink><RouteLink id="RL_RS_59625f_H_1_27"><From><StopPointRef>490013387S</StopPointRef></From><To><StopPointRef>490012139HH</StopPointRef></To><Direction>outbound</Direction></RouteLink><RouteLink id="RL_RS_59625f_H_1_28"><From><StopPointRef>490012139HH</StopPointRef></From><To><StopPointRef>490003735W</StopPointRef></To><Direction>outbound</Direction></RouteLink><RouteLink id="RL_RS_59625f_H_1_29"><From><StopPointRef>490003735W</StopPointRef></From><To><StopPointRef>490003427W</StopPointRef></To><Direction>outbound</Direction></RouteLink><RouteLink id="RL_RS_59625f_H_1_30"><From><StopPointRef>490003427W</StopPointRef></From><To><StopPointRef>490005205R</StopPointRef></To><Direction>outbound</Direction></RouteLink><RouteLink id="RL_RS_59625f_H_1_31"><From><StopPointRef>490005205R</StopPointRef></From><To><StopPointRef>490015269T</StopPointRef></To><Direction>outbound</Direction></RouteLink></RouteSection><RouteSection id="RS_59625f_R_2"><RouteLink id="RL_RS_59625f_R_2_0"><From><StopPointRef>490015269T</StopPointRef></From><To><StopPointRef>490015269S</StopPointRef></To><Direction>inbound</Direction></RouteLink><RouteLink id="RL_RS_59625f_R_2_1"><From><StopPointRef>490015269S</StopPointRef></From><To><StopPointRef>490003427E</StopPointRef></To><Direction>inbound</Direction></RouteLink><RouteLink id="RL_RS_59625f_R_2_2"><From><StopPointRef>490003427E</StopPointRef></From><To><StopPointRef>490003735E</StopPointRef></To><Direction>inbound</Direction></RouteLink><RouteLink id="RL_RS_59625f_R_2_3"><From><StopPointRef>490003735E</StopPointRef></From><To><StopPointRef>490009041HK</StopPointRef></To><Direction>inbound</Direction></RouteLink><RouteLink id="RL_RS_59625f_R_2_4"><From><StopPointRef>490009041HK</StopPointRef></From><To><StopPointRef>490012139HJ</StopPointRef></To><Direction>inbound</Direction></RouteLink><RouteLink id="RL_RS_59625f_R_2_5"><From><StopPointRef>490012139HJ</StopPointRef></From><To><StopPointRef>490013421N</StopPointRef></To><Direction>inbound</Direction></RouteLink><RouteLink id="RL_RS_59625f_R_2_6"><From><StopPointRef>490013421N</StopPointRef></From><To><StopPointRef>490012140R</StopPointRef></To><Direction>inbound</Direction></RouteLink><RouteLink id="RL_RS_59625f_R_2_7"><From><StopPointRef>490012140R</StopPointRef></From><To><StopPointRef>490005743N</StopPointRef></To><Direction>inbound</Direction></RouteLink><RouteLink id="RL_RS_59625f_R_2_8"><From><StopPointRef>490005743N</StopPointRef></From><To><StopPointRef>490015177L</StopPointRef></To><Direction>inbound</Direction></RouteLink><RouteLink id="RL_RS_59625f_R_2_9"><From><StopPointRef>490015177L</StopPointRef></From><To><StopPointRef>490003346E</StopPointRef></To><Direction>inbound</Direction></RouteLink><RouteLink id="RL_RS_59625f_R_2_10"><From><StopPointRef>490003346E</StopPointRef></From><To><StopPointRef>490004016E</StopPointRef></To><Direction>inbound</Direction></RouteLink><RouteLink id="RL_RS_59625f_R_2_11"><From><StopPointRef>490004016E</StopPointRef></From><To><StopPointRef>490009802E</StopPointRef></To><Direction>inbound</Direction></RouteLink><RouteLink id="RL_RS_59625f_R_2_12"><From><StopPointRef>490009802E</StopPointRef></From><To><StopPointRef>490014956E</StopPointRef></To><Direction>inbound</Direction></RouteLink><RouteLink id="RL_RS_59625f_R_2_13"><From><StopPointRef>490014956E</StopPointRef></From><To><StopPointRef>490004765N</StopPointRef></To><Direction>inbound</Direction></RouteLink><RouteLink id="RL_RS_59625f_R_2_14"><From><StopPointRef>490004765N</StopPointRef></From><To><StopPointRef>490006890N</StopPointRef></To><Direction>inbound</Direction></RouteLink><RouteLink id="RL_RS_59625f_R_2_15"><From><StopPointRef>490006890N</StopPointRef></From><To><StopPointRef>490008439W</StopPointRef></To><Direction>inbound</Direction></RouteLink><RouteLink id="RL_RS_59625f_R_2_16"><From><StopPointRef>490008439W</StopPointRef></From><To><StopPointRef>490008441W</StopPointRef></To><Direction>inbound</Direction></RouteLink><RouteLink id="RL_RS_59625f_R_2_17"><From><StopPointRef>490008441W</StopPointRef></From><To><StopPointRef>490014998W</StopPointRef></To><Direction>inbound</Direction></RouteLink><RouteLink id="RL_RS_59625f_R_2_18"><From><StopPointRef>490014998W</StopPointRef></From><To><StopPointRef>490008291W</StopPointRef></To><Direction>inbound</Direction></RouteLink><RouteLink id="RL_RS_59625f_R_2_19"><From><StopPointRef>490008291W</StopPointRef></From><To><StopPointRef>490003333N</StopPointRef></To><Direction>inbound</Direction></RouteLink><RouteLink id="RL_RS_59625f_R_2_20"><From><StopPointRef>490003333N</StopPointRef></From><To><StopPointRef>490010491E</StopPointRef></To><Direction>inbound</Direction></RouteLink><RouteLink id="RL_RS_59625f_R_2_21"><From><StopPointRef>490010491E</StopPointRef></From><To><StopPointRef>490009674E</StopPointRef></To><Direction>inbound</Direction></RouteLink><RouteLink id="RL_RS_59625f_R_2_22"><From><StopPointRef>490009674E</StopPointRef></From><To><StopPointRef>490013489N</StopPointRef></To><Direction>inbound</Direction></RouteLink><RouteLink id="RL_RS_59625f_R_2_23"><From><StopPointRef>490013489N</StopPointRef></From><To><StopPointRef>490015262N</StopPointRef></To><Direction>inbound</Direction></RouteLink><RouteLink id="RL_RS_59625f_R_2_24"><From><StopPointRef>490015262N</StopPointRef></From><To><StopPointRef>490014389N</StopPointRef></To><Direction>inbound</Direction></RouteLink><RouteLink id="RL_RS_59625f_R_2_25"><From><StopPointRef>490014389N</StopPointRef></From><To><StopPointRef>490004227N</StopPointRef></To><Direction>inbound</Direction></RouteLink><RouteLink id="RL_RS_59625f_R_2_26"><From><StopPointRef>490004227N</StopPointRef></From><To><StopPointRef>490008341N</StopPointRef></To><Direction>inbound</Direction></RouteLink><RouteLink id="RL_RS_59625f_R_2_27"><From><StopPointRef>490008341N</StopPointRef></From><To><StopPointRef>490006735N</StopPointRef></To><Direction>inbound</Direction></RouteLink><RouteLink id="RL_RS_59625f_R_2_28"><From><StopPointRef>490006735N</StopPointRef></From><To><StopPointRef>490014351P</StopPointRef></To><Direction>inbound</Direction></RouteLink><RouteLink id="RL_RS_59625f_R_2_29"><From><StopPointRef>490014351P</StopPointRef></From><To><StopPointRef>490011803G</StopPointRef></To><Direction>inbound</Direction></RouteLink><RouteLink id="RL_RS_59625f_R_2_30"><From><StopPointRef>490011803G</StopPointRef></From><To><StopPointRef>490001318B</StopPointRef></To><Direction>inbound</Direction></RouteLink><RouteLink id="RL_RS_59625f_R_2_31"><From><StopPointRef>490001318B</StopPointRef></From><To><StopPointRef>490004602N</StopPointRef></To><Direction>inbound</Direction></RouteLink><RouteLink id="RL_RS_59625f_R_2_32"><From><StopPointRef>490004602N</StopPointRef></From><To><StopPointRef>490010941N</StopPointRef></To><Direction>inbound</Direction></RouteLink><RouteLink id="RL_RS_59625f_R_2_33"><From><StopPointRef>490010941N</StopPointRef></From><To><StopPointRef>490005053N</StopPointRef></To><Direction>inbound</Direction></RouteLink><RouteLink id="RL_RS_59625f_R_2_34"><From><StopPointRef>490005053N</StopPointRef></From><To><StopPointRef>490013375N</StopPointRef></To><Direction>inbound</Direction></RouteLink><RouteLink id="RL_RS_59625f_R_2_35"><From><StopPointRef>490013375N</StopPointRef></From><To><StopPointRef>490013627N</StopPointRef></To><Direction>inbound</Direction></RouteLink><RouteLink id="RL_RS_59625f_R_2_36"><From><StopPointRef>490013627N</StopPointRef></From><To><StopPointRef>490008773N</StopPointRef></To><Direction>inbound</Direction></RouteLink><RouteLink id="RL_RS_59625f_R_2_37"><From><StopPointRef>490008773N</StopPointRef></From><To><StopPointRef>490003672N</StopPointRef></To><Direction>inbound</Direction></RouteLink><RouteLink id="RL_RS_59625f_R_2_38"><From><StopPointRef>490003672N</StopPointRef></From><To><StopPointRef>490013607W</StopPointRef></To><Direction>inbound</Direction></RouteLink><RouteLink id="RL_RS_59625f_R_2_39"><From><StopPointRef>490013607W</StopPointRef></From><To><StopPointRef>490011072W</StopPointRef></To><Direction>inbound</Direction></RouteLink><RouteLink id="RL_RS_59625f_R_2_40"><From><StopPointRef>490011072W</StopPointRef></From><To><StopPointRef>490011073W</StopPointRef></To><Direction>inbound</Direction></RouteLink><RouteLink id="RL_RS_59625f_R_2_41"><From><StopPointRef>490011073W</StopPointRef></From><To><StopPointRef>490018952E</StopPointRef></To><Direction>inbound</Direction></RouteLink><RouteLink id="RL_RS_59625f_R_2_42"><From><StopPointRef>490018952E</StopPointRef></From><To><StopPointRef>490011067S1</StopPointRef></To><Direction>inbound</Direction></RouteLink></RouteSection></RouteSections><Routes><Route id="R_59625f_H_1"><PrivateCode>R_59625f_H_1</PrivateCode><Description>Warwick Terrace/Plumstead C Rd - Chislehurst War Memorial</Description><RouteSectionRef>RS_59625f_H_1</RouteSectionRef></Route><Route id="R_59625f_R_2"><PrivateCode>R_59625f_R_2</PrivateCode><Description>Chislehurst War Memorial - Warwick Terrace/Plumstead C Rd</Description><RouteSectionRef>RS_59625f_R_2</RouteSectionRef></Route></Routes><JourneyPatternSections><JourneyPatternSection id="JPS_59625f_H_1"><JourneyPatternTimingLink id="JPL_59625f_H_1_0"><From SequenceNumber="1"><StopPointRef>490011067S2</StopPointRef><TimingStatus>PTP</TimingStatus></From><To SequenceNumber="2"><StopPointRef>490011072E</StopPointRef><TimingStatus>PTP</TimingStatus></To><RunTime>PT54S</RunTime></JourneyPatternTimingLink><JourneyPatternTimingLink id="JPL_59625f_H_1_1"><From SequenceNumber="2"><StopPointRef>490011072E</StopPointRef><TimingStatus>PTP</TimingStatus></From><To SequenceNumber="3"><StopPointRef>490013607E</StopPointRef><TimingStatus>PTP</TimingStatus></To><RunTime>PT54S</RunTime></JourneyPatternTimingLink><JourneyPatternTimingLink id="JPL_59625f_H_1_2"><From SequenceNumber="3"><StopPointRef>490013607E</StopPointRef><TimingStatus>PTP</TimingStatus></From><To SequenceNumber="4"><StopPointRef>490009795E</StopPointRef><TimingStatus>PTP</TimingStatus></To><RunTime>PT54S</RunTime></JourneyPatternTimingLink><JourneyPatternTimingLink id="JPL_59625f_H_1_3"><From SequenceNumber="4"><StopPointRef>490009795E</StopPointRef><TimingStatus>PTP</TimingStatus></From><To SequenceNumber="5"><StopPointRef>490008773S</StopPointRef><TimingStatus>PTP</TimingStatus></To><RunTime>PT54S</RunTime></JourneyPatternTimingLink><JourneyPatternTimingLink id="JPL_59625f_H_1_4"><From SequenceNumber="5"><StopPointRef>490008773S</StopPointRef><TimingStatus>PTP</TimingStatus></From><To SequenceNumber="6"><StopPointRef>490013627S</StopPointRef><TimingStatus>PTP</TimingStatus></To><RunTime>PT54S</RunTime></JourneyPatternTimingLink><JourneyPatternTimingLink id="JPL_59625f_H_1_5"><From SequenceNumber="6"><StopPointRef>490013627S</StopPointRef><TimingStatus>PTP</TimingStatus></From><To SequenceNumber="7"><StopPointRef>490013375S</StopPointRef><TimingStatus>PTP</TimingStatus></To><RunTime>PT54S</RunTime></JourneyPatternTimingLink><JourneyPatternTimingLink id="JPL_59625f_H_1_6"><From SequenceNumber="7"><StopPointRef>490013375S</StopPointRef><TimingStatus>PTP</TimingStatus></From><To SequenceNumber="8"><StopPointRef>490005053S</StopPointRef><TimingStatus>PTP</TimingStatus></To><RunTime>PT54S</RunTime></JourneyPatternTimingLink><JourneyPatternTimingLink id="JPL_59625f_H_1_7"><From SequenceNumber="8"><StopPointRef>490005053S</StopPointRef><TimingStatus>PTP</TimingStatus></From><To SequenceNumber="9"><StopPointRef>490014655E</StopPointRef><TimingStatus>PTP</TimingStatus></To><RunTime>PT54S</RunTime></JourneyPatternTimingLink><JourneyPatternTimingLink id="JPL_59625f_H_1_8"><From SequenceNumber="9"><StopPointRef>490014655E</StopPointRef><TimingStatus>PTP</TimingStatus></From><To SequenceNumber="10"><StopPointRef>490004602S</StopPointRef><TimingStatus>PTP</TimingStatus></To><RunTime>PT54S</RunTime></JourneyPatternTimingLink><JourneyPatternTimingLink id="JPL_59625f_H_1_9"><From SequenceNumber="10"><StopPointRef>490004602S</StopPointRef><TimingStatus>PTP</TimingStatus></From><To SequenceNumber="11"><StopPointRef>490001318A</StopPointRef><TimingStatus>PTP</TimingStatus></To><RunTime>PT54S</RunTime></JourneyPatternTimingLink><JourneyPatternTimingLink id="JPL_59625f_H_1_10"><From SequenceNumber="11"><StopPointRef>490001318A</StopPointRef><TimingStatus>PTP</TimingStatus></From><To SequenceNumber="12"><StopPointRef>490006018H</StopPointRef><TimingStatus>PTP</TimingStatus></To><RunTime>PT96S</RunTime></JourneyPatternTimingLink><JourneyPatternTimingLink id="JPL_59625f_H_1_11"><From SequenceNumber="12"><StopPointRef>490006018H</StopPointRef><TimingStatus>PTP</TimingStatus></From><To SequenceNumber="13"><StopPointRef>490014351L</StopPointRef><TimingStatus>PTP</TimingStatus></To><RunTime>PT96S</RunTime></JourneyPatternTimingLink><JourneyPatternTimingLink id="JPL_59625f_H_1_12"><From SequenceNumber="13"><StopPointRef>490014351L</StopPointRef><TimingStatus>PTP</TimingStatus></From><To SequenceNumber="14"><StopPointRef>490006735S</StopPointRef><TimingStatus>PTP</TimingStatus></To><RunTime>PT96S</RunTime></JourneyPatternTimingLink><JourneyPatternTimingLink id="JPL_59625f_H_1_13"><From SequenceNumber="14"><StopPointRef>490006735S</StopPointRef><TimingStatus>PTP</TimingStatus></From><To SequenceNumber="15"><StopPointRef>490014536N</StopPointRef><TimingStatus>PTP</TimingStatus></To><RunTime>PT96S</RunTime></JourneyPatternTimingLink><JourneyPatternTimingLink id="JPL_59625f_H_1_14"><From SequenceNumber="15"><StopPointRef>490014536N</StopPointRef><TimingStatus>PTP</TimingStatus></From><To SequenceNumber="16"><StopPointRef>490014389S</StopPointRef><TimingStatus>PTP</TimingStatus></To><RunTime>PT96S</RunTime></JourneyPatternTimingLink><JourneyPatternTimingLink id="JPL_59625f_H_1_15"><From SequenceNumber="16"><StopPointRef>490014389S</StopPointRef><TimingStatus>PTP</TimingStatus></From><To SequenceNumber="17"><StopPointRef>490004059S</StopPointRef><TimingStatus>PTP</TimingStatus></To><RunTime>PT120S</RunTime></JourneyPatternTimingLink><JourneyPatternTimingLink id="JPL_59625f_H_1_16"><From SequenceNumber="17"><StopPointRef>490004059S</StopPointRef><TimingStatus>PTP</TimingStatus></From><To SequenceNumber="18"><StopPointRef>490015262S1</StopPointRef><TimingStatus>PTP</TimingStatus></To><RunTime>PT96S</RunTime></JourneyPatternTimingLink><JourneyPatternTimingLink id="JPL_59625f_H_1_17"><From SequenceNumber="18"><StopPointRef>490015262S1</StopPointRef><TimingStatus>PTP</TimingStatus></From><To SequenceNumber="19"><StopPointRef>490013489S</StopPointRef><TimingStatus>PTP</TimingStatus></To><RunTime>PT96S</RunTime></JourneyPatternTimingLink><JourneyPatternTimingLink id="JPL_59625f_H_1_18"><From SequenceNumber="19"><StopPointRef>490013489S</StopPointRef><TimingStatus>PTP</TimingStatus></From><To SequenceNumber="20"><StopPointRef>490009674W</StopPointRef><TimingStatus>PTP</TimingStatus></To><RunTime>PT96S</RunTime></JourneyPatternTimingLink><JourneyPatternTimingLink id="JPL_59625f_H_1_19"><From SequenceNumber="20"><StopPointRef>490009674W</StopPointRef><TimingStatus>PTP</TimingStatus></From><To SequenceNumber="21"><StopPointRef>490010491W</StopPointRef><TimingStatus>PTP</TimingStatus></To><RunTime>PT96S</RunTime></JourneyPatternTimingLink><JourneyPatternTimingLink id="JPL_59625f_H_1_20"><From SequenceNumber="21"><StopPointRef>490010491W</StopPointRef><TimingStatus>PTP</TimingStatus></From><To SequenceNumber="22"><StopPointRef>490003333S</StopPointRef><TimingStatus>PTP</TimingStatus></To><RunTime>PT96S</RunTime></JourneyPatternTimingLink><JourneyPatternTimingLink id="JPL_59625f_H_1_21"><From SequenceNumber="22"><StopPointRef>490003333S</StopPointRef><TimingStatus>PTP</TimingStatus></From><To SequenceNumber="23"><StopPointRef>490008291E</StopPointRef><TimingStatus>PTP</TimingStatus></To><RunTime>PT96S</RunTime></JourneyPatternTimingLink><JourneyPatternTimingLink id="JPL_59625f_H_1_22"><From SequenceNumber="23"><StopPointRef>490008291E</StopPointRef><TimingStatus>PTP</TimingStatus></From><To SequenceNumber="24"><StopPointRef>490014998S</StopPointRef><TimingStatus>PTP</TimingStatus></To><RunTime>PT96S</RunTime></JourneyPatternTimingLink><JourneyPatternTimingLink id="JPL_59625f_H_1_23"><From SequenceNumber="24"><StopPointRef>490014998S</StopPointRef><TimingStatus>PTP</TimingStatus></From><To SequenceNumber="25"><StopPointRef>490015177G</StopPointRef><TimingStatus>PTP</TimingStatus></To><RunTime>PT108S</RunTime></JourneyPatternTimingLink><JourneyPatternTimingLink id="JPL_59625f_H_1_24"><From SequenceNumber="25"><StopPointRef>490015177G</StopPointRef><TimingStatus>PTP</TimingStatus></From><To SequenceNumber="26"><StopPointRef>490005743M</StopPointRef><TimingStatus>PTP</TimingStatus></To><RunTime>PT108S</RunTime></JourneyPatternTimingLink><JourneyPatternTimingLink id="JPL_59625f_H_1_25"><From SequenceNumber="26"><StopPointRef>490005743M</StopPointRef><TimingStatus>PTP</TimingStatus></From><To SequenceNumber="27"><StopPointRef>490012140S</StopPointRef><TimingStatus>PTP</TimingStatus></To><RunTime>PT108S</RunTime></JourneyPatternTimingLink><JourneyPatternTimingLink id="JPL_59625f_H_1_26"><From SequenceNumber="27"><StopPointRef>490012140S</StopPointRef><TimingStatus>PTP</TimingStatus></From><To SequenceNumber="28"><StopPointRef>490013387S</StopPointRef><TimingStatus>PTP</TimingStatus></To><RunTime>PT108S</RunTime></JourneyPatternTimingLink><JourneyPatternTimingLink id="JPL_59625f_H_1_27"><From SequenceNumber="28"><StopPointRef>490013387S</StopPointRef><TimingStatus>PTP</TimingStatus></From><To SequenceNumber="29"><StopPointRef>490012139HH</StopPointRef><TimingStatus>PTP</TimingStatus></To><RunTime>PT108S</RunTime></JourneyPatternTimingLink><JourneyPatternTimingLink id="JPL_59625f_H_1_28"><From SequenceNumber="29"><StopPointRef>490012139HH</StopPointRef><TimingStatus>PTP</TimingStatus></From><To SequenceNumber="30"><StopPointRef>490003735W</StopPointRef><TimingStatus>PTP</TimingStatus></To><RunTime>PT108S</RunTime></JourneyPatternTimingLink><JourneyPatternTimingLink id="JPL_59625f_H_1_29"><From SequenceNumber="30"><StopPointRef>490003735W</StopPointRef><TimingStatus>PTP</TimingStatus></From><To SequenceNumber="31"><StopPointRef>490003427W</StopPointRef><TimingStatus>PTP</TimingStatus></To><RunTime>PT108S</RunTime></JourneyPatternTimingLink><JourneyPatternTimingLink id="JPL_59625f_H_1_30"><From SequenceNumber="31"><StopPointRef>490003427W</StopPointRef><TimingStatus>PTP</TimingStatus></From><To SequenceNumber="32"><StopPointRef>490005205R</StopPointRef><TimingStatus>PTP</TimingStatus></To><RunTime>PT108S</RunTime></JourneyPatternTimingLink><JourneyPatternTimingLink id="JPL_59625f_H_1_31"><From SequenceNumber="32"><StopPointRef>490005205R</StopPointRef><TimingStatus>PTP</TimingStatus></From><To SequenceNumber="33"><StopPointRef>490015269T</StopPointRef><TimingStatus>PTP</TimingStatus></To><RunTime>PT144S</RunTime></JourneyPatternTimingLink></JourneyPatternSection><JourneyPatternSection id="JPS_59625f_R_3"><JourneyPatternTimingLink id="JPL_59625f_R_3_0"><From SequenceNumber="1"><StopPointRef>490015269T</StopPointRef><TimingStatus>PTP</TimingStatus></From><To SequenceNumber="2"><StopPointRef>490015269S</StopPointRef><TimingStatus>PTP</TimingStatus></To><RunTime>PT96S</RunTime></JourneyPatternTimingLink><JourneyPatternTimingLink id="JPL_59625f_R_3_1"><From SequenceNumber="2"><StopPointRef>490015269S</StopPointRef><TimingStatus>PTP</TimingStatus></From><To SequenceNumber="3"><StopPointRef>490003427E</StopPointRef><TimingStatus>PTP</TimingStatus></To><RunTime>PT96S</RunTime></JourneyPatternTimingLink><JourneyPatternTimingLink id="JPL_59625f_R_3_2"><From SequenceNumber="3"><StopPointRef>490003427E</StopPointRef><TimingStatus>PTP</TimingStatus></From><To SequenceNumber="4"><StopPointRef>490003735E</StopPointRef><TimingStatus>PTP</TimingStatus></To><RunTime>PT96S</RunTime></JourneyPatternTimingLink><JourneyPatternTimingLink id="JPL_59625f_R_3_3"><From SequenceNumber="4"><StopPointRef>490003735E</StopPointRef><TimingStatus>PTP</TimingStatus></From><To SequenceNumber="5"><StopPointRef>490009041HK</StopPointRef><TimingStatus>PTP</TimingStatus></To><RunTime>PT96S</RunTime></JourneyPatternTimingLink><JourneyPatternTimingLink id="JPL_59625f_R_3_4"><From SequenceNumber="5"><StopPointRef>490009041HK</StopPointRef><TimingStatus>PTP</TimingStatus></From><To SequenceNumber="6"><StopPointRef>490012139HJ</StopPointRef><TimingStatus>PTP</TimingStatus></To><RunTime>PT96S</RunTime></JourneyPatternTimingLink><JourneyPatternTimingLink id="JPL_59625f_R_3_5"><From SequenceNumber="6"><StopPointRef>490012139HJ</StopPointRef><TimingStatus>PTP</TimingStatus></From><To SequenceNumber="7"><StopPointRef>490013421N</StopPointRef><TimingStatus>PTP</TimingStatus></To><RunTime>PT96S</RunTime></JourneyPatternTimingLink><JourneyPatternTimingLink id="JPL_59625f_R_3_6"><From SequenceNumber="7"><StopPointRef>490013421N</StopPointRef><TimingStatus>PTP</TimingStatus></From><To SequenceNumber="8"><StopPointRef>490012140R</StopPointRef><TimingStatus>PTP</TimingStatus></To><RunTime>PT96S</RunTime></JourneyPatternTimingLink><JourneyPatternTimingLink id="JPL_59625f_R_3_7"><From SequenceNumber="8"><StopPointRef>490012140R</StopPointRef><TimingStatus>PTP</TimingStatus></From><To SequenceNumber="9"><StopPointRef>490005743N</StopPointRef><TimingStatus>PTP</TimingStatus></To><RunTime>PT96S</RunTime></JourneyPatternTimingLink><JourneyPatternTimingLink id="JPL_59625f_R_3_8"><From SequenceNumber="9"><StopPointRef>490005743N</StopPointRef><TimingStatus>PTP</TimingStatus></From><To SequenceNumber="10"><StopPointRef>490015177L</StopPointRef><TimingStatus>PTP</TimingStatus></To><RunTime>PT132S</RunTime></JourneyPatternTimingLink><JourneyPatternTimingLink id="JPL_59625f_R_3_9"><From SequenceNumber="10"><StopPointRef>490015177L</StopPointRef><TimingStatus>PTP</TimingStatus></From><To SequenceNumber="11"><StopPointRef>490003346E</StopPointRef><TimingStatus>PTP</TimingStatus></To><RunTime>PT36S</RunTime></JourneyPatternTimingLink><JourneyPatternTimingLink id="JPL_59625f_R_3_10"><From SequenceNumber="11"><StopPointRef>490003346E</StopPointRef><TimingStatus>PTP</TimingStatus></From><To SequenceNumber="12"><StopPointRef>490004016E</StopPointRef><TimingStatus>PTP</TimingStatus></To><RunTime>PT36S</RunTime></JourneyPatternTimingLink><JourneyPatternTimingLink id="JPL_59625f_R_3_11"><From SequenceNumber="12"><StopPointRef>490004016E</StopPointRef><TimingStatus>PTP</TimingStatus></From><To SequenceNumber="13"><StopPointRef>490009802E</StopPointRef><TimingStatus>PTP</TimingStatus></To><RunTime>PT36S</RunTime></JourneyPatternTimingLink><JourneyPatternTimingLink id="JPL_59625f_R_3_12"><From SequenceNumber="13"><StopPointRef>490009802E</StopPointRef><TimingStatus>PTP</TimingStatus></From><To SequenceNumber="14"><StopPointRef>490014956E</StopPointRef><TimingStatus>PTP</TimingStatus></To><RunTime>PT36S</RunTime></JourneyPatternTimingLink><JourneyPatternTimingLink id="JPL_59625f_R_3_13"><From SequenceNumber="14"><StopPointRef>490014956E</StopPointRef><TimingStatus>PTP</TimingStatus></From><To SequenceNumber="15"><StopPointRef>490004765N</StopPointRef><TimingStatus>PTP</TimingStatus></To><RunTime>PT36S</RunTime></JourneyPatternTimingLink><JourneyPatternTimingLink id="JPL_59625f_R_3_14"><From SequenceNumber="15"><StopPointRef>490004765N</StopPointRef><TimingStatus>PTP</TimingStatus></From><To SequenceNumber="16"><StopPointRef>490006890N</StopPointRef><TimingStatus>PTP</TimingStatus></To><RunTime>PT36S</RunTime></JourneyPatternTimingLink><JourneyPatternTimingLink id="JPL_59625f_R_3_15"><From SequenceNumber="16"><StopPointRef>490006890N</StopPointRef><TimingStatus>PTP</TimingStatus></From><To SequenceNumber="17"><StopPointRef>490008439W</StopPointRef><TimingStatus>PTP</TimingStatus></To><RunTime>PT36S</RunTime></JourneyPatternTimingLink><JourneyPatternTimingLink id="JPL_59625f_R_3_16"><From SequenceNumber="17"><StopPointRef>490008439W</StopPointRef><TimingStatus>PTP</TimingStatus></From><To SequenceNumber="18"><StopPointRef>490008441W</StopPointRef><TimingStatus>PTP</TimingStatus></To><RunTime>PT36S</RunTime></JourneyPatternTimingLink><JourneyPatternTimingLink id="JPL_59625f_R_3_17"><From SequenceNumber="18"><StopPointRef>490008441W</StopPointRef><TimingStatus>PTP</TimingStatus></From><To SequenceNumber="19"><StopPointRef>490014998W</StopPointRef><TimingStatus>PTP</TimingStatus></To><RunTime>PT36S</RunTime></JourneyPatternTimingLink><JourneyPatternTimingLink id="JPL_59625f_R_3_18"><From SequenceNumber="19"><StopPointRef>490014998W</StopPointRef><TimingStatus>PTP</TimingStatus></From><To SequenceNumber="20"><StopPointRef>490008291W</StopPointRef><TimingStatus>PTP</TimingStatus></To><RunTime>PT36S</RunTime></JourneyPatternTimingLink><JourneyPatternTimingLink id="JPL_59625f_R_3_19"><From SequenceNumber="20"><StopPointRef>490008291W</StopPointRef><TimingStatus>PTP</TimingStatus></From><To SequenceNumber="21"><StopPointRef>490003333N</StopPointRef><TimingStatus>PTP</TimingStatus></To><RunTime>PT36S</RunTime></JourneyPatternTimingLink><JourneyPatternTimingLink id="JPL_59625f_R_3_20"><From SequenceNumber="21"><StopPointRef>490003333N</StopPointRef><TimingStatus>PTP</TimingStatus></From><To SequenceNumber="22"><StopPointRef>490010491E</StopPointRef><TimingStatus>PTP</TimingStatus></To><RunTime>PT36S</RunTime></JourneyPatternTimingLink><JourneyPatternTimingLink id="JPL_59625f_R_3_21"><From SequenceNumber="22"><StopPointRef>490010491E</StopPointRef><TimingStatus>PTP</TimingStatus></From><To SequenceNumber="23"><StopPointRef>490009674E</StopPointRef><TimingStatus>PTP</TimingStatus></To><RunTime>PT36S</RunTime></JourneyPatternTimingLink><JourneyPatternTimingLink id="JPL_59625f_R_3_22"><From SequenceNumber="23"><StopPointRef>490009674E</StopPointRef><TimingStatus>PTP</TimingStatus></From><To SequenceNumber="24"><StopPointRef>490013489N</StopPointRef><TimingStatus>PTP</TimingStatus></To><RunTime>PT36S</RunTime></JourneyPatternTimingLink><JourneyPatternTimingLink id="JPL_59625f_R_3_23"><From SequenceNumber="24"><StopPointRef>490013489N</StopPointRef><TimingStatus>PTP</TimingStatus></From><To SequenceNumber="25"><StopPointRef>490015262N</StopPointRef><TimingStatus>PTP</TimingStatus></To><RunTime>PT36S</RunTime></JourneyPatternTimingLink><JourneyPatternTimingLink id="JPL_59625f_R_3_24"><From SequenceNumber="25"><StopPointRef>490015262N</StopPointRef><TimingStatus>PTP</TimingStatus></From><To SequenceNumber="26"><StopPointRef>490014389N</StopPointRef><TimingStatus>PTP</TimingStatus></To><RunTime>PT96S</RunTime></JourneyPatternTimingLink><JourneyPatternTimingLink id="JPL_59625f_R_3_25"><From SequenceNumber="26"><StopPointRef>490014389N</StopPointRef><TimingStatus>PTP</TimingStatus></From><To SequenceNumber="27"><StopPointRef>490004227N</StopPointRef><TimingStatus>PTP</TimingStatus></To><RunTime>PT96S</RunTime></JourneyPatternTimingLink><JourneyPatternTimingLink id="JPL_59625f_R_3_26"><From SequenceNumber="27"><StopPointRef>490004227N</StopPointRef><TimingStatus>PTP</TimingStatus></From><To SequenceNumber="28"><StopPointRef>490008341N</StopPointRef><TimingStatus>PTP</TimingStatus></To><RunTime>PT96S</RunTime></JourneyPatternTimingLink><JourneyPatternTimingLink id="JPL_59625f_R_3_27"><From SequenceNumber="28"><StopPointRef>490008341N</StopPointRef><TimingStatus>PTP</TimingStatus></From><To SequenceNumber="29"><StopPointRef>490006735N</StopPointRef><TimingStatus>PTP</TimingStatus></To><RunTime>PT96S</RunTime></JourneyPatternTimingLink><JourneyPatternTimingLink id="JPL_59625f_R_3_28"><From SequenceNumber="29"><StopPointRef>490006735N</StopPointRef><TimingStatus>PTP</TimingStatus></From><To SequenceNumber="30"><StopPointRef>490014351P</StopPointRef><TimingStatus>PTP</TimingStatus></To><RunTime>PT96S</RunTime></JourneyPatternTimingLink><JourneyPatternTimingLink id="JPL_59625f_R_3_29"><From SequenceNumber="30"><StopPointRef>490014351P</StopPointRef><TimingStatus>PTP</TimingStatus></From><To SequenceNumber="31"><StopPointRef>490011803G</StopPointRef><TimingStatus>PTP</TimingStatus></To><RunTime>PT120S</RunTime></JourneyPatternTimingLink><JourneyPatternTimingLink id="JPL_59625f_R_3_30"><From SequenceNumber="31"><StopPointRef>490011803G</StopPointRef><TimingStatus>PTP</TimingStatus></From><To SequenceNumber="32"><StopPointRef>490001318B</StopPointRef><TimingStatus>PTP</TimingStatus></To><RunTime>PT42S</RunTime></JourneyPatternTimingLink><JourneyPatternTimingLink id="JPL_59625f_R_3_31"><From SequenceNumber="32"><StopPointRef>490001318B</StopPointRef><TimingStatus>PTP</TimingStatus></From><To SequenceNumber="33"><StopPointRef>490004602N</StopPointRef><TimingStatus>PTP</TimingStatus></To><RunTime>PT42S</RunTime></JourneyPatternTimingLink><JourneyPatternTimingLink id="JPL_59625f_R_3_32"><From SequenceNumber="33"><StopPointRef>490004602N</StopPointRef><TimingStatus>PTP</TimingStatus></From><To SequenceNumber="34"><StopPointRef>490010941N</StopPointRef><TimingStatus>PTP</TimingStatus></To><RunTime>PT42S</RunTime></JourneyPatternTimingLink><JourneyPatternTimingLink id="JPL_59625f_R_3_33"><From SequenceNumber="34"><StopPointRef>490010941N</StopPointRef><TimingStatus>PTP</TimingStatus></From><To SequenceNumber="35"><StopPointRef>490005053N</StopPointRef><TimingStatus>PTP</TimingStatus></To><RunTime>PT42S</RunTime></JourneyPatternTimingLink><JourneyPatternTimingLink id="JPL_59625f_R_3_34"><From SequenceNumber="35"><StopPointRef>490005053N</StopPointRef><TimingStatus>PTP</TimingStatus></From><To SequenceNumber="36"><StopPointRef>490013375N</StopPointRef><TimingStatus>PTP</TimingStatus></To><RunTime>PT42S</RunTime></JourneyPatternTimingLink><JourneyPatternTimingLink id="JPL_59625f_R_3_35"><From SequenceNumber="36"><StopPointRef>490013375N</StopPointRef><TimingStatus>PTP</TimingStatus></From><To SequenceNumber="37"><StopPointRef>490013627N</StopPointRef><TimingStatus>PTP</TimingStatus></To><RunTime>PT42S</RunTime></JourneyPatternTimingLink><JourneyPatternTimingLink id="JPL_59625f_R_3_36"><From SequenceNumber="37"><StopPointRef>490013627N</StopPointRef><TimingStatus>PTP</TimingStatus></From><To SequenceNumber="38"><StopPointRef>490008773N</StopPointRef><TimingStatus>PTP</TimingStatus></To><RunTime>PT42S</RunTime></JourneyPatternTimingLink><JourneyPatternTimingLink id="JPL_59625f_R_3_37"><From SequenceNumber="38"><StopPointRef>490008773N</StopPointRef><TimingStatus>PTP</TimingStatus></From><To SequenceNumber="39"><StopPointRef>490003672N</StopPointRef><TimingStatus>PTP</TimingStatus></To><RunTime>PT42S</RunTime></JourneyPatternTimingLink><JourneyPatternTimingLink id="JPL_59625f_R_3_38"><From SequenceNumber="39"><StopPointRef>490003672N</StopPointRef><TimingStatus>PTP</TimingStatus></From><To SequenceNumber="40"><StopPointRef>490013607W</StopPointRef><TimingStatus>PTP</TimingStatus></To><RunTime>PT42S</RunTime></JourneyPatternTimingLink><JourneyPatternTimingLink id="JPL_59625f_R_3_39"><From SequenceNumber="40"><StopPointRef>490013607W</StopPointRef><TimingStatus>PTP</TimingStatus></From><To SequenceNumber="41"><StopPointRef>490011072W</StopPointRef><TimingStatus>PTP</TimingStatus></To><RunTime>PT42S</RunTime></JourneyPatternTimingLink><JourneyPatternTimingLink id="JPL_59625f_R_3_40"><From SequenceNumber="41"><StopPointRef>490011072W</StopPointRef><TimingStatus>PTP</TimingStatus></From><To SequenceNumber="42"><StopPointRef>490011073W</StopPointRef><TimingStatus>PTP</TimingStatus></To><RunTime>PT42S</RunTime></JourneyPatternTimingLink><JourneyPatternTimingLink id="JPL_59625f_R_3_41"><From SequenceNumber="42"><StopPointRef>490011073W</StopPointRef><TimingStatus>PTP</TimingStatus></From><To SequenceNumber="43"><StopPointRef>490018952E</StopPointRef><TimingStatus>PTP</TimingStatus></To><RunTime>PT42S</RunTime></JourneyPatternTimingLink><JourneyPatternTimingLink id="JPL_59625f_R_3_42"><From SequenceNumber="43"><StopPointRef>490018952E</StopPointRef><TimingStatus>PTP</TimingStatus></From><To SequenceNumber="44"><StopPointRef>490011067S1</StopPointRef><TimingStatus>PTP</TimingStatus></To><RunTime>PT96S</RunTime></JourneyPatternTimingLink></JourneyPatternSection></JourneyPatternSections><Operators><Operator id="OId_SK"><OperatorCode>SK</OperatorCode><OperatorShortName>SK</OperatorShortName><OperatorNameOnLicence>SK</OperatorNameOnLicence><TradingName>SK</TradingName></Operator></Operators><Services><Service><ServiceCode>SId_59625f0</ServiceCode><PrivateCode>59625f0</PrivateCode><Lines><Line id="LId_59625f0"><LineName>625</LineName></Line></Lines><OperatingPeriod><StartDate>2009-12-01</StartDate><EndDate>2010-12-23</EndDate></OperatingPeriod><OperatingProfile><RegularDayType>
					<DaysOfWeek>
						<MondayToFriday/>
					</DaysOfWeek>
				</RegularDayType>
				<BankHolidayOperation><DaysOfNonOperation><AllBankHolidays></AllBankHolidays></DaysOfNonOperation></BankHolidayOperation></OperatingProfile><RegisteredOperatorRef>OId_SK</RegisteredOperatorRef><StopRequirements><NoNewStopsRequired/></StopRequirements><StandardService><Origin>Warwick Terrace/Plumstead C Rd</Origin><Destination>Chislehurst War Memorial</Destination><JourneyPattern id="JP_59625f_H0_1"><Direction>outbound</Direction><Operational><VehicleType><VehicleTypeCode>08</VehicleTypeCode><Description>Double Decker Low Floor+Wheelchair</Description></VehicleType></Operational><RouteRef>R_59625f_H_1</RouteRef><JourneyPatternSectionRefs>JPS_59625f_H_1</JourneyPatternSectionRefs></JourneyPattern><JourneyPattern id="JP_59625f_R0_3"><Direction>inbound</Direction><Operational><VehicleType><VehicleTypeCode>08</VehicleTypeCode><Description>Double Decker Low Floor+Wheelchair</Description></VehicleType></Operational><RouteRef>R_59625f_R_2</RouteRef><JourneyPatternSectionRefs>JPS_59625f_R_3</JourneyPatternSectionRefs></JourneyPattern></StandardService></Service></Services><VehicleJourneys><VehicleJourney><PrivateCode>59625ff0H6250002</PrivateCode><Operational><VehicleType><VehicleTypeCode>08</VehicleTypeCode><Description>Double Decker Low Floor+Wheelchair</Description></VehicleType></Operational><OperatingProfile><RegularDayType>
					<DaysOfWeek>
						<MondayToFriday/>
					</DaysOfWeek>
				</RegularDayType>
			</OperatingProfile><VehicleJourneyCode>59625ff0H6250002</VehicleJourneyCode><ServiceRef>SId_59625f0</ServiceRef><LineRef>LId_59625f0</LineRef><JourneyPatternRef>JP_59625f_H0_1</JourneyPatternRef><DepartureTime>07:30:00</DepartureTime></VehicleJourney><VehicleJourney><PrivateCode>59625ff0H6250004</PrivateCode><Operational><VehicleType><VehicleTypeCode>08</VehicleTypeCode><Description>Double Decker Low Floor+Wheelchair</Description></VehicleType></Operational><OperatingProfile><RegularDayType>
					<DaysOfWeek>
						<MondayToFriday/>
					</DaysOfWeek>
				</RegularDayType>
			</OperatingProfile><VehicleJourneyCode>59625ff0H6250004</VehicleJourneyCode><ServiceRef>SId_59625f0</ServiceRef><LineRef>LId_59625f0</LineRef><JourneyPatternRef>JP_59625f_H0_1</JourneyPatternRef><DepartureTime>07:45:00</DepartureTime></VehicleJourney><VehicleJourney><PrivateCode>59625ff0R6250001</PrivateCode><Operational><VehicleType><VehicleTypeCode>08</VehicleTypeCode><Description>Double Decker Low Floor+Wheelchair</Description></VehicleType></Operational><OperatingProfile><RegularDayType>
					<DaysOfWeek>
						<MondayToFriday/>
					</DaysOfWeek>
				</RegularDayType>
			</OperatingProfile><VehicleJourneyCode>59625ff0R6250001</VehicleJourneyCode><ServiceRef>SId_59625f0</ServiceRef><LineRef>LId_59625f0</LineRef><JourneyPatternRef>JP_59625f_R0_3</JourneyPatternRef><DepartureTime>15:20:00</DepartureTime></VehicleJourney><VehicleJourney><PrivateCode>59625ff0R6250003</PrivateCode><Operational><VehicleType><VehicleTypeCode>08</VehicleTypeCode><Description>Double Decker Low Floor+Wheelchair</Description></VehicleType></Operational><OperatingProfile><RegularDayType>
					<DaysOfWeek>
						<MondayToFriday/>
					</DaysOfWeek>
				</RegularDayType>
			</OperatingProfile><VehicleJourneyCode>59625ff0R6250003</VehicleJourneyCode><ServiceRef>SId_59625f0</ServiceRef><LineRef>LId_59625f0</LineRef><JourneyPatternRef>JP_59625f_R0_3</JourneyPatternRef><DepartureTime>15:25:00</DepartureTime></VehicleJourney></VehicleJourneys></TransXChange>
