<?xml version="1.0" encoding="UTF-8"?>
<TransXChange CreationDateTime="2010-10-28T09:18:10" ModificationDateTime="2010-10-28T09:18:10" Modification="new" FileName="G:\mentzdv\Datastore\output_txc_54609g.xml" RevisionNumber="0" SchemaVersion="2.1" xmlns:xsi="http://www.w3.org/2001/XMLSchema-instance" xsi:schemaLocation="http://www.transxchange.org.uk/ http://www.transxchange.org.uk/schema/2.1/TransXChange_general.xsd" xmlns="http://www.transxchange.org.uk/" xmlns:n1="http://www.transxchange.org.uk/" xmlns:n2="http://www.govtalk.gov.uk/people/AddressAndPersonalDetails" xmlns:n3="http://www.govtalk.gov.uk/core" xmlns:n4="http://www.govtalk.gov.uk/people/bs7666"><StopPoints><AnnotatedStopPointRef><StopPointRef>490007705J</StopPointRef><CommonName>Hammersmith Bus Station</CommonName><Indicator>stop J</Indicator><LocalityName>Hammersmith (London)</LocalityName><LocalityQualifier>Greater London</LocalityQualifier></AnnotatedStopPointRef><AnnotatedStopPointRef><StopPointRef>490007703K</StopPointRef><CommonName>Hammersmith Bridge Road (W6)</CommonName><Indicator>stop S</Indicator><LocalityName>Hammersmith (London)</LocalityName><LocalityQualifier>Greater London</LocalityQualifier></AnnotatedStopPointRef><AnnotatedStopPointRef><StopPointRef>490015770L</StopPointRef><CommonName>Rutland Grove</CommonName><Indicator>stop L</Indicator><LocalityName>Barnes</LocalityName><LocalityQualifier>Greater London</LocalityQualifier></AnnotatedStopPointRef><AnnotatedStopPointRef><StopPointRef>490009353W</StopPointRef><CommonName>Lonsdale Road / Castelnau</CommonName><Indicator>stop W</Indicator><LocalityName>Barnes</LocalityName><LocalityQualifier>Greater London</LocalityQualifier></AnnotatedStopPointRef><AnnotatedStopPointRef><StopPointRef>490007840S</StopPointRef><CommonName>Harrodian School</CommonName><Indicator>stop S</Indicator><LocalityName>Barnes</LocalityName><LocalityQualifier>Greater London</LocalityQualifier></AnnotatedStopPointRef><AnnotatedStopPointRef><StopPointRef>490010765E</StopPointRef><CommonName>Parke Road</CommonName><Indicator>stop E</Indicator><LocalityName>Barnes</LocalityName><LocalityQualifier>Greater London</LocalityQualifier></AnnotatedStopPointRef><AnnotatedStopPointRef><StopPointRef>490014262N</StopPointRef><CommonName>Washington Road (SW13)</CommonName><Indicator>stop N</Indicator><LocalityName>Barnes</LocalityName><LocalityQualifier>Greater London</LocalityQualifier></AnnotatedStopPointRef><AnnotatedStopPointRef><StopPointRef>490008715N</StopPointRef><CommonName>Kilmington Road (SW13)</CommonName><Indicator>stop N</Indicator><LocalityName>Barnes</LocalityName><LocalityQualifier>Greater London</LocalityQualifier></AnnotatedStopPointRef><AnnotatedStopPointRef><StopPointRef>490018948N</StopPointRef><CommonName>Hammersmith Bridge /North Side</CommonName><Indicator>stop N</Indicator><LocalityName>Barnes</LocalityName><LocalityQualifier>Greater London</LocalityQualifier></AnnotatedStopPointRef><AnnotatedStopPointRef><StopPointRef>490007703M</StopPointRef><CommonName>Hammersmith Bridge Road (W6)</CommonName><Indicator>stop T</Indicator><LocalityName>Hammersmith (London)</LocalityName><LocalityQualifier>Greater London</LocalityQualifier></AnnotatedStopPointRef><AnnotatedStopPointRef><StopPointRef>490001015BJ</StopPointRef><CommonName>Barnes Bridge</CommonName><Indicator>stop BJ</Indicator><LocalityName>Barnes</LocalityName><LocalityQualifier>Greater London</LocalityQualifier></AnnotatedStopPointRef><AnnotatedStopPointRef><StopPointRef>490014596W</StopPointRef><CommonName>Mortlake High Street</CommonName><Indicator>stop V</Indicator><LocalityName>Mortlake</LocalityName><LocalityQualifier>Greater London</LocalityQualifier></AnnotatedStopPointRef><AnnotatedStopPointRef><StopPointRef>490006144S</StopPointRef><CommonName>Dovecote Gardens (SW14)</CommonName><Indicator>stop X</Indicator><LocalityName>Mortlake</LocalityName><LocalityQualifier>Greater London</LocalityQualifier></AnnotatedStopPointRef><AnnotatedStopPointRef><StopPointRef>490010047N</StopPointRef><CommonName>Mortlake Bus Station</CommonName><Indicator>stop P</Indicator><LocalityName>Mortlake</LocalityName><LocalityQualifier>Greater London</LocalityQualifier></AnnotatedStopPointRef></StopPoints><RouteSections><RouteSection id="RS_54609g_H_1"><RouteLink id="RL_RS_54609g_H_1_0"><From><StopPointRef>490007705J</StopPointRef></From><To><StopPointRef>490007703K</StopPointRef></To><Direction>outbound</Direction></RouteLink><RouteLink id="RL_RS_54609g_H_1_1"><From><StopPointRef>490007703K</StopPointRef></From><To><StopPointRef>490015770L</StopPointRef></To><Direction>outbound</Direction></RouteLink><RouteLink id="RL_RS_54609g_H_1_2"><From><StopPointRef>490015770L</StopPointRef></From><To><StopPointRef>490009353W</StopPointRef></To><Direction>outbound</Direction></RouteLink><RouteLink id="RL_RS_54609g_H_1_3"><From><StopPointRef>490009353W</StopPointRef></From><To><StopPointRef>490007840S</StopPointRef></To><Direction>outbound</Direction></RouteLink><RouteLink id="RL_RS_54609g_H_1_4"><From><StopPointRef>490007840S</StopPointRef></From><To><StopPointRef>490001015BJ</StopPointRef></To><Direction>outbound</Direction></RouteLink><RouteLink id="RL_RS_54609g_H_1_5"><From><StopPointRef>490001015BJ</StopPointRef></From><To><StopPointRef>490014596W</StopPointRef></To><Direction>outbound</Direction></RouteLink><RouteLink id="RL_RS_54609g_H_1_6"><From><StopPointRef>490014596W</StopPointRef></From><To><StopPointRef>490006144S</StopPointRef></To><Direction>outbound</Direction></RouteLink><RouteLink id="RL_RS_54609g_H_1_7"><From><StopPointRef>490006144S</StopPointRef></From><To><StopPointRef>490010047N</StopPointRef></To><Direction>outbound</Direction></RouteLink></RouteSection><RouteSection id="RS_54609g_H_2"><RouteLink id="RL_RS_54609g_H_2_0"><From><StopPointRef>490007705J</StopPointRef></From><To><StopPointRef>490007703K</StopPointRef></To><Direction>outbound</Direction></RouteLink><RouteLink id="RL_RS_54609g_H_2_1"><From><StopPointRef>490007703K</StopPointRef></From><To><StopPointRef>490015770L</StopPointRef></To><Direction>outbound</Direction></RouteLink><RouteLink id="RL_RS_54609g_H_2_2"><From><StopPointRef>490015770L</StopPointRef></From><To><StopPointRef>490009353W</StopPointRef></To><Direction>outbound</Direction></RouteLink><RouteLink id="RL_RS_54609g_H_2_3"><From><StopPointRef>490009353W</StopPointRef></From><To><StopPointRef>490007840S</StopPointRef></To><Direction>outbound</Direction></RouteLink></RouteSection><RouteSection id="RS_54609g_H_3"><RouteLink id="RL_RS_54609g_H_3_0"><From><StopPointRef>490007840S</StopPointRef></From><To><StopPointRef>490018948N</StopPointRef></To><Direction>outbound</Direction></RouteLink><RouteLink id="RL_RS_54609g_H_3_1"><From><StopPointRef>490018948N</StopPointRef></From><To><StopPointRef>490007703M</StopPointRef></To><Direction>outbound</Direction></RouteLink><RouteLink id="RL_RS_54609g_H_3_2"><From><StopPointRef>490007703M</StopPointRef></From><To><StopPointRef>490007705J</StopPointRef></To><Direction>outbound</Direction></RouteLink></RouteSection></RouteSections><Routes><Route id="R_54609g_H_1"><PrivateCode>R_54609g_H_1</PrivateCode><Description>Hammersmith Bus Station - Mortlake Bus Station</Description><RouteSectionRef>RS_54609g_H_1</RouteSectionRef></Route><Route id="R_54609g_H_2"><PrivateCode>R_54609g_H_2</PrivateCode><Description>Hammersmith Bus Station - Harrodian School</Description><RouteSectionRef>RS_54609g_H_2</RouteSectionRef></Route><Route id="R_54609g_H_3"><PrivateCode>R_54609g_H_3</PrivateCode><Description>Harrodian School - Hammersmith Bus Station</Description><RouteSectionRef>RS_54609g_H_3</RouteSectionRef></Route></Routes><JourneyPatternSections><JourneyPatternSection id="JPS_54609g_H_1"><JourneyPatternTimingLink id="JPL_54609g_H_1_0"><From SequenceNumber="1"><StopPointRef>490007705J</StopPointRef><TimingStatus>PTP</TimingStatus></From><To SequenceNumber="2"><StopPointRef>490007703K</StopPointRef><TimingStatus>PTP</TimingStatus></To><RunTime>PT96S</RunTime></JourneyPatternTimingLink><JourneyPatternTimingLink id="JPL_54609g_H_1_1"><From SequenceNumber="2"><StopPointRef>490007703K</StopPointRef><TimingStatus>PTP</TimingStatus></From><To SequenceNumber="3"><StopPointRef>490015770L</StopPointRef><TimingStatus>PTP</TimingStatus></To><RunTime>PT96S</RunTime></JourneyPatternTimingLink><JourneyPatternTimingLink id="JPL_54609g_H_1_2"><From SequenceNumber="3"><StopPointRef>490015770L</StopPointRef><TimingStatus>PTP</TimingStatus></From><To SequenceNumber="4"><StopPointRef>490009353W</StopPointRef><TimingStatus>PTP</TimingStatus></To><RunTime>PT108S</RunTime></JourneyPatternTimingLink><JourneyPatternTimingLink id="JPL_54609g_H_1_3"><From SequenceNumber="4"><StopPointRef>490009353W</StopPointRef><TimingStatus>PTP</TimingStatus></From><To SequenceNumber="5"><StopPointRef>490007840S</StopPointRef><TimingStatus>PTP</TimingStatus></To><RunTime>PT360S</RunTime></JourneyPatternTimingLink><JourneyPatternTimingLink id="JPL_54609g_H_1_4"><From SequenceNumber="5"><StopPointRef>490007840S</StopPointRef><TimingStatus>PTP</TimingStatus></From><To SequenceNumber="12"><StopPointRef>490001015BJ</StopPointRef><TimingStatus>PTP</TimingStatus></To><RunTime>PT102S</RunTime></JourneyPatternTimingLink><JourneyPatternTimingLink id="JPL_54609g_H_1_5"><From SequenceNumber="12"><StopPointRef>490001015BJ</StopPointRef><TimingStatus>PTP</TimingStatus></From><To SequenceNumber="13"><StopPointRef>490014596W</StopPointRef><TimingStatus>PTP</TimingStatus></To><RunTime>PT102S</RunTime></JourneyPatternTimingLink><JourneyPatternTimingLink id="JPL_54609g_H_1_6"><From SequenceNumber="13"><StopPointRef>490014596W</StopPointRef><TimingStatus>PTP</TimingStatus></From><To SequenceNumber="14"><StopPointRef>490006144S</StopPointRef><TimingStatus>PTP</TimingStatus></To><RunTime>PT102S</RunTime></JourneyPatternTimingLink><JourneyPatternTimingLink id="JPL_54609g_H_1_7"><From SequenceNumber="14"><StopPointRef>490006144S</StopPointRef><TimingStatus>PTP</TimingStatus></From><To SequenceNumber="15"><StopPointRef>490010047N</StopPointRef><TimingStatus>PTP</TimingStatus></To><RunTime>PT114S</RunTime></JourneyPatternTimingLink></JourneyPatternSection><JourneyPatternSection id="JPS_54609g_H_2"><JourneyPatternTimingLink id="JPL_54609g_H_2_0"><From SequenceNumber="1"><StopPointRef>490007705J</StopPointRef><TimingStatus>PTP</TimingStatus></From><To SequenceNumber="2"><StopPointRef>490007703K</StopPointRef><TimingStatus>PTP</TimingStatus></To><RunTime>PT120S</RunTime></JourneyPatternTimingLink><JourneyPatternTimingLink id="JPL_54609g_H_2_1"><From SequenceNumber="2"><StopPointRef>490007703K</StopPointRef><TimingStatus>PTP</TimingStatus></From><To SequenceNumber="3"><StopPointRef>490015770L</StopPointRef><TimingStatus>PTP</TimingStatus></To><RunTime>PT120S</RunTime></JourneyPatternTimingLink><JourneyPatternTimingLink id="JPL_54609g_H_2_2"><From SequenceNumber="3"><StopPointRef>490015770L</StopPointRef><TimingStatus>PTP</TimingStatus></From><To SequenceNumber="4"><StopPointRef>490009353W</StopPointRef><TimingStatus>PTP</TimingStatus></To><RunTime>PT120S</RunTime></JourneyPatternTimingLink><JourneyPatternTimingLink id="JPL_54609g_H_2_3"><From SequenceNumber="4"><StopPointRef>490009353W</StopPointRef><TimingStatus>PTP</TimingStatus></From><To SequenceNumber="5"><StopPointRef>490007840S</StopPointRef><TimingStatus>PTP</TimingStatus></To><RunTime>PT420S</RunTime></JourneyPatternTimingLink></JourneyPatternSection><JourneyPatternSection id="JPS_54609g_H_3"><JourneyPatternTimingLink id="JPL_54609g_H_3_0"><From SequenceNumber="5"><StopPointRef>490007840S</StopPointRef><TimingStatus>PTP</TimingStatus></From><To SequenceNumber="9"><StopPointRef>490018948N</StopPointRef><TimingStatus>PTP</TimingStatus></To><RunTime>PT198S</RunTime></JourneyPatternTimingLink><JourneyPatternTimingLink id="JPL_54609g_H_3_1"><From SequenceNumber="9"><StopPointRef>490018948N</StopPointRef><TimingStatus>PTP</TimingStatus></From><To SequenceNumber="10"><StopPointRef>490007703M</StopPointRef><TimingStatus>PTP</TimingStatus></To><RunTime>PT198S</RunTime></JourneyPatternTimingLink><JourneyPatternTimingLink id="JPL_54609g_H_3_2"><From SequenceNumber="10"><StopPointRef>490007703M</StopPointRef><TimingStatus>PTP</TimingStatus></From><To SequenceNumber="11"><StopPointRef>490007705J</StopPointRef><TimingStatus>PTP</TimingStatus></To><RunTime>PT204S</RunTime></JourneyPatternTimingLink></JourneyPatternSection></JourneyPatternSections><Operators><Operator id="OId_ML"><OperatorCode>ML</OperatorCode><OperatorShortName>ML</OperatorShortName><OperatorNameOnLicence>ML</OperatorNameOnLicence><TradingName>ML</TradingName></Operator></Operators><Services><Service><ServiceCode>SId_54609g0</ServiceCode><PrivateCode>54609g0</PrivateCode><Lines><Line id="LId_54609g0"><LineName>609</LineName></Line></Lines><OperatingPeriod><StartDate>2009-12-01</StartDate><EndDate>2010-12-23</EndDate></OperatingPeriod><OperatingProfile><RegularDayType>
					<DaysOfWeek>
						<MondayToFriday/>
					</DaysOfWeek>
				</RegularDayType>
				<BankHolidayOperation><DaysOfNonOperation><AllBankHolidays></AllBankHolidays></DaysOfNonOperation></BankHolidayOperation></OperatingProfile><RegisteredOperatorRef>OId_ML</RegisteredOperatorRef><StopRequirements><NoNewStopsRequired/></StopRequirements><StandardService><Origin>Hammersmith Bus Station</Origin><Destination>Mortlake Bus Station</Destination><JourneyPattern id="JP_54609g_H0_1"><Direction>outbound</Direction><Operational><VehicleType><VehicleTypeCode>09</VehicleTypeCode><Description>Single Decker Wheelchair</Description></VehicleType></Operational><RouteRef>R_54609g_H_1</RouteRef><JourneyPatternSectionRefs>JPS_54609g_H_1</JourneyPatternSectionRefs></JourneyPattern><JourneyPattern id="JP_54609g_H0_2"><Direction>outbound</Direction><Operational><VehicleType><VehicleTypeCode>09</VehicleTypeCode><Description>Single Decker Wheelchair</Description></VehicleType></Operational><RouteRef>R_54609g_H_2</RouteRef><JourneyPatternSectionRefs>JPS_54609g_H_2</JourneyPatternSectionRefs></JourneyPattern><JourneyPattern id="JP_54609g_H0_3"><Direction>outbound</Direction><Operational><VehicleType><VehicleTypeCode>09</VehicleTypeCode><Description>Single Decker Wheelchair</Description></VehicleType></Operational><RouteRef>R_54609g_H_3</RouteRef><JourneyPatternSectionRefs>JPS_54609g_H_3</JourneyPatternSectionRefs></JourneyPattern></StandardService></Service></Services><VehicleJourneys><VehicleJourney><PrivateCode>54609gg0H6090001</PrivateCode><Operational><VehicleType><VehicleTypeCode>09</VehicleTypeCode><Description>Single Decker Wheelchair</Description></VehicleType></Operational><OperatingProfile><RegularDayType>
					<DaysOfWeek>
						<MondayToFriday/>
					</DaysOfWeek>
				</RegularDayType>
			</OperatingProfile><VehicleJourneyCode>54609gg0H6090001</VehicleJourneyCode><ServiceRef>SId_54609g0</ServiceRef><LineRef>LId_54609g0</LineRef><JourneyPatternRef>JP_54609g_H0_1</JourneyPatternRef><DepartureTime>07:52:00</DepartureTime></VehicleJourney><VehicleJourney><PrivateCode>54609gg0H6090003</PrivateCode><Operational><VehicleType><VehicleTypeCode>09</VehicleTypeCode><Description>Single Decker Wheelchair</Description></VehicleType></Operational><OperatingProfile><RegularDayType>
					<DaysOfWeek>
						<MondayToFriday/>
					</DaysOfWeek>
				</RegularDayType>
			</OperatingProfile><VehicleJourneyCode>54609gg0H6090003</VehicleJourneyCode><ServiceRef>SId_54609g0</ServiceRef><LineRef>LId_54609g0</LineRef><JourneyPatternRef>JP_54609g_H0_1</JourneyPatternRef><DepartureTime>08:04:00</DepartureTime></VehicleJourney><VehicleJourney><PrivateCode>54609gg0H6090009</PrivateCode><Operational><VehicleType><VehicleTypeCode>09</VehicleTypeCode><Description>Single Decker Wheelchair</Description></VehicleType></Operational><OperatingProfile><RegularDayType>
					<DaysOfWeek>
						<MondayToFriday/>
					</DaysOfWeek>
				</RegularDayType>
			</OperatingProfile><VehicleJourneyCode>54609gg0H6090009</VehicleJourneyCode><ServiceRef>SId_54609g0</ServiceRef><LineRef>LId_54609g0</LineRef><JourneyPatternRef>JP_54609g_H0_1</JourneyPatternRef><DepartureTime>08:12:00</DepartureTime></VehicleJourney><VehicleJourney><PrivateCode>54609gg0H6090011</PrivateCode><Operational><VehicleType><VehicleTypeCode>09</VehicleTypeCode><Description>Single Decker Wheelchair</Description></VehicleType></Operational><OperatingProfile><RegularDayType>
					<DaysOfWeek>
						<MondayToFriday/>
					</DaysOfWeek>
				</RegularDayType>
			</OperatingProfile><VehicleJourneyCode>54609gg0H6090011</VehicleJourneyCode><ServiceRef>SId_54609g0</ServiceRef><LineRef>LId_54609g0</LineRef><JourneyPatternRef>JP_54609g_H0_1</JourneyPatternRef><DepartureTime>08:20:00</DepartureTime></VehicleJourney><VehicleJourney><PrivateCode>54609gg0H6090013</PrivateCode><Operational><VehicleType><VehicleTypeCode>01</VehicleTypeCode><Description>Double Decker, Crew</Description></VehicleType></Operational><OperatingProfile><RegularDayType>
					<DaysOfWeek>
						<MondayToFriday/>
					</DaysOfWeek>
				</RegularDayType>
			</OperatingProfile><VehicleJourneyCode>54609gg0H6090013</VehicleJourneyCode><ServiceRef>SId_54609g0</ServiceRef><LineRef>LId_54609g0</LineRef><JourneyPatternRef>JP_54609g_H0_2</JourneyPatternRef><DepartureTime>16:02:00</DepartureTime></VehicleJourney><VehicleJourney><PrivateCode>54609gg0H6090014</PrivateCode><Operational><VehicleType><VehicleTypeCode>09</VehicleTypeCode><Description>Single Decker Wheelchair</Description></VehicleType></Operational><OperatingProfile><RegularDayType>
					<DaysOfWeek>
						<MondayToFriday/>
					</DaysOfWeek>
				</RegularDayType>
			</OperatingProfile><VehicleJourneyCode>54609gg0H6090014</VehicleJourneyCode><ServiceRef>SId_54609g0</ServiceRef><LineRef>LId_54609g0</LineRef><JourneyPatternRef>JP_54609g_H0_3</JourneyPatternRef><DepartureTime>16:20:00</DepartureTime></VehicleJourney><VehicleJourney><PrivateCode>54609gg0H6090015</PrivateCode><Operational><VehicleType><VehicleTypeCode>09</VehicleTypeCode><Description>Single Decker Wheelchair</Description></VehicleType></Operational><OperatingProfile><RegularDayType>
					<DaysOfWeek>
						<MondayToFriday/>
					</DaysOfWeek>
				</RegularDayType>
			</OperatingProfile><VehicleJourneyCode>54609gg0H6090015</VehicleJourneyCode><ServiceRef>SId_54609g0</ServiceRef><LineRef>LId_54609g0</LineRef><JourneyPatternRef>JP_54609g_H0_2</JourneyPatternRef><DepartureTime>16:34:00</DepartureTime></VehicleJourney><VehicleJourney><PrivateCode>54609gg0H6090016</PrivateCode><Operational><VehicleType><VehicleTypeCode>09</VehicleTypeCode><Description>Single Decker Wheelchair</Description></VehicleType></Operational><OperatingProfile><RegularDayType>
					<DaysOfWeek>
						<MondayToFriday/>
					</DaysOfWeek>
				</RegularDayType>
			</OperatingProfile><VehicleJourneyCode>54609gg0H6090016</VehicleJourneyCode><ServiceRef>SId_54609g0</ServiceRef><LineRef>LId_54609g0</LineRef><JourneyPatternRef>JP_54609g_H0_3</JourneyPatternRef><DepartureTime>16:50:00</DepartureTime></VehicleJourney></VehicleJourneys></TransXChange>
