<?xml version="1.0" encoding="UTF-8"?>
<TransXChange CreationDateTime="2010-10-28T09:12:56" ModificationDateTime="2010-10-28T09:12:56" Modification="new" FileName="G:\mentzdv\Datastore\output_txc_51R10_.xml" RevisionNumber="0" SchemaVersion="2.1" xmlns:xsi="http://www.w3.org/2001/XMLSchema-instance" xsi:schemaLocation="http://www.transxchange.org.uk/ http://www.transxchange.org.uk/schema/2.1/TransXChange_general.xsd" xmlns="http://www.transxchange.org.uk/" xmlns:n1="http://www.transxchange.org.uk/" xmlns:n2="http://www.govtalk.gov.uk/people/AddressAndPersonalDetails" xmlns:n3="http://www.govtalk.gov.uk/core" xmlns:n4="http://www.govtalk.gov.uk/people/bs7666"><StopPoints><AnnotatedStopPointRef><StopPointRef>490001220E</StopPointRef><CommonName>Orpington</CommonName><Indicator>stop E</Indicator><LocalityName>Orpington</LocalityName><LocalityQualifier>Greater London</LocalityQualifier></AnnotatedStopPointRef><AnnotatedStopPointRef><StopPointRef>490013818H</StopPointRef><CommonName>Tubbenden Lane / Station Road</CommonName><Indicator>stop H</Indicator><LocalityName>Orpington</LocalityName><LocalityQualifier>Greater London</LocalityQualifier></AnnotatedStopPointRef><AnnotatedStopPointRef><StopPointRef>490015411R</StopPointRef><CommonName>Orpington War Memorial</CommonName><Indicator>stop R</Indicator><LocalityName>Orpington</LocalityName><LocalityQualifier>Greater London</LocalityQualifier></AnnotatedStopPointRef><AnnotatedStopPointRef><StopPointRef>490010641X</StopPointRef><CommonName>Orpington Police Station</CommonName><Indicator>stop X</Indicator><LocalityName>Orpington</LocalityName><LocalityQualifier>Greater London</LocalityQualifier></AnnotatedStopPointRef><AnnotatedStopPointRef><StopPointRef>490015411S</StopPointRef><CommonName>Orpington War Memorial</CommonName><Indicator>stop S</Indicator><LocalityName>Orpington</LocalityName><LocalityQualifier>Greater London</LocalityQualifier></AnnotatedStopPointRef><AnnotatedStopPointRef><StopPointRef>490008209M</StopPointRef><CommonName>Hillcrest Road (BR6)</CommonName><Indicator>stop M</Indicator><LocalityName>Orpington</LocalityName><LocalityQualifier>Greater London</LocalityQualifier></AnnotatedStopPointRef><AnnotatedStopPointRef><StopPointRef>490013749S</StopPointRef><CommonName>Sevenoaks Road / Tower Road</CommonName><Indicator>stop D</Indicator><LocalityName>Orpington</LocalityName><LocalityQualifier>Greater London</LocalityQualifier></AnnotatedStopPointRef><AnnotatedStopPointRef><StopPointRef>490010639E</StopPointRef><CommonName>SevenoaksRd/Orpington Hospital</CommonName><Indicator>stop E</Indicator><LocalityName>Nash</LocalityName><LocalityQualifier>Greater London</LocalityQualifier></AnnotatedStopPointRef><AnnotatedStopPointRef><StopPointRef>490010639S1</StopPointRef><CommonName>SevenoaksRd/Orpington Hospital</CommonName><Indicator>stop F</Indicator><LocalityName>Nash</LocalityName><LocalityQualifier>Greater London</LocalityQualifier></AnnotatedStopPointRef><AnnotatedStopPointRef><StopPointRef>490005748S</StopPointRef><CommonName>Crescent Way (BR6)</CommonName><Indicator>stop G</Indicator><LocalityName>Nash</LocalityName><LocalityQualifier>Greater London</LocalityQualifier></AnnotatedStopPointRef><AnnotatedStopPointRef><StopPointRef>490006755EF</StopPointRef><CommonName>Glentrammon Road (BR6)</CommonName><Indicator>stop E</Indicator><LocalityName>Nash</LocalityName><LocalityQualifier>Greater London</LocalityQualifier></AnnotatedStopPointRef><AnnotatedStopPointRef><StopPointRef>490007494PA</StopPointRef><CommonName>High Street/Green Street Green</CommonName><Indicator>stop G</Indicator><LocalityName>Green Street Green (Orpington)</LocalityName><LocalityQualifier>Greater London</LocalityQualifier></AnnotatedStopPointRef><AnnotatedStopPointRef><StopPointRef>490004077S</StopPointRef><CommonName>Blacksmiths Arms</CommonName><Indicator>stop S</Indicator><LocalityName>Cudham</LocalityName><LocalityQualifier>Greater London</LocalityQualifier></AnnotatedStopPointRef><AnnotatedStopPointRef><StopPointRef>2400A008580A</StopPointRef><CommonName>Burlings Lane</CommonName><Indicator>stop E</Indicator><LocalityName>Knockholt</LocalityName><LocalityQualifier>Kent</LocalityQualifier></AnnotatedStopPointRef><AnnotatedStopPointRef><StopPointRef>2400102383</StopPointRef><CommonName>Acremead</CommonName><Indicator>stop E</Indicator><LocalityName>Knockholt</LocalityName><LocalityQualifier>Kent</LocalityQualifier></AnnotatedStopPointRef><AnnotatedStopPointRef><StopPointRef>2400A008590A</StopPointRef><CommonName>Knockholt / The Crown</CommonName><Indicator>stop E</Indicator><LocalityName>Knockholt</LocalityName><LocalityQualifier>Kent</LocalityQualifier></AnnotatedStopPointRef><AnnotatedStopPointRef><StopPointRef>2400A008600A</StopPointRef><CommonName>Knockholt Garden Centre</CommonName><Indicator>stop E</Indicator><LocalityName>Knockholt</LocalityName><LocalityQualifier>Kent</LocalityQualifier></AnnotatedStopPointRef><AnnotatedStopPointRef><StopPointRef>2400A034540A</StopPointRef><CommonName>Knockholt / Three Horseshoes</CommonName><Indicator>stop N</Indicator><LocalityName>Knockholt Pound</LocalityName><LocalityQualifier>Kent</LocalityQualifier></AnnotatedStopPointRef><AnnotatedStopPointRef><StopPointRef>2400A034550A</StopPointRef><CommonName>Knockholt Pound / Park Corner</CommonName><Indicator>stop N</Indicator><LocalityName>Knockholt Pound</LocalityName><LocalityQualifier>Kent</LocalityQualifier></AnnotatedStopPointRef><AnnotatedStopPointRef><StopPointRef>2400A008650A</StopPointRef><CommonName>Halstead / Meadway</CommonName><Indicator>stop N</Indicator><LocalityName>Halstead (Kent)</LocalityName><LocalityQualifier>Kent</LocalityQualifier></AnnotatedStopPointRef><AnnotatedStopPointRef><StopPointRef>2400A034700A</StopPointRef><CommonName>Halstead / The Cock</CommonName><Indicator>stop S</Indicator><LocalityName>Halstead (Kent)</LocalityName><LocalityQualifier>Kent</LocalityQualifier></AnnotatedStopPointRef><AnnotatedStopPointRef><StopPointRef>2400A008670A</StopPointRef><CommonName>Halstead / Meadway</CommonName><Indicator>stop S</Indicator><LocalityName>Halstead (Kent)</LocalityName><LocalityQualifier>Kent</LocalityQualifier></AnnotatedStopPointRef><AnnotatedStopPointRef><StopPointRef>490011165N</StopPointRef><CommonName>Pratts Bottom / Sevenoaks Road</CommonName><Indicator>stop N</Indicator><LocalityName>Pratt's Bottom</LocalityName><LocalityQualifier>Greater London</LocalityQualifier></AnnotatedStopPointRef><AnnotatedStopPointRef><StopPointRef>490005017W</StopPointRef><CommonName>Charmwood Lane (BR6)</CommonName><Indicator>stop W</Indicator><LocalityName>Pratt's Bottom</LocalityName><LocalityQualifier>Greater London</LocalityQualifier></AnnotatedStopPointRef><AnnotatedStopPointRef><StopPointRef>490007495AB</StopPointRef><CommonName>Sevenoaks Rd /Green Street Grn</CommonName><Indicator>stop A</Indicator><LocalityName>Green Street Green (Orpington)</LocalityName><LocalityQualifier>Greater London</LocalityQualifier></AnnotatedStopPointRef><AnnotatedStopPointRef><StopPointRef>490007494DC</StopPointRef><CommonName>High Street/Green Street Green</CommonName><Indicator>stop B</Indicator><LocalityName>Green Street Green (Orpington)</LocalityName><LocalityQualifier>Greater London</LocalityQualifier></AnnotatedStopPointRef><AnnotatedStopPointRef><StopPointRef>490006755DE</StopPointRef><CommonName>Glentrammon Road (BR6)</CommonName><Indicator>stop D</Indicator><LocalityName>Nash</LocalityName><LocalityQualifier>Greater London</LocalityQualifier></AnnotatedStopPointRef><AnnotatedStopPointRef><StopPointRef>490005748N</StopPointRef><CommonName>Crescent Way (BR6)</CommonName><Indicator>stop J</Indicator><LocalityName>Nash</LocalityName><LocalityQualifier>Greater London</LocalityQualifier></AnnotatedStopPointRef><AnnotatedStopPointRef><StopPointRef>490010639N</StopPointRef><CommonName>SevenoaksRd/Orpington Hospital</CommonName><Indicator>stop K</Indicator><LocalityName>Nash</LocalityName><LocalityQualifier>Greater London</LocalityQualifier></AnnotatedStopPointRef><AnnotatedStopPointRef><StopPointRef>490012592N</StopPointRef><CommonName>Stapleton Road</CommonName><Indicator>stop L</Indicator><LocalityName>Orpington</LocalityName><LocalityQualifier>Greater London</LocalityQualifier></AnnotatedStopPointRef><AnnotatedStopPointRef><StopPointRef>490013749N</StopPointRef><CommonName>Sevenoaks Road / Tower Road</CommonName><Indicator>stop N</Indicator><LocalityName>Orpington</LocalityName><LocalityQualifier>Greater London</LocalityQualifier></AnnotatedStopPointRef><AnnotatedStopPointRef><StopPointRef>490008209K</StopPointRef><CommonName>Hillcrest Road (BR6)</CommonName><Indicator>stop K</Indicator><LocalityName>Orpington</LocalityName><LocalityQualifier>Greater London</LocalityQualifier></AnnotatedStopPointRef><AnnotatedStopPointRef><StopPointRef>490015411L</StopPointRef><CommonName>Orpington War Memorial</CommonName><Indicator>stop L</Indicator><LocalityName>Orpington</LocalityName><LocalityQualifier>Greater London</LocalityQualifier></AnnotatedStopPointRef><AnnotatedStopPointRef><StopPointRef>490013818J</StopPointRef><CommonName>Tubbenden Lane / Station Road</CommonName><Indicator>stop J</Indicator><LocalityName>Orpington</LocalityName><LocalityQualifier>Greater London</LocalityQualifier></AnnotatedStopPointRef><AnnotatedStopPointRef><StopPointRef>490001220G</StopPointRef><CommonName>Orpington</CommonName><Indicator>stop G</Indicator><LocalityName>Orpington</LocalityName><LocalityQualifier>Greater London</LocalityQualifier></AnnotatedStopPointRef></StopPoints><RouteSections><RouteSection id="RS_51R10_H_1"><RouteLink id="RL_RS_51R10_H_1_0"><From><StopPointRef>490001220E</StopPointRef></From><To><StopPointRef>490013818H</StopPointRef></To><Direction>outbound</Direction></RouteLink><RouteLink id="RL_RS_51R10_H_1_1"><From><StopPointRef>490013818H</StopPointRef></From><To><StopPointRef>490015411R</StopPointRef></To><Direction>outbound</Direction></RouteLink><RouteLink id="RL_RS_51R10_H_1_2"><From><StopPointRef>490015411R</StopPointRef></From><To><StopPointRef>490010641X</StopPointRef></To><Direction>outbound</Direction></RouteLink><RouteLink id="RL_RS_51R10_H_1_3"><From><StopPointRef>490010641X</StopPointRef></From><To><StopPointRef>490015411S</StopPointRef></To><Direction>outbound</Direction></RouteLink><RouteLink id="RL_RS_51R10_H_1_4"><From><StopPointRef>490015411S</StopPointRef></From><To><StopPointRef>490008209M</StopPointRef></To><Direction>outbound</Direction></RouteLink><RouteLink id="RL_RS_51R10_H_1_5"><From><StopPointRef>490008209M</StopPointRef></From><To><StopPointRef>490013749S</StopPointRef></To><Direction>outbound</Direction></RouteLink><RouteLink id="RL_RS_51R10_H_1_6"><From><StopPointRef>490013749S</StopPointRef></From><To><StopPointRef>490010639E</StopPointRef></To><Direction>outbound</Direction></RouteLink><RouteLink id="RL_RS_51R10_H_1_7"><From><StopPointRef>490010639E</StopPointRef></From><To><StopPointRef>490010639S1</StopPointRef></To><Direction>outbound</Direction></RouteLink><RouteLink id="RL_RS_51R10_H_1_8"><From><StopPointRef>490010639S1</StopPointRef></From><To><StopPointRef>490005748S</StopPointRef></To><Direction>outbound</Direction></RouteLink><RouteLink id="RL_RS_51R10_H_1_9"><From><StopPointRef>490005748S</StopPointRef></From><To><StopPointRef>490006755EF</StopPointRef></To><Direction>outbound</Direction></RouteLink><RouteLink id="RL_RS_51R10_H_1_10"><From><StopPointRef>490006755EF</StopPointRef></From><To><StopPointRef>490007494PA</StopPointRef></To><Direction>outbound</Direction></RouteLink><RouteLink id="RL_RS_51R10_H_1_11"><From><StopPointRef>490007494PA</StopPointRef></From><To><StopPointRef>490004077S</StopPointRef></To><Direction>outbound</Direction></RouteLink><RouteLink id="RL_RS_51R10_H_1_12"><From><StopPointRef>490004077S</StopPointRef></From><To><StopPointRef>2400A008580A</StopPointRef></To><Direction>outbound</Direction></RouteLink><RouteLink id="RL_RS_51R10_H_1_13"><From><StopPointRef>2400A008580A</StopPointRef></From><To><StopPointRef>2400102383</StopPointRef></To><Direction>outbound</Direction></RouteLink><RouteLink id="RL_RS_51R10_H_1_14"><From><StopPointRef>2400102383</StopPointRef></From><To><StopPointRef>2400A008590A</StopPointRef></To><Direction>outbound</Direction></RouteLink><RouteLink id="RL_RS_51R10_H_1_15"><From><StopPointRef>2400A008590A</StopPointRef></From><To><StopPointRef>2400A008600A</StopPointRef></To><Direction>outbound</Direction></RouteLink><RouteLink id="RL_RS_51R10_H_1_16"><From><StopPointRef>2400A008600A</StopPointRef></From><To><StopPointRef>2400A034540A</StopPointRef></To><Direction>outbound</Direction></RouteLink><RouteLink id="RL_RS_51R10_H_1_17"><From><StopPointRef>2400A034540A</StopPointRef></From><To><StopPointRef>2400A034550A</StopPointRef></To><Direction>outbound</Direction></RouteLink><RouteLink id="RL_RS_51R10_H_1_18"><From><StopPointRef>2400A034550A</StopPointRef></From><To><StopPointRef>2400A008650A</StopPointRef></To><Direction>outbound</Direction></RouteLink><RouteLink id="RL_RS_51R10_H_1_19"><From><StopPointRef>2400A008650A</StopPointRef></From><To><StopPointRef>2400A034700A</StopPointRef></To><Direction>outbound</Direction></RouteLink><RouteLink id="RL_RS_51R10_H_1_20"><From><StopPointRef>2400A034700A</StopPointRef></From><To><StopPointRef>2400A008670A</StopPointRef></To><Direction>outbound</Direction></RouteLink><RouteLink id="RL_RS_51R10_H_1_21"><From><StopPointRef>2400A008670A</StopPointRef></From><To><StopPointRef>490011165N</StopPointRef></To><Direction>outbound</Direction></RouteLink><RouteLink id="RL_RS_51R10_H_1_22"><From><StopPointRef>490011165N</StopPointRef></From><To><StopPointRef>490005017W</StopPointRef></To><Direction>outbound</Direction></RouteLink><RouteLink id="RL_RS_51R10_H_1_23"><From><StopPointRef>490005017W</StopPointRef></From><To><StopPointRef>490007495AB</StopPointRef></To><Direction>outbound</Direction></RouteLink><RouteLink id="RL_RS_51R10_H_1_24"><From><StopPointRef>490007495AB</StopPointRef></From><To><StopPointRef>490007494DC</StopPointRef></To><Direction>outbound</Direction></RouteLink><RouteLink id="RL_RS_51R10_H_1_25"><From><StopPointRef>490007494DC</StopPointRef></From><To><StopPointRef>490006755DE</StopPointRef></To><Direction>outbound</Direction></RouteLink><RouteLink id="RL_RS_51R10_H_1_26"><From><StopPointRef>490006755DE</StopPointRef></From><To><StopPointRef>490005748N</StopPointRef></To><Direction>outbound</Direction></RouteLink><RouteLink id="RL_RS_51R10_H_1_27"><From><StopPointRef>490005748N</StopPointRef></From><To><StopPointRef>490010639N</StopPointRef></To><Direction>outbound</Direction></RouteLink><RouteLink id="RL_RS_51R10_H_1_28"><From><StopPointRef>490010639N</StopPointRef></From><To><StopPointRef>490012592N</StopPointRef></To><Direction>outbound</Direction></RouteLink><RouteLink id="RL_RS_51R10_H_1_29"><From><StopPointRef>490012592N</StopPointRef></From><To><StopPointRef>490013749N</StopPointRef></To><Direction>outbound</Direction></RouteLink><RouteLink id="RL_RS_51R10_H_1_30"><From><StopPointRef>490013749N</StopPointRef></From><To><StopPointRef>490008209K</StopPointRef></To><Direction>outbound</Direction></RouteLink><RouteLink id="RL_RS_51R10_H_1_31"><From><StopPointRef>490008209K</StopPointRef></From><To><StopPointRef>490015411L</StopPointRef></To><Direction>outbound</Direction></RouteLink><RouteLink id="RL_RS_51R10_H_1_32"><From><StopPointRef>490015411L</StopPointRef></From><To><StopPointRef>490013818J</StopPointRef></To><Direction>outbound</Direction></RouteLink><RouteLink id="RL_RS_51R10_H_1_33"><From><StopPointRef>490013818J</StopPointRef></From><To><StopPointRef>490001220G</StopPointRef></To><Direction>outbound</Direction></RouteLink></RouteSection><RouteSection id="RS_51R10_H_2"><RouteLink id="RL_RS_51R10_H_2_0"><From><StopPointRef>490001220E</StopPointRef></From><To><StopPointRef>490013818H</StopPointRef></To><Direction>outbound</Direction></RouteLink><RouteLink id="RL_RS_51R10_H_2_1"><From><StopPointRef>490013818H</StopPointRef></From><To><StopPointRef>490015411R</StopPointRef></To><Direction>outbound</Direction></RouteLink><RouteLink id="RL_RS_51R10_H_2_2"><From><StopPointRef>490015411R</StopPointRef></From><To><StopPointRef>490010641X</StopPointRef></To><Direction>outbound</Direction></RouteLink><RouteLink id="RL_RS_51R10_H_2_3"><From><StopPointRef>490010641X</StopPointRef></From><To><StopPointRef>490015411S</StopPointRef></To><Direction>outbound</Direction></RouteLink><RouteLink id="RL_RS_51R10_H_2_4"><From><StopPointRef>490015411S</StopPointRef></From><To><StopPointRef>490008209M</StopPointRef></To><Direction>outbound</Direction></RouteLink><RouteLink id="RL_RS_51R10_H_2_5"><From><StopPointRef>490008209M</StopPointRef></From><To><StopPointRef>490013749S</StopPointRef></To><Direction>outbound</Direction></RouteLink><RouteLink id="RL_RS_51R10_H_2_6"><From><StopPointRef>490013749S</StopPointRef></From><To><StopPointRef>490010639E</StopPointRef></To><Direction>outbound</Direction></RouteLink><RouteLink id="RL_RS_51R10_H_2_7"><From><StopPointRef>490010639E</StopPointRef></From><To><StopPointRef>490010639S1</StopPointRef></To><Direction>outbound</Direction></RouteLink><RouteLink id="RL_RS_51R10_H_2_8"><From><StopPointRef>490010639S1</StopPointRef></From><To><StopPointRef>490005748S</StopPointRef></To><Direction>outbound</Direction></RouteLink><RouteLink id="RL_RS_51R10_H_2_9"><From><StopPointRef>490005748S</StopPointRef></From><To><StopPointRef>490006755EF</StopPointRef></To><Direction>outbound</Direction></RouteLink><RouteLink id="RL_RS_51R10_H_2_10"><From><StopPointRef>490006755EF</StopPointRef></From><To><StopPointRef>490007494PA</StopPointRef></To><Direction>outbound</Direction></RouteLink><RouteLink id="RL_RS_51R10_H_2_11"><From><StopPointRef>490007494PA</StopPointRef></From><To><StopPointRef>490004077S</StopPointRef></To><Direction>outbound</Direction></RouteLink><RouteLink id="RL_RS_51R10_H_2_12"><From><StopPointRef>490004077S</StopPointRef></From><To><StopPointRef>2400A008580A</StopPointRef></To><Direction>outbound</Direction></RouteLink><RouteLink id="RL_RS_51R10_H_2_13"><From><StopPointRef>2400A008580A</StopPointRef></From><To><StopPointRef>2400102383</StopPointRef></To><Direction>outbound</Direction></RouteLink><RouteLink id="RL_RS_51R10_H_2_14"><From><StopPointRef>2400102383</StopPointRef></From><To><StopPointRef>2400A008590A</StopPointRef></To><Direction>outbound</Direction></RouteLink><RouteLink id="RL_RS_51R10_H_2_15"><From><StopPointRef>2400A008590A</StopPointRef></From><To><StopPointRef>2400A008600A</StopPointRef></To><Direction>outbound</Direction></RouteLink><RouteLink id="RL_RS_51R10_H_2_16"><From><StopPointRef>2400A008600A</StopPointRef></From><To><StopPointRef>2400A034540A</StopPointRef></To><Direction>outbound</Direction></RouteLink><RouteLink id="RL_RS_51R10_H_2_17"><From><StopPointRef>2400A034540A</StopPointRef></From><To><StopPointRef>2400A034550A</StopPointRef></To><Direction>outbound</Direction></RouteLink><RouteLink id="RL_RS_51R10_H_2_18"><From><StopPointRef>2400A034550A</StopPointRef></From><To><StopPointRef>2400A008650A</StopPointRef></To><Direction>outbound</Direction></RouteLink><RouteLink id="RL_RS_51R10_H_2_19"><From><StopPointRef>2400A008650A</StopPointRef></From><To><StopPointRef>2400A034700A</StopPointRef></To><Direction>outbound</Direction></RouteLink><RouteLink id="RL_RS_51R10_H_2_20"><From><StopPointRef>2400A034700A</StopPointRef></From><To><StopPointRef>2400A008670A</StopPointRef></To><Direction>outbound</Direction></RouteLink><RouteLink id="RL_RS_51R10_H_2_21"><From><StopPointRef>2400A008670A</StopPointRef></From><To><StopPointRef>490011165N</StopPointRef></To><Direction>outbound</Direction></RouteLink><RouteLink id="RL_RS_51R10_H_2_22"><From><StopPointRef>490011165N</StopPointRef></From><To><StopPointRef>490005017W</StopPointRef></To><Direction>outbound</Direction></RouteLink><RouteLink id="RL_RS_51R10_H_2_23"><From><StopPointRef>490005017W</StopPointRef></From><To><StopPointRef>490007495AB</StopPointRef></To><Direction>outbound</Direction></RouteLink><RouteLink id="RL_RS_51R10_H_2_24"><From><StopPointRef>490007495AB</StopPointRef></From><To><StopPointRef>490007494DC</StopPointRef></To><Direction>outbound</Direction></RouteLink><RouteLink id="RL_RS_51R10_H_2_25"><From><StopPointRef>490007494DC</StopPointRef></From><To><StopPointRef>490006755DE</StopPointRef></To><Direction>outbound</Direction></RouteLink><RouteLink id="RL_RS_51R10_H_2_26"><From><StopPointRef>490006755DE</StopPointRef></From><To><StopPointRef>490005748N</StopPointRef></To><Direction>outbound</Direction></RouteLink><RouteLink id="RL_RS_51R10_H_2_27"><From><StopPointRef>490005748N</StopPointRef></From><To><StopPointRef>490010639N</StopPointRef></To><Direction>outbound</Direction></RouteLink><RouteLink id="RL_RS_51R10_H_2_28"><From><StopPointRef>490010639N</StopPointRef></From><To><StopPointRef>490012592N</StopPointRef></To><Direction>outbound</Direction></RouteLink><RouteLink id="RL_RS_51R10_H_2_29"><From><StopPointRef>490012592N</StopPointRef></From><To><StopPointRef>490013749N</StopPointRef></To><Direction>outbound</Direction></RouteLink><RouteLink id="RL_RS_51R10_H_2_30"><From><StopPointRef>490013749N</StopPointRef></From><To><StopPointRef>490008209K</StopPointRef></To><Direction>outbound</Direction></RouteLink><RouteLink id="RL_RS_51R10_H_2_31"><From><StopPointRef>490008209K</StopPointRef></From><To><StopPointRef>490015411L</StopPointRef></To><Direction>outbound</Direction></RouteLink><RouteLink id="RL_RS_51R10_H_2_32"><From><StopPointRef>490015411L</StopPointRef></From><To><StopPointRef>490015411R</StopPointRef></To><Direction>outbound</Direction></RouteLink><RouteLink id="RL_RS_51R10_H_2_33"><From><StopPointRef>490015411R</StopPointRef></From><To><StopPointRef>490010641X</StopPointRef></To><Direction>outbound</Direction></RouteLink><RouteLink id="RL_RS_51R10_H_2_34"><From><StopPointRef>490010641X</StopPointRef></From><To><StopPointRef>490013818J</StopPointRef></To><Direction>outbound</Direction></RouteLink><RouteLink id="RL_RS_51R10_H_2_35"><From><StopPointRef>490013818J</StopPointRef></From><To><StopPointRef>490001220G</StopPointRef></To><Direction>outbound</Direction></RouteLink></RouteSection></RouteSections><Routes><Route id="R_51R10_H_1"><PrivateCode>R_51R10_H_1</PrivateCode><Description>Orpington - Orpington</Description><RouteSectionRef>RS_51R10_H_1</RouteSectionRef></Route><Route id="R_51R10_H_2"><PrivateCode>R_51R10_H_2</PrivateCode><Description>Orpington - Orpington</Description><RouteSectionRef>RS_51R10_H_2</RouteSectionRef></Route></Routes><JourneyPatternSections><JourneyPatternSection id="JPS_51R10_H_1"><JourneyPatternTimingLink id="JPL_51R10_H_1_0"><From SequenceNumber="1"><StopPointRef>490001220E</StopPointRef><TimingStatus>PTP</TimingStatus></From><To SequenceNumber="2"><StopPointRef>490013818H</StopPointRef><TimingStatus>PTP</TimingStatus></To><RunTime>PT60S</RunTime></JourneyPatternTimingLink><JourneyPatternTimingLink id="JPL_51R10_H_1_1"><From SequenceNumber="2"><StopPointRef>490013818H</StopPointRef><TimingStatus>PTP</TimingStatus></From><To SequenceNumber="3"><StopPointRef>490015411R</StopPointRef><TimingStatus>PTP</TimingStatus></To><RunTime>PT60S</RunTime></JourneyPatternTimingLink><JourneyPatternTimingLink id="JPL_51R10_H_1_2"><From SequenceNumber="3"><StopPointRef>490015411R</StopPointRef><TimingStatus>PTP</TimingStatus></From><To SequenceNumber="4"><StopPointRef>490010641X</StopPointRef><TimingStatus>PTP</TimingStatus></To><RunTime>PT60S</RunTime></JourneyPatternTimingLink><JourneyPatternTimingLink id="JPL_51R10_H_1_3"><From SequenceNumber="4"><StopPointRef>490010641X</StopPointRef><TimingStatus>PTP</TimingStatus></From><To SequenceNumber="5"><StopPointRef>490015411S</StopPointRef><TimingStatus>PTP</TimingStatus></To><RunTime>PT48S</RunTime></JourneyPatternTimingLink><JourneyPatternTimingLink id="JPL_51R10_H_1_4"><From SequenceNumber="5"><StopPointRef>490015411S</StopPointRef><TimingStatus>PTP</TimingStatus></From><To SequenceNumber="6"><StopPointRef>490008209M</StopPointRef><TimingStatus>PTP</TimingStatus></To><RunTime>PT48S</RunTime></JourneyPatternTimingLink><JourneyPatternTimingLink id="JPL_51R10_H_1_5"><From SequenceNumber="6"><StopPointRef>490008209M</StopPointRef><TimingStatus>PTP</TimingStatus></From><To SequenceNumber="7"><StopPointRef>490013749S</StopPointRef><TimingStatus>PTP</TimingStatus></To><RunTime>PT48S</RunTime></JourneyPatternTimingLink><JourneyPatternTimingLink id="JPL_51R10_H_1_6"><From SequenceNumber="7"><StopPointRef>490013749S</StopPointRef><TimingStatus>PTP</TimingStatus></From><To SequenceNumber="8"><StopPointRef>490010639E</StopPointRef><TimingStatus>PTP</TimingStatus></To><RunTime>PT48S</RunTime></JourneyPatternTimingLink><JourneyPatternTimingLink id="JPL_51R10_H_1_7"><From SequenceNumber="8"><StopPointRef>490010639E</StopPointRef><TimingStatus>PTP</TimingStatus></From><To SequenceNumber="9"><StopPointRef>490010639S1</StopPointRef><TimingStatus>PTP</TimingStatus></To><RunTime>PT48S</RunTime></JourneyPatternTimingLink><JourneyPatternTimingLink id="JPL_51R10_H_1_8"><From SequenceNumber="9"><StopPointRef>490010639S1</StopPointRef><TimingStatus>PTP</TimingStatus></From><To SequenceNumber="10"><StopPointRef>490005748S</StopPointRef><TimingStatus>PTP</TimingStatus></To><RunTime>PT48S</RunTime></JourneyPatternTimingLink><JourneyPatternTimingLink id="JPL_51R10_H_1_9"><From SequenceNumber="10"><StopPointRef>490005748S</StopPointRef><TimingStatus>PTP</TimingStatus></From><To SequenceNumber="11"><StopPointRef>490006755EF</StopPointRef><TimingStatus>PTP</TimingStatus></To><RunTime>PT72S</RunTime></JourneyPatternTimingLink><JourneyPatternTimingLink id="JPL_51R10_H_1_10"><From SequenceNumber="11"><StopPointRef>490006755EF</StopPointRef><TimingStatus>PTP</TimingStatus></From><To SequenceNumber="12"><StopPointRef>490007494PA</StopPointRef><TimingStatus>PTP</TimingStatus></To><RunTime>PT60S</RunTime></JourneyPatternTimingLink><JourneyPatternTimingLink id="JPL_51R10_H_1_11"><From SequenceNumber="12"><StopPointRef>490007494PA</StopPointRef><TimingStatus>PTP</TimingStatus></From><To SequenceNumber="13"><StopPointRef>490004077S</StopPointRef><TimingStatus>PTP</TimingStatus></To><RunTime>PT540S</RunTime></JourneyPatternTimingLink><JourneyPatternTimingLink id="JPL_51R10_H_1_12"><From SequenceNumber="13"><StopPointRef>490004077S</StopPointRef><TimingStatus>PTP</TimingStatus></From><To SequenceNumber="14"><StopPointRef>2400A008580A</StopPointRef><TimingStatus>PTP</TimingStatus></To><RunTime>PT132S</RunTime></JourneyPatternTimingLink><JourneyPatternTimingLink id="JPL_51R10_H_1_13"><From SequenceNumber="14"><StopPointRef>2400A008580A</StopPointRef><TimingStatus>PTP</TimingStatus></From><To SequenceNumber="15"><StopPointRef>2400102383</StopPointRef><TimingStatus>PTP</TimingStatus></To><RunTime>PT66S</RunTime></JourneyPatternTimingLink><JourneyPatternTimingLink id="JPL_51R10_H_1_14"><From SequenceNumber="15"><StopPointRef>2400102383</StopPointRef><TimingStatus>PTP</TimingStatus></From><To SequenceNumber="16"><StopPointRef>2400A008590A</StopPointRef><TimingStatus>PTP</TimingStatus></To><RunTime>PT132S</RunTime></JourneyPatternTimingLink><JourneyPatternTimingLink id="JPL_51R10_H_1_15"><From SequenceNumber="16"><StopPointRef>2400A008590A</StopPointRef><TimingStatus>PTP</TimingStatus></From><To SequenceNumber="17"><StopPointRef>2400A008600A</StopPointRef><TimingStatus>PTP</TimingStatus></To><RunTime>PT66S</RunTime></JourneyPatternTimingLink><JourneyPatternTimingLink id="JPL_51R10_H_1_16"><From SequenceNumber="17"><StopPointRef>2400A008600A</StopPointRef><TimingStatus>PTP</TimingStatus></From><To SequenceNumber="18"><StopPointRef>2400A034540A</StopPointRef><TimingStatus>PTP</TimingStatus></To><RunTime>PT84S</RunTime></JourneyPatternTimingLink><JourneyPatternTimingLink id="JPL_51R10_H_1_17"><From SequenceNumber="18"><StopPointRef>2400A034540A</StopPointRef><TimingStatus>PTP</TimingStatus></From><To SequenceNumber="19"><StopPointRef>2400A034550A</StopPointRef><TimingStatus>PTP</TimingStatus></To><RunTime>PT60S</RunTime></JourneyPatternTimingLink><JourneyPatternTimingLink id="JPL_51R10_H_1_18"><From SequenceNumber="19"><StopPointRef>2400A034550A</StopPointRef><TimingStatus>PTP</TimingStatus></From><To SequenceNumber="20"><StopPointRef>2400A008650A</StopPointRef><TimingStatus>PTP</TimingStatus></To><RunTime>PT60S</RunTime></JourneyPatternTimingLink><JourneyPatternTimingLink id="JPL_51R10_H_1_19"><From SequenceNumber="20"><StopPointRef>2400A008650A</StopPointRef><TimingStatus>PTP</TimingStatus></From><To SequenceNumber="21"><StopPointRef>2400A034700A</StopPointRef><TimingStatus>PTP</TimingStatus></To><RunTime>PT60S</RunTime></JourneyPatternTimingLink><JourneyPatternTimingLink id="JPL_51R10_H_1_20"><From SequenceNumber="21"><StopPointRef>2400A034700A</StopPointRef><TimingStatus>PTP</TimingStatus></From><To SequenceNumber="22"><StopPointRef>2400A008670A</StopPointRef><TimingStatus>PTP</TimingStatus></To><RunTime>PT120S</RunTime></JourneyPatternTimingLink><JourneyPatternTimingLink id="JPL_51R10_H_1_21"><From SequenceNumber="22"><StopPointRef>2400A008670A</StopPointRef><TimingStatus>PTP</TimingStatus></From><To SequenceNumber="23"><StopPointRef>490011165N</StopPointRef><TimingStatus>PTP</TimingStatus></To><RunTime>PT240S</RunTime></JourneyPatternTimingLink><JourneyPatternTimingLink id="JPL_51R10_H_1_22"><From SequenceNumber="23"><StopPointRef>490011165N</StopPointRef><TimingStatus>PTP</TimingStatus></From><To SequenceNumber="24"><StopPointRef>490005017W</StopPointRef><TimingStatus>PTP</TimingStatus></To><RunTime>PT78S</RunTime></JourneyPatternTimingLink><JourneyPatternTimingLink id="JPL_51R10_H_1_23"><From SequenceNumber="24"><StopPointRef>490005017W</StopPointRef><TimingStatus>PTP</TimingStatus></From><To SequenceNumber="25"><StopPointRef>490007495AB</StopPointRef><TimingStatus>PTP</TimingStatus></To><RunTime>PT78S</RunTime></JourneyPatternTimingLink><JourneyPatternTimingLink id="JPL_51R10_H_1_24"><From SequenceNumber="25"><StopPointRef>490007495AB</StopPointRef><TimingStatus>PTP</TimingStatus></From><To SequenceNumber="26"><StopPointRef>490007494DC</StopPointRef><TimingStatus>PTP</TimingStatus></To><RunTime>PT84S</RunTime></JourneyPatternTimingLink><JourneyPatternTimingLink id="JPL_51R10_H_1_25"><From SequenceNumber="26"><StopPointRef>490007494DC</StopPointRef><TimingStatus>PTP</TimingStatus></From><To SequenceNumber="27"><StopPointRef>490006755DE</StopPointRef><TimingStatus>PTP</TimingStatus></To><RunTime>PT60S</RunTime></JourneyPatternTimingLink><JourneyPatternTimingLink id="JPL_51R10_H_1_26"><From SequenceNumber="27"><StopPointRef>490006755DE</StopPointRef><TimingStatus>PTP</TimingStatus></From><To SequenceNumber="28"><StopPointRef>490005748N</StopPointRef><TimingStatus>PTP</TimingStatus></To><RunTime>PT42S</RunTime></JourneyPatternTimingLink><JourneyPatternTimingLink id="JPL_51R10_H_1_27"><From SequenceNumber="28"><StopPointRef>490005748N</StopPointRef><TimingStatus>PTP</TimingStatus></From><To SequenceNumber="29"><StopPointRef>490010639N</StopPointRef><TimingStatus>PTP</TimingStatus></To><RunTime>PT42S</RunTime></JourneyPatternTimingLink><JourneyPatternTimingLink id="JPL_51R10_H_1_28"><From SequenceNumber="29"><StopPointRef>490010639N</StopPointRef><TimingStatus>PTP</TimingStatus></From><To SequenceNumber="30"><StopPointRef>490012592N</StopPointRef><TimingStatus>PTP</TimingStatus></To><RunTime>PT42S</RunTime></JourneyPatternTimingLink><JourneyPatternTimingLink id="JPL_51R10_H_1_29"><From SequenceNumber="30"><StopPointRef>490012592N</StopPointRef><TimingStatus>PTP</TimingStatus></From><To SequenceNumber="31"><StopPointRef>490013749N</StopPointRef><TimingStatus>PTP</TimingStatus></To><RunTime>PT42S</RunTime></JourneyPatternTimingLink><JourneyPatternTimingLink id="JPL_51R10_H_1_30"><From SequenceNumber="31"><StopPointRef>490013749N</StopPointRef><TimingStatus>PTP</TimingStatus></From><To SequenceNumber="32"><StopPointRef>490008209K</StopPointRef><TimingStatus>PTP</TimingStatus></To><RunTime>PT42S</RunTime></JourneyPatternTimingLink><JourneyPatternTimingLink id="JPL_51R10_H_1_31"><From SequenceNumber="32"><StopPointRef>490008209K</StopPointRef><TimingStatus>PTP</TimingStatus></From><To SequenceNumber="33"><StopPointRef>490015411L</StopPointRef><TimingStatus>PTP</TimingStatus></To><RunTime>PT42S</RunTime></JourneyPatternTimingLink><JourneyPatternTimingLink id="JPL_51R10_H_1_32"><From SequenceNumber="33"><StopPointRef>490015411L</StopPointRef><TimingStatus>PTP</TimingStatus></From><To SequenceNumber="36"><StopPointRef>490013818J</StopPointRef><TimingStatus>PTP</TimingStatus></To><RunTime>PT42S</RunTime></JourneyPatternTimingLink><JourneyPatternTimingLink id="JPL_51R10_H_1_33"><From SequenceNumber="36"><StopPointRef>490013818J</StopPointRef><TimingStatus>PTP</TimingStatus></From><To SequenceNumber="37"><StopPointRef>490001220G</StopPointRef><TimingStatus>PTP</TimingStatus></To><RunTime>PT66S</RunTime></JourneyPatternTimingLink></JourneyPatternSection><JourneyPatternSection id="JPS_51R10_H_2"><JourneyPatternTimingLink id="JPL_51R10_H_2_0"><From SequenceNumber="1"><StopPointRef>490001220E</StopPointRef><TimingStatus>PTP</TimingStatus></From><To SequenceNumber="2"><StopPointRef>490013818H</StopPointRef><TimingStatus>PTP</TimingStatus></To><RunTime>PT96S</RunTime></JourneyPatternTimingLink><JourneyPatternTimingLink id="JPL_51R10_H_2_1"><From SequenceNumber="2"><StopPointRef>490013818H</StopPointRef><TimingStatus>PTP</TimingStatus></From><To SequenceNumber="3"><StopPointRef>490015411R</StopPointRef><TimingStatus>PTP</TimingStatus></To><RunTime>PT96S</RunTime></JourneyPatternTimingLink><JourneyPatternTimingLink id="JPL_51R10_H_2_2"><From SequenceNumber="3"><StopPointRef>490015411R</StopPointRef><TimingStatus>PTP</TimingStatus></From><To SequenceNumber="4"><StopPointRef>490010641X</StopPointRef><TimingStatus>PTP</TimingStatus></To><RunTime>PT108S</RunTime></JourneyPatternTimingLink><JourneyPatternTimingLink id="JPL_51R10_H_2_3"><From SequenceNumber="4"><StopPointRef>490010641X</StopPointRef><TimingStatus>PTP</TimingStatus></From><To SequenceNumber="5"><StopPointRef>490015411S</StopPointRef><TimingStatus>PTP</TimingStatus></To><RunTime>PT48S</RunTime></JourneyPatternTimingLink><JourneyPatternTimingLink id="JPL_51R10_H_2_4"><From SequenceNumber="5"><StopPointRef>490015411S</StopPointRef><TimingStatus>PTP</TimingStatus></From><To SequenceNumber="6"><StopPointRef>490008209M</StopPointRef><TimingStatus>PTP</TimingStatus></To><RunTime>PT48S</RunTime></JourneyPatternTimingLink><JourneyPatternTimingLink id="JPL_51R10_H_2_5"><From SequenceNumber="6"><StopPointRef>490008209M</StopPointRef><TimingStatus>PTP</TimingStatus></From><To SequenceNumber="7"><StopPointRef>490013749S</StopPointRef><TimingStatus>PTP</TimingStatus></To><RunTime>PT48S</RunTime></JourneyPatternTimingLink><JourneyPatternTimingLink id="JPL_51R10_H_2_6"><From SequenceNumber="7"><StopPointRef>490013749S</StopPointRef><TimingStatus>PTP</TimingStatus></From><To SequenceNumber="8"><StopPointRef>490010639E</StopPointRef><TimingStatus>PTP</TimingStatus></To><RunTime>PT48S</RunTime></JourneyPatternTimingLink><JourneyPatternTimingLink id="JPL_51R10_H_2_7"><From SequenceNumber="8"><StopPointRef>490010639E</StopPointRef><TimingStatus>PTP</TimingStatus></From><To SequenceNumber="9"><StopPointRef>490010639S1</StopPointRef><TimingStatus>PTP</TimingStatus></To><RunTime>PT48S</RunTime></JourneyPatternTimingLink><JourneyPatternTimingLink id="JPL_51R10_H_2_8"><From SequenceNumber="9"><StopPointRef>490010639S1</StopPointRef><TimingStatus>PTP</TimingStatus></From><To SequenceNumber="10"><StopPointRef>490005748S</StopPointRef><TimingStatus>PTP</TimingStatus></To><RunTime>PT48S</RunTime></JourneyPatternTimingLink><JourneyPatternTimingLink id="JPL_51R10_H_2_9"><From SequenceNumber="10"><StopPointRef>490005748S</StopPointRef><TimingStatus>PTP</TimingStatus></From><To SequenceNumber="11"><StopPointRef>490006755EF</StopPointRef><TimingStatus>PTP</TimingStatus></To><RunTime>PT72S</RunTime></JourneyPatternTimingLink><JourneyPatternTimingLink id="JPL_51R10_H_2_10"><From SequenceNumber="11"><StopPointRef>490006755EF</StopPointRef><TimingStatus>PTP</TimingStatus></From><To SequenceNumber="12"><StopPointRef>490007494PA</StopPointRef><TimingStatus>PTP</TimingStatus></To><RunTime>PT60S</RunTime></JourneyPatternTimingLink><JourneyPatternTimingLink id="JPL_51R10_H_2_11"><From SequenceNumber="12"><StopPointRef>490007494PA</StopPointRef><TimingStatus>PTP</TimingStatus></From><To SequenceNumber="13"><StopPointRef>490004077S</StopPointRef><TimingStatus>PTP</TimingStatus></To><RunTime>PT540S</RunTime></JourneyPatternTimingLink><JourneyPatternTimingLink id="JPL_51R10_H_2_12"><From SequenceNumber="13"><StopPointRef>490004077S</StopPointRef><TimingStatus>PTP</TimingStatus></From><To SequenceNumber="14"><StopPointRef>2400A008580A</StopPointRef><TimingStatus>PTP</TimingStatus></To><RunTime>PT132S</RunTime></JourneyPatternTimingLink><JourneyPatternTimingLink id="JPL_51R10_H_2_13"><From SequenceNumber="14"><StopPointRef>2400A008580A</StopPointRef><TimingStatus>PTP</TimingStatus></From><To SequenceNumber="15"><StopPointRef>2400102383</StopPointRef><TimingStatus>PTP</TimingStatus></To><RunTime>PT66S</RunTime></JourneyPatternTimingLink><JourneyPatternTimingLink id="JPL_51R10_H_2_14"><From SequenceNumber="15"><StopPointRef>2400102383</StopPointRef><TimingStatus>PTP</TimingStatus></From><To SequenceNumber="16"><StopPointRef>2400A008590A</StopPointRef><TimingStatus>PTP</TimingStatus></To><RunTime>PT132S</RunTime></JourneyPatternTimingLink><JourneyPatternTimingLink id="JPL_51R10_H_2_15"><From SequenceNumber="16"><StopPointRef>2400A008590A</StopPointRef><TimingStatus>PTP</TimingStatus></From><To SequenceNumber="17"><StopPointRef>2400A008600A</StopPointRef><TimingStatus>PTP</TimingStatus></To><RunTime>PT66S</RunTime></JourneyPatternTimingLink><JourneyPatternTimingLink id="JPL_51R10_H_2_16"><From SequenceNumber="17"><StopPointRef>2400A008600A</StopPointRef><TimingStatus>PTP</TimingStatus></From><To SequenceNumber="18"><StopPointRef>2400A034540A</StopPointRef><TimingStatus>PTP</TimingStatus></To><RunTime>PT84S</RunTime></JourneyPatternTimingLink><JourneyPatternTimingLink id="JPL_51R10_H_2_17"><From SequenceNumber="18"><StopPointRef>2400A034540A</StopPointRef><TimingStatus>PTP</TimingStatus></From><To SequenceNumber="19"><StopPointRef>2400A034550A</StopPointRef><TimingStatus>PTP</TimingStatus></To><RunTime>PT60S</RunTime></JourneyPatternTimingLink><JourneyPatternTimingLink id="JPL_51R10_H_2_18"><From SequenceNumber="19"><StopPointRef>2400A034550A</StopPointRef><TimingStatus>PTP</TimingStatus></From><To SequenceNumber="20"><StopPointRef>2400A008650A</StopPointRef><TimingStatus>PTP</TimingStatus></To><RunTime>PT60S</RunTime></JourneyPatternTimingLink><JourneyPatternTimingLink id="JPL_51R10_H_2_19"><From SequenceNumber="20"><StopPointRef>2400A008650A</StopPointRef><TimingStatus>PTP</TimingStatus></From><To SequenceNumber="21"><StopPointRef>2400A034700A</StopPointRef><TimingStatus>PTP</TimingStatus></To><RunTime>PT60S</RunTime></JourneyPatternTimingLink><JourneyPatternTimingLink id="JPL_51R10_H_2_20"><From SequenceNumber="21"><StopPointRef>2400A034700A</StopPointRef><TimingStatus>PTP</TimingStatus></From><To SequenceNumber="22"><StopPointRef>2400A008670A</StopPointRef><TimingStatus>PTP</TimingStatus></To><RunTime>PT120S</RunTime></JourneyPatternTimingLink><JourneyPatternTimingLink id="JPL_51R10_H_2_21"><From SequenceNumber="22"><StopPointRef>2400A008670A</StopPointRef><TimingStatus>PTP</TimingStatus></From><To SequenceNumber="23"><StopPointRef>490011165N</StopPointRef><TimingStatus>PTP</TimingStatus></To><RunTime>PT240S</RunTime></JourneyPatternTimingLink><JourneyPatternTimingLink id="JPL_51R10_H_2_22"><From SequenceNumber="23"><StopPointRef>490011165N</StopPointRef><TimingStatus>PTP</TimingStatus></From><To SequenceNumber="24"><StopPointRef>490005017W</StopPointRef><TimingStatus>PTP</TimingStatus></To><RunTime>PT78S</RunTime></JourneyPatternTimingLink><JourneyPatternTimingLink id="JPL_51R10_H_2_23"><From SequenceNumber="24"><StopPointRef>490005017W</StopPointRef><TimingStatus>PTP</TimingStatus></From><To SequenceNumber="25"><StopPointRef>490007495AB</StopPointRef><TimingStatus>PTP</TimingStatus></To><RunTime>PT78S</RunTime></JourneyPatternTimingLink><JourneyPatternTimingLink id="JPL_51R10_H_2_24"><From SequenceNumber="25"><StopPointRef>490007495AB</StopPointRef><TimingStatus>PTP</TimingStatus></From><To SequenceNumber="26"><StopPointRef>490007494DC</StopPointRef><TimingStatus>PTP</TimingStatus></To><RunTime>PT84S</RunTime></JourneyPatternTimingLink><JourneyPatternTimingLink id="JPL_51R10_H_2_25"><From SequenceNumber="26"><StopPointRef>490007494DC</StopPointRef><TimingStatus>PTP</TimingStatus></From><To SequenceNumber="27"><StopPointRef>490006755DE</StopPointRef><TimingStatus>PTP</TimingStatus></To><RunTime>PT60S</RunTime></JourneyPatternTimingLink><JourneyPatternTimingLink id="JPL_51R10_H_2_26"><From SequenceNumber="27"><StopPointRef>490006755DE</StopPointRef><TimingStatus>PTP</TimingStatus></From><To SequenceNumber="28"><StopPointRef>490005748N</StopPointRef><TimingStatus>PTP</TimingStatus></To><RunTime>PT36S</RunTime></JourneyPatternTimingLink><JourneyPatternTimingLink id="JPL_51R10_H_2_27"><From SequenceNumber="28"><StopPointRef>490005748N</StopPointRef><TimingStatus>PTP</TimingStatus></From><To SequenceNumber="29"><StopPointRef>490010639N</StopPointRef><TimingStatus>PTP</TimingStatus></To><RunTime>PT36S</RunTime></JourneyPatternTimingLink><JourneyPatternTimingLink id="JPL_51R10_H_2_28"><From SequenceNumber="29"><StopPointRef>490010639N</StopPointRef><TimingStatus>PTP</TimingStatus></From><To SequenceNumber="30"><StopPointRef>490012592N</StopPointRef><TimingStatus>PTP</TimingStatus></To><RunTime>PT36S</RunTime></JourneyPatternTimingLink><JourneyPatternTimingLink id="JPL_51R10_H_2_29"><From SequenceNumber="30"><StopPointRef>490012592N</StopPointRef><TimingStatus>PTP</TimingStatus></From><To SequenceNumber="31"><StopPointRef>490013749N</StopPointRef><TimingStatus>PTP</TimingStatus></To><RunTime>PT36S</RunTime></JourneyPatternTimingLink><JourneyPatternTimingLink id="JPL_51R10_H_2_30"><From SequenceNumber="31"><StopPointRef>490013749N</StopPointRef><TimingStatus>PTP</TimingStatus></From><To SequenceNumber="32"><StopPointRef>490008209K</StopPointRef><TimingStatus>PTP</TimingStatus></To><RunTime>PT36S</RunTime></JourneyPatternTimingLink><JourneyPatternTimingLink id="JPL_51R10_H_2_31"><From SequenceNumber="32"><StopPointRef>490008209K</StopPointRef><TimingStatus>PTP</TimingStatus></From><To SequenceNumber="33"><StopPointRef>490015411L</StopPointRef><TimingStatus>PTP</TimingStatus></To><RunTime>PT36S</RunTime></JourneyPatternTimingLink><JourneyPatternTimingLink id="JPL_51R10_H_2_32"><From SequenceNumber="33"><StopPointRef>490015411L</StopPointRef><TimingStatus>PTP</TimingStatus></From><To SequenceNumber="34"><StopPointRef>490015411R</StopPointRef><TimingStatus>PTP</TimingStatus></To><RunTime>PT36S</RunTime></JourneyPatternTimingLink><JourneyPatternTimingLink id="JPL_51R10_H_2_33"><From SequenceNumber="34"><StopPointRef>490015411R</StopPointRef><TimingStatus>PTP</TimingStatus></From><To SequenceNumber="35"><StopPointRef>490010641X</StopPointRef><TimingStatus>PTP</TimingStatus></To><RunTime>PT48S</RunTime></JourneyPatternTimingLink><JourneyPatternTimingLink id="JPL_51R10_H_2_34"><From SequenceNumber="35"><StopPointRef>490010641X</StopPointRef><TimingStatus>PTP</TimingStatus></From><To SequenceNumber="36"><StopPointRef>490013818J</StopPointRef><TimingStatus>PTP</TimingStatus></To><RunTime>PT90S</RunTime></JourneyPatternTimingLink><JourneyPatternTimingLink id="JPL_51R10_H_2_35"><From SequenceNumber="36"><StopPointRef>490013818J</StopPointRef><TimingStatus>PTP</TimingStatus></From><To SequenceNumber="37"><StopPointRef>490001220G</StopPointRef><TimingStatus>PTP</TimingStatus></To><RunTime>PT90S</RunTime></JourneyPatternTimingLink></JourneyPatternSection><JourneyPatternSection id="JPS_51R10_H_3"><JourneyPatternTimingLink id="JPL_51R10_H_3_0"><From SequenceNumber="1"><StopPointRef>490001220E</StopPointRef><TimingStatus>PTP</TimingStatus></From><To SequenceNumber="2"><StopPointRef>490013818H</StopPointRef><TimingStatus>PTP</TimingStatus></To><RunTime>PT78S</RunTime></JourneyPatternTimingLink><JourneyPatternTimingLink id="JPL_51R10_H_3_1"><From SequenceNumber="2"><StopPointRef>490013818H</StopPointRef><TimingStatus>PTP</TimingStatus></From><To SequenceNumber="3"><StopPointRef>490015411R</StopPointRef><TimingStatus>PTP</TimingStatus></To><RunTime>PT78S</RunTime></JourneyPatternTimingLink><JourneyPatternTimingLink id="JPL_51R10_H_3_2"><From SequenceNumber="3"><StopPointRef>490015411R</StopPointRef><TimingStatus>PTP</TimingStatus></From><To SequenceNumber="4"><StopPointRef>490010641X</StopPointRef><TimingStatus>PTP</TimingStatus></To><RunTime>PT84S</RunTime></JourneyPatternTimingLink><JourneyPatternTimingLink id="JPL_51R10_H_3_3"><From SequenceNumber="4"><StopPointRef>490010641X</StopPointRef><TimingStatus>PTP</TimingStatus></From><To SequenceNumber="5"><StopPointRef>490015411S</StopPointRef><TimingStatus>PTP</TimingStatus></To><RunTime>PT42S</RunTime></JourneyPatternTimingLink><JourneyPatternTimingLink id="JPL_51R10_H_3_4"><From SequenceNumber="5"><StopPointRef>490015411S</StopPointRef><TimingStatus>PTP</TimingStatus></From><To SequenceNumber="6"><StopPointRef>490008209M</StopPointRef><TimingStatus>PTP</TimingStatus></To><RunTime>PT42S</RunTime></JourneyPatternTimingLink><JourneyPatternTimingLink id="JPL_51R10_H_3_5"><From SequenceNumber="6"><StopPointRef>490008209M</StopPointRef><TimingStatus>PTP</TimingStatus></From><To SequenceNumber="7"><StopPointRef>490013749S</StopPointRef><TimingStatus>PTP</TimingStatus></To><RunTime>PT42S</RunTime></JourneyPatternTimingLink><JourneyPatternTimingLink id="JPL_51R10_H_3_6"><From SequenceNumber="7"><StopPointRef>490013749S</StopPointRef><TimingStatus>PTP</TimingStatus></From><To SequenceNumber="8"><StopPointRef>490010639E</StopPointRef><TimingStatus>PTP</TimingStatus></To><RunTime>PT42S</RunTime></JourneyPatternTimingLink><JourneyPatternTimingLink id="JPL_51R10_H_3_7"><From SequenceNumber="8"><StopPointRef>490010639E</StopPointRef><TimingStatus>PTP</TimingStatus></From><To SequenceNumber="9"><StopPointRef>490010639S1</StopPointRef><TimingStatus>PTP</TimingStatus></To><RunTime>PT42S</RunTime></JourneyPatternTimingLink><JourneyPatternTimingLink id="JPL_51R10_H_3_8"><From SequenceNumber="9"><StopPointRef>490010639S1</StopPointRef><TimingStatus>PTP</TimingStatus></From><To SequenceNumber="10"><StopPointRef>490005748S</StopPointRef><TimingStatus>PTP</TimingStatus></To><RunTime>PT42S</RunTime></JourneyPatternTimingLink><JourneyPatternTimingLink id="JPL_51R10_H_3_9"><From SequenceNumber="10"><StopPointRef>490005748S</StopPointRef><TimingStatus>PTP</TimingStatus></From><To SequenceNumber="11"><StopPointRef>490006755EF</StopPointRef><TimingStatus>PTP</TimingStatus></To><RunTime>PT48S</RunTime></JourneyPatternTimingLink><JourneyPatternTimingLink id="JPL_51R10_H_3_10"><From SequenceNumber="11"><StopPointRef>490006755EF</StopPointRef><TimingStatus>PTP</TimingStatus></From><To SequenceNumber="12"><StopPointRef>490007494PA</StopPointRef><TimingStatus>PTP</TimingStatus></To><RunTime>PT60S</RunTime></JourneyPatternTimingLink><JourneyPatternTimingLink id="JPL_51R10_H_3_11"><From SequenceNumber="12"><StopPointRef>490007494PA</StopPointRef><TimingStatus>PTP</TimingStatus></From><To SequenceNumber="13"><StopPointRef>490004077S</StopPointRef><TimingStatus>PTP</TimingStatus></To><RunTime>PT420S</RunTime></JourneyPatternTimingLink><JourneyPatternTimingLink id="JPL_51R10_H_3_12"><From SequenceNumber="13"><StopPointRef>490004077S</StopPointRef><TimingStatus>PTP</TimingStatus></From><To SequenceNumber="14"><StopPointRef>2400A008580A</StopPointRef><TimingStatus>PTP</TimingStatus></To><RunTime>PT120S</RunTime></JourneyPatternTimingLink><JourneyPatternTimingLink id="JPL_51R10_H_3_13"><From SequenceNumber="14"><StopPointRef>2400A008580A</StopPointRef><TimingStatus>PTP</TimingStatus></From><To SequenceNumber="15"><StopPointRef>2400102383</StopPointRef><TimingStatus>PTP</TimingStatus></To><RunTime>PT60S</RunTime></JourneyPatternTimingLink><JourneyPatternTimingLink id="JPL_51R10_H_3_14"><From SequenceNumber="15"><StopPointRef>2400102383</StopPointRef><TimingStatus>PTP</TimingStatus></From><To SequenceNumber="16"><StopPointRef>2400A008590A</StopPointRef><TimingStatus>PTP</TimingStatus></To><RunTime>PT120S</RunTime></JourneyPatternTimingLink><JourneyPatternTimingLink id="JPL_51R10_H_3_15"><From SequenceNumber="16"><StopPointRef>2400A008590A</StopPointRef><TimingStatus>PTP</TimingStatus></From><To SequenceNumber="17"><StopPointRef>2400A008600A</StopPointRef><TimingStatus>PTP</TimingStatus></To><RunTime>PT60S</RunTime></JourneyPatternTimingLink><JourneyPatternTimingLink id="JPL_51R10_H_3_16"><From SequenceNumber="17"><StopPointRef>2400A008600A</StopPointRef><TimingStatus>PTP</TimingStatus></From><To SequenceNumber="18"><StopPointRef>2400A034540A</StopPointRef><TimingStatus>PTP</TimingStatus></To><RunTime>PT60S</RunTime></JourneyPatternTimingLink><JourneyPatternTimingLink id="JPL_51R10_H_3_17"><From SequenceNumber="18"><StopPointRef>2400A034540A</StopPointRef><TimingStatus>PTP</TimingStatus></From><To SequenceNumber="19"><StopPointRef>2400A034550A</StopPointRef><TimingStatus>PTP</TimingStatus></To><RunTime>PT60S</RunTime></JourneyPatternTimingLink><JourneyPatternTimingLink id="JPL_51R10_H_3_18"><From SequenceNumber="19"><StopPointRef>2400A034550A</StopPointRef><TimingStatus>PTP</TimingStatus></From><To SequenceNumber="20"><StopPointRef>2400A008650A</StopPointRef><TimingStatus>PTP</TimingStatus></To><RunTime>PT60S</RunTime></JourneyPatternTimingLink><JourneyPatternTimingLink id="JPL_51R10_H_3_19"><From SequenceNumber="20"><StopPointRef>2400A008650A</StopPointRef><TimingStatus>PTP</TimingStatus></From><To SequenceNumber="21"><StopPointRef>2400A034700A</StopPointRef><TimingStatus>PTP</TimingStatus></To><RunTime>PT60S</RunTime></JourneyPatternTimingLink><JourneyPatternTimingLink id="JPL_51R10_H_3_20"><From SequenceNumber="21"><StopPointRef>2400A034700A</StopPointRef><TimingStatus>PTP</TimingStatus></From><To SequenceNumber="22"><StopPointRef>2400A008670A</StopPointRef><TimingStatus>PTP</TimingStatus></To><RunTime>PT120S</RunTime></JourneyPatternTimingLink><JourneyPatternTimingLink id="JPL_51R10_H_3_21"><From SequenceNumber="22"><StopPointRef>2400A008670A</StopPointRef><TimingStatus>PTP</TimingStatus></From><To SequenceNumber="23"><StopPointRef>490011165N</StopPointRef><TimingStatus>PTP</TimingStatus></To><RunTime>PT240S</RunTime></JourneyPatternTimingLink><JourneyPatternTimingLink id="JPL_51R10_H_3_22"><From SequenceNumber="23"><StopPointRef>490011165N</StopPointRef><TimingStatus>PTP</TimingStatus></From><To SequenceNumber="24"><StopPointRef>490005017W</StopPointRef><TimingStatus>PTP</TimingStatus></To><RunTime>PT78S</RunTime></JourneyPatternTimingLink><JourneyPatternTimingLink id="JPL_51R10_H_3_23"><From SequenceNumber="24"><StopPointRef>490005017W</StopPointRef><TimingStatus>PTP</TimingStatus></From><To SequenceNumber="25"><StopPointRef>490007495AB</StopPointRef><TimingStatus>PTP</TimingStatus></To><RunTime>PT78S</RunTime></JourneyPatternTimingLink><JourneyPatternTimingLink id="JPL_51R10_H_3_24"><From SequenceNumber="25"><StopPointRef>490007495AB</StopPointRef><TimingStatus>PTP</TimingStatus></From><To SequenceNumber="26"><StopPointRef>490007494DC</StopPointRef><TimingStatus>PTP</TimingStatus></To><RunTime>PT84S</RunTime></JourneyPatternTimingLink><JourneyPatternTimingLink id="JPL_51R10_H_3_25"><From SequenceNumber="26"><StopPointRef>490007494DC</StopPointRef><TimingStatus>PTP</TimingStatus></From><To SequenceNumber="27"><StopPointRef>490006755DE</StopPointRef><TimingStatus>PTP</TimingStatus></To><RunTime>PT60S</RunTime></JourneyPatternTimingLink><JourneyPatternTimingLink id="JPL_51R10_H_3_26"><From SequenceNumber="27"><StopPointRef>490006755DE</StopPointRef><TimingStatus>PTP</TimingStatus></From><To SequenceNumber="28"><StopPointRef>490005748N</StopPointRef><TimingStatus>PTP</TimingStatus></To><RunTime>PT30S</RunTime></JourneyPatternTimingLink><JourneyPatternTimingLink id="JPL_51R10_H_3_27"><From SequenceNumber="28"><StopPointRef>490005748N</StopPointRef><TimingStatus>PTP</TimingStatus></From><To SequenceNumber="29"><StopPointRef>490010639N</StopPointRef><TimingStatus>PTP</TimingStatus></To><RunTime>PT30S</RunTime></JourneyPatternTimingLink><JourneyPatternTimingLink id="JPL_51R10_H_3_28"><From SequenceNumber="29"><StopPointRef>490010639N</StopPointRef><TimingStatus>PTP</TimingStatus></From><To SequenceNumber="30"><StopPointRef>490012592N</StopPointRef><TimingStatus>PTP</TimingStatus></To><RunTime>PT30S</RunTime></JourneyPatternTimingLink><JourneyPatternTimingLink id="JPL_51R10_H_3_29"><From SequenceNumber="30"><StopPointRef>490012592N</StopPointRef><TimingStatus>PTP</TimingStatus></From><To SequenceNumber="31"><StopPointRef>490013749N</StopPointRef><TimingStatus>PTP</TimingStatus></To><RunTime>PT30S</RunTime></JourneyPatternTimingLink><JourneyPatternTimingLink id="JPL_51R10_H_3_30"><From SequenceNumber="31"><StopPointRef>490013749N</StopPointRef><TimingStatus>PTP</TimingStatus></From><To SequenceNumber="32"><StopPointRef>490008209K</StopPointRef><TimingStatus>PTP</TimingStatus></To><RunTime>PT30S</RunTime></JourneyPatternTimingLink><JourneyPatternTimingLink id="JPL_51R10_H_3_31"><From SequenceNumber="32"><StopPointRef>490008209K</StopPointRef><TimingStatus>PTP</TimingStatus></From><To SequenceNumber="33"><StopPointRef>490015411L</StopPointRef><TimingStatus>PTP</TimingStatus></To><RunTime>PT30S</RunTime></JourneyPatternTimingLink><JourneyPatternTimingLink id="JPL_51R10_H_3_32"><From SequenceNumber="33"><StopPointRef>490015411L</StopPointRef><TimingStatus>PTP</TimingStatus></From><To SequenceNumber="34"><StopPointRef>490015411R</StopPointRef><TimingStatus>PTP</TimingStatus></To><RunTime>PT30S</RunTime></JourneyPatternTimingLink><JourneyPatternTimingLink id="JPL_51R10_H_3_33"><From SequenceNumber="34"><StopPointRef>490015411R</StopPointRef><TimingStatus>PTP</TimingStatus></From><To SequenceNumber="35"><StopPointRef>490010641X</StopPointRef><TimingStatus>PTP</TimingStatus></To><RunTime>PT30S</RunTime></JourneyPatternTimingLink><JourneyPatternTimingLink id="JPL_51R10_H_3_34"><From SequenceNumber="35"><StopPointRef>490010641X</StopPointRef><TimingStatus>PTP</TimingStatus></From><To SequenceNumber="36"><StopPointRef>490013818J</StopPointRef><TimingStatus>PTP</TimingStatus></To><RunTime>PT60S</RunTime></JourneyPatternTimingLink><JourneyPatternTimingLink id="JPL_51R10_H_3_35"><From SequenceNumber="36"><StopPointRef>490013818J</StopPointRef><TimingStatus>PTP</TimingStatus></From><To SequenceNumber="37"><StopPointRef>490001220G</StopPointRef><TimingStatus>PTP</TimingStatus></To><RunTime>PT60S</RunTime></JourneyPatternTimingLink></JourneyPatternSection></JourneyPatternSections><Operators><Operator id="OId_ME"><OperatorCode>ME</OperatorCode><OperatorShortName>ME</OperatorShortName><OperatorNameOnLicence>ME</OperatorNameOnLicence><TradingName>ME</TradingName></Operator></Operators><Services><Service><ServiceCode>SId_51R100</ServiceCode><PrivateCode>51R100</PrivateCode><Lines><Line id="LId_51R100"><LineName>R10</LineName></Line></Lines><OperatingPeriod><StartDate>2009-12-01</StartDate><EndDate>2010-12-23</EndDate></OperatingPeriod><OperatingProfile><RegularDayType>
					<DaysOfWeek>
						<MondayToFriday/>
					</DaysOfWeek>
				</RegularDayType>
				<BankHolidayOperation><DaysOfNonOperation><AllBankHolidays></AllBankHolidays></DaysOfNonOperation></BankHolidayOperation></OperatingProfile><RegisteredOperatorRef>OId_ME</RegisteredOperatorRef><StopRequirements><NoNewStopsRequired/></StopRequirements><StandardService><Origin>Orpington</Origin><Destination>Orpington</Destination><JourneyPattern id="JP_51R10_H0_1"><Direction>outbound</Direction><Operational><VehicleType><VehicleTypeCode>06</VehicleTypeCode><Description>Single Decker Low Floor+Wheelchair</Description></VehicleType></Operational><RouteRef>R_51R10_H_1</RouteRef><JourneyPatternSectionRefs>JPS_51R10_H_1</JourneyPatternSectionRefs></JourneyPattern><JourneyPattern id="JP_51R10_H0_2"><Direction>outbound</Direction><Operational><VehicleType><VehicleTypeCode>06</VehicleTypeCode><Description>Single Decker Low Floor+Wheelchair</Description></VehicleType></Operational><RouteRef>R_51R10_H_2</RouteRef><JourneyPatternSectionRefs>JPS_51R10_H_2</JourneyPatternSectionRefs></JourneyPattern><JourneyPattern id="JP_51R10_H0_3"><Direction>outbound</Direction><Operational><VehicleType><VehicleTypeCode>06</VehicleTypeCode><Description>Single Decker Low Floor+Wheelchair</Description></VehicleType></Operational><RouteRef>R_51R10_H_2</RouteRef><JourneyPatternSectionRefs>JPS_51R10_H_3</JourneyPatternSectionRefs></JourneyPattern></StandardService></Service><Service><ServiceCode>SId_51R102</ServiceCode><PrivateCode>51R102</PrivateCode><Lines><Line id="LId_51R102"><LineName>R10</LineName></Line></Lines><OperatingPeriod><StartDate>2009-12-01</StartDate><EndDate>2010-12-23</EndDate></OperatingPeriod><OperatingProfile><RegularDayType>
					<DaysOfWeek>
						<Saturday/>
					</DaysOfWeek>
				</RegularDayType>
				<BankHolidayOperation><DaysOfNonOperation><AllBankHolidays></AllBankHolidays></DaysOfNonOperation></BankHolidayOperation></OperatingProfile><RegisteredOperatorRef>OId_ME</RegisteredOperatorRef><StopRequirements><NoNewStopsRequired/></StopRequirements><StandardService><Origin>Orpington</Origin><Destination>Orpington</Destination><JourneyPattern id="JP_51R10_H2_1"><Direction>outbound</Direction><Operational><VehicleType><VehicleTypeCode>06</VehicleTypeCode><Description>Single Decker Low Floor+Wheelchair</Description></VehicleType></Operational><RouteRef>R_51R10_H_1</RouteRef><JourneyPatternSectionRefs>JPS_51R10_H_1</JourneyPatternSectionRefs></JourneyPattern><JourneyPattern id="JP_51R10_H2_2"><Direction>outbound</Direction><Operational><VehicleType><VehicleTypeCode>06</VehicleTypeCode><Description>Single Decker Low Floor+Wheelchair</Description></VehicleType></Operational><RouteRef>R_51R10_H_2</RouteRef><JourneyPatternSectionRefs>JPS_51R10_H_2</JourneyPatternSectionRefs></JourneyPattern><JourneyPattern id="JP_51R10_H2_3"><Direction>outbound</Direction><Operational><VehicleType><VehicleTypeCode>06</VehicleTypeCode><Description>Single Decker Low Floor+Wheelchair</Description></VehicleType></Operational><RouteRef>R_51R10_H_2</RouteRef><JourneyPatternSectionRefs>JPS_51R10_H_3</JourneyPatternSectionRefs></JourneyPattern></StandardService></Service></Services><VehicleJourneys><VehicleJourney><PrivateCode>51R100H1</PrivateCode><Operational><VehicleType><VehicleTypeCode>06</VehicleTypeCode><Description>Single Decker Low Floor+Wheelchair</Description></VehicleType></Operational><OperatingProfile><RegularDayType>
					<DaysOfWeek>
						<MondayToFriday/>
					</DaysOfWeek>
				</RegularDayType>
			</OperatingProfile><VehicleJourneyCode>51R100H1</VehicleJourneyCode><ServiceRef>SId_51R100</ServiceRef><LineRef>LId_51R100</LineRef><JourneyPatternRef>JP_51R10_H0_1</JourneyPatternRef><DepartureTime>07:18:00</DepartureTime></VehicleJourney><VehicleJourney><PrivateCode>51R100H3</PrivateCode><Operational><VehicleType><VehicleTypeCode>06</VehicleTypeCode><Description>Single Decker Low Floor+Wheelchair</Description></VehicleType></Operational><OperatingProfile><RegularDayType>
					<DaysOfWeek>
						<MondayToFriday/>
					</DaysOfWeek>
				</RegularDayType>
			</OperatingProfile><VehicleJourneyCode>51R100H3</VehicleJourneyCode><ServiceRef>SId_51R100</ServiceRef><LineRef>LId_51R100</LineRef><JourneyPatternRef>JP_51R10_H0_2</JourneyPatternRef><DepartureTime>09:22:00</DepartureTime></VehicleJourney><VehicleJourney><PrivateCode>51R100H5</PrivateCode><Operational><VehicleType><VehicleTypeCode>06</VehicleTypeCode><Description>Single Decker Low Floor+Wheelchair</Description></VehicleType></Operational><OperatingProfile><RegularDayType>
					<DaysOfWeek>
						<MondayToFriday/>
					</DaysOfWeek>
				</RegularDayType>
			</OperatingProfile><VehicleJourneyCode>51R100H5</VehicleJourneyCode><ServiceRef>SId_51R100</ServiceRef><LineRef>LId_51R100</LineRef><JourneyPatternRef>JP_51R10_H0_2</JourneyPatternRef><DepartureTime>11:22:00</DepartureTime></VehicleJourney><VehicleJourney><PrivateCode>51R100H7</PrivateCode><Operational><VehicleType><VehicleTypeCode>06</VehicleTypeCode><Description>Single Decker Low Floor+Wheelchair</Description></VehicleType></Operational><OperatingProfile><RegularDayType>
					<DaysOfWeek>
						<MondayToFriday/>
					</DaysOfWeek>
				</RegularDayType>
			</OperatingProfile><VehicleJourneyCode>51R100H7</VehicleJourneyCode><ServiceRef>SId_51R100</ServiceRef><LineRef>LId_51R100</LineRef><JourneyPatternRef>JP_51R10_H0_2</JourneyPatternRef><DepartureTime>13:22:00</DepartureTime></VehicleJourney><VehicleJourney><PrivateCode>51R100H9</PrivateCode><Operational><VehicleType><VehicleTypeCode>06</VehicleTypeCode><Description>Single Decker Low Floor+Wheelchair</Description></VehicleType></Operational><OperatingProfile><RegularDayType>
					<DaysOfWeek>
						<MondayToFriday/>
					</DaysOfWeek>
				</RegularDayType>
			</OperatingProfile><VehicleJourneyCode>51R100H9</VehicleJourneyCode><ServiceRef>SId_51R100</ServiceRef><LineRef>LId_51R100</LineRef><JourneyPatternRef>JP_51R10_H0_2</JourneyPatternRef><DepartureTime>15:22:00</DepartureTime></VehicleJourney><VehicleJourney><PrivateCode>51R100H11</PrivateCode><Operational><VehicleType><VehicleTypeCode>06</VehicleTypeCode><Description>Single Decker Low Floor+Wheelchair</Description></VehicleType></Operational><OperatingProfile><RegularDayType>
					<DaysOfWeek>
						<MondayToFriday/>
					</DaysOfWeek>
				</RegularDayType>
			</OperatingProfile><VehicleJourneyCode>51R100H11</VehicleJourneyCode><ServiceRef>SId_51R100</ServiceRef><LineRef>LId_51R100</LineRef><JourneyPatternRef>JP_51R10_H0_2</JourneyPatternRef><DepartureTime>17:33:00</DepartureTime></VehicleJourney><VehicleJourney><PrivateCode>51R100H13</PrivateCode><Operational><VehicleType><VehicleTypeCode>06</VehicleTypeCode><Description>Single Decker Low Floor+Wheelchair</Description></VehicleType></Operational><OperatingProfile><RegularDayType>
					<DaysOfWeek>
						<MondayToFriday/>
					</DaysOfWeek>
				</RegularDayType>
			</OperatingProfile><VehicleJourneyCode>51R100H13</VehicleJourneyCode><ServiceRef>SId_51R100</ServiceRef><LineRef>LId_51R100</LineRef><JourneyPatternRef>JP_51R10_H0_3</JourneyPatternRef><DepartureTime>19:33:00</DepartureTime></VehicleJourney><VehicleJourney><PrivateCode>51R102H2</PrivateCode><Operational><VehicleType><VehicleTypeCode>06</VehicleTypeCode><Description>Single Decker Low Floor+Wheelchair</Description></VehicleType></Operational><OperatingProfile><RegularDayType>
					<DaysOfWeek>
						<Saturday/>
					</DaysOfWeek>
				</RegularDayType>
			</OperatingProfile><VehicleJourneyCode>51R102H2</VehicleJourneyCode><ServiceRef>SId_51R102</ServiceRef><LineRef>LId_51R102</LineRef><JourneyPatternRef>JP_51R10_H2_2</JourneyPatternRef><DepartureTime>07:22:00</DepartureTime></VehicleJourney><VehicleJourney><PrivateCode>51R102H4</PrivateCode><Operational><VehicleType><VehicleTypeCode>06</VehicleTypeCode><Description>Single Decker Low Floor+Wheelchair</Description></VehicleType></Operational><OperatingProfile><RegularDayType>
					<DaysOfWeek>
						<Saturday/>
					</DaysOfWeek>
				</RegularDayType>
			</OperatingProfile><VehicleJourneyCode>51R102H4</VehicleJourneyCode><ServiceRef>SId_51R102</ServiceRef><LineRef>LId_51R102</LineRef><JourneyPatternRef>JP_51R10_H2_2</JourneyPatternRef><DepartureTime>09:22:00</DepartureTime></VehicleJourney><VehicleJourney><PrivateCode>51R102H6</PrivateCode><Operational><VehicleType><VehicleTypeCode>06</VehicleTypeCode><Description>Single Decker Low Floor+Wheelchair</Description></VehicleType></Operational><OperatingProfile><RegularDayType>
					<DaysOfWeek>
						<Saturday/>
					</DaysOfWeek>
				</RegularDayType>
			</OperatingProfile><VehicleJourneyCode>51R102H6</VehicleJourneyCode><ServiceRef>SId_51R102</ServiceRef><LineRef>LId_51R102</LineRef><JourneyPatternRef>JP_51R10_H2_2</JourneyPatternRef><DepartureTime>11:22:00</DepartureTime></VehicleJourney><VehicleJourney><PrivateCode>51R102H8</PrivateCode><Operational><VehicleType><VehicleTypeCode>06</VehicleTypeCode><Description>Single Decker Low Floor+Wheelchair</Description></VehicleType></Operational><OperatingProfile><RegularDayType>
					<DaysOfWeek>
						<Saturday/>
					</DaysOfWeek>
				</RegularDayType>
			</OperatingProfile><VehicleJourneyCode>51R102H8</VehicleJourneyCode><ServiceRef>SId_51R102</ServiceRef><LineRef>LId_51R102</LineRef><JourneyPatternRef>JP_51R10_H2_2</JourneyPatternRef><DepartureTime>13:22:00</DepartureTime></VehicleJourney><VehicleJourney><PrivateCode>51R102H10</PrivateCode><Operational><VehicleType><VehicleTypeCode>06</VehicleTypeCode><Description>Single Decker Low Floor+Wheelchair</Description></VehicleType></Operational><OperatingProfile><RegularDayType>
					<DaysOfWeek>
						<Saturday/>
					</DaysOfWeek>
				</RegularDayType>
			</OperatingProfile><VehicleJourneyCode>51R102H10</VehicleJourneyCode><ServiceRef>SId_51R102</ServiceRef><LineRef>LId_51R102</LineRef><JourneyPatternRef>JP_51R10_H2_2</JourneyPatternRef><DepartureTime>15:22:00</DepartureTime></VehicleJourney><VehicleJourney><PrivateCode>51R102H12</PrivateCode><Operational><VehicleType><VehicleTypeCode>06</VehicleTypeCode><Description>Single Decker Low Floor+Wheelchair</Description></VehicleType></Operational><OperatingProfile><RegularDayType>
					<DaysOfWeek>
						<Saturday/>
					</DaysOfWeek>
				</RegularDayType>
			</OperatingProfile><VehicleJourneyCode>51R102H12</VehicleJourneyCode><ServiceRef>SId_51R102</ServiceRef><LineRef>LId_51R102</LineRef><JourneyPatternRef>JP_51R10_H2_2</JourneyPatternRef><DepartureTime>17:33:00</DepartureTime></VehicleJourney><VehicleJourney><PrivateCode>51R102H14</PrivateCode><Operational><VehicleType><VehicleTypeCode>06</VehicleTypeCode><Description>Single Decker Low Floor+Wheelchair</Description></VehicleType></Operational><OperatingProfile><RegularDayType>
					<DaysOfWeek>
						<Saturday/>
					</DaysOfWeek>
				</RegularDayType>
			</OperatingProfile><VehicleJourneyCode>51R102H14</VehicleJourneyCode><ServiceRef>SId_51R102</ServiceRef><LineRef>LId_51R102</LineRef><JourneyPatternRef>JP_51R10_H2_3</JourneyPatternRef><DepartureTime>19:33:00</DepartureTime></VehicleJourney></VehicleJourneys></TransXChange>
