<?xml version="1.0" encoding="UTF-8"?>
<TransXChange CreationDateTime="2010-10-28T09:18:11" ModificationDateTime="2010-10-28T09:18:11" Modification="new" FileName="G:\mentzdv\Datastore\output_txc_54635c.xml" RevisionNumber="0" SchemaVersion="2.1" xmlns:xsi="http://www.w3.org/2001/XMLSchema-instance" xsi:schemaLocation="http://www.transxchange.org.uk/ http://www.transxchange.org.uk/schema/2.1/TransXChange_general.xsd" xmlns="http://www.transxchange.org.uk/" xmlns:n1="http://www.transxchange.org.uk/" xmlns:n2="http://www.govtalk.gov.uk/people/AddressAndPersonalDetails" xmlns:n3="http://www.govtalk.gov.uk/core" xmlns:n4="http://www.govtalk.gov.uk/people/bs7666"><StopPoints><AnnotatedStopPointRef><StopPointRef>999012874E</StopPointRef><CommonName>Sunbury / St Paul's School</CommonName><Indicator>stop E</Indicator><LocalityName>Sunbury</LocalityName><LocalityQualifier>Surrey</LocalityQualifier></AnnotatedStopPointRef><AnnotatedStopPointRef><StopPointRef>40004402809D</StopPointRef><CommonName>Sunbury / The Avenue</CommonName><Indicator>stop NW</Indicator><LocalityName>Sunbury</LocalityName><LocalityQualifier>Surrey</LocalityQualifier></AnnotatedStopPointRef><AnnotatedStopPointRef><StopPointRef>40004402064A</StopPointRef><CommonName>Sunbury Cross</CommonName><Indicator>stop NE</Indicator><LocalityName>Sunbury</LocalityName><LocalityQualifier>Surrey</LocalityQualifier></AnnotatedStopPointRef><AnnotatedStopPointRef><StopPointRef>40004402063A</StopPointRef><CommonName>Wolsey Road</CommonName><Indicator>stop NE</Indicator><LocalityName>Ashford (Surrey)</LocalityName><LocalityQualifier>Surrey</LocalityQualifier></AnnotatedStopPointRef><AnnotatedStopPointRef><StopPointRef>40004402062A</StopPointRef><CommonName>Beechwood Avenue (TW16)</CommonName><Indicator>stop N</Indicator><LocalityName>Sunbury</LocalityName><LocalityQualifier>Surrey</LocalityQualifier></AnnotatedStopPointRef><AnnotatedStopPointRef><StopPointRef>40004402061C</StopPointRef><CommonName>King's Avenue (TW16)</CommonName><Indicator>stop N</Indicator><LocalityName>Sunbury</LocalityName><LocalityQualifier>Surrey</LocalityQualifier></AnnotatedStopPointRef><AnnotatedStopPointRef><StopPointRef>40004402061A</StopPointRef><CommonName>Kinross Drive (TW16)</CommonName><Indicator>stop N</Indicator><LocalityName>Felthamhill</LocalityName><LocalityQualifier>Surrey</LocalityQualifier></AnnotatedStopPointRef><AnnotatedStopPointRef><StopPointRef>490013008N</StopPointRef><CommonName>Hamilton Road (TW13)</CommonName><Indicator>stop N</Indicator><LocalityName>Lower Feltham</LocalityName><LocalityQualifier>Greater London</LocalityQualifier></AnnotatedStopPointRef><AnnotatedStopPointRef><StopPointRef>490009444N</StopPointRef><CommonName>Ludlow Road (TW13)</CommonName><Indicator>stop N</Indicator><LocalityName>Lower Feltham</LocalityName><LocalityQualifier>Greater London</LocalityQualifier></AnnotatedStopPointRef><AnnotatedStopPointRef><StopPointRef>490009414E</StopPointRef><CommonName>St Dunstans Road (TW13)</CommonName><Indicator>stop T</Indicator><LocalityName>Lower Feltham</LocalityName><LocalityQualifier>Greater London</LocalityQualifier></AnnotatedStopPointRef><AnnotatedStopPointRef><StopPointRef>490014034E</StopPointRef><CommonName>Vernon Road (TW13)</CommonName><Indicator>stop U</Indicator><LocalityName>Lower Feltham</LocalityName><LocalityQualifier>Greater London</LocalityQualifier></AnnotatedStopPointRef><AnnotatedStopPointRef><StopPointRef>490010767E</StopPointRef><CommonName>Parkfield Crescent</CommonName><Indicator>stop V</Indicator><LocalityName>Lower Feltham</LocalityName><LocalityQualifier>Greater London</LocalityQualifier></AnnotatedStopPointRef><AnnotatedStopPointRef><StopPointRef>490006786K</StopPointRef><CommonName>Feltham Tesco</CommonName><Indicator>stop K</Indicator><LocalityName>Feltham</LocalityName><LocalityQualifier>Greater London</LocalityQualifier></AnnotatedStopPointRef><AnnotatedStopPointRef><StopPointRef>490004505J</StopPointRef><CommonName>Feltham War Memorial</CommonName><Indicator>stop J</Indicator><LocalityName>Feltham</LocalityName><LocalityQualifier>Greater London</LocalityQualifier></AnnotatedStopPointRef><AnnotatedStopPointRef><StopPointRef>490003789G</StopPointRef><CommonName>Feltham Station / Victoria Rd</CommonName><Indicator>stop G</Indicator><LocalityName>Feltham</LocalityName><LocalityQualifier>Greater London</LocalityQualifier></AnnotatedStopPointRef><AnnotatedStopPointRef><StopPointRef>490006781N</StopPointRef><CommonName>Feltham Assembly Hall</CommonName><Indicator>stop T</Indicator><LocalityName>North Feltham</LocalityName><LocalityQualifier>Greater London</LocalityQualifier></AnnotatedStopPointRef><AnnotatedStopPointRef><StopPointRef>490008400W</StopPointRef><CommonName>Harlington Road East (TW14)</CommonName><Indicator>stop E</Indicator><LocalityName>North Feltham</LocalityName><LocalityQualifier>Greater London</LocalityQualifier></AnnotatedStopPointRef><AnnotatedStopPointRef><StopPointRef>490007813N</StopPointRef><CommonName>Lansbury Avenue (TW14)</CommonName><Indicator>stop F</Indicator><LocalityName>North Feltham</LocalityName><LocalityQualifier>Greater London</LocalityQualifier></AnnotatedStopPointRef><AnnotatedStopPointRef><StopPointRef>490007813E</StopPointRef><CommonName>Faggs Road (TW14)</CommonName><Indicator>stop M</Indicator><LocalityName>North Feltham</LocalityName><LocalityQualifier>Greater London</LocalityQualifier></AnnotatedStopPointRef><AnnotatedStopPointRef><StopPointRef>490008401E</StopPointRef><CommonName>Hounslow Road / Staines Road</CommonName><Indicator>stop N</Indicator><LocalityName>North Feltham</LocalityName><LocalityQualifier>Greater London</LocalityQualifier></AnnotatedStopPointRef><AnnotatedStopPointRef><StopPointRef>490007467E</StopPointRef><CommonName>Green Lane (TW4)</CommonName><Indicator>stop A</Indicator><LocalityName>North Feltham</LocalityName><LocalityQualifier>Greater London</LocalityQualifier></AnnotatedStopPointRef><AnnotatedStopPointRef><StopPointRef>490008506E</StopPointRef><CommonName>Islay Gardens (TW4)</CommonName><Indicator>stop B</Indicator><LocalityName>Hounslow West</LocalityName><LocalityQualifier>Greater London</LocalityQualifier></AnnotatedStopPointRef><AnnotatedStopPointRef><StopPointRef>490008395E</StopPointRef><CommonName>Frampton Road (TW4)</CommonName><Indicator>stop C</Indicator><LocalityName>Hounslow West</LocalityName><LocalityQualifier>Greater London</LocalityQualifier></AnnotatedStopPointRef><AnnotatedStopPointRef><StopPointRef>490009702E</StopPointRef><CommonName>Martindale Road / Staines Road</CommonName><Indicator>stop D</Indicator><LocalityName>Hounslow West</LocalityName><LocalityQualifier>Greater London</LocalityQualifier></AnnotatedStopPointRef><AnnotatedStopPointRef><StopPointRef>490005698E</StopPointRef><CommonName>Cranbrook Road (TW4)</CommonName><Indicator>stop E</Indicator><LocalityName>Hounslow West</LocalityName><LocalityQualifier>Greater London</LocalityQualifier></AnnotatedStopPointRef><AnnotatedStopPointRef><StopPointRef>490014362E</StopPointRef><CommonName>Wellington Road South</CommonName><Indicator>stop F</Indicator><LocalityName>Hounslow</LocalityName><LocalityQualifier>Greater London</LocalityQualifier></AnnotatedStopPointRef><AnnotatedStopPointRef><StopPointRef>490008125E</StopPointRef><CommonName>Hibernia Road / Staines Road</CommonName><Indicator>stop E</Indicator><LocalityName>Hounslow</LocalityName><LocalityQualifier>Greater London</LocalityQualifier></AnnotatedStopPointRef><AnnotatedStopPointRef><StopPointRef>490013259U</StopPointRef><CommonName>The Bell (TW3)</CommonName><Indicator>stop U</Indicator><LocalityName>Hounslow</LocalityName><LocalityQualifier>Greater London</LocalityQualifier></AnnotatedStopPointRef><AnnotatedStopPointRef><StopPointRef>490013777O</StopPointRef><CommonName>Treaty Centre (TW3)</CommonName><Indicator>stop O</Indicator><LocalityName>Hounslow</LocalityName><LocalityQualifier>Greater London</LocalityQualifier></AnnotatedStopPointRef><AnnotatedStopPointRef><StopPointRef>490008399K</StopPointRef><CommonName>Hounslow High Street (TW3)</CommonName><Indicator>stop K</Indicator><LocalityName>Hounslow</LocalityName><LocalityQualifier>Greater London</LocalityQualifier></AnnotatedStopPointRef><AnnotatedStopPointRef><StopPointRef>490008392F</StopPointRef><CommonName>Hounslow Bus Station</CommonName><Indicator>stop F</Indicator><LocalityName>Hounslow</LocalityName><LocalityQualifier>Greater London</LocalityQualifier></AnnotatedStopPointRef><AnnotatedStopPointRef><StopPointRef>490004327W2</StopPointRef><CommonName>Bridge Road (TW3)</CommonName><Indicator>stop E</Indicator><LocalityName>Hounslow</LocalityName><LocalityQualifier>Greater London</LocalityQualifier></AnnotatedStopPointRef><AnnotatedStopPointRef><StopPointRef>490012599E</StopPointRef><CommonName>Star Road / London Road</CommonName><Indicator>stop J</Indicator><LocalityName>Isleworth</LocalityName><LocalityQualifier>Greater London</LocalityQualifier></AnnotatedStopPointRef><AnnotatedStopPointRef><StopPointRef>490013620E</StopPointRef><CommonName>Thornbury Road (TW7)</CommonName><Indicator>stop K</Indicator><LocalityName>Isleworth</LocalityName><LocalityQualifier>Greater London</LocalityQualifier></AnnotatedStopPointRef><AnnotatedStopPointRef><StopPointRef>490008510E</StopPointRef><CommonName>West Thames College (TW7)</CommonName><Indicator>stop L</Indicator><LocalityName>Spring Grove</LocalityName><LocalityQualifier>Greater London</LocalityQualifier></AnnotatedStopPointRef><AnnotatedStopPointRef><StopPointRef>490001158B</StopPointRef><CommonName>Isleworth</CommonName><Indicator>stop N</Indicator><LocalityName>Isleworth</LocalityName><LocalityQualifier>Greater London</LocalityQualifier></AnnotatedStopPointRef><AnnotatedStopPointRef><StopPointRef>490009185E</StopPointRef><CommonName>Linkfield Road (TW7)</CommonName><Indicator>stop P</Indicator><LocalityName>Spring Grove</LocalityName><LocalityQualifier>Greater London</LocalityQualifier></AnnotatedStopPointRef><AnnotatedStopPointRef><StopPointRef>490014874J</StopPointRef><CommonName>Wood Lane London Road</CommonName><Indicator>stop Q</Indicator><LocalityName>Spring Grove</LocalityName><LocalityQualifier>Greater London</LocalityQualifier></AnnotatedStopPointRef><AnnotatedStopPointRef><StopPointRef>490007873E</StopPointRef><CommonName>Turnpike Way (TW7)</CommonName><Indicator>stop R</Indicator><LocalityName>Spring Grove</LocalityName><LocalityQualifier>Greater London</LocalityQualifier></AnnotatedStopPointRef><AnnotatedStopPointRef><StopPointRef>490015029P</StopPointRef><CommonName>The Green School (TW7)</CommonName><Indicator>stop P</Indicator><LocalityName>Brentford End</LocalityName><LocalityQualifier>Greater London</LocalityQualifier></AnnotatedStopPointRef><AnnotatedStopPointRef><StopPointRef>490015029E</StopPointRef><CommonName>Busch Corner (TW7)</CommonName><Indicator>stop T</Indicator><LocalityName>Brentford End</LocalityName><LocalityQualifier>Greater London</LocalityQualifier></AnnotatedStopPointRef><AnnotatedStopPointRef><StopPointRef>490013141E</StopPointRef><CommonName>Syon Lane / London Road</CommonName><Indicator>stop X</Indicator><LocalityName>Brentford End</LocalityName><LocalityQualifier>Greater London</LocalityQualifier></AnnotatedStopPointRef><AnnotatedStopPointRef><StopPointRef>490003804E</StopPointRef><CommonName>Beech Avenue (TW8)</CommonName><Indicator>stop E</Indicator><LocalityName>Brentford End</LocalityName><LocalityQualifier>Greater London</LocalityQualifier></AnnotatedStopPointRef><AnnotatedStopPointRef><StopPointRef>490004296E</StopPointRef><CommonName>Brent Lea</CommonName><Indicator>stop E</Indicator><LocalityName>Brentford End</LocalityName><LocalityQualifier>Greater London</LocalityQualifier></AnnotatedStopPointRef><AnnotatedStopPointRef><StopPointRef>490004292F</StopPointRef><CommonName>Brentford Magistrates Court</CommonName><Indicator>stop BN</Indicator><LocalityName>Brentford</LocalityName><LocalityQualifier>Greater London</LocalityQualifier></AnnotatedStopPointRef><AnnotatedStopPointRef><StopPointRef>490004289B</StopPointRef><CommonName>Brentford County Court</CommonName><Indicator>stop Z2</Indicator><LocalityName>Brentford</LocalityName><LocalityQualifier>Greater London</LocalityQualifier></AnnotatedStopPointRef><AnnotatedStopPointRef><StopPointRef>490004289C</StopPointRef><CommonName>Brentford County Court</CommonName><Indicator>stop BQ</Indicator><LocalityName>Brentford</LocalityName><LocalityQualifier>Greater London</LocalityQualifier></AnnotatedStopPointRef><AnnotatedStopPointRef><StopPointRef>490004292G</StopPointRef><CommonName>Brentford Magistrates Court</CommonName><Indicator>stop BL</Indicator><LocalityName>Brentford</LocalityName><LocalityQualifier>Greater London</LocalityQualifier></AnnotatedStopPointRef><AnnotatedStopPointRef><StopPointRef>490004296W</StopPointRef><CommonName>Brent Lea</CommonName><Indicator>stop W</Indicator><LocalityName>Brentford End</LocalityName><LocalityQualifier>Greater London</LocalityQualifier></AnnotatedStopPointRef><AnnotatedStopPointRef><StopPointRef>490013141W</StopPointRef><CommonName>Syon Lane / London Road</CommonName><Indicator>stop W</Indicator><LocalityName>Brentford End</LocalityName><LocalityQualifier>Greater London</LocalityQualifier></AnnotatedStopPointRef><AnnotatedStopPointRef><StopPointRef>490015029W</StopPointRef><CommonName>Busch Corner (TW7)</CommonName><Indicator>stop V</Indicator><LocalityName>Brentford End</LocalityName><LocalityQualifier>Greater London</LocalityQualifier></AnnotatedStopPointRef><AnnotatedStopPointRef><StopPointRef>490004635S</StopPointRef><CommonName>The Green School (TW7)</CommonName><Indicator>stop S</Indicator><LocalityName>Brentford End</LocalityName><LocalityQualifier>Greater London</LocalityQualifier></AnnotatedStopPointRef><AnnotatedStopPointRef><StopPointRef>490007873W</StopPointRef><CommonName>Turnpike Way (TW7)</CommonName><Indicator>stop M</Indicator><LocalityName>Spring Grove</LocalityName><LocalityQualifier>Greater London</LocalityQualifier></AnnotatedStopPointRef><AnnotatedStopPointRef><StopPointRef>490014874K</StopPointRef><CommonName>Wood Lane London Road</CommonName><Indicator>stop D</Indicator><LocalityName>Spring Grove</LocalityName><LocalityQualifier>Greater London</LocalityQualifier></AnnotatedStopPointRef><AnnotatedStopPointRef><StopPointRef>490009185W</StopPointRef><CommonName>Linkfield Road (TW7)</CommonName><Indicator>stop E</Indicator><LocalityName>Spring Grove</LocalityName><LocalityQualifier>Greater London</LocalityQualifier></AnnotatedStopPointRef><AnnotatedStopPointRef><StopPointRef>490001158A</StopPointRef><CommonName>Isleworth</CommonName><Indicator>stop F</Indicator><LocalityName>Isleworth</LocalityName><LocalityQualifier>Greater London</LocalityQualifier></AnnotatedStopPointRef><AnnotatedStopPointRef><StopPointRef>490008510W</StopPointRef><CommonName>West Thames College (TW7)</CommonName><Indicator>stop G</Indicator><LocalityName>Spring Grove</LocalityName><LocalityQualifier>Greater London</LocalityQualifier></AnnotatedStopPointRef><AnnotatedStopPointRef><StopPointRef>490012599W</StopPointRef><CommonName>Star Road / London Road</CommonName><Indicator>stop H</Indicator><LocalityName>Isleworth</LocalityName><LocalityQualifier>Greater London</LocalityQualifier></AnnotatedStopPointRef><AnnotatedStopPointRef><StopPointRef>490004327W1</StopPointRef><CommonName>Bridge Road (TW3)</CommonName><Indicator>stop W</Indicator><LocalityName>Hounslow</LocalityName><LocalityQualifier>Greater London</LocalityQualifier></AnnotatedStopPointRef><AnnotatedStopPointRef><StopPointRef>490008392G</StopPointRef><CommonName>Hounslow Bus Station</CommonName><Indicator>stop G</Indicator><LocalityName>Hounslow</LocalityName><LocalityQualifier>Greater London</LocalityQualifier></AnnotatedStopPointRef><AnnotatedStopPointRef><StopPointRef>490008398H</StopPointRef><CommonName>Fair Street (TW3)</CommonName><Indicator>stop H</Indicator><LocalityName>Hounslow</LocalityName><LocalityQualifier>Greater London</LocalityQualifier></AnnotatedStopPointRef><AnnotatedStopPointRef><StopPointRef>490008397J</StopPointRef><CommonName>Douglas Road (TW3)</CommonName><Indicator>stop HH</Indicator><LocalityName>Hounslow</LocalityName><LocalityQualifier>Greater London</LocalityQualifier></AnnotatedStopPointRef><AnnotatedStopPointRef><StopPointRef>490013777S</StopPointRef><CommonName>Treaty Centre (TW3)</CommonName><Indicator>stop S</Indicator><LocalityName>Hounslow</LocalityName><LocalityQualifier>Greater London</LocalityQualifier></AnnotatedStopPointRef><AnnotatedStopPointRef><StopPointRef>490015444W</StopPointRef><CommonName>The Bell (TW3)</CommonName><Indicator>stop W</Indicator><LocalityName>Hounslow</LocalityName><LocalityQualifier>Greater London</LocalityQualifier></AnnotatedStopPointRef><AnnotatedStopPointRef><StopPointRef>490008125W</StopPointRef><CommonName>Hibernia Road / Staines Road</CommonName><Indicator>stop W</Indicator><LocalityName>Hounslow</LocalityName><LocalityQualifier>Greater London</LocalityQualifier></AnnotatedStopPointRef><AnnotatedStopPointRef><StopPointRef>490014362W</StopPointRef><CommonName>Wellington Road South</CommonName><Indicator>stop M</Indicator><LocalityName>Hounslow</LocalityName><LocalityQualifier>Greater London</LocalityQualifier></AnnotatedStopPointRef><AnnotatedStopPointRef><StopPointRef>490009702W</StopPointRef><CommonName>Martindale Road / Staines Road</CommonName><Indicator>stop N</Indicator><LocalityName>Hounslow West</LocalityName><LocalityQualifier>Greater London</LocalityQualifier></AnnotatedStopPointRef><AnnotatedStopPointRef><StopPointRef>490008395W</StopPointRef><CommonName>Barrack Road (TW4)</CommonName><Indicator>stop P</Indicator><LocalityName>Hounslow West</LocalityName><LocalityQualifier>Greater London</LocalityQualifier></AnnotatedStopPointRef><AnnotatedStopPointRef><StopPointRef>490008506W</StopPointRef><CommonName>Islay Gardens (TW4)</CommonName><Indicator>stop Q</Indicator><LocalityName>Hounslow West</LocalityName><LocalityQualifier>Greater London</LocalityQualifier></AnnotatedStopPointRef><AnnotatedStopPointRef><StopPointRef>490007467W</StopPointRef><CommonName>Green Lane (TW4)</CommonName><Indicator>stop R</Indicator><LocalityName>North Feltham</LocalityName><LocalityQualifier>Greater London</LocalityQualifier></AnnotatedStopPointRef><AnnotatedStopPointRef><StopPointRef>490008401W</StopPointRef><CommonName>Hounslow Road / Staines Road</CommonName><Indicator>stop A</Indicator><LocalityName>North Feltham</LocalityName><LocalityQualifier>Greater London</LocalityQualifier></AnnotatedStopPointRef><AnnotatedStopPointRef><StopPointRef>490007817W</StopPointRef><CommonName>Faggs Road (TW14)</CommonName><Indicator>stop B</Indicator><LocalityName>North Feltham</LocalityName><LocalityQualifier>Greater London</LocalityQualifier></AnnotatedStopPointRef><AnnotatedStopPointRef><StopPointRef>490007813S</StopPointRef><CommonName>Lansbury Avenue (TW14)</CommonName><Indicator>stop J</Indicator><LocalityName>North Feltham</LocalityName><LocalityQualifier>Greater London</LocalityQualifier></AnnotatedStopPointRef><AnnotatedStopPointRef><StopPointRef>490015730S</StopPointRef><CommonName>Feltham Assembly Hall</CommonName><Indicator>stop S</Indicator><LocalityName>North Feltham</LocalityName><LocalityQualifier>Greater London</LocalityQualifier></AnnotatedStopPointRef><AnnotatedStopPointRef><StopPointRef>490006781S</StopPointRef><CommonName>Fern Grove (TW14)</CommonName><Indicator>stop S</Indicator><LocalityName>North Feltham</LocalityName><LocalityQualifier>Greater London</LocalityQualifier></AnnotatedStopPointRef><AnnotatedStopPointRef><StopPointRef>490003789H</StopPointRef><CommonName>Feltham Station / Victoria Rd</CommonName><Indicator>stop H</Indicator><LocalityName>Feltham</LocalityName><LocalityQualifier>Greater London</LocalityQualifier></AnnotatedStopPointRef><AnnotatedStopPointRef><StopPointRef>490004503L</StopPointRef><CommonName>Browells Lane (TW13)</CommonName><Indicator>stop L</Indicator><LocalityName>Feltham</LocalityName><LocalityQualifier>Greater London</LocalityQualifier></AnnotatedStopPointRef><AnnotatedStopPointRef><StopPointRef>490011117S</StopPointRef><CommonName>Poplar Way</CommonName><Indicator>stop P</Indicator><LocalityName>Feltham</LocalityName><LocalityQualifier>Greater London</LocalityQualifier></AnnotatedStopPointRef><AnnotatedStopPointRef><StopPointRef>490010767W</StopPointRef><CommonName>Parkfield Crescent</CommonName><Indicator>stop Q</Indicator><LocalityName>Lower Feltham</LocalityName><LocalityQualifier>Greater London</LocalityQualifier></AnnotatedStopPointRef><AnnotatedStopPointRef><StopPointRef>490009414W</StopPointRef><CommonName>St Dunstans Road (TW13)</CommonName><Indicator>stop R</Indicator><LocalityName>Lower Feltham</LocalityName><LocalityQualifier>Greater London</LocalityQualifier></AnnotatedStopPointRef><AnnotatedStopPointRef><StopPointRef>490009444S</StopPointRef><CommonName>Ludlow Road (TW13)</CommonName><Indicator>stop S</Indicator><LocalityName>Lower Feltham</LocalityName><LocalityQualifier>Greater London</LocalityQualifier></AnnotatedStopPointRef><AnnotatedStopPointRef><StopPointRef>490007697S</StopPointRef><CommonName>Hamilton Road (TW13)</CommonName><Indicator>stop S</Indicator><LocalityName>Lower Feltham</LocalityName><LocalityQualifier>Greater London</LocalityQualifier></AnnotatedStopPointRef><AnnotatedStopPointRef><StopPointRef>40004402061B</StopPointRef><CommonName>King's Avenue (TW16)</CommonName><Indicator>stop S</Indicator><LocalityName>Sunbury</LocalityName><LocalityQualifier>Surrey</LocalityQualifier></AnnotatedStopPointRef><AnnotatedStopPointRef><StopPointRef>40004402062B</StopPointRef><CommonName>Beechwood Avenue (TW16)</CommonName><Indicator>stop S</Indicator><LocalityName>Sunbury</LocalityName><LocalityQualifier>Surrey</LocalityQualifier></AnnotatedStopPointRef><AnnotatedStopPointRef><StopPointRef>40004402063B</StopPointRef><CommonName>Wolsey Road</CommonName><Indicator>stop S</Indicator><LocalityName>Ashford (Surrey)</LocalityName><LocalityQualifier>Surrey</LocalityQualifier></AnnotatedStopPointRef><AnnotatedStopPointRef><StopPointRef>40004402064B</StopPointRef><CommonName>Sunbury Cross</CommonName><Indicator>stop S</Indicator><LocalityName>Sunbury</LocalityName><LocalityQualifier>Surrey</LocalityQualifier></AnnotatedStopPointRef><AnnotatedStopPointRef><StopPointRef>40004402809A</StopPointRef><CommonName>Sunbury / The Avenue</CommonName><Indicator>stop SE</Indicator><LocalityName>Sunbury</LocalityName><LocalityQualifier>Surrey</LocalityQualifier></AnnotatedStopPointRef></StopPoints><RouteSections><RouteSection id="RS_54635c_H_1"><RouteLink id="RL_RS_54635c_H_1_0"><From><StopPointRef>999012874E</StopPointRef></From><To><StopPointRef>40004402809D</StopPointRef></To><Direction>outbound</Direction></RouteLink><RouteLink id="RL_RS_54635c_H_1_1"><From><StopPointRef>40004402809D</StopPointRef></From><To><StopPointRef>40004402064A</StopPointRef></To><Direction>outbound</Direction></RouteLink><RouteLink id="RL_RS_54635c_H_1_2"><From><StopPointRef>40004402064A</StopPointRef></From><To><StopPointRef>40004402063A</StopPointRef></To><Direction>outbound</Direction></RouteLink><RouteLink id="RL_RS_54635c_H_1_3"><From><StopPointRef>40004402063A</StopPointRef></From><To><StopPointRef>40004402062A</StopPointRef></To><Direction>outbound</Direction></RouteLink><RouteLink id="RL_RS_54635c_H_1_4"><From><StopPointRef>40004402062A</StopPointRef></From><To><StopPointRef>40004402061C</StopPointRef></To><Direction>outbound</Direction></RouteLink><RouteLink id="RL_RS_54635c_H_1_5"><From><StopPointRef>40004402061C</StopPointRef></From><To><StopPointRef>40004402061A</StopPointRef></To><Direction>outbound</Direction></RouteLink><RouteLink id="RL_RS_54635c_H_1_6"><From><StopPointRef>40004402061A</StopPointRef></From><To><StopPointRef>490013008N</StopPointRef></To><Direction>outbound</Direction></RouteLink><RouteLink id="RL_RS_54635c_H_1_7"><From><StopPointRef>490013008N</StopPointRef></From><To><StopPointRef>490009444N</StopPointRef></To><Direction>outbound</Direction></RouteLink><RouteLink id="RL_RS_54635c_H_1_8"><From><StopPointRef>490009444N</StopPointRef></From><To><StopPointRef>490009414E</StopPointRef></To><Direction>outbound</Direction></RouteLink><RouteLink id="RL_RS_54635c_H_1_9"><From><StopPointRef>490009414E</StopPointRef></From><To><StopPointRef>490014034E</StopPointRef></To><Direction>outbound</Direction></RouteLink><RouteLink id="RL_RS_54635c_H_1_10"><From><StopPointRef>490014034E</StopPointRef></From><To><StopPointRef>490010767E</StopPointRef></To><Direction>outbound</Direction></RouteLink><RouteLink id="RL_RS_54635c_H_1_11"><From><StopPointRef>490010767E</StopPointRef></From><To><StopPointRef>490006786K</StopPointRef></To><Direction>outbound</Direction></RouteLink><RouteLink id="RL_RS_54635c_H_1_12"><From><StopPointRef>490006786K</StopPointRef></From><To><StopPointRef>490004505J</StopPointRef></To><Direction>outbound</Direction></RouteLink><RouteLink id="RL_RS_54635c_H_1_13"><From><StopPointRef>490004505J</StopPointRef></From><To><StopPointRef>490003789G</StopPointRef></To><Distance>243</Distance><Direction>outbound</Direction></RouteLink><RouteLink id="RL_RS_54635c_H_1_14"><From><StopPointRef>490003789G</StopPointRef></From><To><StopPointRef>490006781N</StopPointRef></To><Direction>outbound</Direction></RouteLink><RouteLink id="RL_RS_54635c_H_1_15"><From><StopPointRef>490006781N</StopPointRef></From><To><StopPointRef>490008400W</StopPointRef></To><Direction>outbound</Direction></RouteLink><RouteLink id="RL_RS_54635c_H_1_16"><From><StopPointRef>490008400W</StopPointRef></From><To><StopPointRef>490007813N</StopPointRef></To><Direction>outbound</Direction></RouteLink><RouteLink id="RL_RS_54635c_H_1_17"><From><StopPointRef>490007813N</StopPointRef></From><To><StopPointRef>490007813E</StopPointRef></To><Direction>outbound</Direction></RouteLink><RouteLink id="RL_RS_54635c_H_1_18"><From><StopPointRef>490007813E</StopPointRef></From><To><StopPointRef>490008401E</StopPointRef></To><Direction>outbound</Direction></RouteLink><RouteLink id="RL_RS_54635c_H_1_19"><From><StopPointRef>490008401E</StopPointRef></From><To><StopPointRef>490007467E</StopPointRef></To><Direction>outbound</Direction></RouteLink><RouteLink id="RL_RS_54635c_H_1_20"><From><StopPointRef>490007467E</StopPointRef></From><To><StopPointRef>490008506E</StopPointRef></To><Direction>outbound</Direction></RouteLink><RouteLink id="RL_RS_54635c_H_1_21"><From><StopPointRef>490008506E</StopPointRef></From><To><StopPointRef>490008395E</StopPointRef></To><Direction>outbound</Direction></RouteLink><RouteLink id="RL_RS_54635c_H_1_22"><From><StopPointRef>490008395E</StopPointRef></From><To><StopPointRef>490009702E</StopPointRef></To><Direction>outbound</Direction></RouteLink><RouteLink id="RL_RS_54635c_H_1_23"><From><StopPointRef>490009702E</StopPointRef></From><To><StopPointRef>490005698E</StopPointRef></To><Direction>outbound</Direction></RouteLink><RouteLink id="RL_RS_54635c_H_1_24"><From><StopPointRef>490005698E</StopPointRef></From><To><StopPointRef>490014362E</StopPointRef></To><Direction>outbound</Direction></RouteLink><RouteLink id="RL_RS_54635c_H_1_25"><From><StopPointRef>490014362E</StopPointRef></From><To><StopPointRef>490008125E</StopPointRef></To><Direction>outbound</Direction></RouteLink><RouteLink id="RL_RS_54635c_H_1_26"><From><StopPointRef>490008125E</StopPointRef></From><To><StopPointRef>490013259U</StopPointRef></To><Direction>outbound</Direction></RouteLink><RouteLink id="RL_RS_54635c_H_1_27"><From><StopPointRef>490013259U</StopPointRef></From><To><StopPointRef>490013777O</StopPointRef></To><Direction>outbound</Direction></RouteLink><RouteLink id="RL_RS_54635c_H_1_28"><From><StopPointRef>490013777O</StopPointRef></From><To><StopPointRef>490008399K</StopPointRef></To><Direction>outbound</Direction></RouteLink><RouteLink id="RL_RS_54635c_H_1_29"><From><StopPointRef>490008399K</StopPointRef></From><To><StopPointRef>490008392F</StopPointRef></To><Direction>outbound</Direction></RouteLink><RouteLink id="RL_RS_54635c_H_1_30"><From><StopPointRef>490008392F</StopPointRef></From><To><StopPointRef>490004327W2</StopPointRef></To><Direction>outbound</Direction></RouteLink><RouteLink id="RL_RS_54635c_H_1_31"><From><StopPointRef>490004327W2</StopPointRef></From><To><StopPointRef>490012599E</StopPointRef></To><Direction>outbound</Direction></RouteLink><RouteLink id="RL_RS_54635c_H_1_32"><From><StopPointRef>490012599E</StopPointRef></From><To><StopPointRef>490013620E</StopPointRef></To><Direction>outbound</Direction></RouteLink><RouteLink id="RL_RS_54635c_H_1_33"><From><StopPointRef>490013620E</StopPointRef></From><To><StopPointRef>490008510E</StopPointRef></To><Direction>outbound</Direction></RouteLink><RouteLink id="RL_RS_54635c_H_1_34"><From><StopPointRef>490008510E</StopPointRef></From><To><StopPointRef>490001158B</StopPointRef></To><Direction>outbound</Direction></RouteLink><RouteLink id="RL_RS_54635c_H_1_35"><From><StopPointRef>490001158B</StopPointRef></From><To><StopPointRef>490009185E</StopPointRef></To><Direction>outbound</Direction></RouteLink><RouteLink id="RL_RS_54635c_H_1_36"><From><StopPointRef>490009185E</StopPointRef></From><To><StopPointRef>490014874J</StopPointRef></To><Direction>outbound</Direction></RouteLink><RouteLink id="RL_RS_54635c_H_1_37"><From><StopPointRef>490014874J</StopPointRef></From><To><StopPointRef>490007873E</StopPointRef></To><Direction>outbound</Direction></RouteLink><RouteLink id="RL_RS_54635c_H_1_38"><From><StopPointRef>490007873E</StopPointRef></From><To><StopPointRef>490015029P</StopPointRef></To><Direction>outbound</Direction></RouteLink><RouteLink id="RL_RS_54635c_H_1_39"><From><StopPointRef>490015029P</StopPointRef></From><To><StopPointRef>490015029E</StopPointRef></To><Direction>outbound</Direction></RouteLink><RouteLink id="RL_RS_54635c_H_1_40"><From><StopPointRef>490015029E</StopPointRef></From><To><StopPointRef>490013141E</StopPointRef></To><Direction>outbound</Direction></RouteLink><RouteLink id="RL_RS_54635c_H_1_41"><From><StopPointRef>490013141E</StopPointRef></From><To><StopPointRef>490003804E</StopPointRef></To><Direction>outbound</Direction></RouteLink><RouteLink id="RL_RS_54635c_H_1_42"><From><StopPointRef>490003804E</StopPointRef></From><To><StopPointRef>490004296E</StopPointRef></To><Direction>outbound</Direction></RouteLink><RouteLink id="RL_RS_54635c_H_1_43"><From><StopPointRef>490004296E</StopPointRef></From><To><StopPointRef>490004292F</StopPointRef></To><Direction>outbound</Direction></RouteLink><RouteLink id="RL_RS_54635c_H_1_44"><From><StopPointRef>490004292F</StopPointRef></From><To><StopPointRef>490004289B</StopPointRef></To><Direction>outbound</Direction></RouteLink></RouteSection><RouteSection id="RS_54635c_R_2"><RouteLink id="RL_RS_54635c_R_2_0"><From><StopPointRef>490004289C</StopPointRef></From><To><StopPointRef>490004292G</StopPointRef></To><Direction>inbound</Direction></RouteLink><RouteLink id="RL_RS_54635c_R_2_1"><From><StopPointRef>490004292G</StopPointRef></From><To><StopPointRef>490004296W</StopPointRef></To><Direction>inbound</Direction></RouteLink><RouteLink id="RL_RS_54635c_R_2_2"><From><StopPointRef>490004296W</StopPointRef></From><To><StopPointRef>490013141W</StopPointRef></To><Direction>inbound</Direction></RouteLink><RouteLink id="RL_RS_54635c_R_2_3"><From><StopPointRef>490013141W</StopPointRef></From><To><StopPointRef>490015029W</StopPointRef></To><Direction>inbound</Direction></RouteLink><RouteLink id="RL_RS_54635c_R_2_4"><From><StopPointRef>490015029W</StopPointRef></From><To><StopPointRef>490004635S</StopPointRef></To><Direction>inbound</Direction></RouteLink><RouteLink id="RL_RS_54635c_R_2_5"><From><StopPointRef>490004635S</StopPointRef></From><To><StopPointRef>490007873W</StopPointRef></To><Direction>inbound</Direction></RouteLink><RouteLink id="RL_RS_54635c_R_2_6"><From><StopPointRef>490007873W</StopPointRef></From><To><StopPointRef>490014874K</StopPointRef></To><Direction>inbound</Direction></RouteLink><RouteLink id="RL_RS_54635c_R_2_7"><From><StopPointRef>490014874K</StopPointRef></From><To><StopPointRef>490009185W</StopPointRef></To><Direction>inbound</Direction></RouteLink><RouteLink id="RL_RS_54635c_R_2_8"><From><StopPointRef>490009185W</StopPointRef></From><To><StopPointRef>490001158A</StopPointRef></To><Direction>inbound</Direction></RouteLink><RouteLink id="RL_RS_54635c_R_2_9"><From><StopPointRef>490001158A</StopPointRef></From><To><StopPointRef>490008510W</StopPointRef></To><Direction>inbound</Direction></RouteLink><RouteLink id="RL_RS_54635c_R_2_10"><From><StopPointRef>490008510W</StopPointRef></From><To><StopPointRef>490012599W</StopPointRef></To><Direction>inbound</Direction></RouteLink><RouteLink id="RL_RS_54635c_R_2_11"><From><StopPointRef>490012599W</StopPointRef></From><To><StopPointRef>490004327W1</StopPointRef></To><Direction>inbound</Direction></RouteLink><RouteLink id="RL_RS_54635c_R_2_12"><From><StopPointRef>490004327W1</StopPointRef></From><To><StopPointRef>490008392G</StopPointRef></To><Direction>inbound</Direction></RouteLink><RouteLink id="RL_RS_54635c_R_2_13"><From><StopPointRef>490008392G</StopPointRef></From><To><StopPointRef>490008398H</StopPointRef></To><Direction>inbound</Direction></RouteLink><RouteLink id="RL_RS_54635c_R_2_14"><From><StopPointRef>490008398H</StopPointRef></From><To><StopPointRef>490008397J</StopPointRef></To><Direction>inbound</Direction></RouteLink><RouteLink id="RL_RS_54635c_R_2_15"><From><StopPointRef>490008397J</StopPointRef></From><To><StopPointRef>490013777S</StopPointRef></To><Direction>inbound</Direction></RouteLink><RouteLink id="RL_RS_54635c_R_2_16"><From><StopPointRef>490013777S</StopPointRef></From><To><StopPointRef>490015444W</StopPointRef></To><Direction>inbound</Direction></RouteLink><RouteLink id="RL_RS_54635c_R_2_17"><From><StopPointRef>490015444W</StopPointRef></From><To><StopPointRef>490008125W</StopPointRef></To><Direction>inbound</Direction></RouteLink><RouteLink id="RL_RS_54635c_R_2_18"><From><StopPointRef>490008125W</StopPointRef></From><To><StopPointRef>490014362W</StopPointRef></To><Direction>inbound</Direction></RouteLink><RouteLink id="RL_RS_54635c_R_2_19"><From><StopPointRef>490014362W</StopPointRef></From><To><StopPointRef>490009702W</StopPointRef></To><Direction>inbound</Direction></RouteLink><RouteLink id="RL_RS_54635c_R_2_20"><From><StopPointRef>490009702W</StopPointRef></From><To><StopPointRef>490008395W</StopPointRef></To><Direction>inbound</Direction></RouteLink><RouteLink id="RL_RS_54635c_R_2_21"><From><StopPointRef>490008395W</StopPointRef></From><To><StopPointRef>490008506W</StopPointRef></To><Direction>inbound</Direction></RouteLink><RouteLink id="RL_RS_54635c_R_2_22"><From><StopPointRef>490008506W</StopPointRef></From><To><StopPointRef>490007467W</StopPointRef></To><Direction>inbound</Direction></RouteLink><RouteLink id="RL_RS_54635c_R_2_23"><From><StopPointRef>490007467W</StopPointRef></From><To><StopPointRef>490008401W</StopPointRef></To><Direction>inbound</Direction></RouteLink><RouteLink id="RL_RS_54635c_R_2_24"><From><StopPointRef>490008401W</StopPointRef></From><To><StopPointRef>490007817W</StopPointRef></To><Direction>inbound</Direction></RouteLink><RouteLink id="RL_RS_54635c_R_2_25"><From><StopPointRef>490007817W</StopPointRef></From><To><StopPointRef>490007813S</StopPointRef></To><Direction>inbound</Direction></RouteLink><RouteLink id="RL_RS_54635c_R_2_26"><From><StopPointRef>490007813S</StopPointRef></From><To><StopPointRef>490015730S</StopPointRef></To><Distance>661</Distance><Direction>inbound</Direction></RouteLink><RouteLink id="RL_RS_54635c_R_2_27"><From><StopPointRef>490015730S</StopPointRef></From><To><StopPointRef>490006781S</StopPointRef></To><Distance>150</Distance><Direction>inbound</Direction></RouteLink><RouteLink id="RL_RS_54635c_R_2_28"><From><StopPointRef>490006781S</StopPointRef></From><To><StopPointRef>490003789H</StopPointRef></To><Distance>454</Distance><Direction>inbound</Direction></RouteLink><RouteLink id="RL_RS_54635c_R_2_29"><From><StopPointRef>490003789H</StopPointRef></From><To><StopPointRef>490004503L</StopPointRef></To><Direction>inbound</Direction></RouteLink><RouteLink id="RL_RS_54635c_R_2_30"><From><StopPointRef>490004503L</StopPointRef></From><To><StopPointRef>490011117S</StopPointRef></To><Direction>inbound</Direction></RouteLink><RouteLink id="RL_RS_54635c_R_2_31"><From><StopPointRef>490011117S</StopPointRef></From><To><StopPointRef>490010767W</StopPointRef></To><Direction>inbound</Direction></RouteLink><RouteLink id="RL_RS_54635c_R_2_32"><From><StopPointRef>490010767W</StopPointRef></From><To><StopPointRef>490009414W</StopPointRef></To><Direction>inbound</Direction></RouteLink><RouteLink id="RL_RS_54635c_R_2_33"><From><StopPointRef>490009414W</StopPointRef></From><To><StopPointRef>490009444S</StopPointRef></To><Direction>inbound</Direction></RouteLink><RouteLink id="RL_RS_54635c_R_2_34"><From><StopPointRef>490009444S</StopPointRef></From><To><StopPointRef>490007697S</StopPointRef></To><Direction>inbound</Direction></RouteLink><RouteLink id="RL_RS_54635c_R_2_35"><From><StopPointRef>490007697S</StopPointRef></From><To><StopPointRef>40004402061B</StopPointRef></To><Direction>inbound</Direction></RouteLink><RouteLink id="RL_RS_54635c_R_2_36"><From><StopPointRef>40004402061B</StopPointRef></From><To><StopPointRef>40004402062B</StopPointRef></To><Direction>inbound</Direction></RouteLink><RouteLink id="RL_RS_54635c_R_2_37"><From><StopPointRef>40004402062B</StopPointRef></From><To><StopPointRef>40004402063B</StopPointRef></To><Direction>inbound</Direction></RouteLink><RouteLink id="RL_RS_54635c_R_2_38"><From><StopPointRef>40004402063B</StopPointRef></From><To><StopPointRef>40004402064B</StopPointRef></To><Direction>inbound</Direction></RouteLink><RouteLink id="RL_RS_54635c_R_2_39"><From><StopPointRef>40004402064B</StopPointRef></From><To><StopPointRef>40004402809A</StopPointRef></To><Direction>inbound</Direction></RouteLink><RouteLink id="RL_RS_54635c_R_2_40"><From><StopPointRef>40004402809A</StopPointRef></From><To><StopPointRef>999012874E</StopPointRef></To><Direction>inbound</Direction></RouteLink></RouteSection></RouteSections><Routes><Route id="R_54635c_H_1"><PrivateCode>R_54635c_H_1</PrivateCode><Description>Sunbury / St Paul's School - Brentford County Court</Description><RouteSectionRef>RS_54635c_H_1</RouteSectionRef></Route><Route id="R_54635c_R_2"><PrivateCode>R_54635c_R_2</PrivateCode><Description>Brentford County Court - Sunbury / St Paul's School</Description><RouteSectionRef>RS_54635c_R_2</RouteSectionRef></Route></Routes><JourneyPatternSections><JourneyPatternSection id="JPS_54635c_H_1"><JourneyPatternTimingLink id="JPL_54635c_H_1_0"><From SequenceNumber="1"><StopPointRef>999012874E</StopPointRef><TimingStatus>PTP</TimingStatus></From><To SequenceNumber="2"><StopPointRef>40004402809D</StopPointRef><TimingStatus>PTP</TimingStatus></To><RunTime>PT120S</RunTime></JourneyPatternTimingLink><JourneyPatternTimingLink id="JPL_54635c_H_1_1"><From SequenceNumber="2"><StopPointRef>40004402809D</StopPointRef><TimingStatus>PTP</TimingStatus></From><To SequenceNumber="3"><StopPointRef>40004402064A</StopPointRef><TimingStatus>PTP</TimingStatus></To><RunTime>PT120S</RunTime></JourneyPatternTimingLink><JourneyPatternTimingLink id="JPL_54635c_H_1_2"><From SequenceNumber="3"><StopPointRef>40004402064A</StopPointRef><TimingStatus>PTP</TimingStatus></From><To SequenceNumber="4"><StopPointRef>40004402063A</StopPointRef><TimingStatus>PTP</TimingStatus></To><RunTime>PT60S</RunTime></JourneyPatternTimingLink><JourneyPatternTimingLink id="JPL_54635c_H_1_3"><From SequenceNumber="4"><StopPointRef>40004402063A</StopPointRef><TimingStatus>PTP</TimingStatus></From><To SequenceNumber="5"><StopPointRef>40004402062A</StopPointRef><TimingStatus>PTP</TimingStatus></To><RunTime>PT60S</RunTime></JourneyPatternTimingLink><JourneyPatternTimingLink id="JPL_54635c_H_1_4"><From SequenceNumber="5"><StopPointRef>40004402062A</StopPointRef><TimingStatus>PTP</TimingStatus></From><To SequenceNumber="6"><StopPointRef>40004402061C</StopPointRef><TimingStatus>PTP</TimingStatus></To><RunTime>PT60S</RunTime></JourneyPatternTimingLink><JourneyPatternTimingLink id="JPL_54635c_H_1_5"><From SequenceNumber="6"><StopPointRef>40004402061C</StopPointRef><TimingStatus>PTP</TimingStatus></From><To SequenceNumber="7"><StopPointRef>40004402061A</StopPointRef><TimingStatus>PTP</TimingStatus></To><RunTime>PT60S</RunTime></JourneyPatternTimingLink><JourneyPatternTimingLink id="JPL_54635c_H_1_6"><From SequenceNumber="7"><StopPointRef>40004402061A</StopPointRef><TimingStatus>PTP</TimingStatus></From><To SequenceNumber="8"><StopPointRef>490013008N</StopPointRef><TimingStatus>PTP</TimingStatus></To><RunTime>PT60S</RunTime></JourneyPatternTimingLink><JourneyPatternTimingLink id="JPL_54635c_H_1_7"><From SequenceNumber="8"><StopPointRef>490013008N</StopPointRef><TimingStatus>PTP</TimingStatus></From><To SequenceNumber="9"><StopPointRef>490009444N</StopPointRef><TimingStatus>PTP</TimingStatus></To><RunTime>PT60S</RunTime></JourneyPatternTimingLink><JourneyPatternTimingLink id="JPL_54635c_H_1_8"><From SequenceNumber="9"><StopPointRef>490009444N</StopPointRef><TimingStatus>PTP</TimingStatus></From><To SequenceNumber="10"><StopPointRef>490009414E</StopPointRef><TimingStatus>PTP</TimingStatus></To><RunTime>PT60S</RunTime></JourneyPatternTimingLink><JourneyPatternTimingLink id="JPL_54635c_H_1_9"><From SequenceNumber="10"><StopPointRef>490009414E</StopPointRef><TimingStatus>PTP</TimingStatus></From><To SequenceNumber="11"><StopPointRef>490014034E</StopPointRef><TimingStatus>PTP</TimingStatus></To><RunTime>PT60S</RunTime></JourneyPatternTimingLink><JourneyPatternTimingLink id="JPL_54635c_H_1_10"><From SequenceNumber="11"><StopPointRef>490014034E</StopPointRef><TimingStatus>PTP</TimingStatus></From><To SequenceNumber="12"><StopPointRef>490010767E</StopPointRef><TimingStatus>PTP</TimingStatus></To><RunTime>PT60S</RunTime></JourneyPatternTimingLink><JourneyPatternTimingLink id="JPL_54635c_H_1_11"><From SequenceNumber="12"><StopPointRef>490010767E</StopPointRef><TimingStatus>PTP</TimingStatus></From><To SequenceNumber="13"><StopPointRef>490006786K</StopPointRef><TimingStatus>PTP</TimingStatus></To><RunTime>PT60S</RunTime></JourneyPatternTimingLink><JourneyPatternTimingLink id="JPL_54635c_H_1_12"><From SequenceNumber="13"><StopPointRef>490006786K</StopPointRef><TimingStatus>PTP</TimingStatus></From><To SequenceNumber="14"><StopPointRef>490004505J</StopPointRef><TimingStatus>PTP</TimingStatus></To><RunTime>PT60S</RunTime></JourneyPatternTimingLink><JourneyPatternTimingLink id="JPL_54635c_H_1_13"><From SequenceNumber="14"><StopPointRef>490004505J</StopPointRef><TimingStatus>PTP</TimingStatus></From><To SequenceNumber="15"><StopPointRef>490003789G</StopPointRef><TimingStatus>PTP</TimingStatus></To><RunTime>PT60S</RunTime></JourneyPatternTimingLink><JourneyPatternTimingLink id="JPL_54635c_H_1_14"><From SequenceNumber="15"><StopPointRef>490003789G</StopPointRef><TimingStatus>PTP</TimingStatus></From><To SequenceNumber="16"><StopPointRef>490006781N</StopPointRef><TimingStatus>PTP</TimingStatus></To><RunTime>PT72S</RunTime></JourneyPatternTimingLink><JourneyPatternTimingLink id="JPL_54635c_H_1_15"><From SequenceNumber="16"><StopPointRef>490006781N</StopPointRef><TimingStatus>PTP</TimingStatus></From><To SequenceNumber="17"><StopPointRef>490008400W</StopPointRef><TimingStatus>PTP</TimingStatus></To><RunTime>PT72S</RunTime></JourneyPatternTimingLink><JourneyPatternTimingLink id="JPL_54635c_H_1_16"><From SequenceNumber="17"><StopPointRef>490008400W</StopPointRef><TimingStatus>PTP</TimingStatus></From><To SequenceNumber="18"><StopPointRef>490007813N</StopPointRef><TimingStatus>PTP</TimingStatus></To><RunTime>PT72S</RunTime></JourneyPatternTimingLink><JourneyPatternTimingLink id="JPL_54635c_H_1_17"><From SequenceNumber="18"><StopPointRef>490007813N</StopPointRef><TimingStatus>PTP</TimingStatus></From><To SequenceNumber="19"><StopPointRef>490007813E</StopPointRef><TimingStatus>PTP</TimingStatus></To><RunTime>PT72S</RunTime></JourneyPatternTimingLink><JourneyPatternTimingLink id="JPL_54635c_H_1_18"><From SequenceNumber="19"><StopPointRef>490007813E</StopPointRef><TimingStatus>PTP</TimingStatus></From><To SequenceNumber="20"><StopPointRef>490008401E</StopPointRef><TimingStatus>PTP</TimingStatus></To><RunTime>PT72S</RunTime></JourneyPatternTimingLink><JourneyPatternTimingLink id="JPL_54635c_H_1_19"><From SequenceNumber="20"><StopPointRef>490008401E</StopPointRef><TimingStatus>PTP</TimingStatus></From><To SequenceNumber="21"><StopPointRef>490007467E</StopPointRef><TimingStatus>PTP</TimingStatus></To><RunTime>PT72S</RunTime></JourneyPatternTimingLink><JourneyPatternTimingLink id="JPL_54635c_H_1_20"><From SequenceNumber="21"><StopPointRef>490007467E</StopPointRef><TimingStatus>PTP</TimingStatus></From><To SequenceNumber="22"><StopPointRef>490008506E</StopPointRef><TimingStatus>PTP</TimingStatus></To><RunTime>PT72S</RunTime></JourneyPatternTimingLink><JourneyPatternTimingLink id="JPL_54635c_H_1_21"><From SequenceNumber="22"><StopPointRef>490008506E</StopPointRef><TimingStatus>PTP</TimingStatus></From><To SequenceNumber="23"><StopPointRef>490008395E</StopPointRef><TimingStatus>PTP</TimingStatus></To><RunTime>PT96S</RunTime></JourneyPatternTimingLink><JourneyPatternTimingLink id="JPL_54635c_H_1_22"><From SequenceNumber="23"><StopPointRef>490008395E</StopPointRef><TimingStatus>PTP</TimingStatus></From><To SequenceNumber="24"><StopPointRef>490009702E</StopPointRef><TimingStatus>PTP</TimingStatus></To><RunTime>PT120S</RunTime></JourneyPatternTimingLink><JourneyPatternTimingLink id="JPL_54635c_H_1_23"><From SequenceNumber="24"><StopPointRef>490009702E</StopPointRef><TimingStatus>PTP</TimingStatus></From><To SequenceNumber="25"><StopPointRef>490005698E</StopPointRef><TimingStatus>PTP</TimingStatus></To><RunTime>PT120S</RunTime></JourneyPatternTimingLink><JourneyPatternTimingLink id="JPL_54635c_H_1_24"><From SequenceNumber="25"><StopPointRef>490005698E</StopPointRef><TimingStatus>PTP</TimingStatus></From><To SequenceNumber="26"><StopPointRef>490014362E</StopPointRef><TimingStatus>PTP</TimingStatus></To><RunTime>PT120S</RunTime></JourneyPatternTimingLink><JourneyPatternTimingLink id="JPL_54635c_H_1_25"><From SequenceNumber="26"><StopPointRef>490014362E</StopPointRef><TimingStatus>PTP</TimingStatus></From><To SequenceNumber="27"><StopPointRef>490008125E</StopPointRef><TimingStatus>PTP</TimingStatus></To><RunTime>PT120S</RunTime></JourneyPatternTimingLink><JourneyPatternTimingLink id="JPL_54635c_H_1_26"><From SequenceNumber="27"><StopPointRef>490008125E</StopPointRef><TimingStatus>PTP</TimingStatus></From><To SequenceNumber="28"><StopPointRef>490013259U</StopPointRef><TimingStatus>PTP</TimingStatus></To><RunTime>PT120S</RunTime></JourneyPatternTimingLink><JourneyPatternTimingLink id="JPL_54635c_H_1_27"><From SequenceNumber="28"><StopPointRef>490013259U</StopPointRef><TimingStatus>PTP</TimingStatus></From><To SequenceNumber="29"><StopPointRef>490013777O</StopPointRef><TimingStatus>PTP</TimingStatus></To><RunTime>PT60S</RunTime></JourneyPatternTimingLink><JourneyPatternTimingLink id="JPL_54635c_H_1_28"><From SequenceNumber="29"><StopPointRef>490013777O</StopPointRef><TimingStatus>PTP</TimingStatus></From><To SequenceNumber="30"><StopPointRef>490008399K</StopPointRef><TimingStatus>PTP</TimingStatus></To><RunTime>PT60S</RunTime></JourneyPatternTimingLink><JourneyPatternTimingLink id="JPL_54635c_H_1_29"><From SequenceNumber="30"><StopPointRef>490008399K</StopPointRef><TimingStatus>PTP</TimingStatus></From><To SequenceNumber="31"><StopPointRef>490008392F</StopPointRef><TimingStatus>PTP</TimingStatus></To><RunTime>PT60S</RunTime></JourneyPatternTimingLink><JourneyPatternTimingLink id="JPL_54635c_H_1_30"><From SequenceNumber="31"><StopPointRef>490008392F</StopPointRef><TimingStatus>PTP</TimingStatus></From><To SequenceNumber="32"><StopPointRef>490004327W2</StopPointRef><TimingStatus>PTP</TimingStatus></To><RunTime>PT84S</RunTime></JourneyPatternTimingLink><JourneyPatternTimingLink id="JPL_54635c_H_1_31"><From SequenceNumber="32"><StopPointRef>490004327W2</StopPointRef><TimingStatus>PTP</TimingStatus></From><To SequenceNumber="33"><StopPointRef>490012599E</StopPointRef><TimingStatus>PTP</TimingStatus></To><RunTime>PT84S</RunTime></JourneyPatternTimingLink><JourneyPatternTimingLink id="JPL_54635c_H_1_32"><From SequenceNumber="33"><StopPointRef>490012599E</StopPointRef><TimingStatus>PTP</TimingStatus></From><To SequenceNumber="34"><StopPointRef>490013620E</StopPointRef><TimingStatus>PTP</TimingStatus></To><RunTime>PT84S</RunTime></JourneyPatternTimingLink><JourneyPatternTimingLink id="JPL_54635c_H_1_33"><From SequenceNumber="34"><StopPointRef>490013620E</StopPointRef><TimingStatus>PTP</TimingStatus></From><To SequenceNumber="35"><StopPointRef>490008510E</StopPointRef><TimingStatus>PTP</TimingStatus></To><RunTime>PT84S</RunTime></JourneyPatternTimingLink><JourneyPatternTimingLink id="JPL_54635c_H_1_34"><From SequenceNumber="35"><StopPointRef>490008510E</StopPointRef><TimingStatus>PTP</TimingStatus></From><To SequenceNumber="36"><StopPointRef>490001158B</StopPointRef><TimingStatus>PTP</TimingStatus></To><RunTime>PT84S</RunTime></JourneyPatternTimingLink><JourneyPatternTimingLink id="JPL_54635c_H_1_35"><From SequenceNumber="36"><StopPointRef>490001158B</StopPointRef><TimingStatus>PTP</TimingStatus></From><To SequenceNumber="37"><StopPointRef>490009185E</StopPointRef><TimingStatus>PTP</TimingStatus></To><RunTime>PT24S</RunTime></JourneyPatternTimingLink><JourneyPatternTimingLink id="JPL_54635c_H_1_36"><From SequenceNumber="37"><StopPointRef>490009185E</StopPointRef><TimingStatus>PTP</TimingStatus></From><To SequenceNumber="38"><StopPointRef>490014874J</StopPointRef><TimingStatus>PTP</TimingStatus></To><RunTime>PT24S</RunTime></JourneyPatternTimingLink><JourneyPatternTimingLink id="JPL_54635c_H_1_37"><From SequenceNumber="38"><StopPointRef>490014874J</StopPointRef><TimingStatus>PTP</TimingStatus></From><To SequenceNumber="39"><StopPointRef>490007873E</StopPointRef><TimingStatus>PTP</TimingStatus></To><RunTime>PT24S</RunTime></JourneyPatternTimingLink><JourneyPatternTimingLink id="JPL_54635c_H_1_38"><From SequenceNumber="39"><StopPointRef>490007873E</StopPointRef><TimingStatus>PTP</TimingStatus></From><To SequenceNumber="40"><StopPointRef>490015029P</StopPointRef><TimingStatus>PTP</TimingStatus></To><RunTime>PT24S</RunTime></JourneyPatternTimingLink><JourneyPatternTimingLink id="JPL_54635c_H_1_39"><From SequenceNumber="40"><StopPointRef>490015029P</StopPointRef><TimingStatus>PTP</TimingStatus></From><To SequenceNumber="41"><StopPointRef>490015029E</StopPointRef><TimingStatus>PTP</TimingStatus></To><RunTime>PT24S</RunTime></JourneyPatternTimingLink><JourneyPatternTimingLink id="JPL_54635c_H_1_40"><From SequenceNumber="41"><StopPointRef>490015029E</StopPointRef><TimingStatus>PTP</TimingStatus></From><To SequenceNumber="42"><StopPointRef>490013141E</StopPointRef><TimingStatus>PTP</TimingStatus></To><RunTime>PT24S</RunTime></JourneyPatternTimingLink><JourneyPatternTimingLink id="JPL_54635c_H_1_41"><From SequenceNumber="42"><StopPointRef>490013141E</StopPointRef><TimingStatus>PTP</TimingStatus></From><To SequenceNumber="43"><StopPointRef>490003804E</StopPointRef><TimingStatus>PTP</TimingStatus></To><RunTime>PT24S</RunTime></JourneyPatternTimingLink><JourneyPatternTimingLink id="JPL_54635c_H_1_42"><From SequenceNumber="43"><StopPointRef>490003804E</StopPointRef><TimingStatus>PTP</TimingStatus></From><To SequenceNumber="44"><StopPointRef>490004296E</StopPointRef><TimingStatus>PTP</TimingStatus></To><RunTime>PT24S</RunTime></JourneyPatternTimingLink><JourneyPatternTimingLink id="JPL_54635c_H_1_43"><From SequenceNumber="44"><StopPointRef>490004296E</StopPointRef><TimingStatus>PTP</TimingStatus></From><To SequenceNumber="45"><StopPointRef>490004292F</StopPointRef><TimingStatus>PTP</TimingStatus></To><RunTime>PT24S</RunTime></JourneyPatternTimingLink><JourneyPatternTimingLink id="JPL_54635c_H_1_44"><From SequenceNumber="45"><StopPointRef>490004292F</StopPointRef><TimingStatus>PTP</TimingStatus></From><To SequenceNumber="46"><StopPointRef>490004289B</StopPointRef><TimingStatus>PTP</TimingStatus></To><RunTime>PT24S</RunTime></JourneyPatternTimingLink></JourneyPatternSection><JourneyPatternSection id="JPS_54635c_R_2"><JourneyPatternTimingLink id="JPL_54635c_R_2_0"><From SequenceNumber="1"><StopPointRef>490004289C</StopPointRef><TimingStatus>PTP</TimingStatus></From><To SequenceNumber="2"><StopPointRef>490004292G</StopPointRef><TimingStatus>PTP</TimingStatus></To><RunTime>PT36S</RunTime></JourneyPatternTimingLink><JourneyPatternTimingLink id="JPL_54635c_R_2_1"><From SequenceNumber="2"><StopPointRef>490004292G</StopPointRef><TimingStatus>PTP</TimingStatus></From><To SequenceNumber="3"><StopPointRef>490004296W</StopPointRef><TimingStatus>PTP</TimingStatus></To><RunTime>PT36S</RunTime></JourneyPatternTimingLink><JourneyPatternTimingLink id="JPL_54635c_R_2_2"><From SequenceNumber="3"><StopPointRef>490004296W</StopPointRef><TimingStatus>PTP</TimingStatus></From><To SequenceNumber="4"><StopPointRef>490013141W</StopPointRef><TimingStatus>PTP</TimingStatus></To><RunTime>PT36S</RunTime></JourneyPatternTimingLink><JourneyPatternTimingLink id="JPL_54635c_R_2_3"><From SequenceNumber="4"><StopPointRef>490013141W</StopPointRef><TimingStatus>PTP</TimingStatus></From><To SequenceNumber="5"><StopPointRef>490015029W</StopPointRef><TimingStatus>PTP</TimingStatus></To><RunTime>PT36S</RunTime></JourneyPatternTimingLink><JourneyPatternTimingLink id="JPL_54635c_R_2_4"><From SequenceNumber="5"><StopPointRef>490015029W</StopPointRef><TimingStatus>PTP</TimingStatus></From><To SequenceNumber="6"><StopPointRef>490004635S</StopPointRef><TimingStatus>PTP</TimingStatus></To><RunTime>PT36S</RunTime></JourneyPatternTimingLink><JourneyPatternTimingLink id="JPL_54635c_R_2_5"><From SequenceNumber="6"><StopPointRef>490004635S</StopPointRef><TimingStatus>PTP</TimingStatus></From><To SequenceNumber="7"><StopPointRef>490007873W</StopPointRef><TimingStatus>PTP</TimingStatus></To><RunTime>PT36S</RunTime></JourneyPatternTimingLink><JourneyPatternTimingLink id="JPL_54635c_R_2_6"><From SequenceNumber="7"><StopPointRef>490007873W</StopPointRef><TimingStatus>PTP</TimingStatus></From><To SequenceNumber="8"><StopPointRef>490014874K</StopPointRef><TimingStatus>PTP</TimingStatus></To><RunTime>PT36S</RunTime></JourneyPatternTimingLink><JourneyPatternTimingLink id="JPL_54635c_R_2_7"><From SequenceNumber="8"><StopPointRef>490014874K</StopPointRef><TimingStatus>PTP</TimingStatus></From><To SequenceNumber="9"><StopPointRef>490009185W</StopPointRef><TimingStatus>PTP</TimingStatus></To><RunTime>PT36S</RunTime></JourneyPatternTimingLink><JourneyPatternTimingLink id="JPL_54635c_R_2_8"><From SequenceNumber="9"><StopPointRef>490009185W</StopPointRef><TimingStatus>PTP</TimingStatus></From><To SequenceNumber="10"><StopPointRef>490001158A</StopPointRef><TimingStatus>PTP</TimingStatus></To><RunTime>PT72S</RunTime></JourneyPatternTimingLink><JourneyPatternTimingLink id="JPL_54635c_R_2_9"><From SequenceNumber="10"><StopPointRef>490001158A</StopPointRef><TimingStatus>PTP</TimingStatus></From><To SequenceNumber="11"><StopPointRef>490008510W</StopPointRef><TimingStatus>PTP</TimingStatus></To><RunTime>PT60S</RunTime></JourneyPatternTimingLink><JourneyPatternTimingLink id="JPL_54635c_R_2_10"><From SequenceNumber="11"><StopPointRef>490008510W</StopPointRef><TimingStatus>PTP</TimingStatus></From><To SequenceNumber="12"><StopPointRef>490012599W</StopPointRef><TimingStatus>PTP</TimingStatus></To><RunTime>PT60S</RunTime></JourneyPatternTimingLink><JourneyPatternTimingLink id="JPL_54635c_R_2_11"><From SequenceNumber="12"><StopPointRef>490012599W</StopPointRef><TimingStatus>PTP</TimingStatus></From><To SequenceNumber="13"><StopPointRef>490004327W1</StopPointRef><TimingStatus>PTP</TimingStatus></To><RunTime>PT60S</RunTime></JourneyPatternTimingLink><JourneyPatternTimingLink id="JPL_54635c_R_2_12"><From SequenceNumber="13"><StopPointRef>490004327W1</StopPointRef><TimingStatus>PTP</TimingStatus></From><To SequenceNumber="14"><StopPointRef>490008392G</StopPointRef><TimingStatus>PTP</TimingStatus></To><RunTime>PT60S</RunTime></JourneyPatternTimingLink><JourneyPatternTimingLink id="JPL_54635c_R_2_13"><From SequenceNumber="14"><StopPointRef>490008392G</StopPointRef><TimingStatus>PTP</TimingStatus></From><To SequenceNumber="15"><StopPointRef>490008398H</StopPointRef><TimingStatus>PTP</TimingStatus></To><RunTime>PT60S</RunTime></JourneyPatternTimingLink><JourneyPatternTimingLink id="JPL_54635c_R_2_14"><From SequenceNumber="15"><StopPointRef>490008398H</StopPointRef><TimingStatus>PTP</TimingStatus></From><To SequenceNumber="16"><StopPointRef>490008397J</StopPointRef><TimingStatus>PTP</TimingStatus></To><RunTime>PT60S</RunTime></JourneyPatternTimingLink><JourneyPatternTimingLink id="JPL_54635c_R_2_15"><From SequenceNumber="16"><StopPointRef>490008397J</StopPointRef><TimingStatus>PTP</TimingStatus></From><To SequenceNumber="17"><StopPointRef>490013777S</StopPointRef><TimingStatus>PTP</TimingStatus></To><RunTime>PT60S</RunTime></JourneyPatternTimingLink><JourneyPatternTimingLink id="JPL_54635c_R_2_16"><From SequenceNumber="17"><StopPointRef>490013777S</StopPointRef><TimingStatus>PTP</TimingStatus></From><To SequenceNumber="18"><StopPointRef>490015444W</StopPointRef><TimingStatus>PTP</TimingStatus></To><RunTime>PT60S</RunTime></JourneyPatternTimingLink><JourneyPatternTimingLink id="JPL_54635c_R_2_17"><From SequenceNumber="18"><StopPointRef>490015444W</StopPointRef><TimingStatus>PTP</TimingStatus></From><To SequenceNumber="19"><StopPointRef>490008125W</StopPointRef><TimingStatus>PTP</TimingStatus></To><RunTime>PT150S</RunTime></JourneyPatternTimingLink><JourneyPatternTimingLink id="JPL_54635c_R_2_18"><From SequenceNumber="19"><StopPointRef>490008125W</StopPointRef><TimingStatus>PTP</TimingStatus></From><To SequenceNumber="20"><StopPointRef>490014362W</StopPointRef><TimingStatus>PTP</TimingStatus></To><RunTime>PT150S</RunTime></JourneyPatternTimingLink><JourneyPatternTimingLink id="JPL_54635c_R_2_19"><From SequenceNumber="20"><StopPointRef>490014362W</StopPointRef><TimingStatus>PTP</TimingStatus></From><To SequenceNumber="21"><StopPointRef>490009702W</StopPointRef><TimingStatus>PTP</TimingStatus></To><RunTime>PT150S</RunTime></JourneyPatternTimingLink><JourneyPatternTimingLink id="JPL_54635c_R_2_20"><From SequenceNumber="21"><StopPointRef>490009702W</StopPointRef><TimingStatus>PTP</TimingStatus></From><To SequenceNumber="22"><StopPointRef>490008395W</StopPointRef><TimingStatus>PTP</TimingStatus></To><RunTime>PT150S</RunTime></JourneyPatternTimingLink><JourneyPatternTimingLink id="JPL_54635c_R_2_21"><From SequenceNumber="22"><StopPointRef>490008395W</StopPointRef><TimingStatus>PTP</TimingStatus></From><To SequenceNumber="23"><StopPointRef>490008506W</StopPointRef><TimingStatus>PTP</TimingStatus></To><RunTime>PT72S</RunTime></JourneyPatternTimingLink><JourneyPatternTimingLink id="JPL_54635c_R_2_22"><From SequenceNumber="23"><StopPointRef>490008506W</StopPointRef><TimingStatus>PTP</TimingStatus></From><To SequenceNumber="24"><StopPointRef>490007467W</StopPointRef><TimingStatus>PTP</TimingStatus></To><RunTime>PT72S</RunTime></JourneyPatternTimingLink><JourneyPatternTimingLink id="JPL_54635c_R_2_23"><From SequenceNumber="24"><StopPointRef>490007467W</StopPointRef><TimingStatus>PTP</TimingStatus></From><To SequenceNumber="25"><StopPointRef>490008401W</StopPointRef><TimingStatus>PTP</TimingStatus></To><RunTime>PT72S</RunTime></JourneyPatternTimingLink><JourneyPatternTimingLink id="JPL_54635c_R_2_24"><From SequenceNumber="25"><StopPointRef>490008401W</StopPointRef><TimingStatus>PTP</TimingStatus></From><To SequenceNumber="26"><StopPointRef>490007817W</StopPointRef><TimingStatus>PTP</TimingStatus></To><RunTime>PT72S</RunTime></JourneyPatternTimingLink><JourneyPatternTimingLink id="JPL_54635c_R_2_25"><From SequenceNumber="26"><StopPointRef>490007817W</StopPointRef><TimingStatus>PTP</TimingStatus></From><To SequenceNumber="27"><StopPointRef>490007813S</StopPointRef><TimingStatus>PTP</TimingStatus></To><RunTime>PT72S</RunTime></JourneyPatternTimingLink><JourneyPatternTimingLink id="JPL_54635c_R_2_26"><From SequenceNumber="27"><StopPointRef>490007813S</StopPointRef><TimingStatus>PTP</TimingStatus></From><To SequenceNumber="28"><StopPointRef>490015730S</StopPointRef><TimingStatus>PTP</TimingStatus></To><RunTime>PT72S</RunTime></JourneyPatternTimingLink><JourneyPatternTimingLink id="JPL_54635c_R_2_27"><From SequenceNumber="28"><StopPointRef>490015730S</StopPointRef><TimingStatus>PTP</TimingStatus></From><To SequenceNumber="29"><StopPointRef>490006781S</StopPointRef><TimingStatus>PTP</TimingStatus></To><RunTime>PT72S</RunTime></JourneyPatternTimingLink><JourneyPatternTimingLink id="JPL_54635c_R_2_28"><From SequenceNumber="29"><StopPointRef>490006781S</StopPointRef><TimingStatus>PTP</TimingStatus></From><To SequenceNumber="30"><StopPointRef>490003789H</StopPointRef><TimingStatus>PTP</TimingStatus></To><RunTime>PT96S</RunTime></JourneyPatternTimingLink><JourneyPatternTimingLink id="JPL_54635c_R_2_29"><From SequenceNumber="30"><StopPointRef>490003789H</StopPointRef><TimingStatus>PTP</TimingStatus></From><To SequenceNumber="31"><StopPointRef>490004503L</StopPointRef><TimingStatus>PTP</TimingStatus></To><RunTime>PT90S</RunTime></JourneyPatternTimingLink><JourneyPatternTimingLink id="JPL_54635c_R_2_30"><From SequenceNumber="31"><StopPointRef>490004503L</StopPointRef><TimingStatus>PTP</TimingStatus></From><To SequenceNumber="32"><StopPointRef>490011117S</StopPointRef><TimingStatus>PTP</TimingStatus></To><RunTime>PT90S</RunTime></JourneyPatternTimingLink><JourneyPatternTimingLink id="JPL_54635c_R_2_31"><From SequenceNumber="32"><StopPointRef>490011117S</StopPointRef><TimingStatus>PTP</TimingStatus></From><To SequenceNumber="33"><StopPointRef>490010767W</StopPointRef><TimingStatus>PTP</TimingStatus></To><RunTime>PT90S</RunTime></JourneyPatternTimingLink><JourneyPatternTimingLink id="JPL_54635c_R_2_32"><From SequenceNumber="33"><StopPointRef>490010767W</StopPointRef><TimingStatus>PTP</TimingStatus></From><To SequenceNumber="34"><StopPointRef>490009414W</StopPointRef><TimingStatus>PTP</TimingStatus></To><RunTime>PT90S</RunTime></JourneyPatternTimingLink><JourneyPatternTimingLink id="JPL_54635c_R_2_33"><From SequenceNumber="34"><StopPointRef>490009414W</StopPointRef><TimingStatus>PTP</TimingStatus></From><To SequenceNumber="35"><StopPointRef>490009444S</StopPointRef><TimingStatus>PTP</TimingStatus></To><RunTime>PT48S</RunTime></JourneyPatternTimingLink><JourneyPatternTimingLink id="JPL_54635c_R_2_34"><From SequenceNumber="35"><StopPointRef>490009444S</StopPointRef><TimingStatus>PTP</TimingStatus></From><To SequenceNumber="36"><StopPointRef>490007697S</StopPointRef><TimingStatus>PTP</TimingStatus></To><RunTime>PT48S</RunTime></JourneyPatternTimingLink><JourneyPatternTimingLink id="JPL_54635c_R_2_35"><From SequenceNumber="36"><StopPointRef>490007697S</StopPointRef><TimingStatus>PTP</TimingStatus></From><To SequenceNumber="37"><StopPointRef>40004402061B</StopPointRef><TimingStatus>PTP</TimingStatus></To><RunTime>PT48S</RunTime></JourneyPatternTimingLink><JourneyPatternTimingLink id="JPL_54635c_R_2_36"><From SequenceNumber="37"><StopPointRef>40004402061B</StopPointRef><TimingStatus>PTP</TimingStatus></From><To SequenceNumber="38"><StopPointRef>40004402062B</StopPointRef><TimingStatus>PTP</TimingStatus></To><RunTime>PT48S</RunTime></JourneyPatternTimingLink><JourneyPatternTimingLink id="JPL_54635c_R_2_37"><From SequenceNumber="38"><StopPointRef>40004402062B</StopPointRef><TimingStatus>PTP</TimingStatus></From><To SequenceNumber="39"><StopPointRef>40004402063B</StopPointRef><TimingStatus>PTP</TimingStatus></To><RunTime>PT48S</RunTime></JourneyPatternTimingLink><JourneyPatternTimingLink id="JPL_54635c_R_2_38"><From SequenceNumber="39"><StopPointRef>40004402063B</StopPointRef><TimingStatus>PTP</TimingStatus></From><To SequenceNumber="40"><StopPointRef>40004402064B</StopPointRef><TimingStatus>PTP</TimingStatus></To><RunTime>PT60S</RunTime></JourneyPatternTimingLink><JourneyPatternTimingLink id="JPL_54635c_R_2_39"><From SequenceNumber="40"><StopPointRef>40004402064B</StopPointRef><TimingStatus>PTP</TimingStatus></From><To SequenceNumber="41"><StopPointRef>40004402809A</StopPointRef><TimingStatus>PTP</TimingStatus></To><RunTime>PT300S</RunTime></JourneyPatternTimingLink><JourneyPatternTimingLink id="JPL_54635c_R_2_40"><From SequenceNumber="41"><StopPointRef>40004402809A</StopPointRef><TimingStatus>PTP</TimingStatus></From><To SequenceNumber="42"><StopPointRef>999012874E</StopPointRef><TimingStatus>PTP</TimingStatus></To><RunTime>PT300S</RunTime></JourneyPatternTimingLink></JourneyPatternSection></JourneyPatternSections><Operators><Operator id="OId_ML"><OperatorCode>ML</OperatorCode><OperatorShortName>ML</OperatorShortName><OperatorNameOnLicence>ML</OperatorNameOnLicence><TradingName>ML</TradingName></Operator></Operators><Services><Service><ServiceCode>SId_54635c5</ServiceCode><PrivateCode>54635c5</PrivateCode><Lines><Line id="LId_54635c5"><LineName>635</LineName></Line></Lines><OperatingPeriod><StartDate>2009-12-01</StartDate><EndDate>2010-12-23</EndDate></OperatingPeriod><OperatingProfile><RegularDayType>
					<DaysOfWeek>
						<Monday/>
						<Tuesday/>
						<Wednesday/>
						<Thursday/>
					</DaysOfWeek>
				</RegularDayType>
				<BankHolidayOperation><DaysOfNonOperation><AllBankHolidays></AllBankHolidays></DaysOfNonOperation></BankHolidayOperation></OperatingProfile><RegisteredOperatorRef>OId_ML</RegisteredOperatorRef><StopRequirements><NoNewStopsRequired/></StopRequirements><StandardService><Origin>Sunbury / St Paul's School</Origin><Destination>Brentford County Court</Destination><JourneyPattern id="JP_54635c_H5_1"><Direction>outbound</Direction><Operational><VehicleType><VehicleTypeCode>08</VehicleTypeCode><Description>Double Decker Low Floor+Wheelchair</Description></VehicleType></Operational><RouteRef>R_54635c_H_1</RouteRef><JourneyPatternSectionRefs>JPS_54635c_H_1</JourneyPatternSectionRefs></JourneyPattern><JourneyPattern id="JP_54635c_R5_2"><Direction>inbound</Direction><Operational><VehicleType><VehicleTypeCode>08</VehicleTypeCode><Description>Double Decker Low Floor+Wheelchair</Description></VehicleType></Operational><RouteRef>R_54635c_R_2</RouteRef><JourneyPatternSectionRefs>JPS_54635c_R_2</JourneyPatternSectionRefs></JourneyPattern></StandardService></Service><Service><ServiceCode>SId_54635c6</ServiceCode><PrivateCode>54635c6</PrivateCode><Lines><Line id="LId_54635c6"><LineName>635</LineName></Line></Lines><OperatingPeriod><StartDate>2009-12-01</StartDate><EndDate>2010-12-23</EndDate></OperatingPeriod><OperatingProfile><RegularDayType>
					<DaysOfWeek>
						<Friday/>
					</DaysOfWeek>
				</RegularDayType>
				<BankHolidayOperation><DaysOfNonOperation><AllBankHolidays></AllBankHolidays></DaysOfNonOperation></BankHolidayOperation></OperatingProfile><RegisteredOperatorRef>OId_ML</RegisteredOperatorRef><StopRequirements><NoNewStopsRequired/></StopRequirements><StandardService><Origin>Sunbury / St Paul's School</Origin><Destination>Brentford County Court</Destination><JourneyPattern id="JP_54635c_H6_1"><Direction>outbound</Direction><Operational><VehicleType><VehicleTypeCode>08</VehicleTypeCode><Description>Double Decker Low Floor+Wheelchair</Description></VehicleType></Operational><RouteRef>R_54635c_H_1</RouteRef><JourneyPatternSectionRefs>JPS_54635c_H_1</JourneyPatternSectionRefs></JourneyPattern><JourneyPattern id="JP_54635c_R6_2"><Direction>inbound</Direction><Operational><VehicleType><VehicleTypeCode>08</VehicleTypeCode><Description>Double Decker Low Floor+Wheelchair</Description></VehicleType></Operational><RouteRef>R_54635c_R_2</RouteRef><JourneyPatternSectionRefs>JPS_54635c_R_2</JourneyPatternSectionRefs></JourneyPattern></StandardService></Service></Services><VehicleJourneys><VehicleJourney><PrivateCode>54635cc5H6350001</PrivateCode><Operational><VehicleType><VehicleTypeCode>08</VehicleTypeCode><Description>Double Decker Low Floor+Wheelchair</Description></VehicleType></Operational><OperatingProfile><RegularDayType>
					<DaysOfWeek>
						<Monday/>
						<Tuesday/>
						<Wednesday/>
						<Thursday/>
					</DaysOfWeek>
				</RegularDayType>
			</OperatingProfile><VehicleJourneyCode>54635cc5H6350001</VehicleJourneyCode><ServiceRef>SId_54635c5</ServiceRef><LineRef>LId_54635c5</LineRef><JourneyPatternRef>JP_54635c_H5_1</JourneyPatternRef><DepartureTime>15:10:00</DepartureTime></VehicleJourney><VehicleJourney><PrivateCode>54635cc5H6350003</PrivateCode><Operational><VehicleType><VehicleTypeCode>08</VehicleTypeCode><Description>Double Decker Low Floor+Wheelchair</Description></VehicleType></Operational><OperatingProfile><RegularDayType>
					<DaysOfWeek>
						<Monday/>
						<Tuesday/>
						<Wednesday/>
						<Thursday/>
					</DaysOfWeek>
				</RegularDayType>
			</OperatingProfile><VehicleJourneyCode>54635cc5H6350003</VehicleJourneyCode><ServiceRef>SId_54635c5</ServiceRef><LineRef>LId_54635c5</LineRef><JourneyPatternRef>JP_54635c_H5_1</JourneyPatternRef><DepartureTime>15:11:00</DepartureTime></VehicleJourney><VehicleJourney><PrivateCode>54635cc6H6350005</PrivateCode><Operational><VehicleType><VehicleTypeCode>08</VehicleTypeCode><Description>Double Decker Low Floor+Wheelchair</Description></VehicleType></Operational><OperatingProfile><RegularDayType>
					<DaysOfWeek>
						<Friday/>
					</DaysOfWeek>
				</RegularDayType>
			</OperatingProfile><VehicleJourneyCode>54635cc6H6350005</VehicleJourneyCode><ServiceRef>SId_54635c6</ServiceRef><LineRef>LId_54635c6</LineRef><JourneyPatternRef>JP_54635c_H6_1</JourneyPatternRef><DepartureTime>14:10:00</DepartureTime></VehicleJourney><VehicleJourney><PrivateCode>54635cc6H6350006</PrivateCode><Operational><VehicleType><VehicleTypeCode>08</VehicleTypeCode><Description>Double Decker Low Floor+Wheelchair</Description></VehicleType></Operational><OperatingProfile><RegularDayType>
					<DaysOfWeek>
						<Friday/>
					</DaysOfWeek>
				</RegularDayType>
			</OperatingProfile><VehicleJourneyCode>54635cc6H6350006</VehicleJourneyCode><ServiceRef>SId_54635c6</ServiceRef><LineRef>LId_54635c6</LineRef><JourneyPatternRef>JP_54635c_H6_1</JourneyPatternRef><DepartureTime>14:11:00</DepartureTime></VehicleJourney><VehicleJourney><PrivateCode>54635cc5R6350002</PrivateCode><Operational><VehicleType><VehicleTypeCode>08</VehicleTypeCode><Description>Double Decker Low Floor+Wheelchair</Description></VehicleType></Operational><OperatingProfile><RegularDayType>
					<DaysOfWeek>
						<Monday/>
						<Tuesday/>
						<Wednesday/>
						<Thursday/>
					</DaysOfWeek>
				</RegularDayType>
			</OperatingProfile><VehicleJourneyCode>54635cc5R6350002</VehicleJourneyCode><ServiceRef>SId_54635c5</ServiceRef><LineRef>LId_54635c5</LineRef><JourneyPatternRef>JP_54635c_R5_2</JourneyPatternRef><DepartureTime>07:20:00</DepartureTime></VehicleJourney><VehicleJourney><PrivateCode>54635cc5R6350004</PrivateCode><Operational><VehicleType><VehicleTypeCode>08</VehicleTypeCode><Description>Double Decker Low Floor+Wheelchair</Description></VehicleType></Operational><OperatingProfile><RegularDayType>
					<DaysOfWeek>
						<Monday/>
						<Tuesday/>
						<Wednesday/>
						<Thursday/>
					</DaysOfWeek>
				</RegularDayType>
			</OperatingProfile><VehicleJourneyCode>54635cc5R6350004</VehicleJourneyCode><ServiceRef>SId_54635c5</ServiceRef><LineRef>LId_54635c5</LineRef><JourneyPatternRef>JP_54635c_R5_2</JourneyPatternRef><DepartureTime>07:21:00</DepartureTime></VehicleJourney><VehicleJourney><PrivateCode>54635cc6R6350007</PrivateCode><Operational><VehicleType><VehicleTypeCode>08</VehicleTypeCode><Description>Double Decker Low Floor+Wheelchair</Description></VehicleType></Operational><OperatingProfile><RegularDayType>
					<DaysOfWeek>
						<Friday/>
					</DaysOfWeek>
				</RegularDayType>
			</OperatingProfile><VehicleJourneyCode>54635cc6R6350007</VehicleJourneyCode><ServiceRef>SId_54635c6</ServiceRef><LineRef>LId_54635c6</LineRef><JourneyPatternRef>JP_54635c_R6_2</JourneyPatternRef><DepartureTime>07:20:00</DepartureTime></VehicleJourney><VehicleJourney><PrivateCode>54635cc6R6350008</PrivateCode><Operational><VehicleType><VehicleTypeCode>08</VehicleTypeCode><Description>Double Decker Low Floor+Wheelchair</Description></VehicleType></Operational><OperatingProfile><RegularDayType>
					<DaysOfWeek>
						<Friday/>
					</DaysOfWeek>
				</RegularDayType>
			</OperatingProfile><VehicleJourneyCode>54635cc6R6350008</VehicleJourneyCode><ServiceRef>SId_54635c6</ServiceRef><LineRef>LId_54635c6</LineRef><JourneyPatternRef>JP_54635c_R6_2</JourneyPatternRef><DepartureTime>07:21:00</DepartureTime></VehicleJourney></VehicleJourneys></TransXChange>
