<?xml version="1.0" encoding="UTF-8"?>
<TransXChange CreationDateTime="2010-10-28T09:18:11" ModificationDateTime="2010-10-28T09:18:11" Modification="new" FileName="G:\mentzdv\Datastore\output_txc_54632e.xml" RevisionNumber="0" SchemaVersion="2.1" xmlns:xsi="http://www.w3.org/2001/XMLSchema-instance" xsi:schemaLocation="http://www.transxchange.org.uk/ http://www.transxchange.org.uk/schema/2.1/TransXChange_general.xsd" xmlns="http://www.transxchange.org.uk/" xmlns:n1="http://www.transxchange.org.uk/" xmlns:n2="http://www.govtalk.gov.uk/people/AddressAndPersonalDetails" xmlns:n3="http://www.govtalk.gov.uk/core" xmlns:n4="http://www.govtalk.gov.uk/people/bs7666"><StopPoints><AnnotatedStopPointRef><StopPointRef>490012314W</StopPointRef><CommonName>Grahame Park / Corner Mead</CommonName><Indicator>stop QK</Indicator><LocalityName>Burnt Oak</LocalityName><LocalityQualifier>Greater London</LocalityQualifier></AnnotatedStopPointRef><AnnotatedStopPointRef><StopPointRef>490008052N</StopPointRef><CommonName>Barnet College (NW9)</CommonName><Indicator>stop QL</Indicator><LocalityName>Burnt Oak</LocalityName><LocalityQualifier>Greater London</LocalityQualifier></AnnotatedStopPointRef><AnnotatedStopPointRef><StopPointRef>490014664N</StopPointRef><CommonName>Wiggins Mead</CommonName><Indicator>stop QM</Indicator><LocalityName>Mill Hill</LocalityName><LocalityQualifier>Greater London</LocalityQualifier></AnnotatedStopPointRef><AnnotatedStopPointRef><StopPointRef>490011749S</StopPointRef><CommonName>Royal Air Force Museum</CommonName><Indicator>stop QR</Indicator><LocalityName>Hendon</LocalityName><LocalityQualifier>Greater London</LocalityQualifier></AnnotatedStopPointRef><AnnotatedStopPointRef><StopPointRef>490008055W</StopPointRef><CommonName>Middlesex University (NW9)</CommonName><Indicator>stop QS</Indicator><LocalityName>The Hyde</LocalityName><LocalityQualifier>Greater London</LocalityQualifier></AnnotatedStopPointRef><AnnotatedStopPointRef><StopPointRef>490000054CA</StopPointRef><CommonName>Colindale</CommonName><Indicator>stop CA</Indicator><LocalityName>Colindale</LocalityName><LocalityQualifier>Greater London</LocalityQualifier></AnnotatedStopPointRef><AnnotatedStopPointRef><StopPointRef>490003132CC</StopPointRef><CommonName>Ajax Avenue</CommonName><Indicator>stop CC</Indicator><LocalityName>The Hyde</LocalityName><LocalityQualifier>Greater London</LocalityQualifier></AnnotatedStopPointRef><AnnotatedStopPointRef><StopPointRef>490005481CE</StopPointRef><CommonName>Colindale Avenue (NW9)</CommonName><Indicator>stop CE</Indicator><LocalityName>The Hyde</LocalityName><LocalityQualifier>Greater London</LocalityQualifier></AnnotatedStopPointRef><AnnotatedStopPointRef><StopPointRef>490005483CF</StopPointRef><CommonName>Colindeep Lane (NW9)</CommonName><Indicator>stop CF</Indicator><LocalityName>The Hyde</LocalityName><LocalityQualifier>Greater London</LocalityQualifier></AnnotatedStopPointRef><AnnotatedStopPointRef><StopPointRef>490012043CG</StopPointRef><CommonName>Sheaveshill Avenue</CommonName><Indicator>stop CG</Indicator><LocalityName>The Hyde</LocalityName><LocalityQualifier>Greater London</LocalityQualifier></AnnotatedStopPointRef><AnnotatedStopPointRef><StopPointRef>490008762S</StopPointRef><CommonName>Kingsbury Road (NW9)</CommonName><Indicator>stop HA</Indicator><LocalityName>The Hyde</LocalityName><LocalityQualifier>Greater London</LocalityQualifier></AnnotatedStopPointRef><AnnotatedStopPointRef><StopPointRef>490014471S</StopPointRef><CommonName>West Hendon Sainsburys</CommonName><Indicator>stop HB</Indicator><LocalityName>The Hyde</LocalityName><LocalityQualifier>Greater London</LocalityQualifier></AnnotatedStopPointRef><AnnotatedStopPointRef><StopPointRef>490014561S</StopPointRef><CommonName>West Hendon Bdwy/Herbert Road</CommonName><Indicator>stop HC</Indicator><LocalityName>West Hendon</LocalityName><LocalityQualifier>Greater London</LocalityQualifier></AnnotatedStopPointRef><AnnotatedStopPointRef><StopPointRef>490010800S</StopPointRef><CommonName>Park Road / Broadway</CommonName><Indicator>stop HH</Indicator><LocalityName>West Hendon</LocalityName><LocalityQualifier>Greater London</LocalityQualifier></AnnotatedStopPointRef><AnnotatedStopPointRef><StopPointRef>490013059S</StopPointRef><CommonName>Sutherland House</CommonName><Indicator>stop HJ</Indicator><LocalityName>West Hendon</LocalityName><LocalityQualifier>Greater London</LocalityQualifier></AnnotatedStopPointRef><AnnotatedStopPointRef><StopPointRef>490012589S</StopPointRef><CommonName>Staples Corner</CommonName><Indicator>stop SA</Indicator><LocalityName>West Hendon</LocalityName><LocalityQualifier>Greater London</LocalityQualifier></AnnotatedStopPointRef><AnnotatedStopPointRef><StopPointRef>490012590S</StopPointRef><CommonName>Staples Corner Retail Park</CommonName><Indicator>stop SB</Indicator><LocalityName>West Hendon</LocalityName><LocalityQualifier>Greater London</LocalityQualifier></AnnotatedStopPointRef><AnnotatedStopPointRef><StopPointRef>490008421S</StopPointRef><CommonName>Humber Road / Edgware Road</CommonName><Indicator>stop SC</Indicator><LocalityName>West Hendon</LocalityName><LocalityQualifier>Greater London</LocalityQualifier></AnnotatedStopPointRef><AnnotatedStopPointRef><StopPointRef>490006096S</StopPointRef><CommonName>Dollis Hill Lane /Edgware Road</CommonName><Indicator>stop SD</Indicator><LocalityName>Cricklewood</LocalityName><LocalityQualifier>Greater London</LocalityQualifier></AnnotatedStopPointRef><AnnotatedStopPointRef><StopPointRef>490015033S</StopPointRef><CommonName>Cricklewood Bus Garage</CommonName><Indicator>stop BA</Indicator><LocalityName>Dollis Hill</LocalityName><LocalityQualifier>Greater London</LocalityQualifier></AnnotatedStopPointRef><AnnotatedStopPointRef><StopPointRef>490010015S1</StopPointRef><CommonName>Mora Road</CommonName><Indicator>stop BC</Indicator><LocalityName>Cricklewood</LocalityName><LocalityQualifier>Greater London</LocalityQualifier></AnnotatedStopPointRef><AnnotatedStopPointRef><StopPointRef>490005776B</StopPointRef><CommonName>Cricklewood Ln/Cricklewood Bwy</CommonName><Indicator>stop BD</Indicator><LocalityName>Cricklewood</LocalityName><LocalityQualifier>Greater London</LocalityQualifier></AnnotatedStopPointRef><AnnotatedStopPointRef><StopPointRef>490005770H</StopPointRef><CommonName>Cricklewood Broadway/The Crown</CommonName><Indicator>stop BE</Indicator><LocalityName>Dudden Hill</LocalityName><LocalityQualifier>Greater London</LocalityQualifier></AnnotatedStopPointRef><AnnotatedStopPointRef><StopPointRef>490014140S1</StopPointRef><CommonName>Skardu Road (NW2)</CommonName><Indicator>stop BF</Indicator><LocalityName>Brondesbury</LocalityName><LocalityQualifier>Greater London</LocalityQualifier></AnnotatedStopPointRef><AnnotatedStopPointRef><StopPointRef>490014140S</StopPointRef><CommonName>Minster Road (NW2)</CommonName><Indicator>stop BH</Indicator><LocalityName>West Hampstead</LocalityName><LocalityQualifier>Greater London</LocalityQualifier></AnnotatedStopPointRef><AnnotatedStopPointRef><StopPointRef>490015795S</StopPointRef><CommonName>Mill Lane / Shoot Up Hill</CommonName><Indicator>stop BJ</Indicator><LocalityName>West Hampstead</LocalityName><LocalityQualifier>Greater London</LocalityQualifier></AnnotatedStopPointRef><AnnotatedStopPointRef><StopPointRef>490009909S</StopPointRef><CommonName>St Cuthbert's Road (NW2)</CommonName><Indicator>stop S</Indicator><LocalityName>Brondesbury</LocalityName><LocalityQualifier>Greater London</LocalityQualifier></AnnotatedStopPointRef><AnnotatedStopPointRef><StopPointRef>490000126B</StopPointRef><CommonName>Kilburn</CommonName><Indicator>stop B</Indicator><LocalityName>Brondesbury</LocalityName><LocalityQualifier>Greater London</LocalityQualifier></AnnotatedStopPointRef><AnnotatedStopPointRef><StopPointRef>490001038D</StopPointRef><CommonName>Brondesbury</CommonName><Indicator>stop D</Indicator><LocalityName>Brondesbury</LocalityName><LocalityQualifier>Greater London</LocalityQualifier></AnnotatedStopPointRef><AnnotatedStopPointRef><StopPointRef>490004565F</StopPointRef><CommonName>Buckley Road</CommonName><Indicator>stop E</Indicator><LocalityName>West Hampstead</LocalityName><LocalityQualifier>Greater London</LocalityQualifier></AnnotatedStopPointRef><AnnotatedStopPointRef><StopPointRef>490008713H</StopPointRef><CommonName>Kingsgate Place (NW6)</CommonName><Indicator>stop H</Indicator><LocalityName>West Hampstead</LocalityName><LocalityQualifier>Greater London</LocalityQualifier></AnnotatedStopPointRef><AnnotatedStopPointRef><StopPointRef>490008710M</StopPointRef><CommonName>Quex Road (NW6)</CommonName><Indicator>stop M</Indicator><LocalityName>West Hampstead</LocalityName><LocalityQualifier>Greater London</LocalityQualifier></AnnotatedStopPointRef><AnnotatedStopPointRef><StopPointRef>490001170Q</StopPointRef><CommonName>Kilburn High Road</CommonName><Indicator>stop Q</Indicator><LocalityName>Kilburn (London)</LocalityName><LocalityQualifier>Greater London</LocalityQualifier></AnnotatedStopPointRef><AnnotatedStopPointRef><StopPointRef>490015243Y</StopPointRef><CommonName>Kilburn High Rd /Cambridge Ave</CommonName><Indicator>stop Y</Indicator><LocalityName>Kilburn</LocalityName><LocalityQualifier>Greater London</LocalityQualifier></AnnotatedStopPointRef><AnnotatedStopPointRef><StopPointRef>490000127KB</StopPointRef><CommonName>Kilburn Park</CommonName><Indicator>stop KB</Indicator><LocalityName>Kilburn Park</LocalityName><LocalityQualifier>Greater London</LocalityQualifier></AnnotatedStopPointRef><AnnotatedStopPointRef><StopPointRef>490000127KA</StopPointRef><CommonName>Kilburn Park</CommonName><Indicator>stop KA</Indicator><LocalityName>Kilburn Park</LocalityName><LocalityQualifier>Greater London</LocalityQualifier></AnnotatedStopPointRef><AnnotatedStopPointRef><StopPointRef>490015243Z</StopPointRef><CommonName>Kilburn High Road</CommonName><Indicator>stop Z</Indicator><LocalityName>Kilburn (London)</LocalityName><LocalityQualifier>Greater London</LocalityQualifier></AnnotatedStopPointRef><AnnotatedStopPointRef><StopPointRef>490001170S</StopPointRef><CommonName>Brondesbury Road (NW6)</CommonName><Indicator>stop S</Indicator><LocalityName>Kilburn</LocalityName><LocalityQualifier>Greater London</LocalityQualifier></AnnotatedStopPointRef><AnnotatedStopPointRef><StopPointRef>490008710P</StopPointRef><CommonName>Kilburn High Road / Quex Road</CommonName><Indicator>stop P</Indicator><LocalityName>Kilburn</LocalityName><LocalityQualifier>Greater London</LocalityQualifier></AnnotatedStopPointRef><AnnotatedStopPointRef><StopPointRef>490011235J</StopPointRef><CommonName>Priory Park Road (NW6)</CommonName><Indicator>stop J</Indicator><LocalityName>Kilburn</LocalityName><LocalityQualifier>Greater London</LocalityQualifier></AnnotatedStopPointRef><AnnotatedStopPointRef><StopPointRef>490004565N</StopPointRef><CommonName>Buckley Road</CommonName><Indicator>stop F</Indicator><LocalityName>West Hampstead</LocalityName><LocalityQualifier>Greater London</LocalityQualifier></AnnotatedStopPointRef><AnnotatedStopPointRef><StopPointRef>490001038N</StopPointRef><CommonName>Brondesbury</CommonName><Indicator>stop C</Indicator><LocalityName>Brondesbury</LocalityName><LocalityQualifier>Greater London</LocalityQualifier></AnnotatedStopPointRef><AnnotatedStopPointRef><StopPointRef>490000126A</StopPointRef><CommonName>Kilburn</CommonName><Indicator>stop A</Indicator><LocalityName>Brondesbury</LocalityName><LocalityQualifier>Greater London</LocalityQualifier></AnnotatedStopPointRef><AnnotatedStopPointRef><StopPointRef>490008768N</StopPointRef><CommonName>St Cuthbert's Road (NW2)</CommonName><Indicator>stop N</Indicator><LocalityName>Brondesbury</LocalityName><LocalityQualifier>Greater London</LocalityQualifier></AnnotatedStopPointRef><AnnotatedStopPointRef><StopPointRef>490009909N</StopPointRef><CommonName>Mill Lane / Shoot Up Hill</CommonName><Indicator>stop BK</Indicator><LocalityName>West Hampstead</LocalityName><LocalityQualifier>Greater London</LocalityQualifier></AnnotatedStopPointRef><AnnotatedStopPointRef><StopPointRef>490014140N</StopPointRef><CommonName>Skardu Road (NW2)</CommonName><Indicator>stop BL</Indicator><LocalityName>Brondesbury</LocalityName><LocalityQualifier>Greater London</LocalityQualifier></AnnotatedStopPointRef><AnnotatedStopPointRef><StopPointRef>490005770K</StopPointRef><CommonName>Cricklewood Broadway/The Crown</CommonName><Indicator>stop BN</Indicator><LocalityName>Dudden Hill</LocalityName><LocalityQualifier>Greater London</LocalityQualifier></AnnotatedStopPointRef><AnnotatedStopPointRef><StopPointRef>490005776A</StopPointRef><CommonName>Cricklewood Ln/Cricklewood Bwy</CommonName><Indicator>stop BP</Indicator><LocalityName>Cricklewood</LocalityName><LocalityQualifier>Greater London</LocalityQualifier></AnnotatedStopPointRef><AnnotatedStopPointRef><StopPointRef>490010015N</StopPointRef><CommonName>Mora Road</CommonName><Indicator>stop BQ</Indicator><LocalityName>Cricklewood</LocalityName><LocalityQualifier>Greater London</LocalityQualifier></AnnotatedStopPointRef><AnnotatedStopPointRef><StopPointRef>490015045BS</StopPointRef><CommonName>Longley Way</CommonName><Indicator>stop BR</Indicator><LocalityName>Dollis Hill</LocalityName><LocalityQualifier>Greater London</LocalityQualifier></AnnotatedStopPointRef><AnnotatedStopPointRef><StopPointRef>490005772N</StopPointRef><CommonName>Cricklewood Bus Garage</CommonName><Indicator>stop BS</Indicator><LocalityName>Dollis Hill</LocalityName><LocalityQualifier>Greater London</LocalityQualifier></AnnotatedStopPointRef><AnnotatedStopPointRef><StopPointRef>490006096N</StopPointRef><CommonName>Dollis Hill Lane /Edgware Road</CommonName><Indicator>stop SE</Indicator><LocalityName>Cricklewood</LocalityName><LocalityQualifier>Greater London</LocalityQualifier></AnnotatedStopPointRef><AnnotatedStopPointRef><StopPointRef>490008421N</StopPointRef><CommonName>Humber Road / Edgware Road</CommonName><Indicator>stop SF</Indicator><LocalityName>West Hendon</LocalityName><LocalityQualifier>Greater London</LocalityQualifier></AnnotatedStopPointRef><AnnotatedStopPointRef><StopPointRef>490010691N</StopPointRef><CommonName>Oxgate Lane (NW2)</CommonName><Indicator>stop SH</Indicator><LocalityName>Dollis Hill</LocalityName><LocalityQualifier>Greater London</LocalityQualifier></AnnotatedStopPointRef><AnnotatedStopPointRef><StopPointRef>490012589N</StopPointRef><CommonName>Staples Corner</CommonName><Indicator>stop SJ</Indicator><LocalityName>West Hendon</LocalityName><LocalityQualifier>Greater London</LocalityQualifier></AnnotatedStopPointRef><AnnotatedStopPointRef><StopPointRef>490011182N</StopPointRef><CommonName>Priestley Way / Broadway</CommonName><Indicator>stop SQ</Indicator><LocalityName>West Hendon</LocalityName><LocalityQualifier>Greater London</LocalityQualifier></AnnotatedStopPointRef><AnnotatedStopPointRef><StopPointRef>490012609N</StopPointRef><CommonName>Station Road / Broadway</CommonName><Indicator>stop HK</Indicator><LocalityName>West Hendon</LocalityName><LocalityQualifier>Greater London</LocalityQualifier></AnnotatedStopPointRef><AnnotatedStopPointRef><StopPointRef>490014470N2</StopPointRef><CommonName>West Hendon Broadway</CommonName><Indicator>stop HL</Indicator><LocalityName>West Hendon</LocalityName><LocalityQualifier>Greater London</LocalityQualifier></AnnotatedStopPointRef><AnnotatedStopPointRef><StopPointRef>490014561D</StopPointRef><CommonName>West Hendon Bdwy/Herbert Road</CommonName><Indicator>stop HM</Indicator><LocalityName>West Hendon</LocalityName><LocalityQualifier>Greater London</LocalityQualifier></AnnotatedStopPointRef><AnnotatedStopPointRef><StopPointRef>490014471N</StopPointRef><CommonName>West Hendon Sainsburys</CommonName><Indicator>stop HP</Indicator><LocalityName>The Hyde</LocalityName><LocalityQualifier>Greater London</LocalityQualifier></AnnotatedStopPointRef><AnnotatedStopPointRef><StopPointRef>490008762N</StopPointRef><CommonName>Kingsbury Road (NW9)</CommonName><Indicator>stop HQ</Indicator><LocalityName>The Hyde</LocalityName><LocalityQualifier>Greater London</LocalityQualifier></AnnotatedStopPointRef><AnnotatedStopPointRef><StopPointRef>490012043CH</StopPointRef><CommonName>Sheaveshill Avenue</CommonName><Indicator>stop CH</Indicator><LocalityName>The Hyde</LocalityName><LocalityQualifier>Greater London</LocalityQualifier></AnnotatedStopPointRef><AnnotatedStopPointRef><StopPointRef>490005483GZ</StopPointRef><CommonName>Colindeep Lane (NW9)</CommonName><Indicator>stop GZ</Indicator><LocalityName>The Hyde</LocalityName><LocalityQualifier>Greater London</LocalityQualifier></AnnotatedStopPointRef><AnnotatedStopPointRef><StopPointRef>490005481CL</StopPointRef><CommonName>Colindale Avenue (NW9)</CommonName><Indicator>stop CL</Indicator><LocalityName>The Hyde</LocalityName><LocalityQualifier>Greater London</LocalityQualifier></AnnotatedStopPointRef><AnnotatedStopPointRef><StopPointRef>490015288CV</StopPointRef><CommonName>Stonecrop Close</CommonName><Indicator>stop CV</Indicator><LocalityName>The Hyde</LocalityName><LocalityQualifier>Greater London</LocalityQualifier></AnnotatedStopPointRef><AnnotatedStopPointRef><StopPointRef>490005786CD</StopPointRef><CommonName>Ajax Avenue</CommonName><Indicator>stop CD</Indicator><LocalityName>The Hyde</LocalityName><LocalityQualifier>Greater London</LocalityQualifier></AnnotatedStopPointRef><AnnotatedStopPointRef><StopPointRef>490011749N</StopPointRef><CommonName>Royal Air Force Museum</CommonName><Indicator>stop QJ</Indicator><LocalityName>Hendon</LocalityName><LocalityQualifier>Greater London</LocalityQualifier></AnnotatedStopPointRef></StopPoints><RouteSections><RouteSection id="RS_54632e_H_1"><RouteLink id="RL_RS_54632e_H_1_0"><From><StopPointRef>490012314W</StopPointRef></From><To><StopPointRef>490008052N</StopPointRef></To><Direction>outbound</Direction></RouteLink><RouteLink id="RL_RS_54632e_H_1_1"><From><StopPointRef>490008052N</StopPointRef></From><To><StopPointRef>490014664N</StopPointRef></To><Direction>outbound</Direction></RouteLink><RouteLink id="RL_RS_54632e_H_1_2"><From><StopPointRef>490014664N</StopPointRef></From><To><StopPointRef>490011749S</StopPointRef></To><Direction>outbound</Direction></RouteLink><RouteLink id="RL_RS_54632e_H_1_3"><From><StopPointRef>490011749S</StopPointRef></From><To><StopPointRef>490008055W</StopPointRef></To><Direction>outbound</Direction></RouteLink><RouteLink id="RL_RS_54632e_H_1_4"><From><StopPointRef>490008055W</StopPointRef></From><To><StopPointRef>490000054CA</StopPointRef></To><Direction>outbound</Direction></RouteLink><RouteLink id="RL_RS_54632e_H_1_5"><From><StopPointRef>490000054CA</StopPointRef></From><To><StopPointRef>490003132CC</StopPointRef></To><Direction>outbound</Direction></RouteLink><RouteLink id="RL_RS_54632e_H_1_6"><From><StopPointRef>490003132CC</StopPointRef></From><To><StopPointRef>490005481CE</StopPointRef></To><Direction>outbound</Direction></RouteLink><RouteLink id="RL_RS_54632e_H_1_7"><From><StopPointRef>490005481CE</StopPointRef></From><To><StopPointRef>490005483CF</StopPointRef></To><Direction>outbound</Direction></RouteLink><RouteLink id="RL_RS_54632e_H_1_8"><From><StopPointRef>490005483CF</StopPointRef></From><To><StopPointRef>490012043CG</StopPointRef></To><Direction>outbound</Direction></RouteLink><RouteLink id="RL_RS_54632e_H_1_9"><From><StopPointRef>490012043CG</StopPointRef></From><To><StopPointRef>490008762S</StopPointRef></To><Direction>outbound</Direction></RouteLink><RouteLink id="RL_RS_54632e_H_1_10"><From><StopPointRef>490008762S</StopPointRef></From><To><StopPointRef>490014471S</StopPointRef></To><Direction>outbound</Direction></RouteLink><RouteLink id="RL_RS_54632e_H_1_11"><From><StopPointRef>490014471S</StopPointRef></From><To><StopPointRef>490014561S</StopPointRef></To><Direction>outbound</Direction></RouteLink><RouteLink id="RL_RS_54632e_H_1_12"><From><StopPointRef>490014561S</StopPointRef></From><To><StopPointRef>490010800S</StopPointRef></To><Direction>outbound</Direction></RouteLink><RouteLink id="RL_RS_54632e_H_1_13"><From><StopPointRef>490010800S</StopPointRef></From><To><StopPointRef>490013059S</StopPointRef></To><Direction>outbound</Direction></RouteLink><RouteLink id="RL_RS_54632e_H_1_14"><From><StopPointRef>490013059S</StopPointRef></From><To><StopPointRef>490012589S</StopPointRef></To><Direction>outbound</Direction></RouteLink><RouteLink id="RL_RS_54632e_H_1_15"><From><StopPointRef>490012589S</StopPointRef></From><To><StopPointRef>490012590S</StopPointRef></To><Direction>outbound</Direction></RouteLink><RouteLink id="RL_RS_54632e_H_1_16"><From><StopPointRef>490012590S</StopPointRef></From><To><StopPointRef>490008421S</StopPointRef></To><Direction>outbound</Direction></RouteLink><RouteLink id="RL_RS_54632e_H_1_17"><From><StopPointRef>490008421S</StopPointRef></From><To><StopPointRef>490006096S</StopPointRef></To><Direction>outbound</Direction></RouteLink><RouteLink id="RL_RS_54632e_H_1_18"><From><StopPointRef>490006096S</StopPointRef></From><To><StopPointRef>490015033S</StopPointRef></To><Direction>outbound</Direction></RouteLink><RouteLink id="RL_RS_54632e_H_1_19"><From><StopPointRef>490015033S</StopPointRef></From><To><StopPointRef>490010015S1</StopPointRef></To><Direction>outbound</Direction></RouteLink><RouteLink id="RL_RS_54632e_H_1_20"><From><StopPointRef>490010015S1</StopPointRef></From><To><StopPointRef>490005776B</StopPointRef></To><Direction>outbound</Direction></RouteLink><RouteLink id="RL_RS_54632e_H_1_21"><From><StopPointRef>490005776B</StopPointRef></From><To><StopPointRef>490005770H</StopPointRef></To><Direction>outbound</Direction></RouteLink><RouteLink id="RL_RS_54632e_H_1_22"><From><StopPointRef>490005770H</StopPointRef></From><To><StopPointRef>490014140S1</StopPointRef></To><Direction>outbound</Direction></RouteLink><RouteLink id="RL_RS_54632e_H_1_23"><From><StopPointRef>490014140S1</StopPointRef></From><To><StopPointRef>490014140S</StopPointRef></To><Direction>outbound</Direction></RouteLink><RouteLink id="RL_RS_54632e_H_1_24"><From><StopPointRef>490014140S</StopPointRef></From><To><StopPointRef>490015795S</StopPointRef></To><Direction>outbound</Direction></RouteLink><RouteLink id="RL_RS_54632e_H_1_25"><From><StopPointRef>490015795S</StopPointRef></From><To><StopPointRef>490009909S</StopPointRef></To><Direction>outbound</Direction></RouteLink><RouteLink id="RL_RS_54632e_H_1_26"><From><StopPointRef>490009909S</StopPointRef></From><To><StopPointRef>490000126B</StopPointRef></To><Direction>outbound</Direction></RouteLink><RouteLink id="RL_RS_54632e_H_1_27"><From><StopPointRef>490000126B</StopPointRef></From><To><StopPointRef>490001038D</StopPointRef></To><Direction>outbound</Direction></RouteLink><RouteLink id="RL_RS_54632e_H_1_28"><From><StopPointRef>490001038D</StopPointRef></From><To><StopPointRef>490004565F</StopPointRef></To><Direction>outbound</Direction></RouteLink><RouteLink id="RL_RS_54632e_H_1_29"><From><StopPointRef>490004565F</StopPointRef></From><To><StopPointRef>490008713H</StopPointRef></To><Direction>outbound</Direction></RouteLink><RouteLink id="RL_RS_54632e_H_1_30"><From><StopPointRef>490008713H</StopPointRef></From><To><StopPointRef>490008710M</StopPointRef></To><Direction>outbound</Direction></RouteLink><RouteLink id="RL_RS_54632e_H_1_31"><From><StopPointRef>490008710M</StopPointRef></From><To><StopPointRef>490001170Q</StopPointRef></To><Direction>outbound</Direction></RouteLink><RouteLink id="RL_RS_54632e_H_1_32"><From><StopPointRef>490001170Q</StopPointRef></From><To><StopPointRef>490015243Y</StopPointRef></To><Direction>outbound</Direction></RouteLink><RouteLink id="RL_RS_54632e_H_1_33"><From><StopPointRef>490015243Y</StopPointRef></From><To><StopPointRef>490000127KB</StopPointRef></To><Direction>outbound</Direction></RouteLink></RouteSection><RouteSection id="RS_54632e_H_2"><RouteLink id="RL_RS_54632e_H_2_0"><From><StopPointRef>490012314W</StopPointRef></From><To><StopPointRef>490008052N</StopPointRef></To><Direction>outbound</Direction></RouteLink><RouteLink id="RL_RS_54632e_H_2_1"><From><StopPointRef>490008052N</StopPointRef></From><To><StopPointRef>490014664N</StopPointRef></To><Direction>outbound</Direction></RouteLink><RouteLink id="RL_RS_54632e_H_2_2"><From><StopPointRef>490014664N</StopPointRef></From><To><StopPointRef>490011749S</StopPointRef></To><Direction>outbound</Direction></RouteLink><RouteLink id="RL_RS_54632e_H_2_3"><From><StopPointRef>490011749S</StopPointRef></From><To><StopPointRef>490008055W</StopPointRef></To><Direction>outbound</Direction></RouteLink><RouteLink id="RL_RS_54632e_H_2_4"><From><StopPointRef>490008055W</StopPointRef></From><To><StopPointRef>490000054CA</StopPointRef></To><Direction>outbound</Direction></RouteLink><RouteLink id="RL_RS_54632e_H_2_5"><From><StopPointRef>490000054CA</StopPointRef></From><To><StopPointRef>490003132CC</StopPointRef></To><Direction>outbound</Direction></RouteLink><RouteLink id="RL_RS_54632e_H_2_6"><From><StopPointRef>490003132CC</StopPointRef></From><To><StopPointRef>490005481CE</StopPointRef></To><Direction>outbound</Direction></RouteLink><RouteLink id="RL_RS_54632e_H_2_7"><From><StopPointRef>490005481CE</StopPointRef></From><To><StopPointRef>490005483CF</StopPointRef></To><Direction>outbound</Direction></RouteLink><RouteLink id="RL_RS_54632e_H_2_8"><From><StopPointRef>490005483CF</StopPointRef></From><To><StopPointRef>490012043CG</StopPointRef></To><Direction>outbound</Direction></RouteLink><RouteLink id="RL_RS_54632e_H_2_9"><From><StopPointRef>490012043CG</StopPointRef></From><To><StopPointRef>490008762S</StopPointRef></To><Direction>outbound</Direction></RouteLink><RouteLink id="RL_RS_54632e_H_2_10"><From><StopPointRef>490008762S</StopPointRef></From><To><StopPointRef>490014471S</StopPointRef></To><Direction>outbound</Direction></RouteLink><RouteLink id="RL_RS_54632e_H_2_11"><From><StopPointRef>490014471S</StopPointRef></From><To><StopPointRef>490014561S</StopPointRef></To><Direction>outbound</Direction></RouteLink><RouteLink id="RL_RS_54632e_H_2_12"><From><StopPointRef>490014561S</StopPointRef></From><To><StopPointRef>490010800S</StopPointRef></To><Direction>outbound</Direction></RouteLink><RouteLink id="RL_RS_54632e_H_2_13"><From><StopPointRef>490010800S</StopPointRef></From><To><StopPointRef>490013059S</StopPointRef></To><Direction>outbound</Direction></RouteLink><RouteLink id="RL_RS_54632e_H_2_14"><From><StopPointRef>490013059S</StopPointRef></From><To><StopPointRef>490012589S</StopPointRef></To><Direction>outbound</Direction></RouteLink><RouteLink id="RL_RS_54632e_H_2_15"><From><StopPointRef>490012589S</StopPointRef></From><To><StopPointRef>490012590S</StopPointRef></To><Direction>outbound</Direction></RouteLink><RouteLink id="RL_RS_54632e_H_2_16"><From><StopPointRef>490012590S</StopPointRef></From><To><StopPointRef>490008421S</StopPointRef></To><Direction>outbound</Direction></RouteLink><RouteLink id="RL_RS_54632e_H_2_17"><From><StopPointRef>490008421S</StopPointRef></From><To><StopPointRef>490006096S</StopPointRef></To><Direction>outbound</Direction></RouteLink><RouteLink id="RL_RS_54632e_H_2_18"><From><StopPointRef>490006096S</StopPointRef></From><To><StopPointRef>490015033S</StopPointRef></To><Direction>outbound</Direction></RouteLink><RouteLink id="RL_RS_54632e_H_2_19"><From><StopPointRef>490015033S</StopPointRef></From><To><StopPointRef>490010015S1</StopPointRef></To><Direction>outbound</Direction></RouteLink><RouteLink id="RL_RS_54632e_H_2_20"><From><StopPointRef>490010015S1</StopPointRef></From><To><StopPointRef>490005776B</StopPointRef></To><Direction>outbound</Direction></RouteLink><RouteLink id="RL_RS_54632e_H_2_21"><From><StopPointRef>490005776B</StopPointRef></From><To><StopPointRef>490005770H</StopPointRef></To><Direction>outbound</Direction></RouteLink></RouteSection><RouteSection id="RS_54632e_R_3"><RouteLink id="RL_RS_54632e_R_3_0"><From><StopPointRef>490005770K</StopPointRef></From><To><StopPointRef>490005776A</StopPointRef></To><Direction>inbound</Direction></RouteLink><RouteLink id="RL_RS_54632e_R_3_1"><From><StopPointRef>490005776A</StopPointRef></From><To><StopPointRef>490010015N</StopPointRef></To><Direction>inbound</Direction></RouteLink><RouteLink id="RL_RS_54632e_R_3_2"><From><StopPointRef>490010015N</StopPointRef></From><To><StopPointRef>490015045BS</StopPointRef></To><Direction>inbound</Direction></RouteLink><RouteLink id="RL_RS_54632e_R_3_3"><From><StopPointRef>490015045BS</StopPointRef></From><To><StopPointRef>490005772N</StopPointRef></To><Direction>inbound</Direction></RouteLink><RouteLink id="RL_RS_54632e_R_3_4"><From><StopPointRef>490005772N</StopPointRef></From><To><StopPointRef>490006096N</StopPointRef></To><Direction>inbound</Direction></RouteLink><RouteLink id="RL_RS_54632e_R_3_5"><From><StopPointRef>490006096N</StopPointRef></From><To><StopPointRef>490008421N</StopPointRef></To><Direction>inbound</Direction></RouteLink><RouteLink id="RL_RS_54632e_R_3_6"><From><StopPointRef>490008421N</StopPointRef></From><To><StopPointRef>490010691N</StopPointRef></To><Direction>inbound</Direction></RouteLink><RouteLink id="RL_RS_54632e_R_3_7"><From><StopPointRef>490010691N</StopPointRef></From><To><StopPointRef>490012589N</StopPointRef></To><Direction>inbound</Direction></RouteLink><RouteLink id="RL_RS_54632e_R_3_8"><From><StopPointRef>490012589N</StopPointRef></From><To><StopPointRef>490011182N</StopPointRef></To><Direction>inbound</Direction></RouteLink><RouteLink id="RL_RS_54632e_R_3_9"><From><StopPointRef>490011182N</StopPointRef></From><To><StopPointRef>490012609N</StopPointRef></To><Direction>inbound</Direction></RouteLink><RouteLink id="RL_RS_54632e_R_3_10"><From><StopPointRef>490012609N</StopPointRef></From><To><StopPointRef>490014470N2</StopPointRef></To><Direction>inbound</Direction></RouteLink><RouteLink id="RL_RS_54632e_R_3_11"><From><StopPointRef>490014470N2</StopPointRef></From><To><StopPointRef>490014561D</StopPointRef></To><Direction>inbound</Direction></RouteLink><RouteLink id="RL_RS_54632e_R_3_12"><From><StopPointRef>490014561D</StopPointRef></From><To><StopPointRef>490014471N</StopPointRef></To><Direction>inbound</Direction></RouteLink><RouteLink id="RL_RS_54632e_R_3_13"><From><StopPointRef>490014471N</StopPointRef></From><To><StopPointRef>490008762N</StopPointRef></To><Direction>inbound</Direction></RouteLink><RouteLink id="RL_RS_54632e_R_3_14"><From><StopPointRef>490008762N</StopPointRef></From><To><StopPointRef>490012043CH</StopPointRef></To><Direction>inbound</Direction></RouteLink><RouteLink id="RL_RS_54632e_R_3_15"><From><StopPointRef>490012043CH</StopPointRef></From><To><StopPointRef>490005483GZ</StopPointRef></To><Direction>inbound</Direction></RouteLink><RouteLink id="RL_RS_54632e_R_3_16"><From><StopPointRef>490005483GZ</StopPointRef></From><To><StopPointRef>490005481CL</StopPointRef></To><Direction>inbound</Direction></RouteLink><RouteLink id="RL_RS_54632e_R_3_17"><From><StopPointRef>490005481CL</StopPointRef></From><To><StopPointRef>490015288CV</StopPointRef></To><Direction>inbound</Direction></RouteLink><RouteLink id="RL_RS_54632e_R_3_18"><From><StopPointRef>490015288CV</StopPointRef></From><To><StopPointRef>490005786CD</StopPointRef></To><Direction>inbound</Direction></RouteLink><RouteLink id="RL_RS_54632e_R_3_19"><From><StopPointRef>490005786CD</StopPointRef></From><To><StopPointRef>490011749N</StopPointRef></To><Direction>inbound</Direction></RouteLink><RouteLink id="RL_RS_54632e_R_3_20"><From><StopPointRef>490011749N</StopPointRef></From><To><StopPointRef>490012314W</StopPointRef></To><Direction>inbound</Direction></RouteLink></RouteSection><RouteSection id="RS_54632e_R_4"><RouteLink id="RL_RS_54632e_R_4_0"><From><StopPointRef>490000127KA</StopPointRef></From><To><StopPointRef>490015243Z</StopPointRef></To><Direction>inbound</Direction></RouteLink><RouteLink id="RL_RS_54632e_R_4_1"><From><StopPointRef>490015243Z</StopPointRef></From><To><StopPointRef>490001170S</StopPointRef></To><Direction>inbound</Direction></RouteLink><RouteLink id="RL_RS_54632e_R_4_2"><From><StopPointRef>490001170S</StopPointRef></From><To><StopPointRef>490008710P</StopPointRef></To><Direction>inbound</Direction></RouteLink><RouteLink id="RL_RS_54632e_R_4_3"><From><StopPointRef>490008710P</StopPointRef></From><To><StopPointRef>490011235J</StopPointRef></To><Direction>inbound</Direction></RouteLink><RouteLink id="RL_RS_54632e_R_4_4"><From><StopPointRef>490011235J</StopPointRef></From><To><StopPointRef>490004565N</StopPointRef></To><Direction>inbound</Direction></RouteLink><RouteLink id="RL_RS_54632e_R_4_5"><From><StopPointRef>490004565N</StopPointRef></From><To><StopPointRef>490001038N</StopPointRef></To><Direction>inbound</Direction></RouteLink><RouteLink id="RL_RS_54632e_R_4_6"><From><StopPointRef>490001038N</StopPointRef></From><To><StopPointRef>490000126A</StopPointRef></To><Direction>inbound</Direction></RouteLink><RouteLink id="RL_RS_54632e_R_4_7"><From><StopPointRef>490000126A</StopPointRef></From><To><StopPointRef>490008768N</StopPointRef></To><Direction>inbound</Direction></RouteLink><RouteLink id="RL_RS_54632e_R_4_8"><From><StopPointRef>490008768N</StopPointRef></From><To><StopPointRef>490009909N</StopPointRef></To><Direction>inbound</Direction></RouteLink><RouteLink id="RL_RS_54632e_R_4_9"><From><StopPointRef>490009909N</StopPointRef></From><To><StopPointRef>490014140N</StopPointRef></To><Direction>inbound</Direction></RouteLink><RouteLink id="RL_RS_54632e_R_4_10"><From><StopPointRef>490014140N</StopPointRef></From><To><StopPointRef>490005770K</StopPointRef></To><Direction>inbound</Direction></RouteLink><RouteLink id="RL_RS_54632e_R_4_11"><From><StopPointRef>490005770K</StopPointRef></From><To><StopPointRef>490005776A</StopPointRef></To><Direction>inbound</Direction></RouteLink><RouteLink id="RL_RS_54632e_R_4_12"><From><StopPointRef>490005776A</StopPointRef></From><To><StopPointRef>490010015N</StopPointRef></To><Direction>inbound</Direction></RouteLink><RouteLink id="RL_RS_54632e_R_4_13"><From><StopPointRef>490010015N</StopPointRef></From><To><StopPointRef>490015045BS</StopPointRef></To><Direction>inbound</Direction></RouteLink><RouteLink id="RL_RS_54632e_R_4_14"><From><StopPointRef>490015045BS</StopPointRef></From><To><StopPointRef>490005772N</StopPointRef></To><Direction>inbound</Direction></RouteLink><RouteLink id="RL_RS_54632e_R_4_15"><From><StopPointRef>490005772N</StopPointRef></From><To><StopPointRef>490006096N</StopPointRef></To><Direction>inbound</Direction></RouteLink><RouteLink id="RL_RS_54632e_R_4_16"><From><StopPointRef>490006096N</StopPointRef></From><To><StopPointRef>490008421N</StopPointRef></To><Direction>inbound</Direction></RouteLink><RouteLink id="RL_RS_54632e_R_4_17"><From><StopPointRef>490008421N</StopPointRef></From><To><StopPointRef>490010691N</StopPointRef></To><Direction>inbound</Direction></RouteLink><RouteLink id="RL_RS_54632e_R_4_18"><From><StopPointRef>490010691N</StopPointRef></From><To><StopPointRef>490012589N</StopPointRef></To><Direction>inbound</Direction></RouteLink><RouteLink id="RL_RS_54632e_R_4_19"><From><StopPointRef>490012589N</StopPointRef></From><To><StopPointRef>490011182N</StopPointRef></To><Direction>inbound</Direction></RouteLink><RouteLink id="RL_RS_54632e_R_4_20"><From><StopPointRef>490011182N</StopPointRef></From><To><StopPointRef>490012609N</StopPointRef></To><Direction>inbound</Direction></RouteLink><RouteLink id="RL_RS_54632e_R_4_21"><From><StopPointRef>490012609N</StopPointRef></From><To><StopPointRef>490014470N2</StopPointRef></To><Direction>inbound</Direction></RouteLink><RouteLink id="RL_RS_54632e_R_4_22"><From><StopPointRef>490014470N2</StopPointRef></From><To><StopPointRef>490014561D</StopPointRef></To><Direction>inbound</Direction></RouteLink><RouteLink id="RL_RS_54632e_R_4_23"><From><StopPointRef>490014561D</StopPointRef></From><To><StopPointRef>490014471N</StopPointRef></To><Direction>inbound</Direction></RouteLink><RouteLink id="RL_RS_54632e_R_4_24"><From><StopPointRef>490014471N</StopPointRef></From><To><StopPointRef>490008762N</StopPointRef></To><Direction>inbound</Direction></RouteLink><RouteLink id="RL_RS_54632e_R_4_25"><From><StopPointRef>490008762N</StopPointRef></From><To><StopPointRef>490012043CH</StopPointRef></To><Direction>inbound</Direction></RouteLink><RouteLink id="RL_RS_54632e_R_4_26"><From><StopPointRef>490012043CH</StopPointRef></From><To><StopPointRef>490005483GZ</StopPointRef></To><Direction>inbound</Direction></RouteLink><RouteLink id="RL_RS_54632e_R_4_27"><From><StopPointRef>490005483GZ</StopPointRef></From><To><StopPointRef>490005481CL</StopPointRef></To><Direction>inbound</Direction></RouteLink><RouteLink id="RL_RS_54632e_R_4_28"><From><StopPointRef>490005481CL</StopPointRef></From><To><StopPointRef>490015288CV</StopPointRef></To><Direction>inbound</Direction></RouteLink><RouteLink id="RL_RS_54632e_R_4_29"><From><StopPointRef>490015288CV</StopPointRef></From><To><StopPointRef>490005786CD</StopPointRef></To><Direction>inbound</Direction></RouteLink><RouteLink id="RL_RS_54632e_R_4_30"><From><StopPointRef>490005786CD</StopPointRef></From><To><StopPointRef>490011749N</StopPointRef></To><Direction>inbound</Direction></RouteLink><RouteLink id="RL_RS_54632e_R_4_31"><From><StopPointRef>490011749N</StopPointRef></From><To><StopPointRef>490012314W</StopPointRef></To><Direction>inbound</Direction></RouteLink></RouteSection></RouteSections><Routes><Route id="R_54632e_H_1"><PrivateCode>R_54632e_H_1</PrivateCode><Description>Grahame Park / Corner Mead - Kilburn Park</Description><RouteSectionRef>RS_54632e_H_1</RouteSectionRef></Route><Route id="R_54632e_H_2"><PrivateCode>R_54632e_H_2</PrivateCode><Description>Grahame Park / Corner Mead - Cricklewood Broadway/The Crown</Description><RouteSectionRef>RS_54632e_H_2</RouteSectionRef></Route><Route id="R_54632e_R_3"><PrivateCode>R_54632e_R_3</PrivateCode><Description>Cricklewood Broadway/The Crown - Grahame Park / Corner Mead</Description><RouteSectionRef>RS_54632e_R_3</RouteSectionRef></Route><Route id="R_54632e_R_4"><PrivateCode>R_54632e_R_4</PrivateCode><Description>Kilburn Park - Grahame Park / Corner Mead</Description><RouteSectionRef>RS_54632e_R_4</RouteSectionRef></Route></Routes><JourneyPatternSections><JourneyPatternSection id="JPS_54632e_H_2"><JourneyPatternTimingLink id="JPL_54632e_H_2_0"><From SequenceNumber="1"><StopPointRef>490012314W</StopPointRef><TimingStatus>PTP</TimingStatus></From><To SequenceNumber="2"><StopPointRef>490008052N</StopPointRef><TimingStatus>PTP</TimingStatus></To><RunTime>PT72S</RunTime></JourneyPatternTimingLink><JourneyPatternTimingLink id="JPL_54632e_H_2_1"><From SequenceNumber="2"><StopPointRef>490008052N</StopPointRef><TimingStatus>PTP</TimingStatus></From><To SequenceNumber="3"><StopPointRef>490014664N</StopPointRef><TimingStatus>PTP</TimingStatus></To><RunTime>PT72S</RunTime></JourneyPatternTimingLink><JourneyPatternTimingLink id="JPL_54632e_H_2_2"><From SequenceNumber="3"><StopPointRef>490014664N</StopPointRef><TimingStatus>PTP</TimingStatus></From><To SequenceNumber="4"><StopPointRef>490011749S</StopPointRef><TimingStatus>PTP</TimingStatus></To><RunTime>PT72S</RunTime></JourneyPatternTimingLink><JourneyPatternTimingLink id="JPL_54632e_H_2_3"><From SequenceNumber="4"><StopPointRef>490011749S</StopPointRef><TimingStatus>PTP</TimingStatus></From><To SequenceNumber="5"><StopPointRef>490008055W</StopPointRef><TimingStatus>PTP</TimingStatus></To><RunTime>PT72S</RunTime></JourneyPatternTimingLink><JourneyPatternTimingLink id="JPL_54632e_H_2_4"><From SequenceNumber="5"><StopPointRef>490008055W</StopPointRef><TimingStatus>PTP</TimingStatus></From><To SequenceNumber="6"><StopPointRef>490000054CA</StopPointRef><TimingStatus>PTP</TimingStatus></To><RunTime>PT72S</RunTime></JourneyPatternTimingLink><JourneyPatternTimingLink id="JPL_54632e_H_2_5"><From SequenceNumber="6"><StopPointRef>490000054CA</StopPointRef><TimingStatus>PTP</TimingStatus></From><To SequenceNumber="7"><StopPointRef>490003132CC</StopPointRef><TimingStatus>PTP</TimingStatus></To><RunTime>PT120S</RunTime></JourneyPatternTimingLink><JourneyPatternTimingLink id="JPL_54632e_H_2_6"><From SequenceNumber="7"><StopPointRef>490003132CC</StopPointRef><TimingStatus>PTP</TimingStatus></From><To SequenceNumber="8"><StopPointRef>490005481CE</StopPointRef><TimingStatus>PTP</TimingStatus></To><RunTime>PT120S</RunTime></JourneyPatternTimingLink><JourneyPatternTimingLink id="JPL_54632e_H_2_7"><From SequenceNumber="8"><StopPointRef>490005481CE</StopPointRef><TimingStatus>PTP</TimingStatus></From><To SequenceNumber="9"><StopPointRef>490005483CF</StopPointRef><TimingStatus>PTP</TimingStatus></To><RunTime>PT84S</RunTime></JourneyPatternTimingLink><JourneyPatternTimingLink id="JPL_54632e_H_2_8"><From SequenceNumber="9"><StopPointRef>490005483CF</StopPointRef><TimingStatus>PTP</TimingStatus></From><To SequenceNumber="10"><StopPointRef>490012043CG</StopPointRef><TimingStatus>PTP</TimingStatus></To><RunTime>PT84S</RunTime></JourneyPatternTimingLink><JourneyPatternTimingLink id="JPL_54632e_H_2_9"><From SequenceNumber="10"><StopPointRef>490012043CG</StopPointRef><TimingStatus>PTP</TimingStatus></From><To SequenceNumber="11"><StopPointRef>490008762S</StopPointRef><TimingStatus>PTP</TimingStatus></To><RunTime>PT84S</RunTime></JourneyPatternTimingLink><JourneyPatternTimingLink id="JPL_54632e_H_2_10"><From SequenceNumber="11"><StopPointRef>490008762S</StopPointRef><TimingStatus>PTP</TimingStatus></From><To SequenceNumber="12"><StopPointRef>490014471S</StopPointRef><TimingStatus>PTP</TimingStatus></To><RunTime>PT84S</RunTime></JourneyPatternTimingLink><JourneyPatternTimingLink id="JPL_54632e_H_2_11"><From SequenceNumber="12"><StopPointRef>490014471S</StopPointRef><TimingStatus>PTP</TimingStatus></From><To SequenceNumber="13"><StopPointRef>490014561S</StopPointRef><TimingStatus>PTP</TimingStatus></To><RunTime>PT84S</RunTime></JourneyPatternTimingLink><JourneyPatternTimingLink id="JPL_54632e_H_2_12"><From SequenceNumber="13"><StopPointRef>490014561S</StopPointRef><TimingStatus>PTP</TimingStatus></From><To SequenceNumber="14"><StopPointRef>490010800S</StopPointRef><TimingStatus>PTP</TimingStatus></To><RunTime>PT60S</RunTime></JourneyPatternTimingLink><JourneyPatternTimingLink id="JPL_54632e_H_2_13"><From SequenceNumber="14"><StopPointRef>490010800S</StopPointRef><TimingStatus>PTP</TimingStatus></From><To SequenceNumber="15"><StopPointRef>490013059S</StopPointRef><TimingStatus>PTP</TimingStatus></To><RunTime>PT60S</RunTime></JourneyPatternTimingLink><JourneyPatternTimingLink id="JPL_54632e_H_2_14"><From SequenceNumber="15"><StopPointRef>490013059S</StopPointRef><TimingStatus>PTP</TimingStatus></From><To SequenceNumber="16"><StopPointRef>490012589S</StopPointRef><TimingStatus>PTP</TimingStatus></To><RunTime>PT60S</RunTime></JourneyPatternTimingLink><JourneyPatternTimingLink id="JPL_54632e_H_2_15"><From SequenceNumber="16"><StopPointRef>490012589S</StopPointRef><TimingStatus>PTP</TimingStatus></From><To SequenceNumber="17"><StopPointRef>490012590S</StopPointRef><TimingStatus>PTP</TimingStatus></To><RunTime>PT60S</RunTime></JourneyPatternTimingLink><JourneyPatternTimingLink id="JPL_54632e_H_2_16"><From SequenceNumber="17"><StopPointRef>490012590S</StopPointRef><TimingStatus>PTP</TimingStatus></From><To SequenceNumber="18"><StopPointRef>490008421S</StopPointRef><TimingStatus>PTP</TimingStatus></To><RunTime>PT60S</RunTime></JourneyPatternTimingLink><JourneyPatternTimingLink id="JPL_54632e_H_2_17"><From SequenceNumber="18"><StopPointRef>490008421S</StopPointRef><TimingStatus>PTP</TimingStatus></From><To SequenceNumber="19"><StopPointRef>490006096S</StopPointRef><TimingStatus>PTP</TimingStatus></To><RunTime>PT60S</RunTime></JourneyPatternTimingLink><JourneyPatternTimingLink id="JPL_54632e_H_2_18"><From SequenceNumber="19"><StopPointRef>490006096S</StopPointRef><TimingStatus>PTP</TimingStatus></From><To SequenceNumber="20"><StopPointRef>490015033S</StopPointRef><TimingStatus>PTP</TimingStatus></To><RunTime>PT60S</RunTime></JourneyPatternTimingLink><JourneyPatternTimingLink id="JPL_54632e_H_2_19"><From SequenceNumber="20"><StopPointRef>490015033S</StopPointRef><TimingStatus>PTP</TimingStatus></From><To SequenceNumber="21"><StopPointRef>490010015S1</StopPointRef><TimingStatus>PTP</TimingStatus></To><RunTime>PT96S</RunTime></JourneyPatternTimingLink><JourneyPatternTimingLink id="JPL_54632e_H_2_20"><From SequenceNumber="21"><StopPointRef>490010015S1</StopPointRef><TimingStatus>PTP</TimingStatus></From><To SequenceNumber="22"><StopPointRef>490005776B</StopPointRef><TimingStatus>PTP</TimingStatus></To><RunTime>PT96S</RunTime></JourneyPatternTimingLink><JourneyPatternTimingLink id="JPL_54632e_H_2_21"><From SequenceNumber="22"><StopPointRef>490005776B</StopPointRef><TimingStatus>PTP</TimingStatus></From><To SequenceNumber="23"><StopPointRef>490005770H</StopPointRef><TimingStatus>PTP</TimingStatus></To><RunTime>PT108S</RunTime></JourneyPatternTimingLink><JourneyPatternTimingLink id="JPL_54632e_H_2_22"><From SequenceNumber="23"><StopPointRef>490005770H</StopPointRef><TimingStatus>PTP</TimingStatus></From><To SequenceNumber="24"><StopPointRef>490014140S1</StopPointRef><TimingStatus>PTP</TimingStatus></To><RunTime>PT60S</RunTime></JourneyPatternTimingLink><JourneyPatternTimingLink id="JPL_54632e_H_2_23"><From SequenceNumber="24"><StopPointRef>490014140S1</StopPointRef><TimingStatus>PTP</TimingStatus></From><To SequenceNumber="25"><StopPointRef>490014140S</StopPointRef><TimingStatus>PTP</TimingStatus></To><RunTime>PT60S</RunTime></JourneyPatternTimingLink><JourneyPatternTimingLink id="JPL_54632e_H_2_24"><From SequenceNumber="25"><StopPointRef>490014140S</StopPointRef><TimingStatus>PTP</TimingStatus></From><To SequenceNumber="26"><StopPointRef>490015795S</StopPointRef><TimingStatus>PTP</TimingStatus></To><RunTime>PT60S</RunTime></JourneyPatternTimingLink><JourneyPatternTimingLink id="JPL_54632e_H_2_25"><From SequenceNumber="26"><StopPointRef>490015795S</StopPointRef><TimingStatus>PTP</TimingStatus></From><To SequenceNumber="27"><StopPointRef>490009909S</StopPointRef><TimingStatus>PTP</TimingStatus></To><RunTime>PT60S</RunTime></JourneyPatternTimingLink><JourneyPatternTimingLink id="JPL_54632e_H_2_26"><From SequenceNumber="27"><StopPointRef>490009909S</StopPointRef><TimingStatus>PTP</TimingStatus></From><To SequenceNumber="28"><StopPointRef>490000126B</StopPointRef><TimingStatus>PTP</TimingStatus></To><RunTime>PT60S</RunTime></JourneyPatternTimingLink><JourneyPatternTimingLink id="JPL_54632e_H_2_27"><From SequenceNumber="28"><StopPointRef>490000126B</StopPointRef><TimingStatus>PTP</TimingStatus></From><To SequenceNumber="29"><StopPointRef>490001038D</StopPointRef><TimingStatus>PTP</TimingStatus></To><RunTime>PT120S</RunTime></JourneyPatternTimingLink><JourneyPatternTimingLink id="JPL_54632e_H_2_28"><From SequenceNumber="29"><StopPointRef>490001038D</StopPointRef><TimingStatus>PTP</TimingStatus></From><To SequenceNumber="30"><StopPointRef>490004565F</StopPointRef><TimingStatus>PTP</TimingStatus></To><RunTime>PT120S</RunTime></JourneyPatternTimingLink><JourneyPatternTimingLink id="JPL_54632e_H_2_29"><From SequenceNumber="30"><StopPointRef>490004565F</StopPointRef><TimingStatus>PTP</TimingStatus></From><To SequenceNumber="31"><StopPointRef>490008713H</StopPointRef><TimingStatus>PTP</TimingStatus></To><RunTime>PT120S</RunTime></JourneyPatternTimingLink><JourneyPatternTimingLink id="JPL_54632e_H_2_30"><From SequenceNumber="31"><StopPointRef>490008713H</StopPointRef><TimingStatus>PTP</TimingStatus></From><To SequenceNumber="32"><StopPointRef>490008710M</StopPointRef><TimingStatus>PTP</TimingStatus></To><RunTime>PT120S</RunTime></JourneyPatternTimingLink><JourneyPatternTimingLink id="JPL_54632e_H_2_31"><From SequenceNumber="32"><StopPointRef>490008710M</StopPointRef><TimingStatus>PTP</TimingStatus></From><To SequenceNumber="33"><StopPointRef>490001170Q</StopPointRef><TimingStatus>PTP</TimingStatus></To><RunTime>PT120S</RunTime></JourneyPatternTimingLink><JourneyPatternTimingLink id="JPL_54632e_H_2_32"><From SequenceNumber="33"><StopPointRef>490001170Q</StopPointRef><TimingStatus>PTP</TimingStatus></From><To SequenceNumber="34"><StopPointRef>490015243Y</StopPointRef><TimingStatus>PTP</TimingStatus></To><RunTime>PT90S</RunTime></JourneyPatternTimingLink><JourneyPatternTimingLink id="JPL_54632e_H_2_33"><From SequenceNumber="34"><StopPointRef>490015243Y</StopPointRef><TimingStatus>PTP</TimingStatus></From><To SequenceNumber="35"><StopPointRef>490000127KB</StopPointRef><TimingStatus>PTP</TimingStatus></To><RunTime>PT90S</RunTime></JourneyPatternTimingLink></JourneyPatternSection><JourneyPatternSection id="JPS_54632e_H_4"><JourneyPatternTimingLink id="JPL_54632e_H_4_0"><From SequenceNumber="1"><StopPointRef>490012314W</StopPointRef><TimingStatus>PTP</TimingStatus></From><To SequenceNumber="2"><StopPointRef>490008052N</StopPointRef><TimingStatus>PTP</TimingStatus></To><RunTime>PT72S</RunTime></JourneyPatternTimingLink><JourneyPatternTimingLink id="JPL_54632e_H_4_1"><From SequenceNumber="2"><StopPointRef>490008052N</StopPointRef><TimingStatus>PTP</TimingStatus></From><To SequenceNumber="3"><StopPointRef>490014664N</StopPointRef><TimingStatus>PTP</TimingStatus></To><RunTime>PT72S</RunTime></JourneyPatternTimingLink><JourneyPatternTimingLink id="JPL_54632e_H_4_2"><From SequenceNumber="3"><StopPointRef>490014664N</StopPointRef><TimingStatus>PTP</TimingStatus></From><To SequenceNumber="4"><StopPointRef>490011749S</StopPointRef><TimingStatus>PTP</TimingStatus></To><RunTime>PT72S</RunTime></JourneyPatternTimingLink><JourneyPatternTimingLink id="JPL_54632e_H_4_3"><From SequenceNumber="4"><StopPointRef>490011749S</StopPointRef><TimingStatus>PTP</TimingStatus></From><To SequenceNumber="5"><StopPointRef>490008055W</StopPointRef><TimingStatus>PTP</TimingStatus></To><RunTime>PT72S</RunTime></JourneyPatternTimingLink><JourneyPatternTimingLink id="JPL_54632e_H_4_4"><From SequenceNumber="5"><StopPointRef>490008055W</StopPointRef><TimingStatus>PTP</TimingStatus></From><To SequenceNumber="6"><StopPointRef>490000054CA</StopPointRef><TimingStatus>PTP</TimingStatus></To><RunTime>PT72S</RunTime></JourneyPatternTimingLink><JourneyPatternTimingLink id="JPL_54632e_H_4_5"><From SequenceNumber="6"><StopPointRef>490000054CA</StopPointRef><TimingStatus>PTP</TimingStatus></From><To SequenceNumber="7"><StopPointRef>490003132CC</StopPointRef><TimingStatus>PTP</TimingStatus></To><RunTime>PT120S</RunTime></JourneyPatternTimingLink><JourneyPatternTimingLink id="JPL_54632e_H_4_6"><From SequenceNumber="7"><StopPointRef>490003132CC</StopPointRef><TimingStatus>PTP</TimingStatus></From><To SequenceNumber="8"><StopPointRef>490005481CE</StopPointRef><TimingStatus>PTP</TimingStatus></To><RunTime>PT120S</RunTime></JourneyPatternTimingLink><JourneyPatternTimingLink id="JPL_54632e_H_4_7"><From SequenceNumber="8"><StopPointRef>490005481CE</StopPointRef><TimingStatus>PTP</TimingStatus></From><To SequenceNumber="9"><StopPointRef>490005483CF</StopPointRef><TimingStatus>PTP</TimingStatus></To><RunTime>PT84S</RunTime></JourneyPatternTimingLink><JourneyPatternTimingLink id="JPL_54632e_H_4_8"><From SequenceNumber="9"><StopPointRef>490005483CF</StopPointRef><TimingStatus>PTP</TimingStatus></From><To SequenceNumber="10"><StopPointRef>490012043CG</StopPointRef><TimingStatus>PTP</TimingStatus></To><RunTime>PT84S</RunTime></JourneyPatternTimingLink><JourneyPatternTimingLink id="JPL_54632e_H_4_9"><From SequenceNumber="10"><StopPointRef>490012043CG</StopPointRef><TimingStatus>PTP</TimingStatus></From><To SequenceNumber="11"><StopPointRef>490008762S</StopPointRef><TimingStatus>PTP</TimingStatus></To><RunTime>PT84S</RunTime></JourneyPatternTimingLink><JourneyPatternTimingLink id="JPL_54632e_H_4_10"><From SequenceNumber="11"><StopPointRef>490008762S</StopPointRef><TimingStatus>PTP</TimingStatus></From><To SequenceNumber="12"><StopPointRef>490014471S</StopPointRef><TimingStatus>PTP</TimingStatus></To><RunTime>PT84S</RunTime></JourneyPatternTimingLink><JourneyPatternTimingLink id="JPL_54632e_H_4_11"><From SequenceNumber="12"><StopPointRef>490014471S</StopPointRef><TimingStatus>PTP</TimingStatus></From><To SequenceNumber="13"><StopPointRef>490014561S</StopPointRef><TimingStatus>PTP</TimingStatus></To><RunTime>PT84S</RunTime></JourneyPatternTimingLink><JourneyPatternTimingLink id="JPL_54632e_H_4_12"><From SequenceNumber="13"><StopPointRef>490014561S</StopPointRef><TimingStatus>PTP</TimingStatus></From><To SequenceNumber="14"><StopPointRef>490010800S</StopPointRef><TimingStatus>PTP</TimingStatus></To><RunTime>PT60S</RunTime></JourneyPatternTimingLink><JourneyPatternTimingLink id="JPL_54632e_H_4_13"><From SequenceNumber="14"><StopPointRef>490010800S</StopPointRef><TimingStatus>PTP</TimingStatus></From><To SequenceNumber="15"><StopPointRef>490013059S</StopPointRef><TimingStatus>PTP</TimingStatus></To><RunTime>PT60S</RunTime></JourneyPatternTimingLink><JourneyPatternTimingLink id="JPL_54632e_H_4_14"><From SequenceNumber="15"><StopPointRef>490013059S</StopPointRef><TimingStatus>PTP</TimingStatus></From><To SequenceNumber="16"><StopPointRef>490012589S</StopPointRef><TimingStatus>PTP</TimingStatus></To><RunTime>PT60S</RunTime></JourneyPatternTimingLink><JourneyPatternTimingLink id="JPL_54632e_H_4_15"><From SequenceNumber="16"><StopPointRef>490012589S</StopPointRef><TimingStatus>PTP</TimingStatus></From><To SequenceNumber="17"><StopPointRef>490012590S</StopPointRef><TimingStatus>PTP</TimingStatus></To><RunTime>PT60S</RunTime></JourneyPatternTimingLink><JourneyPatternTimingLink id="JPL_54632e_H_4_16"><From SequenceNumber="17"><StopPointRef>490012590S</StopPointRef><TimingStatus>PTP</TimingStatus></From><To SequenceNumber="18"><StopPointRef>490008421S</StopPointRef><TimingStatus>PTP</TimingStatus></To><RunTime>PT60S</RunTime></JourneyPatternTimingLink><JourneyPatternTimingLink id="JPL_54632e_H_4_17"><From SequenceNumber="18"><StopPointRef>490008421S</StopPointRef><TimingStatus>PTP</TimingStatus></From><To SequenceNumber="19"><StopPointRef>490006096S</StopPointRef><TimingStatus>PTP</TimingStatus></To><RunTime>PT60S</RunTime></JourneyPatternTimingLink><JourneyPatternTimingLink id="JPL_54632e_H_4_18"><From SequenceNumber="19"><StopPointRef>490006096S</StopPointRef><TimingStatus>PTP</TimingStatus></From><To SequenceNumber="20"><StopPointRef>490015033S</StopPointRef><TimingStatus>PTP</TimingStatus></To><RunTime>PT60S</RunTime></JourneyPatternTimingLink><JourneyPatternTimingLink id="JPL_54632e_H_4_19"><From SequenceNumber="20"><StopPointRef>490015033S</StopPointRef><TimingStatus>PTP</TimingStatus></From><To SequenceNumber="21"><StopPointRef>490010015S1</StopPointRef><TimingStatus>PTP</TimingStatus></To><RunTime>PT96S</RunTime></JourneyPatternTimingLink><JourneyPatternTimingLink id="JPL_54632e_H_4_20"><From SequenceNumber="21"><StopPointRef>490010015S1</StopPointRef><TimingStatus>PTP</TimingStatus></From><To SequenceNumber="22"><StopPointRef>490005776B</StopPointRef><TimingStatus>PTP</TimingStatus></To><RunTime>PT96S</RunTime></JourneyPatternTimingLink><JourneyPatternTimingLink id="JPL_54632e_H_4_21"><From SequenceNumber="22"><StopPointRef>490005776B</StopPointRef><TimingStatus>PTP</TimingStatus></From><To SequenceNumber="23"><StopPointRef>490005770H</StopPointRef><TimingStatus>PTP</TimingStatus></To><RunTime>PT108S</RunTime></JourneyPatternTimingLink></JourneyPatternSection><JourneyPatternSection id="JPS_54632e_R_1"><JourneyPatternTimingLink id="JPL_54632e_R_1_0"><From SequenceNumber="12"><StopPointRef>490005770K</StopPointRef><TimingStatus>PTP</TimingStatus></From><To SequenceNumber="13"><StopPointRef>490005776A</StopPointRef><TimingStatus>PTP</TimingStatus></To><RunTime>PT72S</RunTime></JourneyPatternTimingLink><JourneyPatternTimingLink id="JPL_54632e_R_1_1"><From SequenceNumber="13"><StopPointRef>490005776A</StopPointRef><TimingStatus>PTP</TimingStatus></From><To SequenceNumber="14"><StopPointRef>490010015N</StopPointRef><TimingStatus>PTP</TimingStatus></To><RunTime>PT72S</RunTime></JourneyPatternTimingLink><JourneyPatternTimingLink id="JPL_54632e_R_1_2"><From SequenceNumber="14"><StopPointRef>490010015N</StopPointRef><TimingStatus>PTP</TimingStatus></From><To SequenceNumber="15"><StopPointRef>490015045BS</StopPointRef><TimingStatus>PTP</TimingStatus></To><RunTime>PT72S</RunTime></JourneyPatternTimingLink><JourneyPatternTimingLink id="JPL_54632e_R_1_3"><From SequenceNumber="15"><StopPointRef>490015045BS</StopPointRef><TimingStatus>PTP</TimingStatus></From><To SequenceNumber="16"><StopPointRef>490005772N</StopPointRef><TimingStatus>PTP</TimingStatus></To><RunTime>PT84S</RunTime></JourneyPatternTimingLink><JourneyPatternTimingLink id="JPL_54632e_R_1_4"><From SequenceNumber="16"><StopPointRef>490005772N</StopPointRef><TimingStatus>PTP</TimingStatus></From><To SequenceNumber="17"><StopPointRef>490006096N</StopPointRef><TimingStatus>PTP</TimingStatus></To><RunTime>PT48S</RunTime></JourneyPatternTimingLink><JourneyPatternTimingLink id="JPL_54632e_R_1_5"><From SequenceNumber="17"><StopPointRef>490006096N</StopPointRef><TimingStatus>PTP</TimingStatus></From><To SequenceNumber="18"><StopPointRef>490008421N</StopPointRef><TimingStatus>PTP</TimingStatus></To><RunTime>PT48S</RunTime></JourneyPatternTimingLink><JourneyPatternTimingLink id="JPL_54632e_R_1_6"><From SequenceNumber="18"><StopPointRef>490008421N</StopPointRef><TimingStatus>PTP</TimingStatus></From><To SequenceNumber="19"><StopPointRef>490010691N</StopPointRef><TimingStatus>PTP</TimingStatus></To><RunTime>PT48S</RunTime></JourneyPatternTimingLink><JourneyPatternTimingLink id="JPL_54632e_R_1_7"><From SequenceNumber="19"><StopPointRef>490010691N</StopPointRef><TimingStatus>PTP</TimingStatus></From><To SequenceNumber="20"><StopPointRef>490012589N</StopPointRef><TimingStatus>PTP</TimingStatus></To><RunTime>PT48S</RunTime></JourneyPatternTimingLink><JourneyPatternTimingLink id="JPL_54632e_R_1_8"><From SequenceNumber="20"><StopPointRef>490012589N</StopPointRef><TimingStatus>PTP</TimingStatus></From><To SequenceNumber="21"><StopPointRef>490011182N</StopPointRef><TimingStatus>PTP</TimingStatus></To><RunTime>PT48S</RunTime></JourneyPatternTimingLink><JourneyPatternTimingLink id="JPL_54632e_R_1_9"><From SequenceNumber="21"><StopPointRef>490011182N</StopPointRef><TimingStatus>PTP</TimingStatus></From><To SequenceNumber="22"><StopPointRef>490012609N</StopPointRef><TimingStatus>PTP</TimingStatus></To><RunTime>PT48S</RunTime></JourneyPatternTimingLink><JourneyPatternTimingLink id="JPL_54632e_R_1_10"><From SequenceNumber="22"><StopPointRef>490012609N</StopPointRef><TimingStatus>PTP</TimingStatus></From><To SequenceNumber="23"><StopPointRef>490014470N2</StopPointRef><TimingStatus>PTP</TimingStatus></To><RunTime>PT48S</RunTime></JourneyPatternTimingLink><JourneyPatternTimingLink id="JPL_54632e_R_1_11"><From SequenceNumber="23"><StopPointRef>490014470N2</StopPointRef><TimingStatus>PTP</TimingStatus></From><To SequenceNumber="24"><StopPointRef>490014561D</StopPointRef><TimingStatus>PTP</TimingStatus></To><RunTime>PT84S</RunTime></JourneyPatternTimingLink><JourneyPatternTimingLink id="JPL_54632e_R_1_12"><From SequenceNumber="24"><StopPointRef>490014561D</StopPointRef><TimingStatus>PTP</TimingStatus></From><To SequenceNumber="25"><StopPointRef>490014471N</StopPointRef><TimingStatus>PTP</TimingStatus></To><RunTime>PT72S</RunTime></JourneyPatternTimingLink><JourneyPatternTimingLink id="JPL_54632e_R_1_13"><From SequenceNumber="25"><StopPointRef>490014471N</StopPointRef><TimingStatus>PTP</TimingStatus></From><To SequenceNumber="26"><StopPointRef>490008762N</StopPointRef><TimingStatus>PTP</TimingStatus></To><RunTime>PT72S</RunTime></JourneyPatternTimingLink><JourneyPatternTimingLink id="JPL_54632e_R_1_14"><From SequenceNumber="26"><StopPointRef>490008762N</StopPointRef><TimingStatus>PTP</TimingStatus></From><To SequenceNumber="27"><StopPointRef>490012043CH</StopPointRef><TimingStatus>PTP</TimingStatus></To><RunTime>PT72S</RunTime></JourneyPatternTimingLink><JourneyPatternTimingLink id="JPL_54632e_R_1_15"><From SequenceNumber="27"><StopPointRef>490012043CH</StopPointRef><TimingStatus>PTP</TimingStatus></From><To SequenceNumber="28"><StopPointRef>490005483GZ</StopPointRef><TimingStatus>PTP</TimingStatus></To><RunTime>PT72S</RunTime></JourneyPatternTimingLink><JourneyPatternTimingLink id="JPL_54632e_R_1_16"><From SequenceNumber="28"><StopPointRef>490005483GZ</StopPointRef><TimingStatus>PTP</TimingStatus></From><To SequenceNumber="29"><StopPointRef>490005481CL</StopPointRef><TimingStatus>PTP</TimingStatus></To><RunTime>PT72S</RunTime></JourneyPatternTimingLink><JourneyPatternTimingLink id="JPL_54632e_R_1_17"><From SequenceNumber="29"><StopPointRef>490005481CL</StopPointRef><TimingStatus>PTP</TimingStatus></From><To SequenceNumber="30"><StopPointRef>490015288CV</StopPointRef><TimingStatus>PTP</TimingStatus></To><RunTime>PT120S</RunTime></JourneyPatternTimingLink><JourneyPatternTimingLink id="JPL_54632e_R_1_18"><From SequenceNumber="30"><StopPointRef>490015288CV</StopPointRef><TimingStatus>PTP</TimingStatus></From><To SequenceNumber="31"><StopPointRef>490005786CD</StopPointRef><TimingStatus>PTP</TimingStatus></To><RunTime>PT120S</RunTime></JourneyPatternTimingLink><JourneyPatternTimingLink id="JPL_54632e_R_1_19"><From SequenceNumber="31"><StopPointRef>490005786CD</StopPointRef><TimingStatus>PTP</TimingStatus></From><To SequenceNumber="32"><StopPointRef>490011749N</StopPointRef><TimingStatus>PTP</TimingStatus></To><RunTime>PT150S</RunTime></JourneyPatternTimingLink><JourneyPatternTimingLink id="JPL_54632e_R_1_20"><From SequenceNumber="32"><StopPointRef>490011749N</StopPointRef><TimingStatus>PTP</TimingStatus></From><To SequenceNumber="33"><StopPointRef>490012314W</StopPointRef><TimingStatus>PTP</TimingStatus></To><RunTime>PT150S</RunTime></JourneyPatternTimingLink></JourneyPatternSection><JourneyPatternSection id="JPS_54632e_R_3"><JourneyPatternTimingLink id="JPL_54632e_R_3_0"><From SequenceNumber="1"><StopPointRef>490000127KA</StopPointRef><TimingStatus>PTP</TimingStatus></From><To SequenceNumber="2"><StopPointRef>490015243Z</StopPointRef><TimingStatus>PTP</TimingStatus></To><RunTime>PT60S</RunTime></JourneyPatternTimingLink><JourneyPatternTimingLink id="JPL_54632e_R_3_1"><From SequenceNumber="2"><StopPointRef>490015243Z</StopPointRef><TimingStatus>PTP</TimingStatus></From><To SequenceNumber="3"><StopPointRef>490001170S</StopPointRef><TimingStatus>PTP</TimingStatus></To><RunTime>PT60S</RunTime></JourneyPatternTimingLink><JourneyPatternTimingLink id="JPL_54632e_R_3_2"><From SequenceNumber="3"><StopPointRef>490001170S</StopPointRef><TimingStatus>PTP</TimingStatus></From><To SequenceNumber="4"><StopPointRef>490008710P</StopPointRef><TimingStatus>PTP</TimingStatus></To><RunTime>PT60S</RunTime></JourneyPatternTimingLink><JourneyPatternTimingLink id="JPL_54632e_R_3_3"><From SequenceNumber="4"><StopPointRef>490008710P</StopPointRef><TimingStatus>PTP</TimingStatus></From><To SequenceNumber="5"><StopPointRef>490011235J</StopPointRef><TimingStatus>PTP</TimingStatus></To><RunTime>PT60S</RunTime></JourneyPatternTimingLink><JourneyPatternTimingLink id="JPL_54632e_R_3_4"><From SequenceNumber="5"><StopPointRef>490011235J</StopPointRef><TimingStatus>PTP</TimingStatus></From><To SequenceNumber="6"><StopPointRef>490004565N</StopPointRef><TimingStatus>PTP</TimingStatus></To><RunTime>PT60S</RunTime></JourneyPatternTimingLink><JourneyPatternTimingLink id="JPL_54632e_R_3_5"><From SequenceNumber="6"><StopPointRef>490004565N</StopPointRef><TimingStatus>PTP</TimingStatus></From><To SequenceNumber="7"><StopPointRef>490001038N</StopPointRef><TimingStatus>PTP</TimingStatus></To><RunTime>PT60S</RunTime></JourneyPatternTimingLink><JourneyPatternTimingLink id="JPL_54632e_R_3_6"><From SequenceNumber="7"><StopPointRef>490001038N</StopPointRef><TimingStatus>PTP</TimingStatus></From><To SequenceNumber="8"><StopPointRef>490000126A</StopPointRef><TimingStatus>PTP</TimingStatus></To><RunTime>PT60S</RunTime></JourneyPatternTimingLink><JourneyPatternTimingLink id="JPL_54632e_R_3_7"><From SequenceNumber="8"><StopPointRef>490000126A</StopPointRef><TimingStatus>PTP</TimingStatus></From><To SequenceNumber="9"><StopPointRef>490008768N</StopPointRef><TimingStatus>PTP</TimingStatus></To><RunTime>PT120S</RunTime></JourneyPatternTimingLink><JourneyPatternTimingLink id="JPL_54632e_R_3_8"><From SequenceNumber="9"><StopPointRef>490008768N</StopPointRef><TimingStatus>PTP</TimingStatus></From><To SequenceNumber="10"><StopPointRef>490009909N</StopPointRef><TimingStatus>PTP</TimingStatus></To><RunTime>PT120S</RunTime></JourneyPatternTimingLink><JourneyPatternTimingLink id="JPL_54632e_R_3_9"><From SequenceNumber="10"><StopPointRef>490009909N</StopPointRef><TimingStatus>PTP</TimingStatus></From><To SequenceNumber="11"><StopPointRef>490014140N</StopPointRef><TimingStatus>PTP</TimingStatus></To><RunTime>PT120S</RunTime></JourneyPatternTimingLink><JourneyPatternTimingLink id="JPL_54632e_R_3_10"><From SequenceNumber="11"><StopPointRef>490014140N</StopPointRef><TimingStatus>PTP</TimingStatus></From><To SequenceNumber="12"><StopPointRef>490005770K</StopPointRef><TimingStatus>PTP</TimingStatus></To><RunTime>PT120S</RunTime></JourneyPatternTimingLink><JourneyPatternTimingLink id="JPL_54632e_R_3_11"><From SequenceNumber="12"><StopPointRef>490005770K</StopPointRef><TimingStatus>PTP</TimingStatus></From><To SequenceNumber="13"><StopPointRef>490005776A</StopPointRef><TimingStatus>PTP</TimingStatus></To><RunTime>PT72S</RunTime></JourneyPatternTimingLink><JourneyPatternTimingLink id="JPL_54632e_R_3_12"><From SequenceNumber="13"><StopPointRef>490005776A</StopPointRef><TimingStatus>PTP</TimingStatus></From><To SequenceNumber="14"><StopPointRef>490010015N</StopPointRef><TimingStatus>PTP</TimingStatus></To><RunTime>PT72S</RunTime></JourneyPatternTimingLink><JourneyPatternTimingLink id="JPL_54632e_R_3_13"><From SequenceNumber="14"><StopPointRef>490010015N</StopPointRef><TimingStatus>PTP</TimingStatus></From><To SequenceNumber="15"><StopPointRef>490015045BS</StopPointRef><TimingStatus>PTP</TimingStatus></To><RunTime>PT72S</RunTime></JourneyPatternTimingLink><JourneyPatternTimingLink id="JPL_54632e_R_3_14"><From SequenceNumber="15"><StopPointRef>490015045BS</StopPointRef><TimingStatus>PTP</TimingStatus></From><To SequenceNumber="16"><StopPointRef>490005772N</StopPointRef><TimingStatus>PTP</TimingStatus></To><RunTime>PT84S</RunTime></JourneyPatternTimingLink><JourneyPatternTimingLink id="JPL_54632e_R_3_15"><From SequenceNumber="16"><StopPointRef>490005772N</StopPointRef><TimingStatus>PTP</TimingStatus></From><To SequenceNumber="17"><StopPointRef>490006096N</StopPointRef><TimingStatus>PTP</TimingStatus></To><RunTime>PT48S</RunTime></JourneyPatternTimingLink><JourneyPatternTimingLink id="JPL_54632e_R_3_16"><From SequenceNumber="17"><StopPointRef>490006096N</StopPointRef><TimingStatus>PTP</TimingStatus></From><To SequenceNumber="18"><StopPointRef>490008421N</StopPointRef><TimingStatus>PTP</TimingStatus></To><RunTime>PT48S</RunTime></JourneyPatternTimingLink><JourneyPatternTimingLink id="JPL_54632e_R_3_17"><From SequenceNumber="18"><StopPointRef>490008421N</StopPointRef><TimingStatus>PTP</TimingStatus></From><To SequenceNumber="19"><StopPointRef>490010691N</StopPointRef><TimingStatus>PTP</TimingStatus></To><RunTime>PT48S</RunTime></JourneyPatternTimingLink><JourneyPatternTimingLink id="JPL_54632e_R_3_18"><From SequenceNumber="19"><StopPointRef>490010691N</StopPointRef><TimingStatus>PTP</TimingStatus></From><To SequenceNumber="20"><StopPointRef>490012589N</StopPointRef><TimingStatus>PTP</TimingStatus></To><RunTime>PT48S</RunTime></JourneyPatternTimingLink><JourneyPatternTimingLink id="JPL_54632e_R_3_19"><From SequenceNumber="20"><StopPointRef>490012589N</StopPointRef><TimingStatus>PTP</TimingStatus></From><To SequenceNumber="21"><StopPointRef>490011182N</StopPointRef><TimingStatus>PTP</TimingStatus></To><RunTime>PT48S</RunTime></JourneyPatternTimingLink><JourneyPatternTimingLink id="JPL_54632e_R_3_20"><From SequenceNumber="21"><StopPointRef>490011182N</StopPointRef><TimingStatus>PTP</TimingStatus></From><To SequenceNumber="22"><StopPointRef>490012609N</StopPointRef><TimingStatus>PTP</TimingStatus></To><RunTime>PT48S</RunTime></JourneyPatternTimingLink><JourneyPatternTimingLink id="JPL_54632e_R_3_21"><From SequenceNumber="22"><StopPointRef>490012609N</StopPointRef><TimingStatus>PTP</TimingStatus></From><To SequenceNumber="23"><StopPointRef>490014470N2</StopPointRef><TimingStatus>PTP</TimingStatus></To><RunTime>PT48S</RunTime></JourneyPatternTimingLink><JourneyPatternTimingLink id="JPL_54632e_R_3_22"><From SequenceNumber="23"><StopPointRef>490014470N2</StopPointRef><TimingStatus>PTP</TimingStatus></From><To SequenceNumber="24"><StopPointRef>490014561D</StopPointRef><TimingStatus>PTP</TimingStatus></To><RunTime>PT84S</RunTime></JourneyPatternTimingLink><JourneyPatternTimingLink id="JPL_54632e_R_3_23"><From SequenceNumber="24"><StopPointRef>490014561D</StopPointRef><TimingStatus>PTP</TimingStatus></From><To SequenceNumber="25"><StopPointRef>490014471N</StopPointRef><TimingStatus>PTP</TimingStatus></To><RunTime>PT72S</RunTime></JourneyPatternTimingLink><JourneyPatternTimingLink id="JPL_54632e_R_3_24"><From SequenceNumber="25"><StopPointRef>490014471N</StopPointRef><TimingStatus>PTP</TimingStatus></From><To SequenceNumber="26"><StopPointRef>490008762N</StopPointRef><TimingStatus>PTP</TimingStatus></To><RunTime>PT72S</RunTime></JourneyPatternTimingLink><JourneyPatternTimingLink id="JPL_54632e_R_3_25"><From SequenceNumber="26"><StopPointRef>490008762N</StopPointRef><TimingStatus>PTP</TimingStatus></From><To SequenceNumber="27"><StopPointRef>490012043CH</StopPointRef><TimingStatus>PTP</TimingStatus></To><RunTime>PT72S</RunTime></JourneyPatternTimingLink><JourneyPatternTimingLink id="JPL_54632e_R_3_26"><From SequenceNumber="27"><StopPointRef>490012043CH</StopPointRef><TimingStatus>PTP</TimingStatus></From><To SequenceNumber="28"><StopPointRef>490005483GZ</StopPointRef><TimingStatus>PTP</TimingStatus></To><RunTime>PT72S</RunTime></JourneyPatternTimingLink><JourneyPatternTimingLink id="JPL_54632e_R_3_27"><From SequenceNumber="28"><StopPointRef>490005483GZ</StopPointRef><TimingStatus>PTP</TimingStatus></From><To SequenceNumber="29"><StopPointRef>490005481CL</StopPointRef><TimingStatus>PTP</TimingStatus></To><RunTime>PT72S</RunTime></JourneyPatternTimingLink><JourneyPatternTimingLink id="JPL_54632e_R_3_28"><From SequenceNumber="29"><StopPointRef>490005481CL</StopPointRef><TimingStatus>PTP</TimingStatus></From><To SequenceNumber="30"><StopPointRef>490015288CV</StopPointRef><TimingStatus>PTP</TimingStatus></To><RunTime>PT120S</RunTime></JourneyPatternTimingLink><JourneyPatternTimingLink id="JPL_54632e_R_3_29"><From SequenceNumber="30"><StopPointRef>490015288CV</StopPointRef><TimingStatus>PTP</TimingStatus></From><To SequenceNumber="31"><StopPointRef>490005786CD</StopPointRef><TimingStatus>PTP</TimingStatus></To><RunTime>PT120S</RunTime></JourneyPatternTimingLink><JourneyPatternTimingLink id="JPL_54632e_R_3_30"><From SequenceNumber="31"><StopPointRef>490005786CD</StopPointRef><TimingStatus>PTP</TimingStatus></From><To SequenceNumber="32"><StopPointRef>490011749N</StopPointRef><TimingStatus>PTP</TimingStatus></To><RunTime>PT150S</RunTime></JourneyPatternTimingLink><JourneyPatternTimingLink id="JPL_54632e_R_3_31"><From SequenceNumber="32"><StopPointRef>490011749N</StopPointRef><TimingStatus>PTP</TimingStatus></From><To SequenceNumber="33"><StopPointRef>490012314W</StopPointRef><TimingStatus>PTP</TimingStatus></To><RunTime>PT150S</RunTime></JourneyPatternTimingLink></JourneyPatternSection></JourneyPatternSections><Operators><Operator id="OId_ML"><OperatorCode>ML</OperatorCode><OperatorShortName>ML</OperatorShortName><OperatorNameOnLicence>ML</OperatorNameOnLicence><TradingName>ML</TradingName></Operator></Operators><Services><Service><ServiceCode>SId_54632e0</ServiceCode><PrivateCode>54632e0</PrivateCode><Lines><Line id="LId_54632e0"><LineName>632</LineName></Line></Lines><OperatingPeriod><StartDate>2009-12-01</StartDate><EndDate>2010-12-23</EndDate></OperatingPeriod><OperatingProfile><RegularDayType>
					<DaysOfWeek>
						<MondayToFriday/>
					</DaysOfWeek>
				</RegularDayType>
				<BankHolidayOperation><DaysOfNonOperation><AllBankHolidays></AllBankHolidays></DaysOfNonOperation></BankHolidayOperation></OperatingProfile><RegisteredOperatorRef>OId_ML</RegisteredOperatorRef><StopRequirements><NoNewStopsRequired/></StopRequirements><StandardService><Origin>Grahame Park / Corner Mead</Origin><Destination>Kilburn Park</Destination><JourneyPattern id="JP_54632e_H0_2"><Direction>outbound</Direction><Operational><VehicleType><VehicleTypeCode>09</VehicleTypeCode><Description>Single Decker Wheelchair</Description></VehicleType></Operational><RouteRef>R_54632e_H_1</RouteRef><JourneyPatternSectionRefs>JPS_54632e_H_2</JourneyPatternSectionRefs></JourneyPattern><JourneyPattern id="JP_54632e_H0_4"><Direction>outbound</Direction><Operational><VehicleType><VehicleTypeCode>09</VehicleTypeCode><Description>Single Decker Wheelchair</Description></VehicleType></Operational><RouteRef>R_54632e_H_2</RouteRef><JourneyPatternSectionRefs>JPS_54632e_H_4</JourneyPatternSectionRefs></JourneyPattern><JourneyPattern id="JP_54632e_R0_1"><Direction>inbound</Direction><Operational><VehicleType><VehicleTypeCode>09</VehicleTypeCode><Description>Single Decker Wheelchair</Description></VehicleType></Operational><RouteRef>R_54632e_R_3</RouteRef><JourneyPatternSectionRefs>JPS_54632e_R_1</JourneyPatternSectionRefs></JourneyPattern><JourneyPattern id="JP_54632e_R0_3"><Direction>inbound</Direction><Operational><VehicleType><VehicleTypeCode>09</VehicleTypeCode><Description>Single Decker Wheelchair</Description></VehicleType></Operational><RouteRef>R_54632e_R_4</RouteRef><JourneyPatternSectionRefs>JPS_54632e_R_3</JourneyPatternSectionRefs></JourneyPattern></StandardService></Service></Services><VehicleJourneys><VehicleJourney><PrivateCode>54632ee0H6320004</PrivateCode><Operational><VehicleType><VehicleTypeCode>09</VehicleTypeCode><Description>Single Decker Wheelchair</Description></VehicleType></Operational><OperatingProfile><RegularDayType>
					<DaysOfWeek>
						<MondayToFriday/>
					</DaysOfWeek>
				</RegularDayType>
			</OperatingProfile><VehicleJourneyCode>54632ee0H6320004</VehicleJourneyCode><ServiceRef>SId_54632e0</ServiceRef><LineRef>LId_54632e0</LineRef><JourneyPatternRef>JP_54632e_H0_4</JourneyPatternRef><DepartureTime>15:05:00</DepartureTime></VehicleJourney><VehicleJourney><PrivateCode>54632ee0H6320002</PrivateCode><Operational><VehicleType><VehicleTypeCode>09</VehicleTypeCode><Description>Single Decker Wheelchair</Description></VehicleType></Operational><OperatingProfile><RegularDayType>
					<DaysOfWeek>
						<MondayToFriday/>
					</DaysOfWeek>
				</RegularDayType>
			</OperatingProfile><VehicleJourneyCode>54632ee0H6320002</VehicleJourneyCode><ServiceRef>SId_54632e0</ServiceRef><LineRef>LId_54632e0</LineRef><JourneyPatternRef>JP_54632e_H0_2</JourneyPatternRef><DepartureTime>15:05:00</DepartureTime></VehicleJourney><VehicleJourney><PrivateCode>54632ee0H6320006</PrivateCode><Operational><VehicleType><VehicleTypeCode>09</VehicleTypeCode><Description>Single Decker Wheelchair</Description></VehicleType></Operational><OperatingProfile><RegularDayType>
					<DaysOfWeek>
						<MondayToFriday/>
					</DaysOfWeek>
				</RegularDayType>
			</OperatingProfile><VehicleJourneyCode>54632ee0H6320006</VehicleJourneyCode><ServiceRef>SId_54632e0</ServiceRef><LineRef>LId_54632e0</LineRef><JourneyPatternRef>JP_54632e_H0_4</JourneyPatternRef><DepartureTime>15:06:00</DepartureTime></VehicleJourney><VehicleJourney><PrivateCode>54632ee0R6320001</PrivateCode><Operational><VehicleType><VehicleTypeCode>09</VehicleTypeCode><Description>Single Decker Wheelchair</Description></VehicleType></Operational><OperatingProfile><RegularDayType>
					<DaysOfWeek>
						<MondayToFriday/>
					</DaysOfWeek>
				</RegularDayType>
			</OperatingProfile><VehicleJourneyCode>54632ee0R6320001</VehicleJourneyCode><ServiceRef>SId_54632e0</ServiceRef><LineRef>LId_54632e0</LineRef><JourneyPatternRef>JP_54632e_R0_1</JourneyPatternRef><DepartureTime>07:50:00</DepartureTime></VehicleJourney><VehicleJourney><PrivateCode>54632ee0R6320003</PrivateCode><Operational><VehicleType><VehicleTypeCode>09</VehicleTypeCode><Description>Single Decker Wheelchair</Description></VehicleType></Operational><OperatingProfile><RegularDayType>
					<DaysOfWeek>
						<MondayToFriday/>
					</DaysOfWeek>
				</RegularDayType>
			</OperatingProfile><VehicleJourneyCode>54632ee0R6320003</VehicleJourneyCode><ServiceRef>SId_54632e0</ServiceRef><LineRef>LId_54632e0</LineRef><JourneyPatternRef>JP_54632e_R0_1</JourneyPatternRef><DepartureTime>08:00:00</DepartureTime></VehicleJourney><VehicleJourney><PrivateCode>54632ee0R6320005</PrivateCode><Operational><VehicleType><VehicleTypeCode>09</VehicleTypeCode><Description>Single Decker Wheelchair</Description></VehicleType></Operational><OperatingProfile><RegularDayType>
					<DaysOfWeek>
						<MondayToFriday/>
					</DaysOfWeek>
				</RegularDayType>
			</OperatingProfile><VehicleJourneyCode>54632ee0R6320005</VehicleJourneyCode><ServiceRef>SId_54632e0</ServiceRef><LineRef>LId_54632e0</LineRef><JourneyPatternRef>JP_54632e_R0_3</JourneyPatternRef><DepartureTime>07:46:00</DepartureTime></VehicleJourney></VehicleJourneys></TransXChange>
