<?xml version="1.0" encoding="UTF-8"?>
<TransXChange CreationDateTime="2010-10-28T09:06:26" ModificationDateTime="2010-10-28T09:06:26" Modification="new" FileName="G:\mentzdv\Datastore\output_txc_48655b.xml" RevisionNumber="0" SchemaVersion="2.1" xmlns:xsi="http://www.w3.org/2001/XMLSchema-instance" xsi:schemaLocation="http://www.transxchange.org.uk/ http://www.transxchange.org.uk/schema/2.1/TransXChange_general.xsd" xmlns="http://www.transxchange.org.uk/" xmlns:n1="http://www.transxchange.org.uk/" xmlns:n2="http://www.govtalk.gov.uk/people/AddressAndPersonalDetails" xmlns:n3="http://www.govtalk.gov.uk/core" xmlns:n4="http://www.govtalk.gov.uk/people/bs7666"><StopPoints><AnnotatedStopPointRef><StopPointRef>490003963N</StopPointRef><CommonName>Beverley Park Golf Range</CommonName><Indicator>stop J</Indicator><LocalityName>West Barnes</LocalityName><LocalityQualifier>Greater London</LocalityQualifier></AnnotatedStopPointRef><AnnotatedStopPointRef><StopPointRef>490011455S</StopPointRef><CommonName>Raynes Park High School</CommonName><Indicator>stop U</Indicator><LocalityName>West Barnes</LocalityName><LocalityQualifier>Greater London</LocalityQualifier></AnnotatedStopPointRef><AnnotatedStopPointRef><StopPointRef>490003967S</StopPointRef><CommonName>Shannon Corner Superstore</CommonName><Indicator>stop V</Indicator><LocalityName>West Barnes</LocalityName><LocalityQualifier>Greater London</LocalityQualifier></AnnotatedStopPointRef><AnnotatedStopPointRef><StopPointRef>490012037S</StopPointRef><CommonName>Beverley Way / Shannon Corner</CommonName><Indicator>stop W</Indicator><LocalityName>West Barnes</LocalityName><LocalityQualifier>Greater London</LocalityQualifier></AnnotatedStopPointRef><AnnotatedStopPointRef><StopPointRef>490012037N</StopPointRef><CommonName>Beverley Way / Shannon Corner</CommonName><Indicator>stop H</Indicator><LocalityName>West Barnes</LocalityName><LocalityQualifier>Greater London</LocalityQualifier></AnnotatedStopPointRef><AnnotatedStopPointRef><StopPointRef>490004832E</StopPointRef><CommonName>Carters Bridge (SW20)</CommonName><Indicator>stop L</Indicator><LocalityName>West Barnes</LocalityName><LocalityQualifier>Greater London</LocalityQualifier></AnnotatedStopPointRef><AnnotatedStopPointRef><StopPointRef>490004647E</StopPointRef><CommonName>Bushey Road / Grand Drive</CommonName><Indicator>stop M</Indicator><LocalityName>Raynes Park</LocalityName><LocalityQualifier>Greater London</LocalityQualifier></AnnotatedStopPointRef><AnnotatedStopPointRef><StopPointRef>490009834E</StopPointRef><CommonName>Merton Park Baptist Church</CommonName><Indicator>stop MN</Indicator><LocalityName>Bushey Mead</LocalityName><LocalityQualifier>Greater London</LocalityQualifier></AnnotatedStopPointRef><AnnotatedStopPointRef><StopPointRef>490001339A</StopPointRef><CommonName>Wimbledon Chase Station</CommonName><Indicator>stop MT</Indicator><LocalityName>Bushey Mead</LocalityName><LocalityQualifier>Greater London</LocalityQualifier></AnnotatedStopPointRef><AnnotatedStopPointRef><StopPointRef>490010168E</StopPointRef><CommonName>Nelson Hospital</CommonName><Indicator>stop MU</Indicator><LocalityName>Bushey Mead</LocalityName><LocalityQualifier>Greater London</LocalityQualifier></AnnotatedStopPointRef><AnnotatedStopPointRef><StopPointRef>490010057E</StopPointRef><CommonName>Wilton Crescent</CommonName><Indicator>stop MV</Indicator><LocalityName>Merton Park</LocalityName><LocalityQualifier>Greater London</LocalityQualifier></AnnotatedStopPointRef><AnnotatedStopPointRef><StopPointRef>490002057C</StopPointRef><CommonName>Merton Park</CommonName><Indicator>stop MC</Indicator><LocalityName>Merton</LocalityName><LocalityQualifier>Greater London</LocalityQualifier></AnnotatedStopPointRef><AnnotatedStopPointRef><StopPointRef>490014733E</StopPointRef><CommonName>Wimbledon Fire Station</CommonName><Indicator>stop SP</Indicator><LocalityName>Merton</LocalityName><LocalityQualifier>Greater London</LocalityQualifier></AnnotatedStopPointRef><AnnotatedStopPointRef><StopPointRef>490010023K</StopPointRef><CommonName>Morden Road / Kingston Road</CommonName><Indicator>stop SR</Indicator><LocalityName>Merton</LocalityName><LocalityQualifier>Greater London</LocalityQualifier></AnnotatedStopPointRef><AnnotatedStopPointRef><StopPointRef>490000216D</StopPointRef><CommonName>South Wimbledon</CommonName><Indicator>stop SZ</Indicator><LocalityName>South Wimbledon</LocalityName><LocalityQualifier>Greater London</LocalityQualifier></AnnotatedStopPointRef><AnnotatedStopPointRef><StopPointRef>490007938F</StopPointRef><CommonName>Merton High Street /Haydons Rd</CommonName><Indicator>stop SH</Indicator><LocalityName>Merton</LocalityName><LocalityQualifier>Greater London</LocalityQualifier></AnnotatedStopPointRef><AnnotatedStopPointRef><StopPointRef>490009830E</StopPointRef><CommonName>Merton Abbey Savacentre</CommonName><Indicator>stop E</Indicator><LocalityName>Collier's Wood</LocalityName><LocalityQualifier>Greater London</LocalityQualifier></AnnotatedStopPointRef><AnnotatedStopPointRef><StopPointRef>490015237B</StopPointRef><CommonName>Colliers Wood</CommonName><Indicator>stop B</Indicator><LocalityName>Collier's Wood</LocalityName><LocalityQualifier>Greater London</LocalityQualifier></AnnotatedStopPointRef><AnnotatedStopPointRef><StopPointRef>490005223K</StopPointRef><CommonName>Christ Church (SW19)</CommonName><Indicator>stop K</Indicator><LocalityName>Collier's Wood</LocalityName><LocalityQualifier>Greater London</LocalityQualifier></AnnotatedStopPointRef><AnnotatedStopPointRef><StopPointRef>490011789H</StopPointRef><CommonName>Runnymede</CommonName><Indicator>stop H</Indicator><LocalityName>Collier's Wood</LocalityName><LocalityQualifier>Greater London</LocalityQualifier></AnnotatedStopPointRef><AnnotatedStopPointRef><StopPointRef>490005068E</StopPointRef><CommonName>Chelsea Fields (SW19)</CommonName><Indicator>stop E</Indicator><LocalityName>Collier's Wood</LocalityName><LocalityQualifier>Greater London</LocalityQualifier></AnnotatedStopPointRef><AnnotatedStopPointRef><StopPointRef>490009003E</StopPointRef><CommonName>Lavender Avenue (CR4)</CommonName><Indicator>stop E</Indicator><LocalityName>Collier's Wood</LocalityName><LocalityQualifier>Greater London</LocalityQualifier></AnnotatedStopPointRef><AnnotatedStopPointRef><StopPointRef>490009119E</StopPointRef><CommonName>Lewis Road (CR4)</CommonName><Indicator>stop E</Indicator><LocalityName>Mitcham</LocalityName><LocalityQualifier>Greater London</LocalityQualifier></AnnotatedStopPointRef><AnnotatedStopPointRef><StopPointRef>490011847F</StopPointRef><CommonName>Western Road /Mitcham Fair Grn</CommonName><Indicator>stop F</Indicator><LocalityName>Mitcham</LocalityName><LocalityQualifier>Greater London</LocalityQualifier></AnnotatedStopPointRef><AnnotatedStopPointRef><StopPointRef>490009949H</StopPointRef><CommonName>Mitcham / Fair Green</CommonName><Indicator>stop H</Indicator><LocalityName>Mitcham</LocalityName><LocalityQualifier>Greater London</LocalityQualifier></AnnotatedStopPointRef><AnnotatedStopPointRef><StopPointRef>490011401D</StopPointRef><CommonName>Raleigh Gardens</CommonName><Indicator>stop D</Indicator><LocalityName>Mitcham</LocalityName><LocalityQualifier>Greater London</LocalityQualifier></AnnotatedStopPointRef><AnnotatedStopPointRef><StopPointRef>490011847W</StopPointRef><CommonName>Sadler Close (CR4)</CommonName><Indicator>stop W</Indicator><LocalityName>Mitcham</LocalityName><LocalityQualifier>Greater London</LocalityQualifier></AnnotatedStopPointRef><AnnotatedStopPointRef><StopPointRef>490009119W</StopPointRef><CommonName>Lewis Road (CR4)</CommonName><Indicator>stop W</Indicator><LocalityName>Mitcham</LocalityName><LocalityQualifier>Greater London</LocalityQualifier></AnnotatedStopPointRef><AnnotatedStopPointRef><StopPointRef>490009003W</StopPointRef><CommonName>Lavender Avenue (CR4)</CommonName><Indicator>stop W</Indicator><LocalityName>Collier's Wood</LocalityName><LocalityQualifier>Greater London</LocalityQualifier></AnnotatedStopPointRef><AnnotatedStopPointRef><StopPointRef>490005068W</StopPointRef><CommonName>Chelsea Fields (SW19)</CommonName><Indicator>stop W</Indicator><LocalityName>Collier's Wood</LocalityName><LocalityQualifier>Greater London</LocalityQualifier></AnnotatedStopPointRef><AnnotatedStopPointRef><StopPointRef>490011789J</StopPointRef><CommonName>Runnymede</CommonName><Indicator>stop J</Indicator><LocalityName>Collier's Wood</LocalityName><LocalityQualifier>Greater London</LocalityQualifier></AnnotatedStopPointRef><AnnotatedStopPointRef><StopPointRef>490005223C</StopPointRef><CommonName>Colliers Wood</CommonName><Indicator>stop C</Indicator><LocalityName>Collier's Wood</LocalityName><LocalityQualifier>Greater London</LocalityQualifier></AnnotatedStopPointRef><AnnotatedStopPointRef><StopPointRef>490009830F</StopPointRef><CommonName>Merton Abbey Savacentre</CommonName><Indicator>stop F</Indicator><LocalityName>Collier's Wood</LocalityName><LocalityQualifier>Greater London</LocalityQualifier></AnnotatedStopPointRef><AnnotatedStopPointRef><StopPointRef>490007938E</StopPointRef><CommonName>Merton High Street /Haydons Rd</CommonName><Indicator>stop SE</Indicator><LocalityName>Merton</LocalityName><LocalityQualifier>Greater London</LocalityQualifier></AnnotatedStopPointRef><AnnotatedStopPointRef><StopPointRef>490000216C</StopPointRef><CommonName>South Wimbledon</CommonName><Indicator>stop SF</Indicator><LocalityName>South Wimbledon</LocalityName><LocalityQualifier>Greater London</LocalityQualifier></AnnotatedStopPointRef><AnnotatedStopPointRef><StopPointRef>490010023L</StopPointRef><CommonName>Morden Road / Kingston Road</CommonName><Indicator>stop SN</Indicator><LocalityName>Merton</LocalityName><LocalityQualifier>Greater London</LocalityQualifier></AnnotatedStopPointRef><AnnotatedStopPointRef><StopPointRef>490014733W</StopPointRef><CommonName>Wimbledon Fire Station</CommonName><Indicator>stop SQ</Indicator><LocalityName>Merton</LocalityName><LocalityQualifier>Greater London</LocalityQualifier></AnnotatedStopPointRef><AnnotatedStopPointRef><StopPointRef>490002057D</StopPointRef><CommonName>Merton Park</CommonName><Indicator>stop MD</Indicator><LocalityName>Merton</LocalityName><LocalityQualifier>Greater London</LocalityQualifier></AnnotatedStopPointRef><AnnotatedStopPointRef><StopPointRef>490010057W</StopPointRef><CommonName>Wilton Crescent</CommonName><Indicator>stop ME</Indicator><LocalityName>Merton Park</LocalityName><LocalityQualifier>Greater London</LocalityQualifier></AnnotatedStopPointRef><AnnotatedStopPointRef><StopPointRef>490010168W</StopPointRef><CommonName>Nelson Hospital</CommonName><Indicator>stop MF</Indicator><LocalityName>Bushey Mead</LocalityName><LocalityQualifier>Greater London</LocalityQualifier></AnnotatedStopPointRef><AnnotatedStopPointRef><StopPointRef>490001339B</StopPointRef><CommonName>Wimbledon Chase Station</CommonName><Indicator>stop MH</Indicator><LocalityName>Bushey Mead</LocalityName><LocalityQualifier>Greater London</LocalityQualifier></AnnotatedStopPointRef><AnnotatedStopPointRef><StopPointRef>490009834W</StopPointRef><CommonName>Merton Park Baptist Church</CommonName><Indicator>stop MJ</Indicator><LocalityName>Bushey Mead</LocalityName><LocalityQualifier>Greater London</LocalityQualifier></AnnotatedStopPointRef><AnnotatedStopPointRef><StopPointRef>490004647W</StopPointRef><CommonName>Bushey Road / Grand Drive</CommonName><Indicator>stop U</Indicator><LocalityName>Raynes Park</LocalityName><LocalityQualifier>Greater London</LocalityQualifier></AnnotatedStopPointRef><AnnotatedStopPointRef><StopPointRef>490004832W</StopPointRef><CommonName>Carters Bridge (SW20)</CommonName><Indicator>stop Q</Indicator><LocalityName>West Barnes</LocalityName><LocalityQualifier>Greater London</LocalityQualifier></AnnotatedStopPointRef></StopPoints><RouteSections><RouteSection id="RS_48655b_H_1"><RouteLink id="RL_RS_48655b_H_1_0"><From><StopPointRef>490003963N</StopPointRef></From><To><StopPointRef>490011455S</StopPointRef></To><Direction>outbound</Direction></RouteLink><RouteLink id="RL_RS_48655b_H_1_1"><From><StopPointRef>490011455S</StopPointRef></From><To><StopPointRef>490003967S</StopPointRef></To><Direction>outbound</Direction></RouteLink><RouteLink id="RL_RS_48655b_H_1_2"><From><StopPointRef>490003967S</StopPointRef></From><To><StopPointRef>490012037S</StopPointRef></To><Direction>outbound</Direction></RouteLink><RouteLink id="RL_RS_48655b_H_1_3"><From><StopPointRef>490012037S</StopPointRef></From><To><StopPointRef>490012037N</StopPointRef></To><Direction>outbound</Direction></RouteLink><RouteLink id="RL_RS_48655b_H_1_4"><From><StopPointRef>490012037N</StopPointRef></From><To><StopPointRef>490004832E</StopPointRef></To><Direction>outbound</Direction></RouteLink><RouteLink id="RL_RS_48655b_H_1_5"><From><StopPointRef>490004832E</StopPointRef></From><To><StopPointRef>490004647E</StopPointRef></To><Direction>outbound</Direction></RouteLink><RouteLink id="RL_RS_48655b_H_1_6"><From><StopPointRef>490004647E</StopPointRef></From><To><StopPointRef>490009834E</StopPointRef></To><Direction>outbound</Direction></RouteLink><RouteLink id="RL_RS_48655b_H_1_7"><From><StopPointRef>490009834E</StopPointRef></From><To><StopPointRef>490001339A</StopPointRef></To><Direction>outbound</Direction></RouteLink><RouteLink id="RL_RS_48655b_H_1_8"><From><StopPointRef>490001339A</StopPointRef></From><To><StopPointRef>490010168E</StopPointRef></To><Direction>outbound</Direction></RouteLink><RouteLink id="RL_RS_48655b_H_1_9"><From><StopPointRef>490010168E</StopPointRef></From><To><StopPointRef>490010057E</StopPointRef></To><Direction>outbound</Direction></RouteLink><RouteLink id="RL_RS_48655b_H_1_10"><From><StopPointRef>490010057E</StopPointRef></From><To><StopPointRef>490002057C</StopPointRef></To><Direction>outbound</Direction></RouteLink><RouteLink id="RL_RS_48655b_H_1_11"><From><StopPointRef>490002057C</StopPointRef></From><To><StopPointRef>490014733E</StopPointRef></To><Direction>outbound</Direction></RouteLink><RouteLink id="RL_RS_48655b_H_1_12"><From><StopPointRef>490014733E</StopPointRef></From><To><StopPointRef>490010023K</StopPointRef></To><Direction>outbound</Direction></RouteLink><RouteLink id="RL_RS_48655b_H_1_13"><From><StopPointRef>490010023K</StopPointRef></From><To><StopPointRef>490000216D</StopPointRef></To><Direction>outbound</Direction></RouteLink><RouteLink id="RL_RS_48655b_H_1_14"><From><StopPointRef>490000216D</StopPointRef></From><To><StopPointRef>490007938F</StopPointRef></To><Direction>outbound</Direction></RouteLink><RouteLink id="RL_RS_48655b_H_1_15"><From><StopPointRef>490007938F</StopPointRef></From><To><StopPointRef>490009830E</StopPointRef></To><Direction>outbound</Direction></RouteLink><RouteLink id="RL_RS_48655b_H_1_16"><From><StopPointRef>490009830E</StopPointRef></From><To><StopPointRef>490015237B</StopPointRef></To><Direction>outbound</Direction></RouteLink><RouteLink id="RL_RS_48655b_H_1_17"><From><StopPointRef>490015237B</StopPointRef></From><To><StopPointRef>490005223K</StopPointRef></To><Direction>outbound</Direction></RouteLink><RouteLink id="RL_RS_48655b_H_1_18"><From><StopPointRef>490005223K</StopPointRef></From><To><StopPointRef>490011789H</StopPointRef></To><Direction>outbound</Direction></RouteLink><RouteLink id="RL_RS_48655b_H_1_19"><From><StopPointRef>490011789H</StopPointRef></From><To><StopPointRef>490005068E</StopPointRef></To><Direction>outbound</Direction></RouteLink><RouteLink id="RL_RS_48655b_H_1_20"><From><StopPointRef>490005068E</StopPointRef></From><To><StopPointRef>490009003E</StopPointRef></To><Direction>outbound</Direction></RouteLink><RouteLink id="RL_RS_48655b_H_1_21"><From><StopPointRef>490009003E</StopPointRef></From><To><StopPointRef>490009119E</StopPointRef></To><Direction>outbound</Direction></RouteLink><RouteLink id="RL_RS_48655b_H_1_22"><From><StopPointRef>490009119E</StopPointRef></From><To><StopPointRef>490011847F</StopPointRef></To><Direction>outbound</Direction></RouteLink><RouteLink id="RL_RS_48655b_H_1_23"><From><StopPointRef>490011847F</StopPointRef></From><To><StopPointRef>490009949H</StopPointRef></To><Direction>outbound</Direction></RouteLink></RouteSection><RouteSection id="RS_48655b_R_2"><RouteLink id="RL_RS_48655b_R_2_0"><From><StopPointRef>490011401D</StopPointRef></From><To><StopPointRef>490011847W</StopPointRef></To><Direction>inbound</Direction></RouteLink><RouteLink id="RL_RS_48655b_R_2_1"><From><StopPointRef>490011847W</StopPointRef></From><To><StopPointRef>490009119W</StopPointRef></To><Direction>inbound</Direction></RouteLink><RouteLink id="RL_RS_48655b_R_2_2"><From><StopPointRef>490009119W</StopPointRef></From><To><StopPointRef>490009003W</StopPointRef></To><Direction>inbound</Direction></RouteLink><RouteLink id="RL_RS_48655b_R_2_3"><From><StopPointRef>490009003W</StopPointRef></From><To><StopPointRef>490005068W</StopPointRef></To><Direction>inbound</Direction></RouteLink><RouteLink id="RL_RS_48655b_R_2_4"><From><StopPointRef>490005068W</StopPointRef></From><To><StopPointRef>490011789J</StopPointRef></To><Direction>inbound</Direction></RouteLink><RouteLink id="RL_RS_48655b_R_2_5"><From><StopPointRef>490011789J</StopPointRef></From><To><StopPointRef>490005223C</StopPointRef></To><Direction>inbound</Direction></RouteLink><RouteLink id="RL_RS_48655b_R_2_6"><From><StopPointRef>490005223C</StopPointRef></From><To><StopPointRef>490009830F</StopPointRef></To><Direction>inbound</Direction></RouteLink><RouteLink id="RL_RS_48655b_R_2_7"><From><StopPointRef>490009830F</StopPointRef></From><To><StopPointRef>490007938E</StopPointRef></To><Direction>inbound</Direction></RouteLink><RouteLink id="RL_RS_48655b_R_2_8"><From><StopPointRef>490007938E</StopPointRef></From><To><StopPointRef>490000216C</StopPointRef></To><Direction>inbound</Direction></RouteLink><RouteLink id="RL_RS_48655b_R_2_9"><From><StopPointRef>490000216C</StopPointRef></From><To><StopPointRef>490010023L</StopPointRef></To><Direction>inbound</Direction></RouteLink><RouteLink id="RL_RS_48655b_R_2_10"><From><StopPointRef>490010023L</StopPointRef></From><To><StopPointRef>490014733W</StopPointRef></To><Direction>inbound</Direction></RouteLink><RouteLink id="RL_RS_48655b_R_2_11"><From><StopPointRef>490014733W</StopPointRef></From><To><StopPointRef>490002057D</StopPointRef></To><Direction>inbound</Direction></RouteLink><RouteLink id="RL_RS_48655b_R_2_12"><From><StopPointRef>490002057D</StopPointRef></From><To><StopPointRef>490010057W</StopPointRef></To><Direction>inbound</Direction></RouteLink><RouteLink id="RL_RS_48655b_R_2_13"><From><StopPointRef>490010057W</StopPointRef></From><To><StopPointRef>490010168W</StopPointRef></To><Direction>inbound</Direction></RouteLink><RouteLink id="RL_RS_48655b_R_2_14"><From><StopPointRef>490010168W</StopPointRef></From><To><StopPointRef>490001339B</StopPointRef></To><Direction>inbound</Direction></RouteLink><RouteLink id="RL_RS_48655b_R_2_15"><From><StopPointRef>490001339B</StopPointRef></From><To><StopPointRef>490009834W</StopPointRef></To><Direction>inbound</Direction></RouteLink><RouteLink id="RL_RS_48655b_R_2_16"><From><StopPointRef>490009834W</StopPointRef></From><To><StopPointRef>490004647W</StopPointRef></To><Direction>inbound</Direction></RouteLink><RouteLink id="RL_RS_48655b_R_2_17"><From><StopPointRef>490004647W</StopPointRef></From><To><StopPointRef>490004832W</StopPointRef></To><Direction>inbound</Direction></RouteLink><RouteLink id="RL_RS_48655b_R_2_18"><From><StopPointRef>490004832W</StopPointRef></From><To><StopPointRef>490003963N</StopPointRef></To><Direction>inbound</Direction></RouteLink></RouteSection></RouteSections><Routes><Route id="R_48655b_H_1"><PrivateCode>R_48655b_H_1</PrivateCode><Description>Beverley Park Golf Range - Mitcham / Fair Green</Description><RouteSectionRef>RS_48655b_H_1</RouteSectionRef></Route><Route id="R_48655b_R_2"><PrivateCode>R_48655b_R_2</PrivateCode><Description>Raleigh Gardens - Beverley Park Golf Range</Description><RouteSectionRef>RS_48655b_R_2</RouteSectionRef></Route></Routes><JourneyPatternSections><JourneyPatternSection id="JPS_48655b_H_1"><JourneyPatternTimingLink id="JPL_48655b_H_1_0"><From SequenceNumber="1"><StopPointRef>490003963N</StopPointRef><TimingStatus>PTP</TimingStatus></From><To SequenceNumber="2"><StopPointRef>490011455S</StopPointRef><TimingStatus>PTP</TimingStatus></To><RunTime>PT36S</RunTime></JourneyPatternTimingLink><JourneyPatternTimingLink id="JPL_48655b_H_1_1"><From SequenceNumber="2"><StopPointRef>490011455S</StopPointRef><TimingStatus>PTP</TimingStatus></From><To SequenceNumber="3"><StopPointRef>490003967S</StopPointRef><TimingStatus>PTP</TimingStatus></To><RunTime>PT36S</RunTime></JourneyPatternTimingLink><JourneyPatternTimingLink id="JPL_48655b_H_1_2"><From SequenceNumber="3"><StopPointRef>490003967S</StopPointRef><TimingStatus>PTP</TimingStatus></From><To SequenceNumber="4"><StopPointRef>490012037S</StopPointRef><TimingStatus>PTP</TimingStatus></To><RunTime>PT36S</RunTime></JourneyPatternTimingLink><JourneyPatternTimingLink id="JPL_48655b_H_1_3"><From SequenceNumber="4"><StopPointRef>490012037S</StopPointRef><TimingStatus>PTP</TimingStatus></From><To SequenceNumber="5"><StopPointRef>490012037N</StopPointRef><TimingStatus>PTP</TimingStatus></To><RunTime>PT36S</RunTime></JourneyPatternTimingLink><JourneyPatternTimingLink id="JPL_48655b_H_1_4"><From SequenceNumber="5"><StopPointRef>490012037N</StopPointRef><TimingStatus>PTP</TimingStatus></From><To SequenceNumber="6"><StopPointRef>490004832E</StopPointRef><TimingStatus>PTP</TimingStatus></To><RunTime>PT36S</RunTime></JourneyPatternTimingLink><JourneyPatternTimingLink id="JPL_48655b_H_1_5"><From SequenceNumber="6"><StopPointRef>490004832E</StopPointRef><TimingStatus>PTP</TimingStatus></From><To SequenceNumber="7"><StopPointRef>490004647E</StopPointRef><TimingStatus>PTP</TimingStatus></To><RunTime>PT108S</RunTime></JourneyPatternTimingLink><JourneyPatternTimingLink id="JPL_48655b_H_1_6"><From SequenceNumber="7"><StopPointRef>490004647E</StopPointRef><TimingStatus>PTP</TimingStatus></From><To SequenceNumber="8"><StopPointRef>490009834E</StopPointRef><TimingStatus>PTP</TimingStatus></To><RunTime>PT114S</RunTime></JourneyPatternTimingLink><JourneyPatternTimingLink id="JPL_48655b_H_1_7"><From SequenceNumber="8"><StopPointRef>490009834E</StopPointRef><TimingStatus>PTP</TimingStatus></From><To SequenceNumber="9"><StopPointRef>490001339A</StopPointRef><TimingStatus>PTP</TimingStatus></To><RunTime>PT114S</RunTime></JourneyPatternTimingLink><JourneyPatternTimingLink id="JPL_48655b_H_1_8"><From SequenceNumber="9"><StopPointRef>490001339A</StopPointRef><TimingStatus>PTP</TimingStatus></From><To SequenceNumber="10"><StopPointRef>490010168E</StopPointRef><TimingStatus>PTP</TimingStatus></To><RunTime>PT114S</RunTime></JourneyPatternTimingLink><JourneyPatternTimingLink id="JPL_48655b_H_1_9"><From SequenceNumber="10"><StopPointRef>490010168E</StopPointRef><TimingStatus>PTP</TimingStatus></From><To SequenceNumber="11"><StopPointRef>490010057E</StopPointRef><TimingStatus>PTP</TimingStatus></To><RunTime>PT114S</RunTime></JourneyPatternTimingLink><JourneyPatternTimingLink id="JPL_48655b_H_1_10"><From SequenceNumber="11"><StopPointRef>490010057E</StopPointRef><TimingStatus>PTP</TimingStatus></From><To SequenceNumber="12"><StopPointRef>490002057C</StopPointRef><TimingStatus>PTP</TimingStatus></To><RunTime>PT114S</RunTime></JourneyPatternTimingLink><JourneyPatternTimingLink id="JPL_48655b_H_1_11"><From SequenceNumber="12"><StopPointRef>490002057C</StopPointRef><TimingStatus>PTP</TimingStatus></From><To SequenceNumber="13"><StopPointRef>490014733E</StopPointRef><TimingStatus>PTP</TimingStatus></To><RunTime>PT108S</RunTime></JourneyPatternTimingLink><JourneyPatternTimingLink id="JPL_48655b_H_1_12"><From SequenceNumber="13"><StopPointRef>490014733E</StopPointRef><TimingStatus>PTP</TimingStatus></From><To SequenceNumber="14"><StopPointRef>490010023K</StopPointRef><TimingStatus>PTP</TimingStatus></To><RunTime>PT114S</RunTime></JourneyPatternTimingLink><JourneyPatternTimingLink id="JPL_48655b_H_1_13"><From SequenceNumber="14"><StopPointRef>490010023K</StopPointRef><TimingStatus>PTP</TimingStatus></From><To SequenceNumber="15"><StopPointRef>490000216D</StopPointRef><TimingStatus>PTP</TimingStatus></To><RunTime>PT120S</RunTime></JourneyPatternTimingLink><JourneyPatternTimingLink id="JPL_48655b_H_1_14"><From SequenceNumber="15"><StopPointRef>490000216D</StopPointRef><TimingStatus>PTP</TimingStatus></From><To SequenceNumber="16"><StopPointRef>490007938F</StopPointRef><TimingStatus>PTP</TimingStatus></To><RunTime>PT90S</RunTime></JourneyPatternTimingLink><JourneyPatternTimingLink id="JPL_48655b_H_1_15"><From SequenceNumber="16"><StopPointRef>490007938F</StopPointRef><TimingStatus>PTP</TimingStatus></From><To SequenceNumber="17"><StopPointRef>490009830E</StopPointRef><TimingStatus>PTP</TimingStatus></To><RunTime>PT90S</RunTime></JourneyPatternTimingLink><JourneyPatternTimingLink id="JPL_48655b_H_1_16"><From SequenceNumber="17"><StopPointRef>490009830E</StopPointRef><TimingStatus>PTP</TimingStatus></From><To SequenceNumber="18"><StopPointRef>490015237B</StopPointRef><TimingStatus>PTP</TimingStatus></To><RunTime>PT72S</RunTime></JourneyPatternTimingLink><JourneyPatternTimingLink id="JPL_48655b_H_1_17"><From SequenceNumber="18"><StopPointRef>490015237B</StopPointRef><TimingStatus>PTP</TimingStatus></From><To SequenceNumber="19"><StopPointRef>490005223K</StopPointRef><TimingStatus>PTP</TimingStatus></To><RunTime>PT78S</RunTime></JourneyPatternTimingLink><JourneyPatternTimingLink id="JPL_48655b_H_1_18"><From SequenceNumber="19"><StopPointRef>490005223K</StopPointRef><TimingStatus>PTP</TimingStatus></From><To SequenceNumber="20"><StopPointRef>490011789H</StopPointRef><TimingStatus>PTP</TimingStatus></To><RunTime>PT72S</RunTime></JourneyPatternTimingLink><JourneyPatternTimingLink id="JPL_48655b_H_1_19"><From SequenceNumber="20"><StopPointRef>490011789H</StopPointRef><TimingStatus>PTP</TimingStatus></From><To SequenceNumber="21"><StopPointRef>490005068E</StopPointRef><TimingStatus>PTP</TimingStatus></To><RunTime>PT78S</RunTime></JourneyPatternTimingLink><JourneyPatternTimingLink id="JPL_48655b_H_1_20"><From SequenceNumber="21"><StopPointRef>490005068E</StopPointRef><TimingStatus>PTP</TimingStatus></From><To SequenceNumber="22"><StopPointRef>490009003E</StopPointRef><TimingStatus>PTP</TimingStatus></To><RunTime>PT72S</RunTime></JourneyPatternTimingLink><JourneyPatternTimingLink id="JPL_48655b_H_1_21"><From SequenceNumber="22"><StopPointRef>490009003E</StopPointRef><TimingStatus>PTP</TimingStatus></From><To SequenceNumber="23"><StopPointRef>490009119E</StopPointRef><TimingStatus>PTP</TimingStatus></To><RunTime>PT78S</RunTime></JourneyPatternTimingLink><JourneyPatternTimingLink id="JPL_48655b_H_1_22"><From SequenceNumber="23"><StopPointRef>490009119E</StopPointRef><TimingStatus>PTP</TimingStatus></From><To SequenceNumber="24"><StopPointRef>490011847F</StopPointRef><TimingStatus>PTP</TimingStatus></To><RunTime>PT72S</RunTime></JourneyPatternTimingLink><JourneyPatternTimingLink id="JPL_48655b_H_1_23"><From SequenceNumber="24"><StopPointRef>490011847F</StopPointRef><TimingStatus>PTP</TimingStatus></From><To SequenceNumber="25"><StopPointRef>490009949H</StopPointRef><TimingStatus>PTP</TimingStatus></To><RunTime>PT78S</RunTime></JourneyPatternTimingLink></JourneyPatternSection><JourneyPatternSection id="JPS_48655b_H_2"><JourneyPatternTimingLink id="JPL_48655b_H_2_0"><From SequenceNumber="1"><StopPointRef>490003963N</StopPointRef><TimingStatus>PTP</TimingStatus></From><To SequenceNumber="2"><StopPointRef>490011455S</StopPointRef><TimingStatus>PTP</TimingStatus></To><RunTime>PT36S</RunTime></JourneyPatternTimingLink><JourneyPatternTimingLink id="JPL_48655b_H_2_1"><From SequenceNumber="2"><StopPointRef>490011455S</StopPointRef><TimingStatus>PTP</TimingStatus></From><To SequenceNumber="3"><StopPointRef>490003967S</StopPointRef><TimingStatus>PTP</TimingStatus></To><RunTime>PT36S</RunTime></JourneyPatternTimingLink><JourneyPatternTimingLink id="JPL_48655b_H_2_2"><From SequenceNumber="3"><StopPointRef>490003967S</StopPointRef><TimingStatus>PTP</TimingStatus></From><To SequenceNumber="4"><StopPointRef>490012037S</StopPointRef><TimingStatus>PTP</TimingStatus></To><RunTime>PT36S</RunTime></JourneyPatternTimingLink><JourneyPatternTimingLink id="JPL_48655b_H_2_3"><From SequenceNumber="4"><StopPointRef>490012037S</StopPointRef><TimingStatus>PTP</TimingStatus></From><To SequenceNumber="5"><StopPointRef>490012037N</StopPointRef><TimingStatus>PTP</TimingStatus></To><RunTime>PT36S</RunTime></JourneyPatternTimingLink><JourneyPatternTimingLink id="JPL_48655b_H_2_4"><From SequenceNumber="5"><StopPointRef>490012037N</StopPointRef><TimingStatus>PTP</TimingStatus></From><To SequenceNumber="6"><StopPointRef>490004832E</StopPointRef><TimingStatus>PTP</TimingStatus></To><RunTime>PT36S</RunTime></JourneyPatternTimingLink><JourneyPatternTimingLink id="JPL_48655b_H_2_5"><From SequenceNumber="6"><StopPointRef>490004832E</StopPointRef><TimingStatus>PTP</TimingStatus></From><To SequenceNumber="7"><StopPointRef>490004647E</StopPointRef><TimingStatus>PTP</TimingStatus></To><RunTime>PT102S</RunTime></JourneyPatternTimingLink><JourneyPatternTimingLink id="JPL_48655b_H_2_6"><From SequenceNumber="7"><StopPointRef>490004647E</StopPointRef><TimingStatus>PTP</TimingStatus></From><To SequenceNumber="8"><StopPointRef>490009834E</StopPointRef><TimingStatus>PTP</TimingStatus></To><RunTime>PT108S</RunTime></JourneyPatternTimingLink><JourneyPatternTimingLink id="JPL_48655b_H_2_7"><From SequenceNumber="8"><StopPointRef>490009834E</StopPointRef><TimingStatus>PTP</TimingStatus></From><To SequenceNumber="9"><StopPointRef>490001339A</StopPointRef><TimingStatus>PTP</TimingStatus></To><RunTime>PT108S</RunTime></JourneyPatternTimingLink><JourneyPatternTimingLink id="JPL_48655b_H_2_8"><From SequenceNumber="9"><StopPointRef>490001339A</StopPointRef><TimingStatus>PTP</TimingStatus></From><To SequenceNumber="10"><StopPointRef>490010168E</StopPointRef><TimingStatus>PTP</TimingStatus></To><RunTime>PT102S</RunTime></JourneyPatternTimingLink><JourneyPatternTimingLink id="JPL_48655b_H_2_9"><From SequenceNumber="10"><StopPointRef>490010168E</StopPointRef><TimingStatus>PTP</TimingStatus></From><To SequenceNumber="11"><StopPointRef>490010057E</StopPointRef><TimingStatus>PTP</TimingStatus></To><RunTime>PT108S</RunTime></JourneyPatternTimingLink><JourneyPatternTimingLink id="JPL_48655b_H_2_10"><From SequenceNumber="11"><StopPointRef>490010057E</StopPointRef><TimingStatus>PTP</TimingStatus></From><To SequenceNumber="12"><StopPointRef>490002057C</StopPointRef><TimingStatus>PTP</TimingStatus></To><RunTime>PT108S</RunTime></JourneyPatternTimingLink><JourneyPatternTimingLink id="JPL_48655b_H_2_11"><From SequenceNumber="12"><StopPointRef>490002057C</StopPointRef><TimingStatus>PTP</TimingStatus></From><To SequenceNumber="13"><StopPointRef>490014733E</StopPointRef><TimingStatus>PTP</TimingStatus></To><RunTime>PT102S</RunTime></JourneyPatternTimingLink><JourneyPatternTimingLink id="JPL_48655b_H_2_12"><From SequenceNumber="13"><StopPointRef>490014733E</StopPointRef><TimingStatus>PTP</TimingStatus></From><To SequenceNumber="14"><StopPointRef>490010023K</StopPointRef><TimingStatus>PTP</TimingStatus></To><RunTime>PT108S</RunTime></JourneyPatternTimingLink><JourneyPatternTimingLink id="JPL_48655b_H_2_13"><From SequenceNumber="14"><StopPointRef>490010023K</StopPointRef><TimingStatus>PTP</TimingStatus></From><To SequenceNumber="15"><StopPointRef>490000216D</StopPointRef><TimingStatus>PTP</TimingStatus></To><RunTime>PT114S</RunTime></JourneyPatternTimingLink><JourneyPatternTimingLink id="JPL_48655b_H_2_14"><From SequenceNumber="15"><StopPointRef>490000216D</StopPointRef><TimingStatus>PTP</TimingStatus></From><To SequenceNumber="16"><StopPointRef>490007938F</StopPointRef><TimingStatus>PTP</TimingStatus></To><RunTime>PT120S</RunTime></JourneyPatternTimingLink><JourneyPatternTimingLink id="JPL_48655b_H_2_15"><From SequenceNumber="16"><StopPointRef>490007938F</StopPointRef><TimingStatus>PTP</TimingStatus></From><To SequenceNumber="17"><StopPointRef>490009830E</StopPointRef><TimingStatus>PTP</TimingStatus></To><RunTime>PT120S</RunTime></JourneyPatternTimingLink><JourneyPatternTimingLink id="JPL_48655b_H_2_16"><From SequenceNumber="17"><StopPointRef>490009830E</StopPointRef><TimingStatus>PTP</TimingStatus></From><To SequenceNumber="18"><StopPointRef>490015237B</StopPointRef><TimingStatus>PTP</TimingStatus></To><RunTime>PT66S</RunTime></JourneyPatternTimingLink><JourneyPatternTimingLink id="JPL_48655b_H_2_17"><From SequenceNumber="18"><StopPointRef>490015237B</StopPointRef><TimingStatus>PTP</TimingStatus></From><To SequenceNumber="19"><StopPointRef>490005223K</StopPointRef><TimingStatus>PTP</TimingStatus></To><RunTime>PT66S</RunTime></JourneyPatternTimingLink><JourneyPatternTimingLink id="JPL_48655b_H_2_18"><From SequenceNumber="19"><StopPointRef>490005223K</StopPointRef><TimingStatus>PTP</TimingStatus></From><To SequenceNumber="20"><StopPointRef>490011789H</StopPointRef><TimingStatus>PTP</TimingStatus></To><RunTime>PT66S</RunTime></JourneyPatternTimingLink><JourneyPatternTimingLink id="JPL_48655b_H_2_19"><From SequenceNumber="20"><StopPointRef>490011789H</StopPointRef><TimingStatus>PTP</TimingStatus></From><To SequenceNumber="21"><StopPointRef>490005068E</StopPointRef><TimingStatus>PTP</TimingStatus></To><RunTime>PT66S</RunTime></JourneyPatternTimingLink><JourneyPatternTimingLink id="JPL_48655b_H_2_20"><From SequenceNumber="21"><StopPointRef>490005068E</StopPointRef><TimingStatus>PTP</TimingStatus></From><To SequenceNumber="22"><StopPointRef>490009003E</StopPointRef><TimingStatus>PTP</TimingStatus></To><RunTime>PT66S</RunTime></JourneyPatternTimingLink><JourneyPatternTimingLink id="JPL_48655b_H_2_21"><From SequenceNumber="22"><StopPointRef>490009003E</StopPointRef><TimingStatus>PTP</TimingStatus></From><To SequenceNumber="23"><StopPointRef>490009119E</StopPointRef><TimingStatus>PTP</TimingStatus></To><RunTime>PT72S</RunTime></JourneyPatternTimingLink><JourneyPatternTimingLink id="JPL_48655b_H_2_22"><From SequenceNumber="23"><StopPointRef>490009119E</StopPointRef><TimingStatus>PTP</TimingStatus></From><To SequenceNumber="24"><StopPointRef>490011847F</StopPointRef><TimingStatus>PTP</TimingStatus></To><RunTime>PT66S</RunTime></JourneyPatternTimingLink><JourneyPatternTimingLink id="JPL_48655b_H_2_23"><From SequenceNumber="24"><StopPointRef>490011847F</StopPointRef><TimingStatus>PTP</TimingStatus></From><To SequenceNumber="25"><StopPointRef>490009949H</StopPointRef><TimingStatus>PTP</TimingStatus></To><RunTime>PT72S</RunTime></JourneyPatternTimingLink></JourneyPatternSection><JourneyPatternSection id="JPS_48655b_R_1"><JourneyPatternTimingLink id="JPL_48655b_R_1_0"><From SequenceNumber="1"><StopPointRef>490011401D</StopPointRef><TimingStatus>PTP</TimingStatus></From><To SequenceNumber="2"><StopPointRef>490011847W</StopPointRef><TimingStatus>PTP</TimingStatus></To><RunTime>PT126S</RunTime></JourneyPatternTimingLink><JourneyPatternTimingLink id="JPL_48655b_R_1_1"><From SequenceNumber="2"><StopPointRef>490011847W</StopPointRef><TimingStatus>PTP</TimingStatus></From><To SequenceNumber="3"><StopPointRef>490009119W</StopPointRef><TimingStatus>PTP</TimingStatus></To><RunTime>PT126S</RunTime></JourneyPatternTimingLink><JourneyPatternTimingLink id="JPL_48655b_R_1_2"><From SequenceNumber="3"><StopPointRef>490009119W</StopPointRef><TimingStatus>PTP</TimingStatus></From><To SequenceNumber="4"><StopPointRef>490009003W</StopPointRef><TimingStatus>PTP</TimingStatus></To><RunTime>PT132S</RunTime></JourneyPatternTimingLink><JourneyPatternTimingLink id="JPL_48655b_R_1_3"><From SequenceNumber="4"><StopPointRef>490009003W</StopPointRef><TimingStatus>PTP</TimingStatus></From><To SequenceNumber="5"><StopPointRef>490005068W</StopPointRef><TimingStatus>PTP</TimingStatus></To><RunTime>PT126S</RunTime></JourneyPatternTimingLink><JourneyPatternTimingLink id="JPL_48655b_R_1_4"><From SequenceNumber="5"><StopPointRef>490005068W</StopPointRef><TimingStatus>PTP</TimingStatus></From><To SequenceNumber="6"><StopPointRef>490011789J</StopPointRef><TimingStatus>PTP</TimingStatus></To><RunTime>PT126S</RunTime></JourneyPatternTimingLink><JourneyPatternTimingLink id="JPL_48655b_R_1_5"><From SequenceNumber="6"><StopPointRef>490011789J</StopPointRef><TimingStatus>PTP</TimingStatus></From><To SequenceNumber="7"><StopPointRef>490005223C</StopPointRef><TimingStatus>PTP</TimingStatus></To><RunTime>PT132S</RunTime></JourneyPatternTimingLink><JourneyPatternTimingLink id="JPL_48655b_R_1_6"><From SequenceNumber="7"><StopPointRef>490005223C</StopPointRef><TimingStatus>PTP</TimingStatus></From><To SequenceNumber="8"><StopPointRef>490009830F</StopPointRef><TimingStatus>PTP</TimingStatus></To><RunTime>PT132S</RunTime></JourneyPatternTimingLink><JourneyPatternTimingLink id="JPL_48655b_R_1_7"><From SequenceNumber="8"><StopPointRef>490009830F</StopPointRef><TimingStatus>PTP</TimingStatus></From><To SequenceNumber="9"><StopPointRef>490007938E</StopPointRef><TimingStatus>PTP</TimingStatus></To><RunTime>PT90S</RunTime></JourneyPatternTimingLink><JourneyPatternTimingLink id="JPL_48655b_R_1_8"><From SequenceNumber="9"><StopPointRef>490007938E</StopPointRef><TimingStatus>PTP</TimingStatus></From><To SequenceNumber="10"><StopPointRef>490000216C</StopPointRef><TimingStatus>PTP</TimingStatus></To><RunTime>PT90S</RunTime></JourneyPatternTimingLink><JourneyPatternTimingLink id="JPL_48655b_R_1_9"><From SequenceNumber="10"><StopPointRef>490000216C</StopPointRef><TimingStatus>PTP</TimingStatus></From><To SequenceNumber="11"><StopPointRef>490010023L</StopPointRef><TimingStatus>PTP</TimingStatus></To><RunTime>PT84S</RunTime></JourneyPatternTimingLink><JourneyPatternTimingLink id="JPL_48655b_R_1_10"><From SequenceNumber="11"><StopPointRef>490010023L</StopPointRef><TimingStatus>PTP</TimingStatus></From><To SequenceNumber="12"><StopPointRef>490014733W</StopPointRef><TimingStatus>PTP</TimingStatus></To><RunTime>PT84S</RunTime></JourneyPatternTimingLink><JourneyPatternTimingLink id="JPL_48655b_R_1_11"><From SequenceNumber="12"><StopPointRef>490014733W</StopPointRef><TimingStatus>PTP</TimingStatus></From><To SequenceNumber="13"><StopPointRef>490002057D</StopPointRef><TimingStatus>PTP</TimingStatus></To><RunTime>PT84S</RunTime></JourneyPatternTimingLink><JourneyPatternTimingLink id="JPL_48655b_R_1_12"><From SequenceNumber="13"><StopPointRef>490002057D</StopPointRef><TimingStatus>PTP</TimingStatus></From><To SequenceNumber="14"><StopPointRef>490010057W</StopPointRef><TimingStatus>PTP</TimingStatus></To><RunTime>PT84S</RunTime></JourneyPatternTimingLink><JourneyPatternTimingLink id="JPL_48655b_R_1_13"><From SequenceNumber="14"><StopPointRef>490010057W</StopPointRef><TimingStatus>PTP</TimingStatus></From><To SequenceNumber="15"><StopPointRef>490010168W</StopPointRef><TimingStatus>PTP</TimingStatus></To><RunTime>PT84S</RunTime></JourneyPatternTimingLink><JourneyPatternTimingLink id="JPL_48655b_R_1_14"><From SequenceNumber="15"><StopPointRef>490010168W</StopPointRef><TimingStatus>PTP</TimingStatus></From><To SequenceNumber="16"><StopPointRef>490001339B</StopPointRef><TimingStatus>PTP</TimingStatus></To><RunTime>PT84S</RunTime></JourneyPatternTimingLink><JourneyPatternTimingLink id="JPL_48655b_R_1_15"><From SequenceNumber="16"><StopPointRef>490001339B</StopPointRef><TimingStatus>PTP</TimingStatus></From><To SequenceNumber="17"><StopPointRef>490009834W</StopPointRef><TimingStatus>PTP</TimingStatus></To><RunTime>PT84S</RunTime></JourneyPatternTimingLink><JourneyPatternTimingLink id="JPL_48655b_R_1_16"><From SequenceNumber="17"><StopPointRef>490009834W</StopPointRef><TimingStatus>PTP</TimingStatus></From><To SequenceNumber="18"><StopPointRef>490004647W</StopPointRef><TimingStatus>PTP</TimingStatus></To><RunTime>PT84S</RunTime></JourneyPatternTimingLink><JourneyPatternTimingLink id="JPL_48655b_R_1_17"><From SequenceNumber="18"><StopPointRef>490004647W</StopPointRef><TimingStatus>PTP</TimingStatus></From><To SequenceNumber="19"><StopPointRef>490004832W</StopPointRef><TimingStatus>PTP</TimingStatus></To><RunTime>PT84S</RunTime></JourneyPatternTimingLink><JourneyPatternTimingLink id="JPL_48655b_R_1_18"><From SequenceNumber="19"><StopPointRef>490004832W</StopPointRef><TimingStatus>PTP</TimingStatus></From><To SequenceNumber="20"><StopPointRef>490003963N</StopPointRef><TimingStatus>PTP</TimingStatus></To><RunTime>PT84S</RunTime></JourneyPatternTimingLink></JourneyPatternSection></JourneyPatternSections><Operators><Operator id="OId_48"><OperatorCode>LG</OperatorCode><OperatorShortName>London General</OperatorShortName><OperatorNameOnLicence>London General</OperatorNameOnLicence><TradingName>London General</TradingName></Operator></Operators><Services><Service><ServiceCode>SId_48655b5</ServiceCode><PrivateCode>48655b5</PrivateCode><Lines><Line id="LId_48655b5"><LineName>655</LineName></Line></Lines><OperatingPeriod><StartDate>2009-12-01</StartDate><EndDate>2010-12-23</EndDate></OperatingPeriod><OperatingProfile><RegularDayType>
					<DaysOfWeek>
						<Monday/>
						<Tuesday/>
						<Wednesday/>
						<Thursday/>
					</DaysOfWeek>
				</RegularDayType>
				<BankHolidayOperation><DaysOfNonOperation><AllBankHolidays></AllBankHolidays></DaysOfNonOperation></BankHolidayOperation></OperatingProfile><RegisteredOperatorRef>OId_48</RegisteredOperatorRef><StopRequirements><NoNewStopsRequired/></StopRequirements><StandardService><Origin>Beverley Park Golf Range</Origin><Destination>Mitcham / Fair Green</Destination><JourneyPattern id="JP_48655b_H5_1"><Direction>outbound</Direction><Operational><VehicleType><VehicleTypeCode>08</VehicleTypeCode><Description>Double Decker Low Floor+Wheelchair</Description></VehicleType></Operational><RouteRef>R_48655b_H_1</RouteRef><JourneyPatternSectionRefs>JPS_48655b_H_1</JourneyPatternSectionRefs></JourneyPattern><JourneyPattern id="JP_48655b_H5_2"><Direction>outbound</Direction><Operational><VehicleType><VehicleTypeCode>08</VehicleTypeCode><Description>Double Decker Low Floor+Wheelchair</Description></VehicleType></Operational><RouteRef>R_48655b_H_1</RouteRef><JourneyPatternSectionRefs>JPS_48655b_H_2</JourneyPatternSectionRefs></JourneyPattern><JourneyPattern id="JP_48655b_R5_1"><Direction>inbound</Direction><Operational><VehicleType><VehicleTypeCode>08</VehicleTypeCode><Description>Double Decker Low Floor+Wheelchair</Description></VehicleType></Operational><RouteRef>R_48655b_R_2</RouteRef><JourneyPatternSectionRefs>JPS_48655b_R_1</JourneyPatternSectionRefs></JourneyPattern></StandardService></Service><Service><ServiceCode>SId_48655b6</ServiceCode><PrivateCode>48655b6</PrivateCode><Lines><Line id="LId_48655b6"><LineName>655</LineName></Line></Lines><OperatingPeriod><StartDate>2009-12-01</StartDate><EndDate>2010-12-23</EndDate></OperatingPeriod><OperatingProfile><RegularDayType>
					<DaysOfWeek>
						<Friday/>
					</DaysOfWeek>
				</RegularDayType>
				<BankHolidayOperation><DaysOfNonOperation><AllBankHolidays></AllBankHolidays></DaysOfNonOperation></BankHolidayOperation></OperatingProfile><RegisteredOperatorRef>OId_48</RegisteredOperatorRef><StopRequirements><NoNewStopsRequired/></StopRequirements><StandardService><Origin>Beverley Park Golf Range</Origin><Destination>Mitcham / Fair Green</Destination><JourneyPattern id="JP_48655b_H6_1"><Direction>outbound</Direction><Operational><VehicleType><VehicleTypeCode>08</VehicleTypeCode><Description>Double Decker Low Floor+Wheelchair</Description></VehicleType></Operational><RouteRef>R_48655b_H_1</RouteRef><JourneyPatternSectionRefs>JPS_48655b_H_1</JourneyPatternSectionRefs></JourneyPattern><JourneyPattern id="JP_48655b_H6_2"><Direction>outbound</Direction><Operational><VehicleType><VehicleTypeCode>08</VehicleTypeCode><Description>Double Decker Low Floor+Wheelchair</Description></VehicleType></Operational><RouteRef>R_48655b_H_1</RouteRef><JourneyPatternSectionRefs>JPS_48655b_H_2</JourneyPatternSectionRefs></JourneyPattern><JourneyPattern id="JP_48655b_R6_1"><Direction>inbound</Direction><Operational><VehicleType><VehicleTypeCode>08</VehicleTypeCode><Description>Double Decker Low Floor+Wheelchair</Description></VehicleType></Operational><RouteRef>R_48655b_R_2</RouteRef><JourneyPatternSectionRefs>JPS_48655b_R_1</JourneyPatternSectionRefs></JourneyPattern></StandardService></Service></Services><VehicleJourneys><VehicleJourney><PrivateCode>48655bb5H6550002</PrivateCode><Operational><VehicleType><VehicleTypeCode>08</VehicleTypeCode><Description>Double Decker Low Floor+Wheelchair</Description></VehicleType></Operational><OperatingProfile><RegularDayType>
					<DaysOfWeek>
						<Monday/>
						<Tuesday/>
						<Wednesday/>
						<Thursday/>
					</DaysOfWeek>
				</RegularDayType>
			</OperatingProfile><VehicleJourneyCode>48655bb5H6550002</VehicleJourneyCode><ServiceRef>SId_48655b5</ServiceRef><LineRef>LId_48655b5</LineRef><JourneyPatternRef>JP_48655b_H5_2</JourneyPatternRef><DepartureTime>15:30:00</DepartureTime></VehicleJourney><VehicleJourney><PrivateCode>48655bb6H6550001</PrivateCode><Operational><VehicleType><VehicleTypeCode>08</VehicleTypeCode><Description>Double Decker Low Floor+Wheelchair</Description></VehicleType></Operational><OperatingProfile><RegularDayType>
					<DaysOfWeek>
						<Friday/>
					</DaysOfWeek>
				</RegularDayType>
			</OperatingProfile><VehicleJourneyCode>48655bb6H6550001</VehicleJourneyCode><ServiceRef>SId_48655b6</ServiceRef><LineRef>LId_48655b6</LineRef><JourneyPatternRef>JP_48655b_H6_1</JourneyPatternRef><DepartureTime>15:07:00</DepartureTime></VehicleJourney><VehicleJourney><PrivateCode>48655bb5R6550004</PrivateCode><Operational><VehicleType><VehicleTypeCode>08</VehicleTypeCode><Description>Double Decker Low Floor+Wheelchair</Description></VehicleType></Operational><OperatingProfile><RegularDayType>
					<DaysOfWeek>
						<Monday/>
						<Tuesday/>
						<Wednesday/>
						<Thursday/>
					</DaysOfWeek>
				</RegularDayType>
			</OperatingProfile><VehicleJourneyCode>48655bb5R6550004</VehicleJourneyCode><ServiceRef>SId_48655b5</ServiceRef><LineRef>LId_48655b5</LineRef><JourneyPatternRef>JP_48655b_R5_1</JourneyPatternRef><DepartureTime>07:47:00</DepartureTime></VehicleJourney><VehicleJourney><PrivateCode>48655bb6R6550003</PrivateCode><Operational><VehicleType><VehicleTypeCode>08</VehicleTypeCode><Description>Double Decker Low Floor+Wheelchair</Description></VehicleType></Operational><OperatingProfile><RegularDayType>
					<DaysOfWeek>
						<Friday/>
					</DaysOfWeek>
				</RegularDayType>
			</OperatingProfile><VehicleJourneyCode>48655bb6R6550003</VehicleJourneyCode><ServiceRef>SId_48655b6</ServiceRef><LineRef>LId_48655b6</LineRef><JourneyPatternRef>JP_48655b_R6_1</JourneyPatternRef><DepartureTime>07:47:00</DepartureTime></VehicleJourney></VehicleJourneys></TransXChange>
