<?xml version="1.0" encoding="UTF-8"?>
<TransXChange CreationDateTime="2010-10-28T09:20:54" ModificationDateTime="2010-10-28T09:20:54" Modification="new" FileName="G:\mentzdv\Datastore\output_txc_59664f.xml" RevisionNumber="0" SchemaVersion="2.1" xmlns:xsi="http://www.w3.org/2001/XMLSchema-instance" xsi:schemaLocation="http://www.transxchange.org.uk/ http://www.transxchange.org.uk/schema/2.1/TransXChange_general.xsd" xmlns="http://www.transxchange.org.uk/" xmlns:n1="http://www.transxchange.org.uk/" xmlns:n2="http://www.govtalk.gov.uk/people/AddressAndPersonalDetails" xmlns:n3="http://www.govtalk.gov.uk/core" xmlns:n4="http://www.govtalk.gov.uk/people/bs7666"><StopPoints><AnnotatedStopPointRef><StopPointRef>490004995E</StopPointRef><CommonName>Charles Darwin School (TN16)</CommonName><Indicator>stop E</Indicator><LocalityName>Aperfield</LocalityName><LocalityQualifier>Greater London</LocalityQualifier></AnnotatedStopPointRef><AnnotatedStopPointRef><StopPointRef>490008534W</StopPointRef><CommonName>Jail Lane (TN16)</CommonName><Indicator>stop W</Indicator><LocalityName>Biggin Hill</LocalityName><LocalityQualifier>Greater London</LocalityQualifier></AnnotatedStopPointRef><AnnotatedStopPointRef><StopPointRef>490013017N</StopPointRef><CommonName>Sunningvale Avenue</CommonName><Indicator>stop B</Indicator><LocalityName>Biggin Hill</LocalityName><LocalityQualifier>Greater London</LocalityQualifier></AnnotatedStopPointRef><AnnotatedStopPointRef><StopPointRef>490011874N</StopPointRef><CommonName>Salt Box Hill</CommonName><Indicator>stop C</Indicator><LocalityName>Leaves Green</LocalityName><LocalityQualifier>Greater London</LocalityQualifier></AnnotatedStopPointRef><AnnotatedStopPointRef><StopPointRef>490007746N</StopPointRef><CommonName>Hanbury Drive (TN16)</CommonName><Indicator>stop D</Indicator><LocalityName>Leaves Green</LocalityName><LocalityQualifier>Greater London</LocalityQualifier></AnnotatedStopPointRef><AnnotatedStopPointRef><StopPointRef>490003993N</StopPointRef><CommonName>Biggin Hill Airport /Pass Term</CommonName><Indicator>stop E</Indicator><LocalityName>Leaves Green</LocalityName><LocalityQualifier>Greater London</LocalityQualifier></AnnotatedStopPointRef><AnnotatedStopPointRef><StopPointRef>490009878N</StopPointRef><CommonName>Leaves Green / The Kings Arms</CommonName><Indicator>stop F</Indicator><LocalityName>Leaves Green</LocalityName><LocalityQualifier>Greater London</LocalityQualifier></AnnotatedStopPointRef><AnnotatedStopPointRef><StopPointRef>490009051N</StopPointRef><CommonName>Leaves Green / Ashmore Lane</CommonName><Indicator>stop G</Indicator><LocalityName>Leaves Green</LocalityName><LocalityQualifier>Greater London</LocalityQualifier></AnnotatedStopPointRef><AnnotatedStopPointRef><StopPointRef>490004073N</StopPointRef><CommonName>Blackness Lane</CommonName><Indicator>stop N</Indicator><LocalityName>Leaves Green</LocalityName><LocalityQualifier>Greater London</LocalityQualifier></AnnotatedStopPointRef><AnnotatedStopPointRef><StopPointRef>490008680N</StopPointRef><CommonName>Keston Church (BR2)</CommonName><Indicator>stop KH</Indicator><LocalityName>Leaves Green</LocalityName><LocalityQualifier>Greater London</LocalityQualifier></AnnotatedStopPointRef><AnnotatedStopPointRef><StopPointRef>490008000N</StopPointRef><CommonName>Westerham Road/Heathfield Road</CommonName><Indicator>stop WS</Indicator><LocalityName>Keston</LocalityName><LocalityQualifier>Greater London</LocalityQualifier></AnnotatedStopPointRef><AnnotatedStopPointRef><StopPointRef>490008682N</StopPointRef><CommonName>Westerham Road / Keston Common</CommonName><Indicator>stop WT</Indicator><LocalityName>Keston</LocalityName><LocalityQualifier>Greater London</LocalityQualifier></AnnotatedStopPointRef><AnnotatedStopPointRef><StopPointRef>490006863N</StopPointRef><CommonName>Fishponds Road (BR2)</CommonName><Indicator>stop WU</Indicator><LocalityName>Keston</LocalityName><LocalityQualifier>Greater London</LocalityQualifier></AnnotatedStopPointRef><AnnotatedStopPointRef><StopPointRef>490011651N</StopPointRef><CommonName>Rolinsden Way</CommonName><Indicator>stop WV</Indicator><LocalityName>Keston Mark</LocalityName><LocalityQualifier>Greater London</LocalityQualifier></AnnotatedStopPointRef><AnnotatedStopPointRef><StopPointRef>490013438N</StopPointRef><CommonName>Croydon Road / The Keston Mark</CommonName><Indicator>stop WX</Indicator><LocalityName>Keston Mark</LocalityName><LocalityQualifier>Greater London</LocalityQualifier></AnnotatedStopPointRef><AnnotatedStopPointRef><StopPointRef>490008681W</StopPointRef><CommonName>Keston Methodist Church (BR2)</CommonName><Indicator>stop KU</Indicator><LocalityName>Keston Mark</LocalityName><LocalityQualifier>Greater London</LocalityQualifier></AnnotatedStopPointRef><AnnotatedStopPointRef><StopPointRef>490003675W</StopPointRef><CommonName>Baston Road (BR2)</CommonName><Indicator>stop KV</Indicator><LocalityName>Keston</LocalityName><LocalityQualifier>Greater London</LocalityQualifier></AnnotatedStopPointRef><AnnotatedStopPointRef><StopPointRef>490007871W</StopPointRef><CommonName>Hartfield Crescent (BR4)</CommonName><Indicator>stop W</Indicator><LocalityName>Coney Hall</LocalityName><LocalityQualifier>Greater London</LocalityQualifier></AnnotatedStopPointRef><AnnotatedStopPointRef><StopPointRef>490005544W</StopPointRef><CommonName>Coney Hall (BR4)</CommonName><Indicator>stop R</Indicator><LocalityName>Coney Hall</LocalityName><LocalityQualifier>Greater London</LocalityQualifier></AnnotatedStopPointRef><AnnotatedStopPointRef><StopPointRef>490003099W</StopPointRef><CommonName>Addington Road / Glebe Way</CommonName><Indicator>stop L</Indicator><LocalityName>Coney Hall</LocalityName><LocalityQualifier>Greater London</LocalityQualifier></AnnotatedStopPointRef><AnnotatedStopPointRef><StopPointRef>490009032W</StopPointRef><CommonName>Layhams Road / Addington Road</CommonName><Indicator>stop M</Indicator><LocalityName>Coney Hall</LocalityName><LocalityQualifier>Greater London</LocalityQualifier></AnnotatedStopPointRef><AnnotatedStopPointRef><StopPointRef>490003095W</StopPointRef><CommonName>Addington Rd / Pumping Station</CommonName><Indicator>stop W</Indicator><LocalityName>West Wickham (London)</LocalityName><LocalityQualifier>Greater London</LocalityQualifier></AnnotatedStopPointRef><AnnotatedStopPointRef><StopPointRef>490003101A</StopPointRef><CommonName>Addington Village Interchange</CommonName><Indicator>stop A</Indicator><LocalityName>Addington</LocalityName><LocalityQualifier>Greater London</LocalityQualifier></AnnotatedStopPointRef><AnnotatedStopPointRef><StopPointRef>490003345E</StopPointRef><CommonName>Applegarth</CommonName><Indicator>stop FE</Indicator><LocalityName>Addington</LocalityName><LocalityQualifier>Greater London</LocalityQualifier></AnnotatedStopPointRef><AnnotatedStopPointRef><StopPointRef>490013307E</StopPointRef><CommonName>The Coppins</CommonName><Indicator>stop E</Indicator><LocalityName>Addington</LocalityName><LocalityQualifier>Greater London</LocalityQualifier></AnnotatedStopPointRef><AnnotatedStopPointRef><StopPointRef>490006968S</StopPointRef><CommonName>Foxcombe (CR0)</CommonName><Indicator>stop S</Indicator><LocalityName>Addington</LocalityName><LocalityQualifier>Greater London</LocalityQualifier></AnnotatedStopPointRef><AnnotatedStopPointRef><StopPointRef>490010420E</StopPointRef><CommonName>North Walk</CommonName><Indicator>stop E</Indicator><LocalityName>Addington</LocalityName><LocalityQualifier>Greater London</LocalityQualifier></AnnotatedStopPointRef><AnnotatedStopPointRef><StopPointRef>490004844E</StopPointRef><CommonName>Castle Hill School (CR0)</CommonName><Indicator>stop E</Indicator><LocalityName>Addington</LocalityName><LocalityQualifier>Greater London</LocalityQualifier></AnnotatedStopPointRef><AnnotatedStopPointRef><StopPointRef>490010473N</StopPointRef><CommonName>Oak Bank</CommonName><Indicator>stop S</Indicator><LocalityName>Addington</LocalityName><LocalityQualifier>Greater London</LocalityQualifier></AnnotatedStopPointRef><AnnotatedStopPointRef><StopPointRef>490009824S</StopPointRef><CommonName>Merrow Way</CommonName><Indicator>stop S</Indicator><LocalityName>Addington</LocalityName><LocalityQualifier>Greater London</LocalityQualifier></AnnotatedStopPointRef><AnnotatedStopPointRef><StopPointRef>490006257S</StopPointRef><CommonName>Frimley Close (CR0)</CommonName><Indicator>stop S</Indicator><LocalityName>New Addington</LocalityName><LocalityQualifier>Greater London</LocalityQualifier></AnnotatedStopPointRef><AnnotatedStopPointRef><StopPointRef>490007266S</StopPointRef><CommonName>Goldcrest Community Centre</CommonName><Indicator>stop S</Indicator><LocalityName>New Addington</LocalityName><LocalityQualifier>Greater London</LocalityQualifier></AnnotatedStopPointRef><AnnotatedStopPointRef><StopPointRef>490008753S</StopPointRef><CommonName>Goldcrest Way /King Henrys Drv</CommonName><Indicator>stop S</Indicator><LocalityName>New Addington</LocalityName><LocalityQualifier>Greater London</LocalityQualifier></AnnotatedStopPointRef><AnnotatedStopPointRef><StopPointRef>490003945W</StopPointRef><CommonName>Betchworth Way</CommonName><Indicator>stop S</Indicator><LocalityName>New Addington</LocalityName><LocalityQualifier>Greater London</LocalityQualifier></AnnotatedStopPointRef><AnnotatedStopPointRef><StopPointRef>490014804S</StopPointRef><CommonName>Wolsey Crescent Montacute Road</CommonName><Indicator>stop T</Indicator><LocalityName>New Addington</LocalityName><LocalityQualifier>Greater London</LocalityQualifier></AnnotatedStopPointRef><AnnotatedStopPointRef><StopPointRef>490007522S</StopPointRef><CommonName>Grenville Road (CR0)</CommonName><Indicator>stop U</Indicator><LocalityName>New Addington</LocalityName><LocalityQualifier>Greater London</LocalityQualifier></AnnotatedStopPointRef><AnnotatedStopPointRef><StopPointRef>490010848W</StopPointRef><CommonName>New Addington/Salcot Crescent</CommonName><Indicator>stop E</Indicator><LocalityName>New Addington</LocalityName><LocalityQualifier>Greater London</LocalityQualifier></AnnotatedStopPointRef><AnnotatedStopPointRef><StopPointRef>490010669S</StopPointRef><CommonName>Overbury Crescent</CommonName><Indicator>stop L</Indicator><LocalityName>New Addington</LocalityName><LocalityQualifier>Greater London</LocalityQualifier></AnnotatedStopPointRef><AnnotatedStopPointRef><StopPointRef>490008331S</StopPointRef><CommonName>Homestead Way / Overbury Cres</CommonName><Indicator>stop S</Indicator><LocalityName>New Addington</LocalityName><LocalityQualifier>Greater London</LocalityQualifier></AnnotatedStopPointRef><AnnotatedStopPointRef><StopPointRef>490005404S</StopPointRef><CommonName>Cleves Crescent (CR0)</CommonName><Indicator>stop S</Indicator><LocalityName>New Addington</LocalityName><LocalityQualifier>Greater London</LocalityQualifier></AnnotatedStopPointRef><AnnotatedStopPointRef><StopPointRef>490008640S</StopPointRef><CommonName>Kennelwood Crescent (CR0)</CommonName><Indicator>stop S</Indicator><LocalityName>New Addington</LocalityName><LocalityQualifier>Greater London</LocalityQualifier></AnnotatedStopPointRef><AnnotatedStopPointRef><StopPointRef>490008332E</StopPointRef><CommonName>Homestead Way / Milne Park</CommonName><Indicator>stop E</Indicator><LocalityName>New Addington</LocalityName><LocalityQualifier>Greater London</LocalityQualifier></AnnotatedStopPointRef><AnnotatedStopPointRef><StopPointRef>490008640N</StopPointRef><CommonName>Kennelwood Crescent (CR0)</CommonName><Indicator>stop N</Indicator><LocalityName>New Addington</LocalityName><LocalityQualifier>Greater London</LocalityQualifier></AnnotatedStopPointRef><AnnotatedStopPointRef><StopPointRef>490013641N</StopPointRef><CommonName>Thorpe Close</CommonName><Indicator>stop N</Indicator><LocalityName>New Addington</LocalityName><LocalityQualifier>Greater London</LocalityQualifier></AnnotatedStopPointRef><AnnotatedStopPointRef><StopPointRef>490010669N</StopPointRef><CommonName>Overbury Crescent</CommonName><Indicator>stop M</Indicator><LocalityName>New Addington</LocalityName><LocalityQualifier>Greater London</LocalityQualifier></AnnotatedStopPointRef><AnnotatedStopPointRef><StopPointRef>490010848N</StopPointRef><CommonName>New Addington/Salcot Crescent</CommonName><Indicator>stop A</Indicator><LocalityName>New Addington</LocalityName><LocalityQualifier>Greater London</LocalityQualifier></AnnotatedStopPointRef><AnnotatedStopPointRef><StopPointRef>490002050A</StopPointRef><CommonName>King Henrys Drive</CommonName><Indicator>stop N</Indicator><LocalityName>New Addington</LocalityName><LocalityQualifier>Greater London</LocalityQualifier></AnnotatedStopPointRef><AnnotatedStopPointRef><StopPointRef>490003945E</StopPointRef><CommonName>Betchworth Way</CommonName><Indicator>stop R</Indicator><LocalityName>New Addington</LocalityName><LocalityQualifier>Greater London</LocalityQualifier></AnnotatedStopPointRef><AnnotatedStopPointRef><StopPointRef>490013672E</StopPointRef><CommonName>Tilford Avenue</CommonName><Indicator>stop E</Indicator><LocalityName>New Addington</LocalityName><LocalityQualifier>Greater London</LocalityQualifier></AnnotatedStopPointRef><AnnotatedStopPointRef><StopPointRef>490008753N</StopPointRef><CommonName>Goldcrest Way /King Henrys Drv</CommonName><Indicator>stop N</Indicator><LocalityName>New Addington</LocalityName><LocalityQualifier>Greater London</LocalityQualifier></AnnotatedStopPointRef><AnnotatedStopPointRef><StopPointRef>490007266N</StopPointRef><CommonName>Goldcrest Community Centre</CommonName><Indicator>stop N</Indicator><LocalityName>New Addington</LocalityName><LocalityQualifier>Greater London</LocalityQualifier></AnnotatedStopPointRef><AnnotatedStopPointRef><StopPointRef>490006257W</StopPointRef><CommonName>Frimley Close (CR0)</CommonName><Indicator>stop W</Indicator><LocalityName>New Addington</LocalityName><LocalityQualifier>Greater London</LocalityQualifier></AnnotatedStopPointRef><AnnotatedStopPointRef><StopPointRef>490009824N</StopPointRef><CommonName>Merrow Way</CommonName><Indicator>stop N</Indicator><LocalityName>Addington</LocalityName><LocalityQualifier>Greater London</LocalityQualifier></AnnotatedStopPointRef><AnnotatedStopPointRef><StopPointRef>490004844W</StopPointRef><CommonName>Castle Hill School (CR0)</CommonName><Indicator>stop W</Indicator><LocalityName>Addington</LocalityName><LocalityQualifier>Greater London</LocalityQualifier></AnnotatedStopPointRef><AnnotatedStopPointRef><StopPointRef>490013449N</StopPointRef><CommonName>The Lindens</CommonName><Indicator>stop N</Indicator><LocalityName>Addington</LocalityName><LocalityQualifier>Greater London</LocalityQualifier></AnnotatedStopPointRef><AnnotatedStopPointRef><StopPointRef>490010420W</StopPointRef><CommonName>North Walk</CommonName><Indicator>stop W</Indicator><LocalityName>Addington</LocalityName><LocalityQualifier>Greater London</LocalityQualifier></AnnotatedStopPointRef><AnnotatedStopPointRef><StopPointRef>490006968N</StopPointRef><CommonName>Foxcombe (CR0)</CommonName><Indicator>stop N</Indicator><LocalityName>Addington</LocalityName><LocalityQualifier>Greater London</LocalityQualifier></AnnotatedStopPointRef><AnnotatedStopPointRef><StopPointRef>490013307W</StopPointRef><CommonName>The Coppins</CommonName><Indicator>stop W</Indicator><LocalityName>Addington</LocalityName><LocalityQualifier>Greater London</LocalityQualifier></AnnotatedStopPointRef><AnnotatedStopPointRef><StopPointRef>490003345W</StopPointRef><CommonName>Applegarth</CommonName><Indicator>stop FD</Indicator><LocalityName>Addington</LocalityName><LocalityQualifier>Greater London</LocalityQualifier></AnnotatedStopPointRef><AnnotatedStopPointRef><StopPointRef>490003101B</StopPointRef><CommonName>Addington Village Interchange</CommonName><Indicator>stop B</Indicator><LocalityName>Addington</LocalityName><LocalityQualifier>Greater London</LocalityQualifier></AnnotatedStopPointRef><AnnotatedStopPointRef><StopPointRef>490003095E</StopPointRef><CommonName>Addington Rd / Pumping Station</CommonName><Indicator>stop E</Indicator><LocalityName>West Wickham (London)</LocalityName><LocalityQualifier>Greater London</LocalityQualifier></AnnotatedStopPointRef><AnnotatedStopPointRef><StopPointRef>490009032E</StopPointRef><CommonName>Layhams Road / Addington Road</CommonName><Indicator>stop B</Indicator><LocalityName>Coney Hall</LocalityName><LocalityQualifier>Greater London</LocalityQualifier></AnnotatedStopPointRef><AnnotatedStopPointRef><StopPointRef>490003099N</StopPointRef><CommonName>Addington Road / Glebe Way</CommonName><Indicator>stop C</Indicator><LocalityName>Coney Hall</LocalityName><LocalityQualifier>Greater London</LocalityQualifier></AnnotatedStopPointRef><AnnotatedStopPointRef><StopPointRef>490003097E</StopPointRef><CommonName>Glebe Way (BR4)</CommonName><Indicator>stop P</Indicator><LocalityName>Coney Hall</LocalityName><LocalityQualifier>Greater London</LocalityQualifier></AnnotatedStopPointRef><AnnotatedStopPointRef><StopPointRef>490005544E</StopPointRef><CommonName>Coney Hill Road (BR4)</CommonName><Indicator>stop Q</Indicator><LocalityName>Coney Hall</LocalityName><LocalityQualifier>Greater London</LocalityQualifier></AnnotatedStopPointRef><AnnotatedStopPointRef><StopPointRef>490007871E</StopPointRef><CommonName>Hartfield Crescent (BR4)</CommonName><Indicator>stop E</Indicator><LocalityName>Coney Hall</LocalityName><LocalityQualifier>Greater London</LocalityQualifier></AnnotatedStopPointRef><AnnotatedStopPointRef><StopPointRef>490003675E</StopPointRef><CommonName>Baston Road (BR2)</CommonName><Indicator>stop KN</Indicator><LocalityName>Keston</LocalityName><LocalityQualifier>Greater London</LocalityQualifier></AnnotatedStopPointRef><AnnotatedStopPointRef><StopPointRef>490010989E</StopPointRef><CommonName>Phoenix Drive</CommonName><Indicator>stop KP</Indicator><LocalityName>Keston Mark</LocalityName><LocalityQualifier>Greater London</LocalityQualifier></AnnotatedStopPointRef><AnnotatedStopPointRef><StopPointRef>490011800S</StopPointRef><CommonName>Rushley Close</CommonName><Indicator>stop WD</Indicator><LocalityName>Keston Mark</LocalityName><LocalityQualifier>Greater London</LocalityQualifier></AnnotatedStopPointRef><AnnotatedStopPointRef><StopPointRef>490011651S</StopPointRef><CommonName>Rolinsden Way</CommonName><Indicator>stop WE</Indicator><LocalityName>Keston Mark</LocalityName><LocalityQualifier>Greater London</LocalityQualifier></AnnotatedStopPointRef><AnnotatedStopPointRef><StopPointRef>490006863S</StopPointRef><CommonName>Fishponds Road (BR2)</CommonName><Indicator>stop WF</Indicator><LocalityName>Keston</LocalityName><LocalityQualifier>Greater London</LocalityQualifier></AnnotatedStopPointRef><AnnotatedStopPointRef><StopPointRef>490008682S</StopPointRef><CommonName>Westerham Road / Keston Common</CommonName><Indicator>stop WG</Indicator><LocalityName>Keston</LocalityName><LocalityQualifier>Greater London</LocalityQualifier></AnnotatedStopPointRef><AnnotatedStopPointRef><StopPointRef>490008000S</StopPointRef><CommonName>Westerham Road/Heathfield Road</CommonName><Indicator>stop WH</Indicator><LocalityName>Keston</LocalityName><LocalityQualifier>Greater London</LocalityQualifier></AnnotatedStopPointRef><AnnotatedStopPointRef><StopPointRef>490006165S</StopPointRef><CommonName>Keston Church (BR2)</CommonName><Indicator>stop WJ</Indicator><LocalityName>Leaves Green</LocalityName><LocalityQualifier>Greater London</LocalityQualifier></AnnotatedStopPointRef><AnnotatedStopPointRef><StopPointRef>490004073S</StopPointRef><CommonName>Blackness Lane</CommonName><Indicator>stop S</Indicator><LocalityName>Leaves Green</LocalityName><LocalityQualifier>Greater London</LocalityQualifier></AnnotatedStopPointRef><AnnotatedStopPointRef><StopPointRef>490009051S</StopPointRef><CommonName>Leaves Green / Ashmore Lane</CommonName><Indicator>stop J</Indicator><LocalityName>Leaves Green</LocalityName><LocalityQualifier>Greater London</LocalityQualifier></AnnotatedStopPointRef><AnnotatedStopPointRef><StopPointRef>490009878S</StopPointRef><CommonName>Leaves Green / The Kings Arms</CommonName><Indicator>stop K</Indicator><LocalityName>Leaves Green</LocalityName><LocalityQualifier>Greater London</LocalityQualifier></AnnotatedStopPointRef><AnnotatedStopPointRef><StopPointRef>490003993S</StopPointRef><CommonName>Biggin Hill Airport /Pass Term</CommonName><Indicator>stop L</Indicator><LocalityName>Leaves Green</LocalityName><LocalityQualifier>Greater London</LocalityQualifier></AnnotatedStopPointRef><AnnotatedStopPointRef><StopPointRef>490007746S</StopPointRef><CommonName>Hanbury Drive (TN16)</CommonName><Indicator>stop M</Indicator><LocalityName>Leaves Green</LocalityName><LocalityQualifier>Greater London</LocalityQualifier></AnnotatedStopPointRef><AnnotatedStopPointRef><StopPointRef>490011874S</StopPointRef><CommonName>Salt Box Hill</CommonName><Indicator>stop N</Indicator><LocalityName>Leaves Green</LocalityName><LocalityQualifier>Greater London</LocalityQualifier></AnnotatedStopPointRef><AnnotatedStopPointRef><StopPointRef>490013017S</StopPointRef><CommonName>Sunningvale Avenue</CommonName><Indicator>stop P</Indicator><LocalityName>Biggin Hill</LocalityName><LocalityQualifier>Greater London</LocalityQualifier></AnnotatedStopPointRef><AnnotatedStopPointRef><StopPointRef>490008534E</StopPointRef><CommonName>Jail Lane (TN16)</CommonName><Indicator>stop E</Indicator><LocalityName>Biggin Hill</LocalityName><LocalityQualifier>Greater London</LocalityQualifier></AnnotatedStopPointRef></StopPoints><RouteSections><RouteSection id="RS_59664f_H_1"><RouteLink id="RL_RS_59664f_H_1_0"><From><StopPointRef>490004995E</StopPointRef></From><To><StopPointRef>490008534W</StopPointRef></To><Direction>outbound</Direction></RouteLink><RouteLink id="RL_RS_59664f_H_1_1"><From><StopPointRef>490008534W</StopPointRef></From><To><StopPointRef>490013017N</StopPointRef></To><Direction>outbound</Direction></RouteLink><RouteLink id="RL_RS_59664f_H_1_2"><From><StopPointRef>490013017N</StopPointRef></From><To><StopPointRef>490011874N</StopPointRef></To><Direction>outbound</Direction></RouteLink><RouteLink id="RL_RS_59664f_H_1_3"><From><StopPointRef>490011874N</StopPointRef></From><To><StopPointRef>490007746N</StopPointRef></To><Direction>outbound</Direction></RouteLink><RouteLink id="RL_RS_59664f_H_1_4"><From><StopPointRef>490007746N</StopPointRef></From><To><StopPointRef>490003993N</StopPointRef></To><Direction>outbound</Direction></RouteLink><RouteLink id="RL_RS_59664f_H_1_5"><From><StopPointRef>490003993N</StopPointRef></From><To><StopPointRef>490009878N</StopPointRef></To><Direction>outbound</Direction></RouteLink><RouteLink id="RL_RS_59664f_H_1_6"><From><StopPointRef>490009878N</StopPointRef></From><To><StopPointRef>490009051N</StopPointRef></To><Direction>outbound</Direction></RouteLink><RouteLink id="RL_RS_59664f_H_1_7"><From><StopPointRef>490009051N</StopPointRef></From><To><StopPointRef>490004073N</StopPointRef></To><Direction>outbound</Direction></RouteLink><RouteLink id="RL_RS_59664f_H_1_8"><From><StopPointRef>490004073N</StopPointRef></From><To><StopPointRef>490008680N</StopPointRef></To><Direction>outbound</Direction></RouteLink><RouteLink id="RL_RS_59664f_H_1_9"><From><StopPointRef>490008680N</StopPointRef></From><To><StopPointRef>490008000N</StopPointRef></To><Direction>outbound</Direction></RouteLink><RouteLink id="RL_RS_59664f_H_1_10"><From><StopPointRef>490008000N</StopPointRef></From><To><StopPointRef>490008682N</StopPointRef></To><Direction>outbound</Direction></RouteLink><RouteLink id="RL_RS_59664f_H_1_11"><From><StopPointRef>490008682N</StopPointRef></From><To><StopPointRef>490006863N</StopPointRef></To><Direction>outbound</Direction></RouteLink><RouteLink id="RL_RS_59664f_H_1_12"><From><StopPointRef>490006863N</StopPointRef></From><To><StopPointRef>490011651N</StopPointRef></To><Direction>outbound</Direction></RouteLink><RouteLink id="RL_RS_59664f_H_1_13"><From><StopPointRef>490011651N</StopPointRef></From><To><StopPointRef>490013438N</StopPointRef></To><Direction>outbound</Direction></RouteLink><RouteLink id="RL_RS_59664f_H_1_14"><From><StopPointRef>490013438N</StopPointRef></From><To><StopPointRef>490008681W</StopPointRef></To><Direction>outbound</Direction></RouteLink><RouteLink id="RL_RS_59664f_H_1_15"><From><StopPointRef>490008681W</StopPointRef></From><To><StopPointRef>490003675W</StopPointRef></To><Direction>outbound</Direction></RouteLink><RouteLink id="RL_RS_59664f_H_1_16"><From><StopPointRef>490003675W</StopPointRef></From><To><StopPointRef>490007871W</StopPointRef></To><Direction>outbound</Direction></RouteLink><RouteLink id="RL_RS_59664f_H_1_17"><From><StopPointRef>490007871W</StopPointRef></From><To><StopPointRef>490005544W</StopPointRef></To><Direction>outbound</Direction></RouteLink><RouteLink id="RL_RS_59664f_H_1_18"><From><StopPointRef>490005544W</StopPointRef></From><To><StopPointRef>490003099W</StopPointRef></To><Direction>outbound</Direction></RouteLink><RouteLink id="RL_RS_59664f_H_1_19"><From><StopPointRef>490003099W</StopPointRef></From><To><StopPointRef>490009032W</StopPointRef></To><Direction>outbound</Direction></RouteLink><RouteLink id="RL_RS_59664f_H_1_20"><From><StopPointRef>490009032W</StopPointRef></From><To><StopPointRef>490003095W</StopPointRef></To><Direction>outbound</Direction></RouteLink><RouteLink id="RL_RS_59664f_H_1_21"><From><StopPointRef>490003095W</StopPointRef></From><To><StopPointRef>490003101A</StopPointRef></To><Direction>outbound</Direction></RouteLink><RouteLink id="RL_RS_59664f_H_1_22"><From><StopPointRef>490003101A</StopPointRef></From><To><StopPointRef>490003345E</StopPointRef></To><Direction>outbound</Direction></RouteLink><RouteLink id="RL_RS_59664f_H_1_23"><From><StopPointRef>490003345E</StopPointRef></From><To><StopPointRef>490013307E</StopPointRef></To><Direction>outbound</Direction></RouteLink><RouteLink id="RL_RS_59664f_H_1_24"><From><StopPointRef>490013307E</StopPointRef></From><To><StopPointRef>490006968S</StopPointRef></To><Direction>outbound</Direction></RouteLink><RouteLink id="RL_RS_59664f_H_1_25"><From><StopPointRef>490006968S</StopPointRef></From><To><StopPointRef>490010420E</StopPointRef></To><Direction>outbound</Direction></RouteLink><RouteLink id="RL_RS_59664f_H_1_26"><From><StopPointRef>490010420E</StopPointRef></From><To><StopPointRef>490004844E</StopPointRef></To><Direction>outbound</Direction></RouteLink><RouteLink id="RL_RS_59664f_H_1_27"><From><StopPointRef>490004844E</StopPointRef></From><To><StopPointRef>490010473N</StopPointRef></To><Direction>outbound</Direction></RouteLink><RouteLink id="RL_RS_59664f_H_1_28"><From><StopPointRef>490010473N</StopPointRef></From><To><StopPointRef>490009824S</StopPointRef></To><Direction>outbound</Direction></RouteLink><RouteLink id="RL_RS_59664f_H_1_29"><From><StopPointRef>490009824S</StopPointRef></From><To><StopPointRef>490006257S</StopPointRef></To><Direction>outbound</Direction></RouteLink><RouteLink id="RL_RS_59664f_H_1_30"><From><StopPointRef>490006257S</StopPointRef></From><To><StopPointRef>490007266S</StopPointRef></To><Direction>outbound</Direction></RouteLink><RouteLink id="RL_RS_59664f_H_1_31"><From><StopPointRef>490007266S</StopPointRef></From><To><StopPointRef>490008753S</StopPointRef></To><Direction>outbound</Direction></RouteLink><RouteLink id="RL_RS_59664f_H_1_32"><From><StopPointRef>490008753S</StopPointRef></From><To><StopPointRef>490003945W</StopPointRef></To><Direction>outbound</Direction></RouteLink><RouteLink id="RL_RS_59664f_H_1_33"><From><StopPointRef>490003945W</StopPointRef></From><To><StopPointRef>490014804S</StopPointRef></To><Direction>outbound</Direction></RouteLink><RouteLink id="RL_RS_59664f_H_1_34"><From><StopPointRef>490014804S</StopPointRef></From><To><StopPointRef>490007522S</StopPointRef></To><Direction>outbound</Direction></RouteLink><RouteLink id="RL_RS_59664f_H_1_35"><From><StopPointRef>490007522S</StopPointRef></From><To><StopPointRef>490010848W</StopPointRef></To><Direction>outbound</Direction></RouteLink><RouteLink id="RL_RS_59664f_H_1_36"><From><StopPointRef>490010848W</StopPointRef></From><To><StopPointRef>490010669S</StopPointRef></To><Direction>outbound</Direction></RouteLink><RouteLink id="RL_RS_59664f_H_1_37"><From><StopPointRef>490010669S</StopPointRef></From><To><StopPointRef>490008331S</StopPointRef></To><Direction>outbound</Direction></RouteLink><RouteLink id="RL_RS_59664f_H_1_38"><From><StopPointRef>490008331S</StopPointRef></From><To><StopPointRef>490005404S</StopPointRef></To><Direction>outbound</Direction></RouteLink><RouteLink id="RL_RS_59664f_H_1_39"><From><StopPointRef>490005404S</StopPointRef></From><To><StopPointRef>490008640S</StopPointRef></To><Direction>outbound</Direction></RouteLink><RouteLink id="RL_RS_59664f_H_1_40"><From><StopPointRef>490008640S</StopPointRef></From><To><StopPointRef>490008332E</StopPointRef></To><Direction>outbound</Direction></RouteLink></RouteSection><RouteSection id="RS_59664f_R_2"><RouteLink id="RL_RS_59664f_R_2_0"><From><StopPointRef>490008332E</StopPointRef></From><To><StopPointRef>490008640N</StopPointRef></To><Direction>inbound</Direction></RouteLink><RouteLink id="RL_RS_59664f_R_2_1"><From><StopPointRef>490008640N</StopPointRef></From><To><StopPointRef>490013641N</StopPointRef></To><Direction>inbound</Direction></RouteLink><RouteLink id="RL_RS_59664f_R_2_2"><From><StopPointRef>490013641N</StopPointRef></From><To><StopPointRef>490010669N</StopPointRef></To><Direction>inbound</Direction></RouteLink><RouteLink id="RL_RS_59664f_R_2_3"><From><StopPointRef>490010669N</StopPointRef></From><To><StopPointRef>490010848N</StopPointRef></To><Direction>inbound</Direction></RouteLink><RouteLink id="RL_RS_59664f_R_2_4"><From><StopPointRef>490010848N</StopPointRef></From><To><StopPointRef>490002050A</StopPointRef></To><Direction>inbound</Direction></RouteLink><RouteLink id="RL_RS_59664f_R_2_5"><From><StopPointRef>490002050A</StopPointRef></From><To><StopPointRef>490003945E</StopPointRef></To><Direction>inbound</Direction></RouteLink><RouteLink id="RL_RS_59664f_R_2_6"><From><StopPointRef>490003945E</StopPointRef></From><To><StopPointRef>490013672E</StopPointRef></To><Direction>inbound</Direction></RouteLink><RouteLink id="RL_RS_59664f_R_2_7"><From><StopPointRef>490013672E</StopPointRef></From><To><StopPointRef>490008753N</StopPointRef></To><Direction>inbound</Direction></RouteLink><RouteLink id="RL_RS_59664f_R_2_8"><From><StopPointRef>490008753N</StopPointRef></From><To><StopPointRef>490007266N</StopPointRef></To><Direction>inbound</Direction></RouteLink><RouteLink id="RL_RS_59664f_R_2_9"><From><StopPointRef>490007266N</StopPointRef></From><To><StopPointRef>490006257W</StopPointRef></To><Direction>inbound</Direction></RouteLink><RouteLink id="RL_RS_59664f_R_2_10"><From><StopPointRef>490006257W</StopPointRef></From><To><StopPointRef>490009824N</StopPointRef></To><Direction>inbound</Direction></RouteLink><RouteLink id="RL_RS_59664f_R_2_11"><From><StopPointRef>490009824N</StopPointRef></From><To><StopPointRef>490004844W</StopPointRef></To><Direction>inbound</Direction></RouteLink><RouteLink id="RL_RS_59664f_R_2_12"><From><StopPointRef>490004844W</StopPointRef></From><To><StopPointRef>490013449N</StopPointRef></To><Direction>inbound</Direction></RouteLink><RouteLink id="RL_RS_59664f_R_2_13"><From><StopPointRef>490013449N</StopPointRef></From><To><StopPointRef>490010420W</StopPointRef></To><Direction>inbound</Direction></RouteLink><RouteLink id="RL_RS_59664f_R_2_14"><From><StopPointRef>490010420W</StopPointRef></From><To><StopPointRef>490006968N</StopPointRef></To><Direction>inbound</Direction></RouteLink><RouteLink id="RL_RS_59664f_R_2_15"><From><StopPointRef>490006968N</StopPointRef></From><To><StopPointRef>490013307W</StopPointRef></To><Direction>inbound</Direction></RouteLink><RouteLink id="RL_RS_59664f_R_2_16"><From><StopPointRef>490013307W</StopPointRef></From><To><StopPointRef>490003345W</StopPointRef></To><Direction>inbound</Direction></RouteLink><RouteLink id="RL_RS_59664f_R_2_17"><From><StopPointRef>490003345W</StopPointRef></From><To><StopPointRef>490003101B</StopPointRef></To><Direction>inbound</Direction></RouteLink><RouteLink id="RL_RS_59664f_R_2_18"><From><StopPointRef>490003101B</StopPointRef></From><To><StopPointRef>490003095E</StopPointRef></To><Direction>inbound</Direction></RouteLink><RouteLink id="RL_RS_59664f_R_2_19"><From><StopPointRef>490003095E</StopPointRef></From><To><StopPointRef>490009032E</StopPointRef></To><Direction>inbound</Direction></RouteLink><RouteLink id="RL_RS_59664f_R_2_20"><From><StopPointRef>490009032E</StopPointRef></From><To><StopPointRef>490003099N</StopPointRef></To><Direction>inbound</Direction></RouteLink><RouteLink id="RL_RS_59664f_R_2_21"><From><StopPointRef>490003099N</StopPointRef></From><To><StopPointRef>490003097E</StopPointRef></To><Direction>inbound</Direction></RouteLink><RouteLink id="RL_RS_59664f_R_2_22"><From><StopPointRef>490003097E</StopPointRef></From><To><StopPointRef>490005544E</StopPointRef></To><Direction>inbound</Direction></RouteLink><RouteLink id="RL_RS_59664f_R_2_23"><From><StopPointRef>490005544E</StopPointRef></From><To><StopPointRef>490007871E</StopPointRef></To><Direction>inbound</Direction></RouteLink><RouteLink id="RL_RS_59664f_R_2_24"><From><StopPointRef>490007871E</StopPointRef></From><To><StopPointRef>490003675E</StopPointRef></To><Direction>inbound</Direction></RouteLink><RouteLink id="RL_RS_59664f_R_2_25"><From><StopPointRef>490003675E</StopPointRef></From><To><StopPointRef>490010989E</StopPointRef></To><Direction>inbound</Direction></RouteLink><RouteLink id="RL_RS_59664f_R_2_26"><From><StopPointRef>490010989E</StopPointRef></From><To><StopPointRef>490011800S</StopPointRef></To><Direction>inbound</Direction></RouteLink><RouteLink id="RL_RS_59664f_R_2_27"><From><StopPointRef>490011800S</StopPointRef></From><To><StopPointRef>490011651S</StopPointRef></To><Direction>inbound</Direction></RouteLink><RouteLink id="RL_RS_59664f_R_2_28"><From><StopPointRef>490011651S</StopPointRef></From><To><StopPointRef>490006863S</StopPointRef></To><Direction>inbound</Direction></RouteLink><RouteLink id="RL_RS_59664f_R_2_29"><From><StopPointRef>490006863S</StopPointRef></From><To><StopPointRef>490008682S</StopPointRef></To><Direction>inbound</Direction></RouteLink><RouteLink id="RL_RS_59664f_R_2_30"><From><StopPointRef>490008682S</StopPointRef></From><To><StopPointRef>490008000S</StopPointRef></To><Direction>inbound</Direction></RouteLink><RouteLink id="RL_RS_59664f_R_2_31"><From><StopPointRef>490008000S</StopPointRef></From><To><StopPointRef>490006165S</StopPointRef></To><Direction>inbound</Direction></RouteLink><RouteLink id="RL_RS_59664f_R_2_32"><From><StopPointRef>490006165S</StopPointRef></From><To><StopPointRef>490004073S</StopPointRef></To><Direction>inbound</Direction></RouteLink><RouteLink id="RL_RS_59664f_R_2_33"><From><StopPointRef>490004073S</StopPointRef></From><To><StopPointRef>490009051S</StopPointRef></To><Direction>inbound</Direction></RouteLink><RouteLink id="RL_RS_59664f_R_2_34"><From><StopPointRef>490009051S</StopPointRef></From><To><StopPointRef>490009878S</StopPointRef></To><Direction>inbound</Direction></RouteLink><RouteLink id="RL_RS_59664f_R_2_35"><From><StopPointRef>490009878S</StopPointRef></From><To><StopPointRef>490003993S</StopPointRef></To><Direction>inbound</Direction></RouteLink><RouteLink id="RL_RS_59664f_R_2_36"><From><StopPointRef>490003993S</StopPointRef></From><To><StopPointRef>490007746S</StopPointRef></To><Direction>inbound</Direction></RouteLink><RouteLink id="RL_RS_59664f_R_2_37"><From><StopPointRef>490007746S</StopPointRef></From><To><StopPointRef>490011874S</StopPointRef></To><Direction>inbound</Direction></RouteLink><RouteLink id="RL_RS_59664f_R_2_38"><From><StopPointRef>490011874S</StopPointRef></From><To><StopPointRef>490013017S</StopPointRef></To><Direction>inbound</Direction></RouteLink><RouteLink id="RL_RS_59664f_R_2_39"><From><StopPointRef>490013017S</StopPointRef></From><To><StopPointRef>490008534E</StopPointRef></To><Direction>inbound</Direction></RouteLink><RouteLink id="RL_RS_59664f_R_2_40"><From><StopPointRef>490008534E</StopPointRef></From><To><StopPointRef>490004995E</StopPointRef></To><Direction>inbound</Direction></RouteLink></RouteSection></RouteSections><Routes><Route id="R_59664f_H_1"><PrivateCode>R_59664f_H_1</PrivateCode><Description>Charles Darwin School (TN16) - Homestead Way / Milne Park</Description><RouteSectionRef>RS_59664f_H_1</RouteSectionRef></Route><Route id="R_59664f_R_2"><PrivateCode>R_59664f_R_2</PrivateCode><Description>Homestead Way / Milne Park - Charles Darwin School (TN16)</Description><RouteSectionRef>RS_59664f_R_2</RouteSectionRef></Route></Routes><JourneyPatternSections><JourneyPatternSection id="JPS_59664f_H_1"><JourneyPatternTimingLink id="JPL_59664f_H_1_0"><From SequenceNumber="1"><StopPointRef>490004995E</StopPointRef><TimingStatus>PTP</TimingStatus></From><To SequenceNumber="2"><StopPointRef>490008534W</StopPointRef><TimingStatus>PTP</TimingStatus></To><RunTime>PT36S</RunTime></JourneyPatternTimingLink><JourneyPatternTimingLink id="JPL_59664f_H_1_1"><From SequenceNumber="2"><StopPointRef>490008534W</StopPointRef><TimingStatus>PTP</TimingStatus></From><To SequenceNumber="3"><StopPointRef>490013017N</StopPointRef><TimingStatus>PTP</TimingStatus></To><RunTime>PT36S</RunTime></JourneyPatternTimingLink><JourneyPatternTimingLink id="JPL_59664f_H_1_2"><From SequenceNumber="3"><StopPointRef>490013017N</StopPointRef><TimingStatus>PTP</TimingStatus></From><To SequenceNumber="4"><StopPointRef>490011874N</StopPointRef><TimingStatus>PTP</TimingStatus></To><RunTime>PT36S</RunTime></JourneyPatternTimingLink><JourneyPatternTimingLink id="JPL_59664f_H_1_3"><From SequenceNumber="4"><StopPointRef>490011874N</StopPointRef><TimingStatus>PTP</TimingStatus></From><To SequenceNumber="5"><StopPointRef>490007746N</StopPointRef><TimingStatus>PTP</TimingStatus></To><RunTime>PT36S</RunTime></JourneyPatternTimingLink><JourneyPatternTimingLink id="JPL_59664f_H_1_4"><From SequenceNumber="5"><StopPointRef>490007746N</StopPointRef><TimingStatus>PTP</TimingStatus></From><To SequenceNumber="6"><StopPointRef>490003993N</StopPointRef><TimingStatus>PTP</TimingStatus></To><RunTime>PT36S</RunTime></JourneyPatternTimingLink><JourneyPatternTimingLink id="JPL_59664f_H_1_5"><From SequenceNumber="6"><StopPointRef>490003993N</StopPointRef><TimingStatus>PTP</TimingStatus></From><To SequenceNumber="7"><StopPointRef>490009878N</StopPointRef><TimingStatus>PTP</TimingStatus></To><RunTime>PT60S</RunTime></JourneyPatternTimingLink><JourneyPatternTimingLink id="JPL_59664f_H_1_6"><From SequenceNumber="7"><StopPointRef>490009878N</StopPointRef><TimingStatus>PTP</TimingStatus></From><To SequenceNumber="8"><StopPointRef>490009051N</StopPointRef><TimingStatus>PTP</TimingStatus></To><RunTime>PT60S</RunTime></JourneyPatternTimingLink><JourneyPatternTimingLink id="JPL_59664f_H_1_7"><From SequenceNumber="8"><StopPointRef>490009051N</StopPointRef><TimingStatus>PTP</TimingStatus></From><To SequenceNumber="9"><StopPointRef>490004073N</StopPointRef><TimingStatus>PTP</TimingStatus></To><RunTime>PT60S</RunTime></JourneyPatternTimingLink><JourneyPatternTimingLink id="JPL_59664f_H_1_8"><From SequenceNumber="9"><StopPointRef>490004073N</StopPointRef><TimingStatus>PTP</TimingStatus></From><To SequenceNumber="10"><StopPointRef>490008680N</StopPointRef><TimingStatus>PTP</TimingStatus></To><RunTime>PT60S</RunTime></JourneyPatternTimingLink><JourneyPatternTimingLink id="JPL_59664f_H_1_9"><From SequenceNumber="10"><StopPointRef>490008680N</StopPointRef><TimingStatus>PTP</TimingStatus></From><To SequenceNumber="11"><StopPointRef>490008000N</StopPointRef><TimingStatus>PTP</TimingStatus></To><RunTime>PT48S</RunTime></JourneyPatternTimingLink><JourneyPatternTimingLink id="JPL_59664f_H_1_10"><From SequenceNumber="11"><StopPointRef>490008000N</StopPointRef><TimingStatus>PTP</TimingStatus></From><To SequenceNumber="12"><StopPointRef>490008682N</StopPointRef><TimingStatus>PTP</TimingStatus></To><RunTime>PT48S</RunTime></JourneyPatternTimingLink><JourneyPatternTimingLink id="JPL_59664f_H_1_11"><From SequenceNumber="12"><StopPointRef>490008682N</StopPointRef><TimingStatus>PTP</TimingStatus></From><To SequenceNumber="13"><StopPointRef>490006863N</StopPointRef><TimingStatus>PTP</TimingStatus></To><RunTime>PT48S</RunTime></JourneyPatternTimingLink><JourneyPatternTimingLink id="JPL_59664f_H_1_12"><From SequenceNumber="13"><StopPointRef>490006863N</StopPointRef><TimingStatus>PTP</TimingStatus></From><To SequenceNumber="14"><StopPointRef>490011651N</StopPointRef><TimingStatus>PTP</TimingStatus></To><RunTime>PT48S</RunTime></JourneyPatternTimingLink><JourneyPatternTimingLink id="JPL_59664f_H_1_13"><From SequenceNumber="14"><StopPointRef>490011651N</StopPointRef><TimingStatus>PTP</TimingStatus></From><To SequenceNumber="15"><StopPointRef>490013438N</StopPointRef><TimingStatus>PTP</TimingStatus></To><RunTime>PT48S</RunTime></JourneyPatternTimingLink><JourneyPatternTimingLink id="JPL_59664f_H_1_14"><From SequenceNumber="15"><StopPointRef>490013438N</StopPointRef><TimingStatus>PTP</TimingStatus></From><To SequenceNumber="16"><StopPointRef>490008681W</StopPointRef><TimingStatus>PTP</TimingStatus></To><RunTime>PT60S</RunTime></JourneyPatternTimingLink><JourneyPatternTimingLink id="JPL_59664f_H_1_15"><From SequenceNumber="16"><StopPointRef>490008681W</StopPointRef><TimingStatus>PTP</TimingStatus></From><To SequenceNumber="17"><StopPointRef>490003675W</StopPointRef><TimingStatus>PTP</TimingStatus></To><RunTime>PT72S</RunTime></JourneyPatternTimingLink><JourneyPatternTimingLink id="JPL_59664f_H_1_16"><From SequenceNumber="17"><StopPointRef>490003675W</StopPointRef><TimingStatus>PTP</TimingStatus></From><To SequenceNumber="18"><StopPointRef>490007871W</StopPointRef><TimingStatus>PTP</TimingStatus></To><RunTime>PT72S</RunTime></JourneyPatternTimingLink><JourneyPatternTimingLink id="JPL_59664f_H_1_17"><From SequenceNumber="18"><StopPointRef>490007871W</StopPointRef><TimingStatus>PTP</TimingStatus></From><To SequenceNumber="19"><StopPointRef>490005544W</StopPointRef><TimingStatus>PTP</TimingStatus></To><RunTime>PT72S</RunTime></JourneyPatternTimingLink><JourneyPatternTimingLink id="JPL_59664f_H_1_18"><From SequenceNumber="19"><StopPointRef>490005544W</StopPointRef><TimingStatus>PTP</TimingStatus></From><To SequenceNumber="20"><StopPointRef>490003099W</StopPointRef><TimingStatus>PTP</TimingStatus></To><RunTime>PT84S</RunTime></JourneyPatternTimingLink><JourneyPatternTimingLink id="JPL_59664f_H_1_19"><From SequenceNumber="20"><StopPointRef>490003099W</StopPointRef><TimingStatus>PTP</TimingStatus></From><To SequenceNumber="21"><StopPointRef>490009032W</StopPointRef><TimingStatus>PTP</TimingStatus></To><RunTime>PT78S</RunTime></JourneyPatternTimingLink><JourneyPatternTimingLink id="JPL_59664f_H_1_20"><From SequenceNumber="21"><StopPointRef>490009032W</StopPointRef><TimingStatus>PTP</TimingStatus></From><To SequenceNumber="22"><StopPointRef>490003095W</StopPointRef><TimingStatus>PTP</TimingStatus></To><RunTime>PT78S</RunTime></JourneyPatternTimingLink><JourneyPatternTimingLink id="JPL_59664f_H_1_21"><From SequenceNumber="22"><StopPointRef>490003095W</StopPointRef><TimingStatus>PTP</TimingStatus></From><To SequenceNumber="23"><StopPointRef>490003101A</StopPointRef><TimingStatus>PTP</TimingStatus></To><RunTime>PT84S</RunTime></JourneyPatternTimingLink><JourneyPatternTimingLink id="JPL_59664f_H_1_22"><From SequenceNumber="23"><StopPointRef>490003101A</StopPointRef><TimingStatus>PTP</TimingStatus></From><To SequenceNumber="24"><StopPointRef>490003345E</StopPointRef><TimingStatus>PTP</TimingStatus></To><RunTime>PT180S</RunTime></JourneyPatternTimingLink><JourneyPatternTimingLink id="JPL_59664f_H_1_23"><From SequenceNumber="24"><StopPointRef>490003345E</StopPointRef><TimingStatus>PTP</TimingStatus></From><To SequenceNumber="25"><StopPointRef>490013307E</StopPointRef><TimingStatus>PTP</TimingStatus></To><RunTime>PT24S</RunTime></JourneyPatternTimingLink><JourneyPatternTimingLink id="JPL_59664f_H_1_24"><From SequenceNumber="25"><StopPointRef>490013307E</StopPointRef><TimingStatus>PTP</TimingStatus></From><To SequenceNumber="26"><StopPointRef>490006968S</StopPointRef><TimingStatus>PTP</TimingStatus></To><RunTime>PT24S</RunTime></JourneyPatternTimingLink><JourneyPatternTimingLink id="JPL_59664f_H_1_25"><From SequenceNumber="26"><StopPointRef>490006968S</StopPointRef><TimingStatus>PTP</TimingStatus></From><To SequenceNumber="27"><StopPointRef>490010420E</StopPointRef><TimingStatus>PTP</TimingStatus></To><RunTime>PT24S</RunTime></JourneyPatternTimingLink><JourneyPatternTimingLink id="JPL_59664f_H_1_26"><From SequenceNumber="27"><StopPointRef>490010420E</StopPointRef><TimingStatus>PTP</TimingStatus></From><To SequenceNumber="28"><StopPointRef>490004844E</StopPointRef><TimingStatus>PTP</TimingStatus></To><RunTime>PT24S</RunTime></JourneyPatternTimingLink><JourneyPatternTimingLink id="JPL_59664f_H_1_27"><From SequenceNumber="28"><StopPointRef>490004844E</StopPointRef><TimingStatus>PTP</TimingStatus></From><To SequenceNumber="29"><StopPointRef>490010473N</StopPointRef><TimingStatus>PTP</TimingStatus></To><RunTime>PT24S</RunTime></JourneyPatternTimingLink><JourneyPatternTimingLink id="JPL_59664f_H_1_28"><From SequenceNumber="29"><StopPointRef>490010473N</StopPointRef><TimingStatus>PTP</TimingStatus></From><To SequenceNumber="30"><StopPointRef>490009824S</StopPointRef><TimingStatus>PTP</TimingStatus></To><RunTime>PT24S</RunTime></JourneyPatternTimingLink><JourneyPatternTimingLink id="JPL_59664f_H_1_29"><From SequenceNumber="30"><StopPointRef>490009824S</StopPointRef><TimingStatus>PTP</TimingStatus></From><To SequenceNumber="31"><StopPointRef>490006257S</StopPointRef><TimingStatus>PTP</TimingStatus></To><RunTime>PT24S</RunTime></JourneyPatternTimingLink><JourneyPatternTimingLink id="JPL_59664f_H_1_30"><From SequenceNumber="31"><StopPointRef>490006257S</StopPointRef><TimingStatus>PTP</TimingStatus></From><To SequenceNumber="32"><StopPointRef>490007266S</StopPointRef><TimingStatus>PTP</TimingStatus></To><RunTime>PT24S</RunTime></JourneyPatternTimingLink><JourneyPatternTimingLink id="JPL_59664f_H_1_31"><From SequenceNumber="32"><StopPointRef>490007266S</StopPointRef><TimingStatus>PTP</TimingStatus></From><To SequenceNumber="33"><StopPointRef>490008753S</StopPointRef><TimingStatus>PTP</TimingStatus></To><RunTime>PT48S</RunTime></JourneyPatternTimingLink><JourneyPatternTimingLink id="JPL_59664f_H_1_32"><From SequenceNumber="33"><StopPointRef>490008753S</StopPointRef><TimingStatus>PTP</TimingStatus></From><To SequenceNumber="34"><StopPointRef>490003945W</StopPointRef><TimingStatus>PTP</TimingStatus></To><RunTime>PT60S</RunTime></JourneyPatternTimingLink><JourneyPatternTimingLink id="JPL_59664f_H_1_33"><From SequenceNumber="34"><StopPointRef>490003945W</StopPointRef><TimingStatus>PTP</TimingStatus></From><To SequenceNumber="35"><StopPointRef>490014804S</StopPointRef><TimingStatus>PTP</TimingStatus></To><RunTime>PT60S</RunTime></JourneyPatternTimingLink><JourneyPatternTimingLink id="JPL_59664f_H_1_34"><From SequenceNumber="35"><StopPointRef>490014804S</StopPointRef><TimingStatus>PTP</TimingStatus></From><To SequenceNumber="36"><StopPointRef>490007522S</StopPointRef><TimingStatus>PTP</TimingStatus></To><RunTime>PT60S</RunTime></JourneyPatternTimingLink><JourneyPatternTimingLink id="JPL_59664f_H_1_35"><From SequenceNumber="36"><StopPointRef>490007522S</StopPointRef><TimingStatus>PTP</TimingStatus></From><To SequenceNumber="37"><StopPointRef>490010848W</StopPointRef><TimingStatus>PTP</TimingStatus></To><RunTime>PT60S</RunTime></JourneyPatternTimingLink><JourneyPatternTimingLink id="JPL_59664f_H_1_36"><From SequenceNumber="37"><StopPointRef>490010848W</StopPointRef><TimingStatus>PTP</TimingStatus></From><To SequenceNumber="38"><StopPointRef>490010669S</StopPointRef><TimingStatus>PTP</TimingStatus></To><RunTime>PT36S</RunTime></JourneyPatternTimingLink><JourneyPatternTimingLink id="JPL_59664f_H_1_37"><From SequenceNumber="38"><StopPointRef>490010669S</StopPointRef><TimingStatus>PTP</TimingStatus></From><To SequenceNumber="39"><StopPointRef>490008331S</StopPointRef><TimingStatus>PTP</TimingStatus></To><RunTime>PT36S</RunTime></JourneyPatternTimingLink><JourneyPatternTimingLink id="JPL_59664f_H_1_38"><From SequenceNumber="39"><StopPointRef>490008331S</StopPointRef><TimingStatus>PTP</TimingStatus></From><To SequenceNumber="40"><StopPointRef>490005404S</StopPointRef><TimingStatus>PTP</TimingStatus></To><RunTime>PT36S</RunTime></JourneyPatternTimingLink><JourneyPatternTimingLink id="JPL_59664f_H_1_39"><From SequenceNumber="40"><StopPointRef>490005404S</StopPointRef><TimingStatus>PTP</TimingStatus></From><To SequenceNumber="41"><StopPointRef>490008640S</StopPointRef><TimingStatus>PTP</TimingStatus></To><RunTime>PT36S</RunTime></JourneyPatternTimingLink><JourneyPatternTimingLink id="JPL_59664f_H_1_40"><From SequenceNumber="41"><StopPointRef>490008640S</StopPointRef><TimingStatus>PTP</TimingStatus></From><To SequenceNumber="42"><StopPointRef>490008332E</StopPointRef><TimingStatus>PTP</TimingStatus></To><RunTime>PT36S</RunTime></JourneyPatternTimingLink></JourneyPatternSection><JourneyPatternSection id="JPS_59664f_R_2"><JourneyPatternTimingLink id="JPL_59664f_R_2_0"><From SequenceNumber="1"><StopPointRef>490008332E</StopPointRef><TimingStatus>PTP</TimingStatus></From><To SequenceNumber="2"><StopPointRef>490008640N</StopPointRef><TimingStatus>PTP</TimingStatus></To><RunTime>PT60S</RunTime></JourneyPatternTimingLink><JourneyPatternTimingLink id="JPL_59664f_R_2_1"><From SequenceNumber="2"><StopPointRef>490008640N</StopPointRef><TimingStatus>PTP</TimingStatus></From><To SequenceNumber="3"><StopPointRef>490013641N</StopPointRef><TimingStatus>PTP</TimingStatus></To><RunTime>PT60S</RunTime></JourneyPatternTimingLink><JourneyPatternTimingLink id="JPL_59664f_R_2_2"><From SequenceNumber="3"><StopPointRef>490013641N</StopPointRef><TimingStatus>PTP</TimingStatus></From><To SequenceNumber="4"><StopPointRef>490010669N</StopPointRef><TimingStatus>PTP</TimingStatus></To><RunTime>PT60S</RunTime></JourneyPatternTimingLink><JourneyPatternTimingLink id="JPL_59664f_R_2_3"><From SequenceNumber="4"><StopPointRef>490010669N</StopPointRef><TimingStatus>PTP</TimingStatus></From><To SequenceNumber="5"><StopPointRef>490010848N</StopPointRef><TimingStatus>PTP</TimingStatus></To><RunTime>PT60S</RunTime></JourneyPatternTimingLink><JourneyPatternTimingLink id="JPL_59664f_R_2_4"><From SequenceNumber="5"><StopPointRef>490010848N</StopPointRef><TimingStatus>PTP</TimingStatus></From><To SequenceNumber="6"><StopPointRef>490002050A</StopPointRef><TimingStatus>PTP</TimingStatus></To><RunTime>PT42S</RunTime></JourneyPatternTimingLink><JourneyPatternTimingLink id="JPL_59664f_R_2_5"><From SequenceNumber="6"><StopPointRef>490002050A</StopPointRef><TimingStatus>PTP</TimingStatus></From><To SequenceNumber="7"><StopPointRef>490003945E</StopPointRef><TimingStatus>PTP</TimingStatus></To><RunTime>PT42S</RunTime></JourneyPatternTimingLink><JourneyPatternTimingLink id="JPL_59664f_R_2_6"><From SequenceNumber="7"><StopPointRef>490003945E</StopPointRef><TimingStatus>PTP</TimingStatus></From><To SequenceNumber="8"><StopPointRef>490013672E</StopPointRef><TimingStatus>PTP</TimingStatus></To><RunTime>PT42S</RunTime></JourneyPatternTimingLink><JourneyPatternTimingLink id="JPL_59664f_R_2_7"><From SequenceNumber="8"><StopPointRef>490013672E</StopPointRef><TimingStatus>PTP</TimingStatus></From><To SequenceNumber="9"><StopPointRef>490008753N</StopPointRef><TimingStatus>PTP</TimingStatus></To><RunTime>PT54S</RunTime></JourneyPatternTimingLink><JourneyPatternTimingLink id="JPL_59664f_R_2_8"><From SequenceNumber="9"><StopPointRef>490008753N</StopPointRef><TimingStatus>PTP</TimingStatus></From><To SequenceNumber="10"><StopPointRef>490007266N</StopPointRef><TimingStatus>PTP</TimingStatus></To><RunTime>PT36S</RunTime></JourneyPatternTimingLink><JourneyPatternTimingLink id="JPL_59664f_R_2_9"><From SequenceNumber="10"><StopPointRef>490007266N</StopPointRef><TimingStatus>PTP</TimingStatus></From><To SequenceNumber="11"><StopPointRef>490006257W</StopPointRef><TimingStatus>PTP</TimingStatus></To><RunTime>PT36S</RunTime></JourneyPatternTimingLink><JourneyPatternTimingLink id="JPL_59664f_R_2_10"><From SequenceNumber="11"><StopPointRef>490006257W</StopPointRef><TimingStatus>PTP</TimingStatus></From><To SequenceNumber="12"><StopPointRef>490009824N</StopPointRef><TimingStatus>PTP</TimingStatus></To><RunTime>PT36S</RunTime></JourneyPatternTimingLink><JourneyPatternTimingLink id="JPL_59664f_R_2_11"><From SequenceNumber="12"><StopPointRef>490009824N</StopPointRef><TimingStatus>PTP</TimingStatus></From><To SequenceNumber="13"><StopPointRef>490004844W</StopPointRef><TimingStatus>PTP</TimingStatus></To><RunTime>PT36S</RunTime></JourneyPatternTimingLink><JourneyPatternTimingLink id="JPL_59664f_R_2_12"><From SequenceNumber="13"><StopPointRef>490004844W</StopPointRef><TimingStatus>PTP</TimingStatus></From><To SequenceNumber="14"><StopPointRef>490013449N</StopPointRef><TimingStatus>PTP</TimingStatus></To><RunTime>PT36S</RunTime></JourneyPatternTimingLink><JourneyPatternTimingLink id="JPL_59664f_R_2_13"><From SequenceNumber="14"><StopPointRef>490013449N</StopPointRef><TimingStatus>PTP</TimingStatus></From><To SequenceNumber="15"><StopPointRef>490010420W</StopPointRef><TimingStatus>PTP</TimingStatus></To><RunTime>PT36S</RunTime></JourneyPatternTimingLink><JourneyPatternTimingLink id="JPL_59664f_R_2_14"><From SequenceNumber="15"><StopPointRef>490010420W</StopPointRef><TimingStatus>PTP</TimingStatus></From><To SequenceNumber="16"><StopPointRef>490006968N</StopPointRef><TimingStatus>PTP</TimingStatus></To><RunTime>PT36S</RunTime></JourneyPatternTimingLink><JourneyPatternTimingLink id="JPL_59664f_R_2_15"><From SequenceNumber="16"><StopPointRef>490006968N</StopPointRef><TimingStatus>PTP</TimingStatus></From><To SequenceNumber="17"><StopPointRef>490013307W</StopPointRef><TimingStatus>PTP</TimingStatus></To><RunTime>PT36S</RunTime></JourneyPatternTimingLink><JourneyPatternTimingLink id="JPL_59664f_R_2_16"><From SequenceNumber="17"><StopPointRef>490013307W</StopPointRef><TimingStatus>PTP</TimingStatus></From><To SequenceNumber="18"><StopPointRef>490003345W</StopPointRef><TimingStatus>PTP</TimingStatus></To><RunTime>PT72S</RunTime></JourneyPatternTimingLink><JourneyPatternTimingLink id="JPL_59664f_R_2_17"><From SequenceNumber="18"><StopPointRef>490003345W</StopPointRef><TimingStatus>PTP</TimingStatus></From><To SequenceNumber="19"><StopPointRef>490003101B</StopPointRef><TimingStatus>PTP</TimingStatus></To><RunTime>PT180S</RunTime></JourneyPatternTimingLink><JourneyPatternTimingLink id="JPL_59664f_R_2_18"><From SequenceNumber="19"><StopPointRef>490003101B</StopPointRef><TimingStatus>PTP</TimingStatus></From><To SequenceNumber="20"><StopPointRef>490003095E</StopPointRef><TimingStatus>PTP</TimingStatus></To><RunTime>PT78S</RunTime></JourneyPatternTimingLink><JourneyPatternTimingLink id="JPL_59664f_R_2_19"><From SequenceNumber="20"><StopPointRef>490003095E</StopPointRef><TimingStatus>PTP</TimingStatus></From><To SequenceNumber="21"><StopPointRef>490009032E</StopPointRef><TimingStatus>PTP</TimingStatus></To><RunTime>PT78S</RunTime></JourneyPatternTimingLink><JourneyPatternTimingLink id="JPL_59664f_R_2_20"><From SequenceNumber="21"><StopPointRef>490009032E</StopPointRef><TimingStatus>PTP</TimingStatus></From><To SequenceNumber="22"><StopPointRef>490003099N</StopPointRef><TimingStatus>PTP</TimingStatus></To><RunTime>PT84S</RunTime></JourneyPatternTimingLink><JourneyPatternTimingLink id="JPL_59664f_R_2_21"><From SequenceNumber="22"><StopPointRef>490003099N</StopPointRef><TimingStatus>PTP</TimingStatus></From><To SequenceNumber="23"><StopPointRef>490003097E</StopPointRef><TimingStatus>PTP</TimingStatus></To><RunTime>PT96S</RunTime></JourneyPatternTimingLink><JourneyPatternTimingLink id="JPL_59664f_R_2_22"><From SequenceNumber="23"><StopPointRef>490003097E</StopPointRef><TimingStatus>PTP</TimingStatus></From><To SequenceNumber="24"><StopPointRef>490005544E</StopPointRef><TimingStatus>PTP</TimingStatus></To><RunTime>PT96S</RunTime></JourneyPatternTimingLink><JourneyPatternTimingLink id="JPL_59664f_R_2_23"><From SequenceNumber="24"><StopPointRef>490005544E</StopPointRef><TimingStatus>PTP</TimingStatus></From><To SequenceNumber="25"><StopPointRef>490007871E</StopPointRef><TimingStatus>PTP</TimingStatus></To><RunTime>PT96S</RunTime></JourneyPatternTimingLink><JourneyPatternTimingLink id="JPL_59664f_R_2_24"><From SequenceNumber="25"><StopPointRef>490007871E</StopPointRef><TimingStatus>PTP</TimingStatus></From><To SequenceNumber="26"><StopPointRef>490003675E</StopPointRef><TimingStatus>PTP</TimingStatus></To><RunTime>PT96S</RunTime></JourneyPatternTimingLink><JourneyPatternTimingLink id="JPL_59664f_R_2_25"><From SequenceNumber="26"><StopPointRef>490003675E</StopPointRef><TimingStatus>PTP</TimingStatus></From><To SequenceNumber="27"><StopPointRef>490010989E</StopPointRef><TimingStatus>PTP</TimingStatus></To><RunTime>PT96S</RunTime></JourneyPatternTimingLink><JourneyPatternTimingLink id="JPL_59664f_R_2_26"><From SequenceNumber="27"><StopPointRef>490010989E</StopPointRef><TimingStatus>PTP</TimingStatus></From><To SequenceNumber="28"><StopPointRef>490011800S</StopPointRef><TimingStatus>PTP</TimingStatus></To><RunTime>PT60S</RunTime></JourneyPatternTimingLink><JourneyPatternTimingLink id="JPL_59664f_R_2_27"><From SequenceNumber="28"><StopPointRef>490011800S</StopPointRef><TimingStatus>PTP</TimingStatus></From><To SequenceNumber="29"><StopPointRef>490011651S</StopPointRef><TimingStatus>PTP</TimingStatus></To><RunTime>PT60S</RunTime></JourneyPatternTimingLink><JourneyPatternTimingLink id="JPL_59664f_R_2_28"><From SequenceNumber="29"><StopPointRef>490011651S</StopPointRef><TimingStatus>PTP</TimingStatus></From><To SequenceNumber="30"><StopPointRef>490006863S</StopPointRef><TimingStatus>PTP</TimingStatus></To><RunTime>PT60S</RunTime></JourneyPatternTimingLink><JourneyPatternTimingLink id="JPL_59664f_R_2_29"><From SequenceNumber="30"><StopPointRef>490006863S</StopPointRef><TimingStatus>PTP</TimingStatus></From><To SequenceNumber="31"><StopPointRef>490008682S</StopPointRef><TimingStatus>PTP</TimingStatus></To><RunTime>PT60S</RunTime></JourneyPatternTimingLink><JourneyPatternTimingLink id="JPL_59664f_R_2_30"><From SequenceNumber="31"><StopPointRef>490008682S</StopPointRef><TimingStatus>PTP</TimingStatus></From><To SequenceNumber="32"><StopPointRef>490008000S</StopPointRef><TimingStatus>PTP</TimingStatus></To><RunTime>PT60S</RunTime></JourneyPatternTimingLink><JourneyPatternTimingLink id="JPL_59664f_R_2_31"><From SequenceNumber="32"><StopPointRef>490008000S</StopPointRef><TimingStatus>PTP</TimingStatus></From><To SequenceNumber="33"><StopPointRef>490006165S</StopPointRef><TimingStatus>PTP</TimingStatus></To><RunTime>PT60S</RunTime></JourneyPatternTimingLink><JourneyPatternTimingLink id="JPL_59664f_R_2_32"><From SequenceNumber="33"><StopPointRef>490006165S</StopPointRef><TimingStatus>PTP</TimingStatus></From><To SequenceNumber="34"><StopPointRef>490004073S</StopPointRef><TimingStatus>PTP</TimingStatus></To><RunTime>PT60S</RunTime></JourneyPatternTimingLink><JourneyPatternTimingLink id="JPL_59664f_R_2_33"><From SequenceNumber="34"><StopPointRef>490004073S</StopPointRef><TimingStatus>PTP</TimingStatus></From><To SequenceNumber="35"><StopPointRef>490009051S</StopPointRef><TimingStatus>PTP</TimingStatus></To><RunTime>PT60S</RunTime></JourneyPatternTimingLink><JourneyPatternTimingLink id="JPL_59664f_R_2_34"><From SequenceNumber="35"><StopPointRef>490009051S</StopPointRef><TimingStatus>PTP</TimingStatus></From><To SequenceNumber="36"><StopPointRef>490009878S</StopPointRef><TimingStatus>PTP</TimingStatus></To><RunTime>PT60S</RunTime></JourneyPatternTimingLink><JourneyPatternTimingLink id="JPL_59664f_R_2_35"><From SequenceNumber="36"><StopPointRef>490009878S</StopPointRef><TimingStatus>PTP</TimingStatus></From><To SequenceNumber="37"><StopPointRef>490003993S</StopPointRef><TimingStatus>PTP</TimingStatus></To><RunTime>PT48S</RunTime></JourneyPatternTimingLink><JourneyPatternTimingLink id="JPL_59664f_R_2_36"><From SequenceNumber="37"><StopPointRef>490003993S</StopPointRef><TimingStatus>PTP</TimingStatus></From><To SequenceNumber="38"><StopPointRef>490007746S</StopPointRef><TimingStatus>PTP</TimingStatus></To><RunTime>PT48S</RunTime></JourneyPatternTimingLink><JourneyPatternTimingLink id="JPL_59664f_R_2_37"><From SequenceNumber="38"><StopPointRef>490007746S</StopPointRef><TimingStatus>PTP</TimingStatus></From><To SequenceNumber="39"><StopPointRef>490011874S</StopPointRef><TimingStatus>PTP</TimingStatus></To><RunTime>PT48S</RunTime></JourneyPatternTimingLink><JourneyPatternTimingLink id="JPL_59664f_R_2_38"><From SequenceNumber="39"><StopPointRef>490011874S</StopPointRef><TimingStatus>PTP</TimingStatus></From><To SequenceNumber="40"><StopPointRef>490013017S</StopPointRef><TimingStatus>PTP</TimingStatus></To><RunTime>PT48S</RunTime></JourneyPatternTimingLink><JourneyPatternTimingLink id="JPL_59664f_R_2_39"><From SequenceNumber="40"><StopPointRef>490013017S</StopPointRef><TimingStatus>PTP</TimingStatus></From><To SequenceNumber="41"><StopPointRef>490008534E</StopPointRef><TimingStatus>PTP</TimingStatus></To><RunTime>PT48S</RunTime></JourneyPatternTimingLink><JourneyPatternTimingLink id="JPL_59664f_R_2_40"><From SequenceNumber="41"><StopPointRef>490008534E</StopPointRef><TimingStatus>PTP</TimingStatus></From><To SequenceNumber="42"><StopPointRef>490004995E</StopPointRef><TimingStatus>PTP</TimingStatus></To><RunTime>PT60S</RunTime></JourneyPatternTimingLink></JourneyPatternSection></JourneyPatternSections><Operators><Operator id="OId_SK"><OperatorCode>SK</OperatorCode><OperatorShortName>SK</OperatorShortName><OperatorNameOnLicence>SK</OperatorNameOnLicence><TradingName>SK</TradingName></Operator></Operators><Services><Service><ServiceCode>SId_59664f0</ServiceCode><PrivateCode>59664f0</PrivateCode><Lines><Line id="LId_59664f0"><LineName>664</LineName></Line></Lines><OperatingPeriod><StartDate>2009-12-01</StartDate><EndDate>2010-12-23</EndDate></OperatingPeriod><OperatingProfile><RegularDayType>
					<DaysOfWeek>
						<MondayToFriday/>
					</DaysOfWeek>
				</RegularDayType>
				<BankHolidayOperation><DaysOfNonOperation><AllBankHolidays></AllBankHolidays></DaysOfNonOperation></BankHolidayOperation></OperatingProfile><RegisteredOperatorRef>OId_SK</RegisteredOperatorRef><StopRequirements><NoNewStopsRequired/></StopRequirements><StandardService><Origin>Charles Darwin School (TN16)</Origin><Destination>Homestead Way / Milne Park</Destination><JourneyPattern id="JP_59664f_H0_1"><Direction>outbound</Direction><Operational><VehicleType><VehicleTypeCode>08</VehicleTypeCode><Description>Double Decker Low Floor+Wheelchair</Description></VehicleType></Operational><RouteRef>R_59664f_H_1</RouteRef><JourneyPatternSectionRefs>JPS_59664f_H_1</JourneyPatternSectionRefs></JourneyPattern><JourneyPattern id="JP_59664f_R0_2"><Direction>inbound</Direction><Operational><VehicleType><VehicleTypeCode>08</VehicleTypeCode><Description>Double Decker Low Floor+Wheelchair</Description></VehicleType></Operational><RouteRef>R_59664f_R_2</RouteRef><JourneyPatternSectionRefs>JPS_59664f_R_2</JourneyPatternSectionRefs></JourneyPattern></StandardService></Service></Services><VehicleJourneys><VehicleJourney><PrivateCode>59664ff0H6640002</PrivateCode><Operational><VehicleType><VehicleTypeCode>08</VehicleTypeCode><Description>Double Decker Low Floor+Wheelchair</Description></VehicleType></Operational><OperatingProfile><RegularDayType>
					<DaysOfWeek>
						<MondayToFriday/>
					</DaysOfWeek>
				</RegularDayType>
			</OperatingProfile><VehicleJourneyCode>59664ff0H6640002</VehicleJourneyCode><ServiceRef>SId_59664f0</ServiceRef><LineRef>LId_59664f0</LineRef><JourneyPatternRef>JP_59664f_H0_1</JourneyPatternRef><DepartureTime>15:10:00</DepartureTime></VehicleJourney><VehicleJourney><PrivateCode>59664ff0R6640001</PrivateCode><Operational><VehicleType><VehicleTypeCode>08</VehicleTypeCode><Description>Double Decker Low Floor+Wheelchair</Description></VehicleType></Operational><OperatingProfile><RegularDayType>
					<DaysOfWeek>
						<MondayToFriday/>
					</DaysOfWeek>
				</RegularDayType>
			</OperatingProfile><VehicleJourneyCode>59664ff0R6640001</VehicleJourneyCode><ServiceRef>SId_59664f0</ServiceRef><LineRef>LId_59664f0</LineRef><JourneyPatternRef>JP_59664f_R0_2</JourneyPatternRef><DepartureTime>07:28:00</DepartureTime></VehicleJourney></VehicleJourneys></TransXChange>
