<?xml version="1.0" encoding="UTF-8"?>
<TransXChange CreationDateTime="2010-10-28T09:18:10" ModificationDateTime="2010-10-28T09:18:10" Modification="new" FileName="G:\mentzdv\Datastore\output_txc_54611c.xml" RevisionNumber="0" SchemaVersion="2.1" xmlns:xsi="http://www.w3.org/2001/XMLSchema-instance" xsi:schemaLocation="http://www.transxchange.org.uk/ http://www.transxchange.org.uk/schema/2.1/TransXChange_general.xsd" xmlns="http://www.transxchange.org.uk/" xmlns:n1="http://www.transxchange.org.uk/" xmlns:n2="http://www.govtalk.gov.uk/people/AddressAndPersonalDetails" xmlns:n3="http://www.govtalk.gov.uk/core" xmlns:n4="http://www.govtalk.gov.uk/people/bs7666"><StopPoints><AnnotatedStopPointRef><StopPointRef>490000224B</StopPointRef><CommonName>Stonebridge Park</CommonName><Indicator>stop B</Indicator><LocalityName>Stonebridge Park</LocalityName><LocalityQualifier>Greater London</LocalityQualifier></AnnotatedStopPointRef><AnnotatedStopPointRef><StopPointRef>490007855N</StopPointRef><CommonName>Harrow Road /North Circular Rd</CommonName><Indicator>stop E</Indicator><LocalityName>Tokyngton</LocalityName><LocalityQualifier>Greater London</LocalityQualifier></AnnotatedStopPointRef><AnnotatedStopPointRef><StopPointRef>490005538E</StopPointRef><CommonName>Conduit Way (NW10)</CommonName><Indicator>stop E</Indicator><LocalityName>Tokyngton</LocalityName><LocalityQualifier>Greater London</LocalityQualifier></AnnotatedStopPointRef><AnnotatedStopPointRef><StopPointRef>490014960N</StopPointRef><CommonName>Wrights Place (NW10)</CommonName><Indicator>stop R</Indicator><LocalityName>Tokyngton</LocalityName><LocalityQualifier>Greater London</LocalityQualifier></AnnotatedStopPointRef><AnnotatedStopPointRef><StopPointRef>490004286N</StopPointRef><CommonName>Brentfield Road (NW10)</CommonName><Indicator>stop N</Indicator><LocalityName>Church End (Willesden)</LocalityName><LocalityQualifier>Greater London</LocalityQualifier></AnnotatedStopPointRef><AnnotatedStopPointRef><StopPointRef>490014856L</StopPointRef><CommonName>Woodheyes Road</CommonName><Indicator>stop L</Indicator><LocalityName>Church End (Willesden)</LocalityName><LocalityQualifier>Greater London</LocalityQualifier></AnnotatedStopPointRef><AnnotatedStopPointRef><StopPointRef>490014082NN</StopPointRef><CommonName>Village Way/North Circular Rd</CommonName><Indicator>stop NN</Indicator><LocalityName>Neasden</LocalityName><LocalityQualifier>Greater London</LocalityQualifier></AnnotatedStopPointRef><AnnotatedStopPointRef><StopPointRef>490010330E</StopPointRef><CommonName>North Circular Rd / Neasden Ln</CommonName><Indicator>stop PP</Indicator><LocalityName>Neasden</LocalityName><LocalityQualifier>Greater London</LocalityQualifier></AnnotatedStopPointRef><AnnotatedStopPointRef><StopPointRef>490003061N</StopPointRef><CommonName>Aboyne Road</CommonName><Indicator>stop N</Indicator><LocalityName>Neasden</LocalityName><LocalityQualifier>Greater London</LocalityQualifier></AnnotatedStopPointRef><AnnotatedStopPointRef><StopPointRef>490007991E</StopPointRef><CommonName>Heather Road/North Circular Rd</CommonName><Indicator>stop E</Indicator><LocalityName>Neasden</LocalityName><LocalityQualifier>Greater London</LocalityQualifier></AnnotatedStopPointRef><AnnotatedStopPointRef><StopPointRef>490004483E</StopPointRef><CommonName>Brook Road / North Circular Rd</CommonName><Indicator>stop E</Indicator><LocalityName>Dollis Hill</LocalityName><LocalityQualifier>Greater London</LocalityQualifier></AnnotatedStopPointRef><AnnotatedStopPointRef><StopPointRef>490005474E</StopPointRef><CommonName>Coles Green Rd /North Circular</CommonName><Indicator>stop SP</Indicator><LocalityName>Dollis Hill</LocalityName><LocalityQualifier>Greater London</LocalityQualifier></AnnotatedStopPointRef><AnnotatedStopPointRef><StopPointRef>490012589A</StopPointRef><CommonName>Staples Corner</CommonName><Indicator>stop SR</Indicator><LocalityName>West Hendon</LocalityName><LocalityQualifier>Greater London</LocalityQualifier></AnnotatedStopPointRef><AnnotatedStopPointRef><StopPointRef>490006651M</StopPointRef><CommonName>Etheridge Road (NW2)</CommonName><Indicator>stop M</Indicator><LocalityName>West Hendon</LocalityName><LocalityQualifier>Greater London</LocalityQualifier></AnnotatedStopPointRef><AnnotatedStopPointRef><StopPointRef>490004282D</StopPointRef><CommonName>Brent Cross Shopping Centre</CommonName><Indicator>stop D</Indicator><LocalityName>Brent Cross</LocalityName><LocalityQualifier>Greater London</LocalityQualifier></AnnotatedStopPointRef><AnnotatedStopPointRef><StopPointRef>490007994X</StopPointRef><CommonName>Heathfield Gardens (NW11)</CommonName><Indicator>stop X</Indicator><LocalityName>Brent Cross</LocalityName><LocalityQualifier>Greater London</LocalityQualifier></AnnotatedStopPointRef><AnnotatedStopPointRef><StopPointRef>490007269E</StopPointRef><CommonName>Golders Green Road (NW11)</CommonName><Indicator>stop W</Indicator><LocalityName>Golders Green</LocalityName><LocalityQualifier>Greater London</LocalityQualifier></AnnotatedStopPointRef><AnnotatedStopPointRef><StopPointRef>490004323N</StopPointRef><CommonName>Bridge Lane (NW11)</CommonName><Indicator>stop N</Indicator><LocalityName>Golders Green</LocalityName><LocalityQualifier>Greater London</LocalityQualifier></AnnotatedStopPointRef><AnnotatedStopPointRef><StopPointRef>490012257E</StopPointRef><CommonName>Southbourne Crescent</CommonName><Indicator>stop TN</Indicator><LocalityName>Golders Green</LocalityName><LocalityQualifier>Greater London</LocalityQualifier></AnnotatedStopPointRef><AnnotatedStopPointRef><StopPointRef>490005488N</StopPointRef><CommonName>Allandale Avenue (N3)</CommonName><Indicator>stop TR</Indicator><LocalityName>Finchley</LocalityName><LocalityQualifier>Greater London</LocalityQualifier></AnnotatedStopPointRef><AnnotatedStopPointRef><StopPointRef>490010079N</StopPointRef><CommonName>Mountfield Road</CommonName><Indicator>stop J</Indicator><LocalityName>Finchley</LocalityName><LocalityQualifier>Greater London</LocalityQualifier></AnnotatedStopPointRef><AnnotatedStopPointRef><StopPointRef>490006337N</StopPointRef><CommonName>East End Road /Regents Park Rd</CommonName><Indicator>stop K</Indicator><LocalityName>Finchley</LocalityName><LocalityQualifier>Greater London</LocalityQualifier></AnnotatedStopPointRef><AnnotatedStopPointRef><StopPointRef>490008311E</StopPointRef><CommonName>Holmwood Gardens (N3)</CommonName><Indicator>stop T</Indicator><LocalityName>Finchley</LocalityName><LocalityQualifier>Greater London</LocalityQualifier></AnnotatedStopPointRef><AnnotatedStopPointRef><StopPointRef>490009594E1</StopPointRef><CommonName>Manor View (N3)</CommonName><Indicator>stop V</Indicator><LocalityName>Finchley</LocalityName><LocalityQualifier>Greater London</LocalityQualifier></AnnotatedStopPointRef><AnnotatedStopPointRef><StopPointRef>490003670E</StopPointRef><CommonName>Basing Way</CommonName><Indicator>stop W</Indicator><LocalityName>Finchley</LocalityName><LocalityQualifier>Greater London</LocalityQualifier></AnnotatedStopPointRef><AnnotatedStopPointRef><StopPointRef>490006353E2</StopPointRef><CommonName>East Finchley Cemetery (N2)</CommonName><Indicator>stop J</Indicator><LocalityName>Hampstead Garden Suburb</LocalityName><LocalityQualifier>Greater London</LocalityQualifier></AnnotatedStopPointRef><AnnotatedStopPointRef><StopPointRef>490006353E1</StopPointRef><CommonName>East Finchley Cemetery (N2)</CommonName><Indicator>stop H</Indicator><LocalityName>Hampstead Garden Suburb</LocalityName><LocalityQualifier>Greater London</LocalityQualifier></AnnotatedStopPointRef><AnnotatedStopPointRef><StopPointRef>490003670W</StopPointRef><CommonName>Basing Way</CommonName><Indicator>stop D</Indicator><LocalityName>Finchley</LocalityName><LocalityQualifier>Greater London</LocalityQualifier></AnnotatedStopPointRef><AnnotatedStopPointRef><StopPointRef>490009594W1</StopPointRef><CommonName>Manor View (N3)</CommonName><Indicator>stop E</Indicator><LocalityName>Finchley</LocalityName><LocalityQualifier>Greater London</LocalityQualifier></AnnotatedStopPointRef><AnnotatedStopPointRef><StopPointRef>490008311W</StopPointRef><CommonName>Holmwood Gardens (N3)</CommonName><Indicator>stop F</Indicator><LocalityName>Finchley</LocalityName><LocalityQualifier>Greater London</LocalityQualifier></AnnotatedStopPointRef><AnnotatedStopPointRef><StopPointRef>490005254W</StopPointRef><CommonName>Church End (N3)</CommonName><Indicator>stop G</Indicator><LocalityName>Finchley</LocalityName><LocalityQualifier>Greater London</LocalityQualifier></AnnotatedStopPointRef><AnnotatedStopPointRef><StopPointRef>490010079S</StopPointRef><CommonName>Mountfield Road</CommonName><Indicator>stop H</Indicator><LocalityName>Finchley</LocalityName><LocalityQualifier>Greater London</LocalityQualifier></AnnotatedStopPointRef><AnnotatedStopPointRef><StopPointRef>490005488S</StopPointRef><CommonName>Allandale Avenue (N3)</CommonName><Indicator>stop TA</Indicator><LocalityName>Finchley</LocalityName><LocalityQualifier>Greater London</LocalityQualifier></AnnotatedStopPointRef><AnnotatedStopPointRef><StopPointRef>490012257W</StopPointRef><CommonName>Southbourne Crescent</CommonName><Indicator>stop TM</Indicator><LocalityName>Golders Green</LocalityName><LocalityQualifier>Greater London</LocalityQualifier></AnnotatedStopPointRef><AnnotatedStopPointRef><StopPointRef>490004323S</StopPointRef><CommonName>Bridge Lane (NW11)</CommonName><Indicator>stop S</Indicator><LocalityName>Golders Green</LocalityName><LocalityQualifier>Greater London</LocalityQualifier></AnnotatedStopPointRef><AnnotatedStopPointRef><StopPointRef>490007269W</StopPointRef><CommonName>Golders Green Road (NW11)</CommonName><Indicator>stop U</Indicator><LocalityName>Golders Green</LocalityName><LocalityQualifier>Greater London</LocalityQualifier></AnnotatedStopPointRef><AnnotatedStopPointRef><StopPointRef>490007994Y</StopPointRef><CommonName>Brent Cross Station</CommonName><Indicator>stop Y</Indicator><LocalityName>Brent Cross</LocalityName><LocalityQualifier>Greater London</LocalityQualifier></AnnotatedStopPointRef><AnnotatedStopPointRef><StopPointRef>490011191F</StopPointRef><CommonName>Prince Charles Drive</CommonName><Indicator>stop F</Indicator><LocalityName>Golders Green</LocalityName><LocalityQualifier>Greater London</LocalityQualifier></AnnotatedStopPointRef><AnnotatedStopPointRef><StopPointRef>490004282A</StopPointRef><CommonName>Brent Cross Shopping Centre</CommonName><Indicator>stop A</Indicator><LocalityName>Brent Cross</LocalityName><LocalityQualifier>Greater London</LocalityQualifier></AnnotatedStopPointRef><AnnotatedStopPointRef><StopPointRef>490013675S</StopPointRef><CommonName>Tilling Road</CommonName><Indicator>stop S</Indicator><LocalityName>West Hendon</LocalityName><LocalityQualifier>Greater London</LocalityQualifier></AnnotatedStopPointRef><AnnotatedStopPointRef><StopPointRef>490012589W</StopPointRef><CommonName>Staples Corner</CommonName><Indicator>stop SK</Indicator><LocalityName>West Hendon</LocalityName><LocalityQualifier>Greater London</LocalityQualifier></AnnotatedStopPointRef><AnnotatedStopPointRef><StopPointRef>490005474W</StopPointRef><CommonName>Coles Green Rd /North Circular</CommonName><Indicator>stop SL</Indicator><LocalityName>Dollis Hill</LocalityName><LocalityQualifier>Greater London</LocalityQualifier></AnnotatedStopPointRef><AnnotatedStopPointRef><StopPointRef>490014274W</StopPointRef><CommonName>Waterloo Rd /North Circular Rd</CommonName><Indicator>stop SM</Indicator><LocalityName>Dollis Hill</LocalityName><LocalityQualifier>Greater London</LocalityQualifier></AnnotatedStopPointRef><AnnotatedStopPointRef><StopPointRef>490004483W</StopPointRef><CommonName>Brook Road / North Circular Rd</CommonName><Indicator>stop W</Indicator><LocalityName>Dollis Hill</LocalityName><LocalityQualifier>Greater London</LocalityQualifier></AnnotatedStopPointRef><AnnotatedStopPointRef><StopPointRef>490007991W</StopPointRef><CommonName>Heather Road/North Circular Rd</CommonName><Indicator>stop W</Indicator><LocalityName>Neasden</LocalityName><LocalityQualifier>Greater London</LocalityQualifier></AnnotatedStopPointRef><AnnotatedStopPointRef><StopPointRef>490003061S</StopPointRef><CommonName>Randall Avenue /North Circular</CommonName><Indicator>stop S</Indicator><LocalityName>Neasden</LocalityName><LocalityQualifier>Greater London</LocalityQualifier></AnnotatedStopPointRef><AnnotatedStopPointRef><StopPointRef>490010330JJ</StopPointRef><CommonName>Neasden Shopping Centre</CommonName><Indicator>stop JJ</Indicator><LocalityName>Neasden</LocalityName><LocalityQualifier>Greater London</LocalityQualifier></AnnotatedStopPointRef><AnnotatedStopPointRef><StopPointRef>490014082LL</StopPointRef><CommonName>Village Way/North Circular Rd</CommonName><Indicator>stop LL</Indicator><LocalityName>Neasden</LocalityName><LocalityQualifier>Greater London</LocalityQualifier></AnnotatedStopPointRef><AnnotatedStopPointRef><StopPointRef>490014856G</StopPointRef><CommonName>Woodheyes Road</CommonName><Indicator>stop G</Indicator><LocalityName>Church End (Willesden)</LocalityName><LocalityQualifier>Greater London</LocalityQualifier></AnnotatedStopPointRef><AnnotatedStopPointRef><StopPointRef>490004286M</StopPointRef><CommonName>Brentfield Road (NW10)</CommonName><Indicator>stop M</Indicator><LocalityName>Church End (Willesden)</LocalityName><LocalityQualifier>Greater London</LocalityQualifier></AnnotatedStopPointRef><AnnotatedStopPointRef><StopPointRef>490010313S</StopPointRef><CommonName>Normansmead (NW10)</CommonName><Indicator>stop S</Indicator><LocalityName>Tokyngton</LocalityName><LocalityQualifier>Greater London</LocalityQualifier></AnnotatedStopPointRef><AnnotatedStopPointRef><StopPointRef>490005538W</StopPointRef><CommonName>Conduit Way (NW10)</CommonName><Indicator>stop W</Indicator><LocalityName>Tokyngton</LocalityName><LocalityQualifier>Greater London</LocalityQualifier></AnnotatedStopPointRef><AnnotatedStopPointRef><StopPointRef>490007855H</StopPointRef><CommonName>Harrow Road /North Circular Rd</CommonName><Indicator>stop H</Indicator><LocalityName>Tokyngton</LocalityName><LocalityQualifier>Greater London</LocalityQualifier></AnnotatedStopPointRef><AnnotatedStopPointRef><StopPointRef>490010337S</StopPointRef><CommonName>North Circular Road/Monks Park</CommonName><Indicator>stop G</Indicator><LocalityName>Tokyngton</LocalityName><LocalityQualifier>Greater London</LocalityQualifier></AnnotatedStopPointRef><AnnotatedStopPointRef><StopPointRef>490000224A</StopPointRef><CommonName>Stonebridge Park</CommonName><Indicator>stop A</Indicator><LocalityName>Stonebridge Park</LocalityName><LocalityQualifier>Greater London</LocalityQualifier></AnnotatedStopPointRef></StopPoints><RouteSections><RouteSection id="RS_54611c_H_1"><RouteLink id="RL_RS_54611c_H_1_0"><From><StopPointRef>490000224B</StopPointRef></From><To><StopPointRef>490007855N</StopPointRef></To><Direction>outbound</Direction></RouteLink><RouteLink id="RL_RS_54611c_H_1_1"><From><StopPointRef>490007855N</StopPointRef></From><To><StopPointRef>490005538E</StopPointRef></To><Direction>outbound</Direction></RouteLink><RouteLink id="RL_RS_54611c_H_1_2"><From><StopPointRef>490005538E</StopPointRef></From><To><StopPointRef>490014960N</StopPointRef></To><Direction>outbound</Direction></RouteLink><RouteLink id="RL_RS_54611c_H_1_3"><From><StopPointRef>490014960N</StopPointRef></From><To><StopPointRef>490004286N</StopPointRef></To><Direction>outbound</Direction></RouteLink><RouteLink id="RL_RS_54611c_H_1_4"><From><StopPointRef>490004286N</StopPointRef></From><To><StopPointRef>490014856L</StopPointRef></To><Direction>outbound</Direction></RouteLink><RouteLink id="RL_RS_54611c_H_1_5"><From><StopPointRef>490014856L</StopPointRef></From><To><StopPointRef>490014082NN</StopPointRef></To><Direction>outbound</Direction></RouteLink><RouteLink id="RL_RS_54611c_H_1_6"><From><StopPointRef>490014082NN</StopPointRef></From><To><StopPointRef>490010330E</StopPointRef></To><Direction>outbound</Direction></RouteLink><RouteLink id="RL_RS_54611c_H_1_7"><From><StopPointRef>490010330E</StopPointRef></From><To><StopPointRef>490003061N</StopPointRef></To><Direction>outbound</Direction></RouteLink><RouteLink id="RL_RS_54611c_H_1_8"><From><StopPointRef>490003061N</StopPointRef></From><To><StopPointRef>490007991E</StopPointRef></To><Direction>outbound</Direction></RouteLink><RouteLink id="RL_RS_54611c_H_1_9"><From><StopPointRef>490007991E</StopPointRef></From><To><StopPointRef>490004483E</StopPointRef></To><Direction>outbound</Direction></RouteLink><RouteLink id="RL_RS_54611c_H_1_10"><From><StopPointRef>490004483E</StopPointRef></From><To><StopPointRef>490005474E</StopPointRef></To><Direction>outbound</Direction></RouteLink><RouteLink id="RL_RS_54611c_H_1_11"><From><StopPointRef>490005474E</StopPointRef></From><To><StopPointRef>490012589A</StopPointRef></To><Direction>outbound</Direction></RouteLink><RouteLink id="RL_RS_54611c_H_1_12"><From><StopPointRef>490012589A</StopPointRef></From><To><StopPointRef>490006651M</StopPointRef></To><Direction>outbound</Direction></RouteLink><RouteLink id="RL_RS_54611c_H_1_13"><From><StopPointRef>490006651M</StopPointRef></From><To><StopPointRef>490004282D</StopPointRef></To><Direction>outbound</Direction></RouteLink><RouteLink id="RL_RS_54611c_H_1_14"><From><StopPointRef>490004282D</StopPointRef></From><To><StopPointRef>490007994X</StopPointRef></To><Direction>outbound</Direction></RouteLink><RouteLink id="RL_RS_54611c_H_1_15"><From><StopPointRef>490007994X</StopPointRef></From><To><StopPointRef>490007269E</StopPointRef></To><Direction>outbound</Direction></RouteLink><RouteLink id="RL_RS_54611c_H_1_16"><From><StopPointRef>490007269E</StopPointRef></From><To><StopPointRef>490004323N</StopPointRef></To><Direction>outbound</Direction></RouteLink><RouteLink id="RL_RS_54611c_H_1_17"><From><StopPointRef>490004323N</StopPointRef></From><To><StopPointRef>490012257E</StopPointRef></To><Direction>outbound</Direction></RouteLink><RouteLink id="RL_RS_54611c_H_1_18"><From><StopPointRef>490012257E</StopPointRef></From><To><StopPointRef>490005488N</StopPointRef></To><Direction>outbound</Direction></RouteLink><RouteLink id="RL_RS_54611c_H_1_19"><From><StopPointRef>490005488N</StopPointRef></From><To><StopPointRef>490010079N</StopPointRef></To><Direction>outbound</Direction></RouteLink><RouteLink id="RL_RS_54611c_H_1_20"><From><StopPointRef>490010079N</StopPointRef></From><To><StopPointRef>490006337N</StopPointRef></To><Direction>outbound</Direction></RouteLink><RouteLink id="RL_RS_54611c_H_1_21"><From><StopPointRef>490006337N</StopPointRef></From><To><StopPointRef>490008311E</StopPointRef></To><Direction>outbound</Direction></RouteLink><RouteLink id="RL_RS_54611c_H_1_22"><From><StopPointRef>490008311E</StopPointRef></From><To><StopPointRef>490009594E1</StopPointRef></To><Direction>outbound</Direction></RouteLink><RouteLink id="RL_RS_54611c_H_1_23"><From><StopPointRef>490009594E1</StopPointRef></From><To><StopPointRef>490003670E</StopPointRef></To><Direction>outbound</Direction></RouteLink><RouteLink id="RL_RS_54611c_H_1_24"><From><StopPointRef>490003670E</StopPointRef></From><To><StopPointRef>490006353E2</StopPointRef></To><Distance>420</Distance><Direction>outbound</Direction></RouteLink></RouteSection><RouteSection id="RS_54611c_R_2"><RouteLink id="RL_RS_54611c_R_2_0"><From><StopPointRef>490006353E1</StopPointRef></From><To><StopPointRef>490003670W</StopPointRef></To><Distance>398</Distance><Direction>inbound</Direction></RouteLink><RouteLink id="RL_RS_54611c_R_2_1"><From><StopPointRef>490003670W</StopPointRef></From><To><StopPointRef>490009594W1</StopPointRef></To><Direction>inbound</Direction></RouteLink><RouteLink id="RL_RS_54611c_R_2_2"><From><StopPointRef>490009594W1</StopPointRef></From><To><StopPointRef>490008311W</StopPointRef></To><Direction>inbound</Direction></RouteLink><RouteLink id="RL_RS_54611c_R_2_3"><From><StopPointRef>490008311W</StopPointRef></From><To><StopPointRef>490005254W</StopPointRef></To><Direction>inbound</Direction></RouteLink><RouteLink id="RL_RS_54611c_R_2_4"><From><StopPointRef>490005254W</StopPointRef></From><To><StopPointRef>490010079S</StopPointRef></To><Direction>inbound</Direction></RouteLink><RouteLink id="RL_RS_54611c_R_2_5"><From><StopPointRef>490010079S</StopPointRef></From><To><StopPointRef>490005488S</StopPointRef></To><Direction>inbound</Direction></RouteLink><RouteLink id="RL_RS_54611c_R_2_6"><From><StopPointRef>490005488S</StopPointRef></From><To><StopPointRef>490012257W</StopPointRef></To><Direction>inbound</Direction></RouteLink><RouteLink id="RL_RS_54611c_R_2_7"><From><StopPointRef>490012257W</StopPointRef></From><To><StopPointRef>490004323S</StopPointRef></To><Direction>inbound</Direction></RouteLink><RouteLink id="RL_RS_54611c_R_2_8"><From><StopPointRef>490004323S</StopPointRef></From><To><StopPointRef>490007269W</StopPointRef></To><Direction>inbound</Direction></RouteLink><RouteLink id="RL_RS_54611c_R_2_9"><From><StopPointRef>490007269W</StopPointRef></From><To><StopPointRef>490007994Y</StopPointRef></To><Direction>inbound</Direction></RouteLink><RouteLink id="RL_RS_54611c_R_2_10"><From><StopPointRef>490007994Y</StopPointRef></From><To><StopPointRef>490011191F</StopPointRef></To><Direction>inbound</Direction></RouteLink><RouteLink id="RL_RS_54611c_R_2_11"><From><StopPointRef>490011191F</StopPointRef></From><To><StopPointRef>490004282A</StopPointRef></To><Distance>256</Distance><Direction>inbound</Direction></RouteLink><RouteLink id="RL_RS_54611c_R_2_12"><From><StopPointRef>490004282A</StopPointRef></From><To><StopPointRef>490013675S</StopPointRef></To><Direction>inbound</Direction></RouteLink><RouteLink id="RL_RS_54611c_R_2_13"><From><StopPointRef>490013675S</StopPointRef></From><To><StopPointRef>490012589W</StopPointRef></To><Direction>inbound</Direction></RouteLink><RouteLink id="RL_RS_54611c_R_2_14"><From><StopPointRef>490012589W</StopPointRef></From><To><StopPointRef>490005474W</StopPointRef></To><Direction>inbound</Direction></RouteLink><RouteLink id="RL_RS_54611c_R_2_15"><From><StopPointRef>490005474W</StopPointRef></From><To><StopPointRef>490014274W</StopPointRef></To><Direction>inbound</Direction></RouteLink><RouteLink id="RL_RS_54611c_R_2_16"><From><StopPointRef>490014274W</StopPointRef></From><To><StopPointRef>490004483W</StopPointRef></To><Direction>inbound</Direction></RouteLink><RouteLink id="RL_RS_54611c_R_2_17"><From><StopPointRef>490004483W</StopPointRef></From><To><StopPointRef>490007991W</StopPointRef></To><Direction>inbound</Direction></RouteLink><RouteLink id="RL_RS_54611c_R_2_18"><From><StopPointRef>490007991W</StopPointRef></From><To><StopPointRef>490003061S</StopPointRef></To><Direction>inbound</Direction></RouteLink><RouteLink id="RL_RS_54611c_R_2_19"><From><StopPointRef>490003061S</StopPointRef></From><To><StopPointRef>490010330JJ</StopPointRef></To><Direction>inbound</Direction></RouteLink><RouteLink id="RL_RS_54611c_R_2_20"><From><StopPointRef>490010330JJ</StopPointRef></From><To><StopPointRef>490014082LL</StopPointRef></To><Direction>inbound</Direction></RouteLink><RouteLink id="RL_RS_54611c_R_2_21"><From><StopPointRef>490014082LL</StopPointRef></From><To><StopPointRef>490014856G</StopPointRef></To><Direction>inbound</Direction></RouteLink><RouteLink id="RL_RS_54611c_R_2_22"><From><StopPointRef>490014856G</StopPointRef></From><To><StopPointRef>490004286M</StopPointRef></To><Direction>inbound</Direction></RouteLink><RouteLink id="RL_RS_54611c_R_2_23"><From><StopPointRef>490004286M</StopPointRef></From><To><StopPointRef>490010313S</StopPointRef></To><Direction>inbound</Direction></RouteLink><RouteLink id="RL_RS_54611c_R_2_24"><From><StopPointRef>490010313S</StopPointRef></From><To><StopPointRef>490005538W</StopPointRef></To><Direction>inbound</Direction></RouteLink><RouteLink id="RL_RS_54611c_R_2_25"><From><StopPointRef>490005538W</StopPointRef></From><To><StopPointRef>490007855H</StopPointRef></To><Direction>inbound</Direction></RouteLink><RouteLink id="RL_RS_54611c_R_2_26"><From><StopPointRef>490007855H</StopPointRef></From><To><StopPointRef>490010337S</StopPointRef></To><Direction>inbound</Direction></RouteLink><RouteLink id="RL_RS_54611c_R_2_27"><From><StopPointRef>490010337S</StopPointRef></From><To><StopPointRef>490000224A</StopPointRef></To><Direction>inbound</Direction></RouteLink></RouteSection></RouteSections><Routes><Route id="R_54611c_H_1"><PrivateCode>R_54611c_H_1</PrivateCode><Description>Stonebridge Park - East Finchley Cemetery (N2)</Description><RouteSectionRef>RS_54611c_H_1</RouteSectionRef></Route><Route id="R_54611c_R_2"><PrivateCode>R_54611c_R_2</PrivateCode><Description>East Finchley Cemetery (N2) - Stonebridge Park</Description><RouteSectionRef>RS_54611c_R_2</RouteSectionRef></Route></Routes><JourneyPatternSections><JourneyPatternSection id="JPS_54611c_H_1"><JourneyPatternTimingLink id="JPL_54611c_H_1_0"><From SequenceNumber="1"><StopPointRef>490000224B</StopPointRef><TimingStatus>PTP</TimingStatus></From><To SequenceNumber="2"><StopPointRef>490007855N</StopPointRef><TimingStatus>PTP</TimingStatus></To><RunTime>PT66S</RunTime></JourneyPatternTimingLink><JourneyPatternTimingLink id="JPL_54611c_H_1_1"><From SequenceNumber="2"><StopPointRef>490007855N</StopPointRef><TimingStatus>PTP</TimingStatus></From><To SequenceNumber="3"><StopPointRef>490005538E</StopPointRef><TimingStatus>PTP</TimingStatus></To><RunTime>PT66S</RunTime></JourneyPatternTimingLink><JourneyPatternTimingLink id="JPL_54611c_H_1_2"><From SequenceNumber="3"><StopPointRef>490005538E</StopPointRef><TimingStatus>PTP</TimingStatus></From><To SequenceNumber="4"><StopPointRef>490014960N</StopPointRef><TimingStatus>PTP</TimingStatus></To><RunTime>PT66S</RunTime></JourneyPatternTimingLink><JourneyPatternTimingLink id="JPL_54611c_H_1_3"><From SequenceNumber="4"><StopPointRef>490014960N</StopPointRef><TimingStatus>PTP</TimingStatus></From><To SequenceNumber="5"><StopPointRef>490004286N</StopPointRef><TimingStatus>PTP</TimingStatus></To><RunTime>PT66S</RunTime></JourneyPatternTimingLink><JourneyPatternTimingLink id="JPL_54611c_H_1_4"><From SequenceNumber="5"><StopPointRef>490004286N</StopPointRef><TimingStatus>PTP</TimingStatus></From><To SequenceNumber="6"><StopPointRef>490014856L</StopPointRef><TimingStatus>PTP</TimingStatus></To><RunTime>PT66S</RunTime></JourneyPatternTimingLink><JourneyPatternTimingLink id="JPL_54611c_H_1_5"><From SequenceNumber="6"><StopPointRef>490014856L</StopPointRef><TimingStatus>PTP</TimingStatus></From><To SequenceNumber="7"><StopPointRef>490014082NN</StopPointRef><TimingStatus>PTP</TimingStatus></To><RunTime>PT66S</RunTime></JourneyPatternTimingLink><JourneyPatternTimingLink id="JPL_54611c_H_1_6"><From SequenceNumber="7"><StopPointRef>490014082NN</StopPointRef><TimingStatus>PTP</TimingStatus></From><To SequenceNumber="8"><StopPointRef>490010330E</StopPointRef><TimingStatus>PTP</TimingStatus></To><RunTime>PT84S</RunTime></JourneyPatternTimingLink><JourneyPatternTimingLink id="JPL_54611c_H_1_7"><From SequenceNumber="8"><StopPointRef>490010330E</StopPointRef><TimingStatus>PTP</TimingStatus></From><To SequenceNumber="9"><StopPointRef>490003061N</StopPointRef><TimingStatus>PTP</TimingStatus></To><RunTime>PT60S</RunTime></JourneyPatternTimingLink><JourneyPatternTimingLink id="JPL_54611c_H_1_8"><From SequenceNumber="9"><StopPointRef>490003061N</StopPointRef><TimingStatus>PTP</TimingStatus></From><To SequenceNumber="10"><StopPointRef>490007991E</StopPointRef><TimingStatus>PTP</TimingStatus></To><RunTime>PT60S</RunTime></JourneyPatternTimingLink><JourneyPatternTimingLink id="JPL_54611c_H_1_9"><From SequenceNumber="10"><StopPointRef>490007991E</StopPointRef><TimingStatus>PTP</TimingStatus></From><To SequenceNumber="11"><StopPointRef>490004483E</StopPointRef><TimingStatus>PTP</TimingStatus></To><RunTime>PT60S</RunTime></JourneyPatternTimingLink><JourneyPatternTimingLink id="JPL_54611c_H_1_10"><From SequenceNumber="11"><StopPointRef>490004483E</StopPointRef><TimingStatus>PTP</TimingStatus></From><To SequenceNumber="12"><StopPointRef>490005474E</StopPointRef><TimingStatus>PTP</TimingStatus></To><RunTime>PT60S</RunTime></JourneyPatternTimingLink><JourneyPatternTimingLink id="JPL_54611c_H_1_11"><From SequenceNumber="12"><StopPointRef>490005474E</StopPointRef><TimingStatus>PTP</TimingStatus></From><To SequenceNumber="13"><StopPointRef>490012589A</StopPointRef><TimingStatus>PTP</TimingStatus></To><RunTime>PT60S</RunTime></JourneyPatternTimingLink><JourneyPatternTimingLink id="JPL_54611c_H_1_12"><From SequenceNumber="13"><StopPointRef>490012589A</StopPointRef><TimingStatus>PTP</TimingStatus></From><To SequenceNumber="14"><StopPointRef>490006651M</StopPointRef><TimingStatus>PTP</TimingStatus></To><RunTime>PT120S</RunTime></JourneyPatternTimingLink><JourneyPatternTimingLink id="JPL_54611c_H_1_13"><From SequenceNumber="14"><StopPointRef>490006651M</StopPointRef><TimingStatus>PTP</TimingStatus></From><To SequenceNumber="15"><StopPointRef>490004282D</StopPointRef><TimingStatus>PTP</TimingStatus></To><RunTime>PT120S</RunTime></JourneyPatternTimingLink><JourneyPatternTimingLink id="JPL_54611c_H_1_14"><From SequenceNumber="15"><StopPointRef>490004282D</StopPointRef><TimingStatus>PTP</TimingStatus></From><To SequenceNumber="16"><StopPointRef>490007994X</StopPointRef><TimingStatus>PTP</TimingStatus></To><RunTime>PT60S</RunTime></JourneyPatternTimingLink><JourneyPatternTimingLink id="JPL_54611c_H_1_15"><From SequenceNumber="16"><StopPointRef>490007994X</StopPointRef><TimingStatus>PTP</TimingStatus></From><To SequenceNumber="17"><StopPointRef>490007269E</StopPointRef><TimingStatus>PTP</TimingStatus></To><RunTime>PT60S</RunTime></JourneyPatternTimingLink><JourneyPatternTimingLink id="JPL_54611c_H_1_16"><From SequenceNumber="17"><StopPointRef>490007269E</StopPointRef><TimingStatus>PTP</TimingStatus></From><To SequenceNumber="18"><StopPointRef>490004323N</StopPointRef><TimingStatus>PTP</TimingStatus></To><RunTime>PT60S</RunTime></JourneyPatternTimingLink><JourneyPatternTimingLink id="JPL_54611c_H_1_17"><From SequenceNumber="18"><StopPointRef>490004323N</StopPointRef><TimingStatus>PTP</TimingStatus></From><To SequenceNumber="19"><StopPointRef>490012257E</StopPointRef><TimingStatus>PTP</TimingStatus></To><RunTime>PT60S</RunTime></JourneyPatternTimingLink><JourneyPatternTimingLink id="JPL_54611c_H_1_18"><From SequenceNumber="19"><StopPointRef>490012257E</StopPointRef><TimingStatus>PTP</TimingStatus></From><To SequenceNumber="20"><StopPointRef>490005488N</StopPointRef><TimingStatus>PTP</TimingStatus></To><RunTime>PT60S</RunTime></JourneyPatternTimingLink><JourneyPatternTimingLink id="JPL_54611c_H_1_19"><From SequenceNumber="20"><StopPointRef>490005488N</StopPointRef><TimingStatus>PTP</TimingStatus></From><To SequenceNumber="21"><StopPointRef>490010079N</StopPointRef><TimingStatus>PTP</TimingStatus></To><RunTime>PT60S</RunTime></JourneyPatternTimingLink><JourneyPatternTimingLink id="JPL_54611c_H_1_20"><From SequenceNumber="21"><StopPointRef>490010079N</StopPointRef><TimingStatus>PTP</TimingStatus></From><To SequenceNumber="22"><StopPointRef>490006337N</StopPointRef><TimingStatus>PTP</TimingStatus></To><RunTime>PT60S</RunTime></JourneyPatternTimingLink><JourneyPatternTimingLink id="JPL_54611c_H_1_21"><From SequenceNumber="22"><StopPointRef>490006337N</StopPointRef><TimingStatus>PTP</TimingStatus></From><To SequenceNumber="23"><StopPointRef>490008311E</StopPointRef><TimingStatus>PTP</TimingStatus></To><RunTime>PT198S</RunTime></JourneyPatternTimingLink><JourneyPatternTimingLink id="JPL_54611c_H_1_22"><From SequenceNumber="23"><StopPointRef>490008311E</StopPointRef><TimingStatus>PTP</TimingStatus></From><To SequenceNumber="24"><StopPointRef>490009594E1</StopPointRef><TimingStatus>PTP</TimingStatus></To><RunTime>PT198S</RunTime></JourneyPatternTimingLink><JourneyPatternTimingLink id="JPL_54611c_H_1_23"><From SequenceNumber="24"><StopPointRef>490009594E1</StopPointRef><TimingStatus>PTP</TimingStatus></From><To SequenceNumber="25"><StopPointRef>490003670E</StopPointRef><TimingStatus>PTP</TimingStatus></To><RunTime>PT204S</RunTime></JourneyPatternTimingLink><JourneyPatternTimingLink id="JPL_54611c_H_1_24"><From SequenceNumber="25"><StopPointRef>490003670E</StopPointRef><TimingStatus>PTP</TimingStatus></From><To SequenceNumber="26"><StopPointRef>490006353E2</StopPointRef><TimingStatus>PTP</TimingStatus></To><RunTime>PT60S</RunTime></JourneyPatternTimingLink></JourneyPatternSection><JourneyPatternSection id="JPS_54611c_R_2"><JourneyPatternTimingLink id="JPL_54611c_R_2_0"><From SequenceNumber="1"><StopPointRef>490006353E1</StopPointRef><TimingStatus>PTP</TimingStatus></From><To SequenceNumber="2"><StopPointRef>490003670W</StopPointRef><TimingStatus>PTP</TimingStatus></To><RunTime>PT60S</RunTime></JourneyPatternTimingLink><JourneyPatternTimingLink id="JPL_54611c_R_2_1"><From SequenceNumber="2"><StopPointRef>490003670W</StopPointRef><TimingStatus>PTP</TimingStatus></From><To SequenceNumber="3"><StopPointRef>490009594W1</StopPointRef><TimingStatus>PTP</TimingStatus></To><RunTime>PT120S</RunTime></JourneyPatternTimingLink><JourneyPatternTimingLink id="JPL_54611c_R_2_2"><From SequenceNumber="3"><StopPointRef>490009594W1</StopPointRef><TimingStatus>PTP</TimingStatus></From><To SequenceNumber="4"><StopPointRef>490008311W</StopPointRef><TimingStatus>PTP</TimingStatus></To><RunTime>PT120S</RunTime></JourneyPatternTimingLink><JourneyPatternTimingLink id="JPL_54611c_R_2_3"><From SequenceNumber="4"><StopPointRef>490008311W</StopPointRef><TimingStatus>PTP</TimingStatus></From><To SequenceNumber="5"><StopPointRef>490005254W</StopPointRef><TimingStatus>PTP</TimingStatus></To><RunTime>PT120S</RunTime></JourneyPatternTimingLink><JourneyPatternTimingLink id="JPL_54611c_R_2_4"><From SequenceNumber="5"><StopPointRef>490005254W</StopPointRef><TimingStatus>PTP</TimingStatus></From><To SequenceNumber="6"><StopPointRef>490010079S</StopPointRef><TimingStatus>PTP</TimingStatus></To><RunTime>PT42S</RunTime></JourneyPatternTimingLink><JourneyPatternTimingLink id="JPL_54611c_R_2_5"><From SequenceNumber="6"><StopPointRef>490010079S</StopPointRef><TimingStatus>PTP</TimingStatus></From><To SequenceNumber="7"><StopPointRef>490005488S</StopPointRef><TimingStatus>PTP</TimingStatus></To><RunTime>PT42S</RunTime></JourneyPatternTimingLink><JourneyPatternTimingLink id="JPL_54611c_R_2_6"><From SequenceNumber="7"><StopPointRef>490005488S</StopPointRef><TimingStatus>PTP</TimingStatus></From><To SequenceNumber="8"><StopPointRef>490012257W</StopPointRef><TimingStatus>PTP</TimingStatus></To><RunTime>PT42S</RunTime></JourneyPatternTimingLink><JourneyPatternTimingLink id="JPL_54611c_R_2_7"><From SequenceNumber="8"><StopPointRef>490012257W</StopPointRef><TimingStatus>PTP</TimingStatus></From><To SequenceNumber="9"><StopPointRef>490004323S</StopPointRef><TimingStatus>PTP</TimingStatus></To><RunTime>PT42S</RunTime></JourneyPatternTimingLink><JourneyPatternTimingLink id="JPL_54611c_R_2_8"><From SequenceNumber="9"><StopPointRef>490004323S</StopPointRef><TimingStatus>PTP</TimingStatus></From><To SequenceNumber="10"><StopPointRef>490007269W</StopPointRef><TimingStatus>PTP</TimingStatus></To><RunTime>PT42S</RunTime></JourneyPatternTimingLink><JourneyPatternTimingLink id="JPL_54611c_R_2_9"><From SequenceNumber="10"><StopPointRef>490007269W</StopPointRef><TimingStatus>PTP</TimingStatus></From><To SequenceNumber="11"><StopPointRef>490007994Y</StopPointRef><TimingStatus>PTP</TimingStatus></To><RunTime>PT42S</RunTime></JourneyPatternTimingLink><JourneyPatternTimingLink id="JPL_54611c_R_2_10"><From SequenceNumber="11"><StopPointRef>490007994Y</StopPointRef><TimingStatus>PTP</TimingStatus></From><To SequenceNumber="12"><StopPointRef>490011191F</StopPointRef><TimingStatus>PTP</TimingStatus></To><RunTime>PT42S</RunTime></JourneyPatternTimingLink><JourneyPatternTimingLink id="JPL_54611c_R_2_11"><From SequenceNumber="12"><StopPointRef>490011191F</StopPointRef><TimingStatus>PTP</TimingStatus></From><To SequenceNumber="13"><StopPointRef>490004282A</StopPointRef><TimingStatus>PTP</TimingStatus></To><RunTime>PT66S</RunTime></JourneyPatternTimingLink><JourneyPatternTimingLink id="JPL_54611c_R_2_12"><From SequenceNumber="13"><StopPointRef>490004282A</StopPointRef><TimingStatus>PTP</TimingStatus></From><To SequenceNumber="14"><StopPointRef>490013675S</StopPointRef><TimingStatus>PTP</TimingStatus></To><RunTime>PT150S</RunTime></JourneyPatternTimingLink><JourneyPatternTimingLink id="JPL_54611c_R_2_13"><From SequenceNumber="14"><StopPointRef>490013675S</StopPointRef><TimingStatus>PTP</TimingStatus></From><To SequenceNumber="15"><StopPointRef>490012589W</StopPointRef><TimingStatus>PTP</TimingStatus></To><RunTime>PT150S</RunTime></JourneyPatternTimingLink><JourneyPatternTimingLink id="JPL_54611c_R_2_14"><From SequenceNumber="15"><StopPointRef>490012589W</StopPointRef><TimingStatus>PTP</TimingStatus></From><To SequenceNumber="16"><StopPointRef>490005474W</StopPointRef><TimingStatus>PTP</TimingStatus></To><RunTime>PT36S</RunTime></JourneyPatternTimingLink><JourneyPatternTimingLink id="JPL_54611c_R_2_15"><From SequenceNumber="16"><StopPointRef>490005474W</StopPointRef><TimingStatus>PTP</TimingStatus></From><To SequenceNumber="17"><StopPointRef>490014274W</StopPointRef><TimingStatus>PTP</TimingStatus></To><RunTime>PT36S</RunTime></JourneyPatternTimingLink><JourneyPatternTimingLink id="JPL_54611c_R_2_16"><From SequenceNumber="17"><StopPointRef>490014274W</StopPointRef><TimingStatus>PTP</TimingStatus></From><To SequenceNumber="18"><StopPointRef>490004483W</StopPointRef><TimingStatus>PTP</TimingStatus></To><RunTime>PT36S</RunTime></JourneyPatternTimingLink><JourneyPatternTimingLink id="JPL_54611c_R_2_17"><From SequenceNumber="18"><StopPointRef>490004483W</StopPointRef><TimingStatus>PTP</TimingStatus></From><To SequenceNumber="19"><StopPointRef>490007991W</StopPointRef><TimingStatus>PTP</TimingStatus></To><RunTime>PT36S</RunTime></JourneyPatternTimingLink><JourneyPatternTimingLink id="JPL_54611c_R_2_18"><From SequenceNumber="19"><StopPointRef>490007991W</StopPointRef><TimingStatus>PTP</TimingStatus></From><To SequenceNumber="20"><StopPointRef>490003061S</StopPointRef><TimingStatus>PTP</TimingStatus></To><RunTime>PT36S</RunTime></JourneyPatternTimingLink><JourneyPatternTimingLink id="JPL_54611c_R_2_19"><From SequenceNumber="20"><StopPointRef>490003061S</StopPointRef><TimingStatus>PTP</TimingStatus></From><To SequenceNumber="21"><StopPointRef>490010330JJ</StopPointRef><TimingStatus>PTP</TimingStatus></To><RunTime>PT60S</RunTime></JourneyPatternTimingLink><JourneyPatternTimingLink id="JPL_54611c_R_2_20"><From SequenceNumber="21"><StopPointRef>490010330JJ</StopPointRef><TimingStatus>PTP</TimingStatus></From><To SequenceNumber="22"><StopPointRef>490014082LL</StopPointRef><TimingStatus>PTP</TimingStatus></To><RunTime>PT66S</RunTime></JourneyPatternTimingLink><JourneyPatternTimingLink id="JPL_54611c_R_2_21"><From SequenceNumber="22"><StopPointRef>490014082LL</StopPointRef><TimingStatus>PTP</TimingStatus></From><To SequenceNumber="23"><StopPointRef>490014856G</StopPointRef><TimingStatus>PTP</TimingStatus></To><RunTime>PT66S</RunTime></JourneyPatternTimingLink><JourneyPatternTimingLink id="JPL_54611c_R_2_22"><From SequenceNumber="23"><StopPointRef>490014856G</StopPointRef><TimingStatus>PTP</TimingStatus></From><To SequenceNumber="24"><StopPointRef>490004286M</StopPointRef><TimingStatus>PTP</TimingStatus></To><RunTime>PT66S</RunTime></JourneyPatternTimingLink><JourneyPatternTimingLink id="JPL_54611c_R_2_23"><From SequenceNumber="24"><StopPointRef>490004286M</StopPointRef><TimingStatus>PTP</TimingStatus></From><To SequenceNumber="25"><StopPointRef>490010313S</StopPointRef><TimingStatus>PTP</TimingStatus></To><RunTime>PT66S</RunTime></JourneyPatternTimingLink><JourneyPatternTimingLink id="JPL_54611c_R_2_24"><From SequenceNumber="25"><StopPointRef>490010313S</StopPointRef><TimingStatus>PTP</TimingStatus></From><To SequenceNumber="26"><StopPointRef>490005538W</StopPointRef><TimingStatus>PTP</TimingStatus></To><RunTime>PT66S</RunTime></JourneyPatternTimingLink><JourneyPatternTimingLink id="JPL_54611c_R_2_25"><From SequenceNumber="26"><StopPointRef>490005538W</StopPointRef><TimingStatus>PTP</TimingStatus></From><To SequenceNumber="27"><StopPointRef>490007855H</StopPointRef><TimingStatus>PTP</TimingStatus></To><RunTime>PT66S</RunTime></JourneyPatternTimingLink><JourneyPatternTimingLink id="JPL_54611c_R_2_26"><From SequenceNumber="27"><StopPointRef>490007855H</StopPointRef><TimingStatus>PTP</TimingStatus></From><To SequenceNumber="28"><StopPointRef>490010337S</StopPointRef><TimingStatus>PTP</TimingStatus></To><RunTime>PT66S</RunTime></JourneyPatternTimingLink><JourneyPatternTimingLink id="JPL_54611c_R_2_27"><From SequenceNumber="28"><StopPointRef>490010337S</StopPointRef><TimingStatus>PTP</TimingStatus></From><To SequenceNumber="29"><StopPointRef>490000224A</StopPointRef><TimingStatus>PTP</TimingStatus></To><RunTime>PT78S</RunTime></JourneyPatternTimingLink></JourneyPatternSection></JourneyPatternSections><Operators><Operator id="OId_ML"><OperatorCode>ML</OperatorCode><OperatorShortName>ML</OperatorShortName><OperatorNameOnLicence>ML</OperatorNameOnLicence><TradingName>ML</TradingName></Operator></Operators><Services><Service><ServiceCode>SId_54611c0</ServiceCode><PrivateCode>54611c0</PrivateCode><Lines><Line id="LId_54611c0"><LineName>611</LineName></Line></Lines><OperatingPeriod><StartDate>2009-12-01</StartDate><EndDate>2010-12-23</EndDate></OperatingPeriod><OperatingProfile><RegularDayType>
					<DaysOfWeek>
						<MondayToFriday/>
					</DaysOfWeek>
				</RegularDayType>
				<BankHolidayOperation><DaysOfNonOperation><AllBankHolidays></AllBankHolidays></DaysOfNonOperation></BankHolidayOperation></OperatingProfile><RegisteredOperatorRef>OId_ML</RegisteredOperatorRef><StopRequirements><NoNewStopsRequired/></StopRequirements><StandardService><Origin>Stonebridge Park</Origin><Destination>East Finchley Cemetery (N2)</Destination><JourneyPattern id="JP_54611c_H0_1"><Direction>outbound</Direction><Operational><VehicleType><VehicleTypeCode>08</VehicleTypeCode><Description>Double Decker Low Floor+Wheelchair</Description></VehicleType></Operational><RouteRef>R_54611c_H_1</RouteRef><JourneyPatternSectionRefs>JPS_54611c_H_1</JourneyPatternSectionRefs></JourneyPattern><JourneyPattern id="JP_54611c_R0_2"><Direction>inbound</Direction><Operational><VehicleType><VehicleTypeCode>08</VehicleTypeCode><Description>Double Decker Low Floor+Wheelchair</Description></VehicleType></Operational><RouteRef>R_54611c_R_2</RouteRef><JourneyPatternSectionRefs>JPS_54611c_R_2</JourneyPatternSectionRefs></JourneyPattern></StandardService></Service></Services><VehicleJourneys><VehicleJourney><PrivateCode>54611cc0H6110001</PrivateCode><Operational><VehicleType><VehicleTypeCode>08</VehicleTypeCode><Description>Double Decker Low Floor+Wheelchair</Description></VehicleType></Operational><OperatingProfile><RegularDayType>
					<DaysOfWeek>
						<MondayToFriday/>
					</DaysOfWeek>
				</RegularDayType>
			</OperatingProfile><VehicleJourneyCode>54611cc0H6110001</VehicleJourneyCode><ServiceRef>SId_54611c0</ServiceRef><LineRef>LId_54611c0</LineRef><JourneyPatternRef>JP_54611c_H0_1</JourneyPatternRef><DepartureTime>07:55:00</DepartureTime></VehicleJourney><VehicleJourney><PrivateCode>54611cc0R6110002</PrivateCode><Operational><VehicleType><VehicleTypeCode>08</VehicleTypeCode><Description>Double Decker Low Floor+Wheelchair</Description></VehicleType></Operational><OperatingProfile><RegularDayType>
					<DaysOfWeek>
						<MondayToFriday/>
					</DaysOfWeek>
				</RegularDayType>
			</OperatingProfile><VehicleJourneyCode>54611cc0R6110002</VehicleJourneyCode><ServiceRef>SId_54611c0</ServiceRef><LineRef>LId_54611c0</LineRef><JourneyPatternRef>JP_54611c_R0_2</JourneyPatternRef><DepartureTime>15:45:00</DepartureTime></VehicleJourney></VehicleJourneys></TransXChange>
