<?xml version="1.0" encoding="UTF-8"?>
<TransXChange CreationDateTime="2010-10-28T09:25:53" ModificationDateTime="2010-10-28T09:25:53" Modification="new" FileName="G:\mentzdv\Datastore\output_txc_60608c.xml" RevisionNumber="0" SchemaVersion="2.1" xmlns:xsi="http://www.w3.org/2001/XMLSchema-instance" xsi:schemaLocation="http://www.transxchange.org.uk/ http://www.transxchange.org.uk/schema/2.1/TransXChange_general.xsd" xmlns="http://www.transxchange.org.uk/" xmlns:n1="http://www.transxchange.org.uk/" xmlns:n2="http://www.govtalk.gov.uk/people/AddressAndPersonalDetails" xmlns:n3="http://www.govtalk.gov.uk/core" xmlns:n4="http://www.govtalk.gov.uk/people/bs7666"><StopPoints><AnnotatedStopPointRef><StopPointRef>490007095N1</StopPointRef><CommonName>Gallows Corner (RM2)</CommonName><Indicator>stop GL</Indicator><LocalityName>Gidea Park</LocalityName><LocalityQualifier>Greater London</LocalityQualifier></AnnotatedStopPointRef><AnnotatedStopPointRef><StopPointRef>490006738N</StopPointRef><CommonName>Faringdon Avenue (RM3)</CommonName><Indicator>stop GK</Indicator><LocalityName>Gidea Park</LocalityName><LocalityQualifier>Greater London</LocalityQualifier></AnnotatedStopPointRef><AnnotatedStopPointRef><StopPointRef>490008036N</StopPointRef><CommonName>Heaton Avenue (RM3)</CommonName><Indicator>stop N</Indicator><LocalityName>Gidea Park</LocalityName><LocalityQualifier>Greater London</LocalityQualifier></AnnotatedStopPointRef><AnnotatedStopPointRef><StopPointRef>490010143N</StopPointRef><CommonName>Myrtle Road</CommonName><Indicator>stop N</Indicator><LocalityName>Harold Hill</LocalityName><LocalityQualifier>Greater London</LocalityQualifier></AnnotatedStopPointRef><AnnotatedStopPointRef><StopPointRef>490007354N</StopPointRef><CommonName>Grange Road (RM3)</CommonName><Indicator>stop N</Indicator><LocalityName>Harold Hill</LocalityName><LocalityQualifier>Greater London</LocalityQualifier></AnnotatedStopPointRef><AnnotatedStopPointRef><StopPointRef>490012895E</StopPointRef><CommonName>Charlbury Crescent (RM3)</CommonName><Indicator>stop E</Indicator><LocalityName>Harold Hill</LocalityName><LocalityQualifier>Greater London</LocalityQualifier></AnnotatedStopPointRef><AnnotatedStopPointRef><StopPointRef>490004992E</StopPointRef><CommonName>Chatteris Avenue /Hilldene Ave</CommonName><Indicator>stop E</Indicator><LocalityName>Harold Hill</LocalityName><LocalityQualifier>Greater London</LocalityQualifier></AnnotatedStopPointRef><AnnotatedStopPointRef><StopPointRef>490006762E</StopPointRef><CommonName>Hilldene Avenue Shopping Centr</CommonName><Indicator>stop E</Indicator><LocalityName>Harold Hill</LocalityName><LocalityQualifier>Greater London</LocalityQualifier></AnnotatedStopPointRef><AnnotatedStopPointRef><StopPointRef>490005187E</StopPointRef><CommonName>Chippenham Road (RM3)</CommonName><Indicator>stop HJ</Indicator><LocalityName>Harold Hill</LocalityName><LocalityQualifier>Greater London</LocalityQualifier></AnnotatedStopPointRef><AnnotatedStopPointRef><StopPointRef>490007828S</StopPointRef><CommonName>Central Park Leisure Centre</CommonName><Indicator>stop GP</Indicator><LocalityName>Harold Hill</LocalityName><LocalityQualifier>Greater London</LocalityQualifier></AnnotatedStopPointRef><AnnotatedStopPointRef><StopPointRef>490007827S</StopPointRef><CommonName>Harold Hill Police Station</CommonName><Indicator>stop GR</Indicator><LocalityName>Harold Hill</LocalityName><LocalityQualifier>Greater London</LocalityQualifier></AnnotatedStopPointRef><AnnotatedStopPointRef><StopPointRef>490007301E</StopPointRef><CommonName>Gooshays Drive (RM3)</CommonName><Indicator>stop PH</Indicator><LocalityName>Harold Hill</LocalityName><LocalityQualifier>Greater London</LocalityQualifier></AnnotatedStopPointRef><AnnotatedStopPointRef><StopPointRef>490011852E</StopPointRef><CommonName>Paines Brook Way / Sage Wood</CommonName><Indicator>stop PJ</Indicator><LocalityName>Harold Hill</LocalityName><LocalityQualifier>Greater London</LocalityQualifier></AnnotatedStopPointRef><AnnotatedStopPointRef><StopPointRef>490013497S</StopPointRef><CommonName>The Petersfield Centre</CommonName><Indicator>stop PK</Indicator><LocalityName>Harold Hill</LocalityName><LocalityQualifier>Greater London</LocalityQualifier></AnnotatedStopPointRef><AnnotatedStopPointRef><StopPointRef>490012819E</StopPointRef><CommonName>St Neots Road /Petersfield Ave</CommonName><Indicator>stop PL</Indicator><LocalityName>Harold Hill</LocalityName><LocalityQualifier>Greater London</LocalityQualifier></AnnotatedStopPointRef><AnnotatedStopPointRef><StopPointRef>490013159E</StopPointRef><CommonName>Tarnworth Road (RM3)</CommonName><Indicator>stop PN</Indicator><LocalityName>Harold Hill</LocalityName><LocalityQualifier>Greater London</LocalityQualifier></AnnotatedStopPointRef><AnnotatedStopPointRef><StopPointRef>490006711S</StopPointRef><CommonName>Fairford Way (RM3)</CommonName><Indicator>stop PP</Indicator><LocalityName>Harold Park</LocalityName><LocalityQualifier>Greater London</LocalityQualifier></AnnotatedStopPointRef><AnnotatedStopPointRef><StopPointRef>1500IM212B</StopPointRef><CommonName>Brentwood / High Street</CommonName><Indicator>stop A</Indicator><LocalityName>Brentwood</LocalityName><LocalityQualifier>Essex</LocalityQualifier></AnnotatedStopPointRef><AnnotatedStopPointRef><StopPointRef>1500IM1438B</StopPointRef><CommonName>Shenfield High School</CommonName><Indicator>stop SW</Indicator><LocalityName>Shenfield</LocalityName><LocalityQualifier>Essex</LocalityQualifier></AnnotatedStopPointRef><AnnotatedStopPointRef><StopPointRef>1500IM212</StopPointRef><CommonName>Brentwood / High Street</CommonName><Indicator>stop F</Indicator><LocalityName>Brentwood</LocalityName><LocalityQualifier>Essex</LocalityQualifier></AnnotatedStopPointRef><AnnotatedStopPointRef><StopPointRef>490009748W</StopPointRef><CommonName>Maylands Way (RM3)</CommonName><Indicator>stop W</Indicator><LocalityName>Harold Park</LocalityName><LocalityQualifier>Greater London</LocalityQualifier></AnnotatedStopPointRef><AnnotatedStopPointRef><StopPointRef>490006711N</StopPointRef><CommonName>Fairford Way (RM3)</CommonName><Indicator>stop PA</Indicator><LocalityName>Harold Park</LocalityName><LocalityQualifier>Greater London</LocalityQualifier></AnnotatedStopPointRef><AnnotatedStopPointRef><StopPointRef>490011536W</StopPointRef><CommonName>Tarnworth Road (RM3)</CommonName><Indicator>stop PB</Indicator><LocalityName>Harold Hill</LocalityName><LocalityQualifier>Greater London</LocalityQualifier></AnnotatedStopPointRef><AnnotatedStopPointRef><StopPointRef>490012819N1</StopPointRef><CommonName>St Neots Road /Petersfield Ave</CommonName><Indicator>stop PC</Indicator><LocalityName>Harold Hill</LocalityName><LocalityQualifier>Greater London</LocalityQualifier></AnnotatedStopPointRef><AnnotatedStopPointRef><StopPointRef>490013497N</StopPointRef><CommonName>The Petersfield Centre</CommonName><Indicator>stop PD</Indicator><LocalityName>Harold Hill</LocalityName><LocalityQualifier>Greater London</LocalityQualifier></AnnotatedStopPointRef><AnnotatedStopPointRef><StopPointRef>490010726W</StopPointRef><CommonName>Paines Brook Way</CommonName><Indicator>stop PE</Indicator><LocalityName>Harold Hill</LocalityName><LocalityQualifier>Greater London</LocalityQualifier></AnnotatedStopPointRef><AnnotatedStopPointRef><StopPointRef>490007301W</StopPointRef><CommonName>Gooshays Drive (RM3)</CommonName><Indicator>stop PF</Indicator><LocalityName>Harold Hill</LocalityName><LocalityQualifier>Greater London</LocalityQualifier></AnnotatedStopPointRef><AnnotatedStopPointRef><StopPointRef>490007827N</StopPointRef><CommonName>Harold Hill Police Station</CommonName><Indicator>stop GU</Indicator><LocalityName>Harold Hill</LocalityName><LocalityQualifier>Greater London</LocalityQualifier></AnnotatedStopPointRef><AnnotatedStopPointRef><StopPointRef>490007828N</StopPointRef><CommonName>Central Park Leisure Centre</CommonName><Indicator>stop GV</Indicator><LocalityName>Harold Hill</LocalityName><LocalityQualifier>Greater London</LocalityQualifier></AnnotatedStopPointRef><AnnotatedStopPointRef><StopPointRef>490005187W</StopPointRef><CommonName>Chippenham Road (RM3)</CommonName><Indicator>stop HH</Indicator><LocalityName>Harold Hill</LocalityName><LocalityQualifier>Greater London</LocalityQualifier></AnnotatedStopPointRef><AnnotatedStopPointRef><StopPointRef>490006762W</StopPointRef><CommonName>Hilldene Avenue Shopping Centr</CommonName><Indicator>stop W</Indicator><LocalityName>Harold Hill</LocalityName><LocalityQualifier>Greater London</LocalityQualifier></AnnotatedStopPointRef><AnnotatedStopPointRef><StopPointRef>490004992W</StopPointRef><CommonName>Chatteris Avenue /Hilldene Ave</CommonName><Indicator>stop W</Indicator><LocalityName>Harold Hill</LocalityName><LocalityQualifier>Greater London</LocalityQualifier></AnnotatedStopPointRef><AnnotatedStopPointRef><StopPointRef>490012895W</StopPointRef><CommonName>Charlbury Crescent (RM3)</CommonName><Indicator>stop W</Indicator><LocalityName>Harold Hill</LocalityName><LocalityQualifier>Greater London</LocalityQualifier></AnnotatedStopPointRef><AnnotatedStopPointRef><StopPointRef>490007354S</StopPointRef><CommonName>Grange Road (RM3)</CommonName><Indicator>stop S</Indicator><LocalityName>Harold Hill</LocalityName><LocalityQualifier>Greater London</LocalityQualifier></AnnotatedStopPointRef><AnnotatedStopPointRef><StopPointRef>490010143S</StopPointRef><CommonName>Myrtle Road</CommonName><Indicator>stop S</Indicator><LocalityName>Harold Hill</LocalityName><LocalityQualifier>Greater London</LocalityQualifier></AnnotatedStopPointRef><AnnotatedStopPointRef><StopPointRef>490008036S</StopPointRef><CommonName>Heaton Avenue (RM3)</CommonName><Indicator>stop S</Indicator><LocalityName>Gidea Park</LocalityName><LocalityQualifier>Greater London</LocalityQualifier></AnnotatedStopPointRef><AnnotatedStopPointRef><StopPointRef>490006738S</StopPointRef><CommonName>Faringdon Avenue (RM3)</CommonName><Indicator>stop GF</Indicator><LocalityName>Gidea Park</LocalityName><LocalityQualifier>Greater London</LocalityQualifier></AnnotatedStopPointRef><AnnotatedStopPointRef><StopPointRef>490007095S1</StopPointRef><CommonName>Gallows Corner (RM2)</CommonName><Indicator>stop GE</Indicator><LocalityName>Gidea Park</LocalityName><LocalityQualifier>Greater London</LocalityQualifier></AnnotatedStopPointRef></StopPoints><RouteSections><RouteSection id="RS_60608c_H_1"><RouteLink id="RL_RS_60608c_H_1_0"><From><StopPointRef>490007095N1</StopPointRef></From><To><StopPointRef>490006738N</StopPointRef></To><Direction>outbound</Direction></RouteLink><RouteLink id="RL_RS_60608c_H_1_1"><From><StopPointRef>490006738N</StopPointRef></From><To><StopPointRef>490008036N</StopPointRef></To><Direction>outbound</Direction></RouteLink><RouteLink id="RL_RS_60608c_H_1_2"><From><StopPointRef>490008036N</StopPointRef></From><To><StopPointRef>490010143N</StopPointRef></To><Direction>outbound</Direction></RouteLink><RouteLink id="RL_RS_60608c_H_1_3"><From><StopPointRef>490010143N</StopPointRef></From><To><StopPointRef>490007354N</StopPointRef></To><Direction>outbound</Direction></RouteLink><RouteLink id="RL_RS_60608c_H_1_4"><From><StopPointRef>490007354N</StopPointRef></From><To><StopPointRef>490012895E</StopPointRef></To><Direction>outbound</Direction></RouteLink><RouteLink id="RL_RS_60608c_H_1_5"><From><StopPointRef>490012895E</StopPointRef></From><To><StopPointRef>490004992E</StopPointRef></To><Direction>outbound</Direction></RouteLink><RouteLink id="RL_RS_60608c_H_1_6"><From><StopPointRef>490004992E</StopPointRef></From><To><StopPointRef>490006762E</StopPointRef></To><Direction>outbound</Direction></RouteLink><RouteLink id="RL_RS_60608c_H_1_7"><From><StopPointRef>490006762E</StopPointRef></From><To><StopPointRef>490005187E</StopPointRef></To><Direction>outbound</Direction></RouteLink><RouteLink id="RL_RS_60608c_H_1_8"><From><StopPointRef>490005187E</StopPointRef></From><To><StopPointRef>490007828S</StopPointRef></To><Direction>outbound</Direction></RouteLink><RouteLink id="RL_RS_60608c_H_1_9"><From><StopPointRef>490007828S</StopPointRef></From><To><StopPointRef>490007827S</StopPointRef></To><Direction>outbound</Direction></RouteLink><RouteLink id="RL_RS_60608c_H_1_10"><From><StopPointRef>490007827S</StopPointRef></From><To><StopPointRef>490007301E</StopPointRef></To><Direction>outbound</Direction></RouteLink><RouteLink id="RL_RS_60608c_H_1_11"><From><StopPointRef>490007301E</StopPointRef></From><To><StopPointRef>490011852E</StopPointRef></To><Direction>outbound</Direction></RouteLink><RouteLink id="RL_RS_60608c_H_1_12"><From><StopPointRef>490011852E</StopPointRef></From><To><StopPointRef>490013497S</StopPointRef></To><Direction>outbound</Direction></RouteLink><RouteLink id="RL_RS_60608c_H_1_13"><From><StopPointRef>490013497S</StopPointRef></From><To><StopPointRef>490012819E</StopPointRef></To><Direction>outbound</Direction></RouteLink><RouteLink id="RL_RS_60608c_H_1_14"><From><StopPointRef>490012819E</StopPointRef></From><To><StopPointRef>490013159E</StopPointRef></To><Direction>outbound</Direction></RouteLink><RouteLink id="RL_RS_60608c_H_1_15"><From><StopPointRef>490013159E</StopPointRef></From><To><StopPointRef>490006711S</StopPointRef></To><Direction>outbound</Direction></RouteLink><RouteLink id="RL_RS_60608c_H_1_16"><From><StopPointRef>490006711S</StopPointRef></From><To><StopPointRef>1500IM212B</StopPointRef></To><Direction>outbound</Direction></RouteLink><RouteLink id="RL_RS_60608c_H_1_17"><From><StopPointRef>1500IM212B</StopPointRef></From><To><StopPointRef>1500IM1438B</StopPointRef></To><Direction>outbound</Direction></RouteLink></RouteSection><RouteSection id="RS_60608c_R_2"><RouteLink id="RL_RS_60608c_R_2_0"><From><StopPointRef>1500IM1438B</StopPointRef></From><To><StopPointRef>1500IM212</StopPointRef></To><Direction>inbound</Direction></RouteLink><RouteLink id="RL_RS_60608c_R_2_1"><From><StopPointRef>1500IM212</StopPointRef></From><To><StopPointRef>490009748W</StopPointRef></To><Direction>inbound</Direction></RouteLink><RouteLink id="RL_RS_60608c_R_2_2"><From><StopPointRef>490009748W</StopPointRef></From><To><StopPointRef>490006711N</StopPointRef></To><Direction>inbound</Direction></RouteLink><RouteLink id="RL_RS_60608c_R_2_3"><From><StopPointRef>490006711N</StopPointRef></From><To><StopPointRef>490011536W</StopPointRef></To><Direction>inbound</Direction></RouteLink><RouteLink id="RL_RS_60608c_R_2_4"><From><StopPointRef>490011536W</StopPointRef></From><To><StopPointRef>490012819N1</StopPointRef></To><Direction>inbound</Direction></RouteLink><RouteLink id="RL_RS_60608c_R_2_5"><From><StopPointRef>490012819N1</StopPointRef></From><To><StopPointRef>490013497N</StopPointRef></To><Direction>inbound</Direction></RouteLink><RouteLink id="RL_RS_60608c_R_2_6"><From><StopPointRef>490013497N</StopPointRef></From><To><StopPointRef>490010726W</StopPointRef></To><Direction>inbound</Direction></RouteLink><RouteLink id="RL_RS_60608c_R_2_7"><From><StopPointRef>490010726W</StopPointRef></From><To><StopPointRef>490007301W</StopPointRef></To><Direction>inbound</Direction></RouteLink><RouteLink id="RL_RS_60608c_R_2_8"><From><StopPointRef>490007301W</StopPointRef></From><To><StopPointRef>490007827N</StopPointRef></To><Direction>inbound</Direction></RouteLink><RouteLink id="RL_RS_60608c_R_2_9"><From><StopPointRef>490007827N</StopPointRef></From><To><StopPointRef>490007828N</StopPointRef></To><Direction>inbound</Direction></RouteLink><RouteLink id="RL_RS_60608c_R_2_10"><From><StopPointRef>490007828N</StopPointRef></From><To><StopPointRef>490005187W</StopPointRef></To><Direction>inbound</Direction></RouteLink><RouteLink id="RL_RS_60608c_R_2_11"><From><StopPointRef>490005187W</StopPointRef></From><To><StopPointRef>490006762W</StopPointRef></To><Direction>inbound</Direction></RouteLink><RouteLink id="RL_RS_60608c_R_2_12"><From><StopPointRef>490006762W</StopPointRef></From><To><StopPointRef>490004992W</StopPointRef></To><Direction>inbound</Direction></RouteLink><RouteLink id="RL_RS_60608c_R_2_13"><From><StopPointRef>490004992W</StopPointRef></From><To><StopPointRef>490012895W</StopPointRef></To><Direction>inbound</Direction></RouteLink><RouteLink id="RL_RS_60608c_R_2_14"><From><StopPointRef>490012895W</StopPointRef></From><To><StopPointRef>490007354S</StopPointRef></To><Direction>inbound</Direction></RouteLink><RouteLink id="RL_RS_60608c_R_2_15"><From><StopPointRef>490007354S</StopPointRef></From><To><StopPointRef>490010143S</StopPointRef></To><Direction>inbound</Direction></RouteLink><RouteLink id="RL_RS_60608c_R_2_16"><From><StopPointRef>490010143S</StopPointRef></From><To><StopPointRef>490008036S</StopPointRef></To><Direction>inbound</Direction></RouteLink><RouteLink id="RL_RS_60608c_R_2_17"><From><StopPointRef>490008036S</StopPointRef></From><To><StopPointRef>490006738S</StopPointRef></To><Direction>inbound</Direction></RouteLink><RouteLink id="RL_RS_60608c_R_2_18"><From><StopPointRef>490006738S</StopPointRef></From><To><StopPointRef>490007095S1</StopPointRef></To><Direction>inbound</Direction></RouteLink></RouteSection></RouteSections><Routes><Route id="R_60608c_H_1"><PrivateCode>R_60608c_H_1</PrivateCode><Description>Gallows Corner (RM2) - Shenfield High School</Description><RouteSectionRef>RS_60608c_H_1</RouteSectionRef></Route><Route id="R_60608c_R_2"><PrivateCode>R_60608c_R_2</PrivateCode><Description>Shenfield High School - Gallows Corner (RM2)</Description><RouteSectionRef>RS_60608c_R_2</RouteSectionRef></Route></Routes><JourneyPatternSections><JourneyPatternSection id="JPS_60608c_H_1"><JourneyPatternTimingLink id="JPL_60608c_H_1_0"><From SequenceNumber="1"><StopPointRef>490007095N1</StopPointRef><TimingStatus>PTP</TimingStatus></From><To SequenceNumber="2"><StopPointRef>490006738N</StopPointRef><TimingStatus>PTP</TimingStatus></To><RunTime>PT42S</RunTime></JourneyPatternTimingLink><JourneyPatternTimingLink id="JPL_60608c_H_1_1"><From SequenceNumber="2"><StopPointRef>490006738N</StopPointRef><TimingStatus>PTP</TimingStatus></From><To SequenceNumber="3"><StopPointRef>490008036N</StopPointRef><TimingStatus>PTP</TimingStatus></To><RunTime>PT42S</RunTime></JourneyPatternTimingLink><JourneyPatternTimingLink id="JPL_60608c_H_1_2"><From SequenceNumber="3"><StopPointRef>490008036N</StopPointRef><TimingStatus>PTP</TimingStatus></From><To SequenceNumber="4"><StopPointRef>490010143N</StopPointRef><TimingStatus>PTP</TimingStatus></To><RunTime>PT42S</RunTime></JourneyPatternTimingLink><JourneyPatternTimingLink id="JPL_60608c_H_1_3"><From SequenceNumber="4"><StopPointRef>490010143N</StopPointRef><TimingStatus>PTP</TimingStatus></From><To SequenceNumber="5"><StopPointRef>490007354N</StopPointRef><TimingStatus>PTP</TimingStatus></To><RunTime>PT42S</RunTime></JourneyPatternTimingLink><JourneyPatternTimingLink id="JPL_60608c_H_1_4"><From SequenceNumber="5"><StopPointRef>490007354N</StopPointRef><TimingStatus>PTP</TimingStatus></From><To SequenceNumber="6"><StopPointRef>490012895E</StopPointRef><TimingStatus>PTP</TimingStatus></To><RunTime>PT42S</RunTime></JourneyPatternTimingLink><JourneyPatternTimingLink id="JPL_60608c_H_1_5"><From SequenceNumber="6"><StopPointRef>490012895E</StopPointRef><TimingStatus>PTP</TimingStatus></From><To SequenceNumber="7"><StopPointRef>490004992E</StopPointRef><TimingStatus>PTP</TimingStatus></To><RunTime>PT42S</RunTime></JourneyPatternTimingLink><JourneyPatternTimingLink id="JPL_60608c_H_1_6"><From SequenceNumber="7"><StopPointRef>490004992E</StopPointRef><TimingStatus>PTP</TimingStatus></From><To SequenceNumber="8"><StopPointRef>490006762E</StopPointRef><TimingStatus>PTP</TimingStatus></To><RunTime>PT42S</RunTime></JourneyPatternTimingLink><JourneyPatternTimingLink id="JPL_60608c_H_1_7"><From SequenceNumber="8"><StopPointRef>490006762E</StopPointRef><TimingStatus>PTP</TimingStatus></From><To SequenceNumber="9"><StopPointRef>490005187E</StopPointRef><TimingStatus>PTP</TimingStatus></To><RunTime>PT66S</RunTime></JourneyPatternTimingLink><JourneyPatternTimingLink id="JPL_60608c_H_1_8"><From SequenceNumber="9"><StopPointRef>490005187E</StopPointRef><TimingStatus>PTP</TimingStatus></From><To SequenceNumber="10"><StopPointRef>490007828S</StopPointRef><TimingStatus>PTP</TimingStatus></To><RunTime>PT60S</RunTime></JourneyPatternTimingLink><JourneyPatternTimingLink id="JPL_60608c_H_1_9"><From SequenceNumber="10"><StopPointRef>490007828S</StopPointRef><TimingStatus>PTP</TimingStatus></From><To SequenceNumber="11"><StopPointRef>490007827S</StopPointRef><TimingStatus>PTP</TimingStatus></To><RunTime>PT60S</RunTime></JourneyPatternTimingLink><JourneyPatternTimingLink id="JPL_60608c_H_1_10"><From SequenceNumber="11"><StopPointRef>490007827S</StopPointRef><TimingStatus>PTP</TimingStatus></From><To SequenceNumber="12"><StopPointRef>490007301E</StopPointRef><TimingStatus>PTP</TimingStatus></To><RunTime>PT60S</RunTime></JourneyPatternTimingLink><JourneyPatternTimingLink id="JPL_60608c_H_1_11"><From SequenceNumber="12"><StopPointRef>490007301E</StopPointRef><TimingStatus>PTP</TimingStatus></From><To SequenceNumber="13"><StopPointRef>490011852E</StopPointRef><TimingStatus>PTP</TimingStatus></To><RunTime>PT60S</RunTime></JourneyPatternTimingLink><JourneyPatternTimingLink id="JPL_60608c_H_1_12"><From SequenceNumber="13"><StopPointRef>490011852E</StopPointRef><TimingStatus>PTP</TimingStatus></From><To SequenceNumber="14"><StopPointRef>490013497S</StopPointRef><TimingStatus>PTP</TimingStatus></To><RunTime>PT60S</RunTime></JourneyPatternTimingLink><JourneyPatternTimingLink id="JPL_60608c_H_1_13"><From SequenceNumber="14"><StopPointRef>490013497S</StopPointRef><TimingStatus>PTP</TimingStatus></From><To SequenceNumber="15"><StopPointRef>490012819E</StopPointRef><TimingStatus>PTP</TimingStatus></To><RunTime>PT60S</RunTime></JourneyPatternTimingLink><JourneyPatternTimingLink id="JPL_60608c_H_1_14"><From SequenceNumber="15"><StopPointRef>490012819E</StopPointRef><TimingStatus>PTP</TimingStatus></From><To SequenceNumber="16"><StopPointRef>490013159E</StopPointRef><TimingStatus>PTP</TimingStatus></To><RunTime>PT60S</RunTime></JourneyPatternTimingLink><JourneyPatternTimingLink id="JPL_60608c_H_1_15"><From SequenceNumber="16"><StopPointRef>490013159E</StopPointRef><TimingStatus>PTP</TimingStatus></From><To SequenceNumber="17"><StopPointRef>490006711S</StopPointRef><TimingStatus>PTP</TimingStatus></To><RunTime>PT60S</RunTime></JourneyPatternTimingLink><JourneyPatternTimingLink id="JPL_60608c_H_1_16"><From SequenceNumber="17"><StopPointRef>490006711S</StopPointRef><TimingStatus>PTP</TimingStatus></From><To SequenceNumber="18"><StopPointRef>1500IM212B</StopPointRef><TimingStatus>PTP</TimingStatus></To><RunTime>PT1260S</RunTime></JourneyPatternTimingLink><JourneyPatternTimingLink id="JPL_60608c_H_1_17"><From SequenceNumber="18"><StopPointRef>1500IM212B</StopPointRef><TimingStatus>PTP</TimingStatus></From><To SequenceNumber="19"><StopPointRef>1500IM1438B</StopPointRef><TimingStatus>PTP</TimingStatus></To><RunTime>PT360S</RunTime></JourneyPatternTimingLink></JourneyPatternSection><JourneyPatternSection id="JPS_60608c_R_2"><JourneyPatternTimingLink id="JPL_60608c_R_2_0"><From SequenceNumber="1"><StopPointRef>1500IM1438B</StopPointRef><TimingStatus>PTP</TimingStatus></From><To SequenceNumber="2"><StopPointRef>1500IM212</StopPointRef><TimingStatus>PTP</TimingStatus></To><RunTime>PT960S</RunTime></JourneyPatternTimingLink><JourneyPatternTimingLink id="JPL_60608c_R_2_1"><From SequenceNumber="2"><StopPointRef>1500IM212</StopPointRef><TimingStatus>PTP</TimingStatus></From><To SequenceNumber="3"><StopPointRef>490009748W</StopPointRef><TimingStatus>PTP</TimingStatus></To><RunTime>PT270S</RunTime></JourneyPatternTimingLink><JourneyPatternTimingLink id="JPL_60608c_R_2_2"><From SequenceNumber="3"><StopPointRef>490009748W</StopPointRef><TimingStatus>PTP</TimingStatus></From><To SequenceNumber="4"><StopPointRef>490006711N</StopPointRef><TimingStatus>PTP</TimingStatus></To><RunTime>PT270S</RunTime></JourneyPatternTimingLink><JourneyPatternTimingLink id="JPL_60608c_R_2_3"><From SequenceNumber="4"><StopPointRef>490006711N</StopPointRef><TimingStatus>PTP</TimingStatus></From><To SequenceNumber="5"><StopPointRef>490011536W</StopPointRef><TimingStatus>PTP</TimingStatus></To><RunTime>PT42S</RunTime></JourneyPatternTimingLink><JourneyPatternTimingLink id="JPL_60608c_R_2_4"><From SequenceNumber="5"><StopPointRef>490011536W</StopPointRef><TimingStatus>PTP</TimingStatus></From><To SequenceNumber="6"><StopPointRef>490012819N1</StopPointRef><TimingStatus>PTP</TimingStatus></To><RunTime>PT42S</RunTime></JourneyPatternTimingLink><JourneyPatternTimingLink id="JPL_60608c_R_2_5"><From SequenceNumber="6"><StopPointRef>490012819N1</StopPointRef><TimingStatus>PTP</TimingStatus></From><To SequenceNumber="7"><StopPointRef>490013497N</StopPointRef><TimingStatus>PTP</TimingStatus></To><RunTime>PT42S</RunTime></JourneyPatternTimingLink><JourneyPatternTimingLink id="JPL_60608c_R_2_6"><From SequenceNumber="7"><StopPointRef>490013497N</StopPointRef><TimingStatus>PTP</TimingStatus></From><To SequenceNumber="8"><StopPointRef>490010726W</StopPointRef><TimingStatus>PTP</TimingStatus></To><RunTime>PT42S</RunTime></JourneyPatternTimingLink><JourneyPatternTimingLink id="JPL_60608c_R_2_7"><From SequenceNumber="8"><StopPointRef>490010726W</StopPointRef><TimingStatus>PTP</TimingStatus></From><To SequenceNumber="9"><StopPointRef>490007301W</StopPointRef><TimingStatus>PTP</TimingStatus></To><RunTime>PT42S</RunTime></JourneyPatternTimingLink><JourneyPatternTimingLink id="JPL_60608c_R_2_8"><From SequenceNumber="9"><StopPointRef>490007301W</StopPointRef><TimingStatus>PTP</TimingStatus></From><To SequenceNumber="10"><StopPointRef>490007827N</StopPointRef><TimingStatus>PTP</TimingStatus></To><RunTime>PT42S</RunTime></JourneyPatternTimingLink><JourneyPatternTimingLink id="JPL_60608c_R_2_9"><From SequenceNumber="10"><StopPointRef>490007827N</StopPointRef><TimingStatus>PTP</TimingStatus></From><To SequenceNumber="11"><StopPointRef>490007828N</StopPointRef><TimingStatus>PTP</TimingStatus></To><RunTime>PT42S</RunTime></JourneyPatternTimingLink><JourneyPatternTimingLink id="JPL_60608c_R_2_10"><From SequenceNumber="11"><StopPointRef>490007828N</StopPointRef><TimingStatus>PTP</TimingStatus></From><To SequenceNumber="12"><StopPointRef>490005187W</StopPointRef><TimingStatus>PTP</TimingStatus></To><RunTime>PT66S</RunTime></JourneyPatternTimingLink><JourneyPatternTimingLink id="JPL_60608c_R_2_11"><From SequenceNumber="12"><StopPointRef>490005187W</StopPointRef><TimingStatus>PTP</TimingStatus></From><To SequenceNumber="13"><StopPointRef>490006762W</StopPointRef><TimingStatus>PTP</TimingStatus></To><RunTime>PT36S</RunTime></JourneyPatternTimingLink><JourneyPatternTimingLink id="JPL_60608c_R_2_12"><From SequenceNumber="13"><StopPointRef>490006762W</StopPointRef><TimingStatus>PTP</TimingStatus></From><To SequenceNumber="14"><StopPointRef>490004992W</StopPointRef><TimingStatus>PTP</TimingStatus></To><RunTime>PT36S</RunTime></JourneyPatternTimingLink><JourneyPatternTimingLink id="JPL_60608c_R_2_13"><From SequenceNumber="14"><StopPointRef>490004992W</StopPointRef><TimingStatus>PTP</TimingStatus></From><To SequenceNumber="15"><StopPointRef>490012895W</StopPointRef><TimingStatus>PTP</TimingStatus></To><RunTime>PT36S</RunTime></JourneyPatternTimingLink><JourneyPatternTimingLink id="JPL_60608c_R_2_14"><From SequenceNumber="15"><StopPointRef>490012895W</StopPointRef><TimingStatus>PTP</TimingStatus></From><To SequenceNumber="16"><StopPointRef>490007354S</StopPointRef><TimingStatus>PTP</TimingStatus></To><RunTime>PT36S</RunTime></JourneyPatternTimingLink><JourneyPatternTimingLink id="JPL_60608c_R_2_15"><From SequenceNumber="16"><StopPointRef>490007354S</StopPointRef><TimingStatus>PTP</TimingStatus></From><To SequenceNumber="17"><StopPointRef>490010143S</StopPointRef><TimingStatus>PTP</TimingStatus></To><RunTime>PT36S</RunTime></JourneyPatternTimingLink><JourneyPatternTimingLink id="JPL_60608c_R_2_16"><From SequenceNumber="17"><StopPointRef>490010143S</StopPointRef><TimingStatus>PTP</TimingStatus></From><To SequenceNumber="18"><StopPointRef>490008036S</StopPointRef><TimingStatus>PTP</TimingStatus></To><RunTime>PT36S</RunTime></JourneyPatternTimingLink><JourneyPatternTimingLink id="JPL_60608c_R_2_17"><From SequenceNumber="18"><StopPointRef>490008036S</StopPointRef><TimingStatus>PTP</TimingStatus></From><To SequenceNumber="19"><StopPointRef>490006738S</StopPointRef><TimingStatus>PTP</TimingStatus></To><RunTime>PT36S</RunTime></JourneyPatternTimingLink><JourneyPatternTimingLink id="JPL_60608c_R_2_18"><From SequenceNumber="19"><StopPointRef>490006738S</StopPointRef><TimingStatus>PTP</TimingStatus></From><To SequenceNumber="20"><StopPointRef>490007095S1</StopPointRef><TimingStatus>PTP</TimingStatus></To><RunTime>PT48S</RunTime></JourneyPatternTimingLink></JourneyPatternSection></JourneyPatternSections><Operators><Operator id="OId_IF"><OperatorCode>IF</OperatorCode><OperatorShortName>IF</OperatorShortName><OperatorNameOnLicence>IF</OperatorNameOnLicence><TradingName>IF</TradingName></Operator></Operators><Services><Service><ServiceCode>SId_60608c0</ServiceCode><PrivateCode>60608c0</PrivateCode><Lines><Line id="LId_60608c0"><LineName>608</LineName></Line></Lines><OperatingPeriod><StartDate>2009-12-01</StartDate><EndDate>2010-12-23</EndDate></OperatingPeriod><OperatingProfile><RegularDayType>
					<DaysOfWeek>
						<MondayToFriday/>
					</DaysOfWeek>
				</RegularDayType>
				<BankHolidayOperation><DaysOfNonOperation><AllBankHolidays></AllBankHolidays></DaysOfNonOperation></BankHolidayOperation></OperatingProfile><RegisteredOperatorRef>OId_IF</RegisteredOperatorRef><StopRequirements><NoNewStopsRequired/></StopRequirements><StandardService><Origin>Gallows Corner (RM2)</Origin><Destination>Shenfield High School</Destination><JourneyPattern id="JP_60608c_H0_1"><Direction>outbound</Direction><Operational><VehicleType><VehicleTypeCode>08</VehicleTypeCode><Description>Double Decker Low Floor+Wheelchair</Description></VehicleType></Operational><RouteRef>R_60608c_H_1</RouteRef><JourneyPatternSectionRefs>JPS_60608c_H_1</JourneyPatternSectionRefs></JourneyPattern><JourneyPattern id="JP_60608c_R0_2"><Direction>inbound</Direction><Operational><VehicleType><VehicleTypeCode>08</VehicleTypeCode><Description>Double Decker Low Floor+Wheelchair</Description></VehicleType></Operational><RouteRef>R_60608c_R_2</RouteRef><JourneyPatternSectionRefs>JPS_60608c_R_2</JourneyPatternSectionRefs></JourneyPattern></StandardService></Service></Services><VehicleJourneys><VehicleJourney><PrivateCode>60608cc0H6080001</PrivateCode><Operational><VehicleType><VehicleTypeCode>08</VehicleTypeCode><Description>Double Decker Low Floor+Wheelchair</Description></VehicleType></Operational><OperatingProfile><RegularDayType>
					<DaysOfWeek>
						<MondayToFriday/>
					</DaysOfWeek>
				</RegularDayType>
			</OperatingProfile><VehicleJourneyCode>60608cc0H6080001</VehicleJourneyCode><ServiceRef>SId_60608c0</ServiceRef><LineRef>LId_60608c0</LineRef><JourneyPatternRef>JP_60608c_H0_1</JourneyPatternRef><DepartureTime>07:43:00</DepartureTime></VehicleJourney><VehicleJourney><PrivateCode>60608cc0H6080003</PrivateCode><Operational><VehicleType><VehicleTypeCode>08</VehicleTypeCode><Description>Double Decker Low Floor+Wheelchair</Description></VehicleType></Operational><OperatingProfile><RegularDayType>
					<DaysOfWeek>
						<MondayToFriday/>
					</DaysOfWeek>
				</RegularDayType>
			</OperatingProfile><VehicleJourneyCode>60608cc0H6080003</VehicleJourneyCode><ServiceRef>SId_60608c0</ServiceRef><LineRef>LId_60608c0</LineRef><JourneyPatternRef>JP_60608c_H0_1</JourneyPatternRef><DepartureTime>07:48:00</DepartureTime></VehicleJourney><VehicleJourney><PrivateCode>60608cc0R6080002</PrivateCode><Operational><VehicleType><VehicleTypeCode>08</VehicleTypeCode><Description>Double Decker Low Floor+Wheelchair</Description></VehicleType></Operational><OperatingProfile><RegularDayType>
					<DaysOfWeek>
						<MondayToFriday/>
					</DaysOfWeek>
				</RegularDayType>
			</OperatingProfile><VehicleJourneyCode>60608cc0R6080002</VehicleJourneyCode><ServiceRef>SId_60608c0</ServiceRef><LineRef>LId_60608c0</LineRef><JourneyPatternRef>JP_60608c_R0_2</JourneyPatternRef><DepartureTime>15:30:00</DepartureTime></VehicleJourney><VehicleJourney><PrivateCode>60608cc0R6080004</PrivateCode><Operational><VehicleType><VehicleTypeCode>08</VehicleTypeCode><Description>Double Decker Low Floor+Wheelchair</Description></VehicleType></Operational><OperatingProfile><RegularDayType>
					<DaysOfWeek>
						<MondayToFriday/>
					</DaysOfWeek>
				</RegularDayType>
			</OperatingProfile><VehicleJourneyCode>60608cc0R6080004</VehicleJourneyCode><ServiceRef>SId_60608c0</ServiceRef><LineRef>LId_60608c0</LineRef><JourneyPatternRef>JP_60608c_R0_2</JourneyPatternRef><DepartureTime>15:35:00</DepartureTime></VehicleJourney></VehicleJourneys></TransXChange>
