<?xml version="1.0" encoding="UTF-8"?>
<TransXChange CreationDateTime="2010-10-28T09:18:10" ModificationDateTime="2010-10-28T09:18:10" Modification="new" FileName="G:\mentzdv\Datastore\output_txc_54626g.xml" RevisionNumber="0" SchemaVersion="2.1" xmlns:xsi="http://www.w3.org/2001/XMLSchema-instance" xsi:schemaLocation="http://www.transxchange.org.uk/ http://www.transxchange.org.uk/schema/2.1/TransXChange_general.xsd" xmlns="http://www.transxchange.org.uk/" xmlns:n1="http://www.transxchange.org.uk/" xmlns:n2="http://www.govtalk.gov.uk/people/AddressAndPersonalDetails" xmlns:n3="http://www.govtalk.gov.uk/core" xmlns:n4="http://www.govtalk.gov.uk/people/bs7666"><StopPoints><AnnotatedStopPointRef><StopPointRef>490015495E</StopPointRef><CommonName>Dollis Park</CommonName><Indicator>stop E</Indicator><LocalityName>Finchley</LocalityName><LocalityQualifier>Greater London</LocalityQualifier></AnnotatedStopPointRef><AnnotatedStopPointRef><StopPointRef>490000081C</StopPointRef><CommonName>Finchley Central</CommonName><Indicator>stop C</Indicator><LocalityName>Finchley Central</LocalityName><LocalityQualifier>Greater London</LocalityQualifier></AnnotatedStopPointRef><AnnotatedStopPointRef><StopPointRef>490009322A</StopPointRef><CommonName>Long Lane / Ballards Lane</CommonName><Indicator>stop A</Indicator><LocalityName>Finchley</LocalityName><LocalityQualifier>Greater London</LocalityQualifier></AnnotatedStopPointRef><AnnotatedStopPointRef><StopPointRef>490006642N</StopPointRef><CommonName>Essex Park (N3)</CommonName><Indicator>stop NN</Indicator><LocalityName>Finchley</LocalityName><LocalityQualifier>Greater London</LocalityQualifier></AnnotatedStopPointRef><AnnotatedStopPointRef><StopPointRef>490007373F3</StopPointRef><CommonName>Granville Road / Ballards Lane</CommonName><Indicator>stop KK</Indicator><LocalityName>North Finchley</LocalityName><LocalityQualifier>Greater London</LocalityQualifier></AnnotatedStopPointRef><AnnotatedStopPointRef><StopPointRef>490014813J</StopPointRef><CommonName>Woodberry Grove (N12)</CommonName><Indicator>stop L</Indicator><LocalityName>North Finchley</LocalityName><LocalityQualifier>Greater London</LocalityQualifier></AnnotatedStopPointRef><AnnotatedStopPointRef><StopPointRef>490013149K</StopPointRef><CommonName>Tally Ho Corner (N12)</CommonName><Indicator>stop K</Indicator><LocalityName>North Finchley</LocalityName><LocalityQualifier>Greater London</LocalityQualifier></AnnotatedStopPointRef><AnnotatedStopPointRef><StopPointRef>490013718B</StopPointRef><CommonName>Torrington Park (N12)</CommonName><Indicator>stop C</Indicator><LocalityName>North Finchley</LocalityName><LocalityQualifier>Greater London</LocalityQualifier></AnnotatedStopPointRef><AnnotatedStopPointRef><StopPointRef>490011442Z</StopPointRef><CommonName>Ravensdale Avenue</CommonName><Indicator>stop B</Indicator><LocalityName>North Finchley</LocalityName><LocalityQualifier>Greater London</LocalityQualifier></AnnotatedStopPointRef><AnnotatedStopPointRef><StopPointRef>490013099N</StopPointRef><CommonName>Finchley Park</CommonName><Indicator>stop E</Indicator><LocalityName>Whetstone</LocalityName><LocalityQualifier>Greater London</LocalityQualifier></AnnotatedStopPointRef><AnnotatedStopPointRef><StopPointRef>490006060N</StopPointRef><CommonName>Derwent Crescent (N20)</CommonName><Indicator>stop F</Indicator><LocalityName>Whetstone</LocalityName><LocalityQualifier>Greater London</LocalityQualifier></AnnotatedStopPointRef><AnnotatedStopPointRef><StopPointRef>490013104N</StopPointRef><CommonName>Swan Lane</CommonName><Indicator>stop N</Indicator><LocalityName>Whetstone</LocalityName><LocalityQualifier>Greater London</LocalityQualifier></AnnotatedStopPointRef><AnnotatedStopPointRef><StopPointRef>490007028N</StopPointRef><CommonName>Oakleigh Road North (N20)</CommonName><Indicator>stop I</Indicator><LocalityName>Whetstone</LocalityName><LocalityQualifier>Greater London</LocalityQualifier></AnnotatedStopPointRef><AnnotatedStopPointRef><StopPointRef>490015488J</StopPointRef><CommonName>Athenaeum Road</CommonName><Indicator>stop J</Indicator><LocalityName>Oakleigh Park</LocalityName><LocalityQualifier>Greater London</LocalityQualifier></AnnotatedStopPointRef><AnnotatedStopPointRef><StopPointRef>490004978N</StopPointRef><CommonName>Chandos Avenue (N20)</CommonName><Indicator>stop K</Indicator><LocalityName>Oakleigh Park</LocalityName><LocalityQualifier>Greater London</LocalityQualifier></AnnotatedStopPointRef><AnnotatedStopPointRef><StopPointRef>490004553N</StopPointRef><CommonName>Buckingham Avenue (N20)</CommonName><Indicator>stop N</Indicator><LocalityName>Oakleigh Park</LocalityName><LocalityQualifier>Greater London</LocalityQualifier></AnnotatedStopPointRef><AnnotatedStopPointRef><StopPointRef>490007031N</StopPointRef><CommonName>Friern Mount Drive (N20)</CommonName><Indicator>stop N</Indicator><LocalityName>Oakleigh Park</LocalityName><LocalityQualifier>Greater London</LocalityQualifier></AnnotatedStopPointRef><AnnotatedStopPointRef><StopPointRef>490014131N</StopPointRef><CommonName>Walfield Avenue</CommonName><Indicator>stop L</Indicator><LocalityName>Oakleigh Park</LocalityName><LocalityQualifier>Greater London</LocalityQualifier></AnnotatedStopPointRef><AnnotatedStopPointRef><StopPointRef>490011180N</StopPointRef><CommonName>Pricklers Hill</CommonName><Indicator>stop M</Indicator><LocalityName>New Barnet</LocalityName><LocalityQualifier>Greater London</LocalityQualifier></AnnotatedStopPointRef><AnnotatedStopPointRef><StopPointRef>490007893N</StopPointRef><CommonName>Hasluck Gardens (EN5)</CommonName><Indicator>stop N</Indicator><LocalityName>New Barnet</LocalityName><LocalityQualifier>Greater London</LocalityQualifier></AnnotatedStopPointRef><AnnotatedStopPointRef><StopPointRef>490009975E</StopPointRef><CommonName>Monks Avenue</CommonName><Indicator>stop E</Indicator><LocalityName>New Barnet</LocalityName><LocalityQualifier>Greater London</LocalityQualifier></AnnotatedStopPointRef><AnnotatedStopPointRef><StopPointRef>490008933E</StopPointRef><CommonName>Lancaster Road (EN4)</CommonName><Indicator>stop BU</Indicator><LocalityName>East Barnet</LocalityName><LocalityQualifier>Greater London</LocalityQualifier></AnnotatedStopPointRef><AnnotatedStopPointRef><StopPointRef>490005744N</StopPointRef><CommonName>Crescent Road (EN4)</CommonName><Indicator>stop BQ</Indicator><LocalityName>East Barnet</LocalityName><LocalityQualifier>Greater London</LocalityQualifier></AnnotatedStopPointRef><AnnotatedStopPointRef><StopPointRef>490006313N</StopPointRef><CommonName>Victoria Road (EN4)</CommonName><Indicator>stop BS</Indicator><LocalityName>New Barnet</LocalityName><LocalityQualifier>Greater London</LocalityQualifier></AnnotatedStopPointRef><AnnotatedStopPointRef><StopPointRef>490010193B</StopPointRef><CommonName>New Barnet Sainsbury's</CommonName><Indicator>stop B</Indicator><LocalityName>New Barnet</LocalityName><LocalityQualifier>Greater London</LocalityQualifier></AnnotatedStopPointRef><AnnotatedStopPointRef><StopPointRef>490010192W</StopPointRef><CommonName>New Barnet Station</CommonName><Indicator>stop E</Indicator><LocalityName>New Barnet</LocalityName><LocalityQualifier>Greater London</LocalityQualifier></AnnotatedStopPointRef><AnnotatedStopPointRef><StopPointRef>490011048F</StopPointRef><CommonName>Bulwer Road / Plantagenet Road</CommonName><Indicator>stop F</Indicator><LocalityName>New Barnet</LocalityName><LocalityQualifier>Greater London</LocalityQualifier></AnnotatedStopPointRef><AnnotatedStopPointRef><StopPointRef>490005413W</StopPointRef><CommonName>Hadley Road (EN5)</CommonName><Indicator>stop W</Indicator><LocalityName>New Barnet</LocalityName><LocalityQualifier>Greater London</LocalityQualifier></AnnotatedStopPointRef><AnnotatedStopPointRef><StopPointRef>490012778W</StopPointRef><CommonName>St.Marks Close</CommonName><Indicator>stop W</Indicator><LocalityName>Hadley</LocalityName><LocalityQualifier>Greater London</LocalityQualifier></AnnotatedStopPointRef><AnnotatedStopPointRef><StopPointRef>490008737W1</StopPointRef><CommonName>King Edward Road (EN5)</CommonName><Indicator>stop W</Indicator><LocalityName>Hadley</LocalityName><LocalityQualifier>Greater London</LocalityQualifier></AnnotatedStopPointRef><AnnotatedStopPointRef><StopPointRef>490000107P</StopPointRef><CommonName>High Barnet</CommonName><Indicator>stop P</Indicator><LocalityName>Barnet</LocalityName><LocalityQualifier>Greater London</LocalityQualifier></AnnotatedStopPointRef><AnnotatedStopPointRef><StopPointRef>490003634L</StopPointRef><CommonName>Barnet Church</CommonName><Indicator>stop L</Indicator><LocalityName>Chipping Barnet</LocalityName><LocalityQualifier>Greater London</LocalityQualifier></AnnotatedStopPointRef><AnnotatedStopPointRef><StopPointRef>490003639J</StopPointRef><CommonName>Barnet High Street</CommonName><Indicator>stop J</Indicator><LocalityName>Barnet</LocalityName><LocalityQualifier>Greater London</LocalityQualifier></AnnotatedStopPointRef><AnnotatedStopPointRef><StopPointRef>490012515A</StopPointRef><CommonName>St.Albans Road Hadley Green</CommonName><Indicator>stop A</Indicator><LocalityName>Barnet</LocalityName><LocalityQualifier>Greater London</LocalityQualifier></AnnotatedStopPointRef><AnnotatedStopPointRef><StopPointRef>490007631N</StopPointRef><CommonName>Hadley Green (EN5)</CommonName><Indicator>stop N</Indicator><LocalityName>Hadley</LocalityName><LocalityQualifier>Greater London</LocalityQualifier></AnnotatedStopPointRef><AnnotatedStopPointRef><StopPointRef>490006280N</StopPointRef><CommonName>Dury Road (EN5)</CommonName><Indicator>stop N</Indicator><LocalityName>Monken Hadley</LocalityName><LocalityQualifier>Greater London</LocalityQualifier></AnnotatedStopPointRef><AnnotatedStopPointRef><StopPointRef>490007632N</StopPointRef><CommonName>Hadley Highstone (EN5)</CommonName><Indicator>stop N</Indicator><LocalityName>Monken Hadley</LocalityName><LocalityQualifier>Greater London</LocalityQualifier></AnnotatedStopPointRef><AnnotatedStopPointRef><StopPointRef>490007431N</StopPointRef><CommonName>Greenacre Close (EN5)</CommonName><Indicator>stop N</Indicator><LocalityName>Monken Hadley</LocalityName><LocalityQualifier>Greater London</LocalityQualifier></AnnotatedStopPointRef><AnnotatedStopPointRef><StopPointRef>210021000380</StopPointRef><CommonName>Wrotham Park</CommonName><Indicator>stop NE</Indicator><LocalityName>Ganwick Corner</LocalityName><LocalityQualifier>Hertfordshire</LocalityQualifier></AnnotatedStopPointRef><AnnotatedStopPointRef><StopPointRef>210021000390</StopPointRef><CommonName>Barnet Road / Oakgate Cottages</CommonName><Indicator>stop N</Indicator><LocalityName>Ganwick Corner</LocalityName><LocalityQualifier>Hertfordshire</LocalityQualifier></AnnotatedStopPointRef><AnnotatedStopPointRef><StopPointRef>210021000410</StopPointRef><CommonName>Ganwick Corner</CommonName><Indicator>stop N</Indicator><LocalityName>Potters Bar</LocalityName><LocalityQualifier>Hertfordshire</LocalityQualifier></AnnotatedStopPointRef><AnnotatedStopPointRef><StopPointRef>210021000420</StopPointRef><CommonName>Barnet Road / Dove Lane</CommonName><Indicator>stop NE</Indicator><LocalityName>Potters Bar</LocalityName><LocalityQualifier>Hertfordshire</LocalityQualifier></AnnotatedStopPointRef><AnnotatedStopPointRef><StopPointRef>210021000430</StopPointRef><CommonName>Barnet Road / Cherry Tree Lane</CommonName><Indicator>stop NW</Indicator><LocalityName>Potters Bar</LocalityName><LocalityQualifier>Hertfordshire</LocalityQualifier></AnnotatedStopPointRef><AnnotatedStopPointRef><StopPointRef>210021000440</StopPointRef><CommonName>Potters Bar Lion</CommonName><Indicator>stop N1</Indicator><LocalityName>Potters Bar</LocalityName><LocalityQualifier>Hertfordshire</LocalityQualifier></AnnotatedStopPointRef><AnnotatedStopPointRef><StopPointRef>210021000540</StopPointRef><CommonName>Potters Bar Tesco Store</CommonName><Indicator>stop W</Indicator><LocalityName>Potters Bar</LocalityName><LocalityQualifier>Hertfordshire</LocalityQualifier></AnnotatedStopPointRef><AnnotatedStopPointRef><StopPointRef>210021000560</StopPointRef><CommonName>Mutton Lane</CommonName><Indicator>stop W</Indicator><LocalityName>Potters Bar</LocalityName><LocalityQualifier>Hertfordshire</LocalityQualifier></AnnotatedStopPointRef><AnnotatedStopPointRef><StopPointRef>210021000580</StopPointRef><CommonName>Laurel Avenue (EN6)</CommonName><Indicator>stop W</Indicator><LocalityName>Potters Bar</LocalityName><LocalityQualifier>Hertfordshire</LocalityQualifier></AnnotatedStopPointRef><AnnotatedStopPointRef><StopPointRef>210021085060</StopPointRef><CommonName>Dame Alice Owen's School</CommonName><Indicator>stop S</Indicator><LocalityName>Potters Bar</LocalityName><LocalityQualifier>Hertfordshire</LocalityQualifier></AnnotatedStopPointRef><AnnotatedStopPointRef><StopPointRef>210021001650</StopPointRef><CommonName>Ganwick Corner</CommonName><Indicator>stop S</Indicator><LocalityName>Potters Bar</LocalityName><LocalityQualifier>Hertfordshire</LocalityQualifier></AnnotatedStopPointRef><AnnotatedStopPointRef><StopPointRef>210021001670</StopPointRef><CommonName>Barnet Road / Oakgate Cottages</CommonName><Indicator>stop S</Indicator><LocalityName>Ganwick Corner</LocalityName><LocalityQualifier>Hertfordshire</LocalityQualifier></AnnotatedStopPointRef><AnnotatedStopPointRef><StopPointRef>210021001680</StopPointRef><CommonName>Wrotham Park</CommonName><Indicator>stop S</Indicator><LocalityName>Ganwick Corner</LocalityName><LocalityQualifier>Hertfordshire</LocalityQualifier></AnnotatedStopPointRef><AnnotatedStopPointRef><StopPointRef>490007431S</StopPointRef><CommonName>Greenacre Close (EN5)</CommonName><Indicator>stop S</Indicator><LocalityName>Monken Hadley</LocalityName><LocalityQualifier>Greater London</LocalityQualifier></AnnotatedStopPointRef><AnnotatedStopPointRef><StopPointRef>490007632S</StopPointRef><CommonName>Hadley Highstone (EN5)</CommonName><Indicator>stop S</Indicator><LocalityName>Monken Hadley</LocalityName><LocalityQualifier>Greater London</LocalityQualifier></AnnotatedStopPointRef><AnnotatedStopPointRef><StopPointRef>490006280S</StopPointRef><CommonName>Dury Road (EN5)</CommonName><Indicator>stop S</Indicator><LocalityName>Monken Hadley</LocalityName><LocalityQualifier>Greater London</LocalityQualifier></AnnotatedStopPointRef><AnnotatedStopPointRef><StopPointRef>490007631S</StopPointRef><CommonName>Hadley Green (EN5)</CommonName><Indicator>stop S</Indicator><LocalityName>Hadley</LocalityName><LocalityQualifier>Greater London</LocalityQualifier></AnnotatedStopPointRef><AnnotatedStopPointRef><StopPointRef>490012424C</StopPointRef><CommonName>St.Albans Road</CommonName><Indicator>stop C</Indicator><LocalityName>Barnet</LocalityName><LocalityQualifier>Greater London</LocalityQualifier></AnnotatedStopPointRef><AnnotatedStopPointRef><StopPointRef>490003639D</StopPointRef><CommonName>Barnet High Street</CommonName><Indicator>stop D</Indicator><LocalityName>Barnet</LocalityName><LocalityQualifier>Greater London</LocalityQualifier></AnnotatedStopPointRef><AnnotatedStopPointRef><StopPointRef>490003634G</StopPointRef><CommonName>Barnet High St / Barnet Church</CommonName><Indicator>stop G</Indicator><LocalityName>Chipping Barnet</LocalityName><LocalityQualifier>Greater London</LocalityQualifier></AnnotatedStopPointRef><AnnotatedStopPointRef><StopPointRef>490009772N</StopPointRef><CommonName>Meadway / High Barnet Station</CommonName><Indicator>stop N</Indicator><LocalityName>Chipping Barnet</LocalityName><LocalityQualifier>Greater London</LocalityQualifier></AnnotatedStopPointRef><AnnotatedStopPointRef><StopPointRef>490008737W2</StopPointRef><CommonName>King Edward Road (EN5)</CommonName><Indicator>stop E</Indicator><LocalityName>Hadley</LocalityName><LocalityQualifier>Greater London</LocalityQualifier></AnnotatedStopPointRef><AnnotatedStopPointRef><StopPointRef>490012778E</StopPointRef><CommonName>St.Marks Close</CommonName><Indicator>stop E</Indicator><LocalityName>Hadley</LocalityName><LocalityQualifier>Greater London</LocalityQualifier></AnnotatedStopPointRef><AnnotatedStopPointRef><StopPointRef>490005413E</StopPointRef><CommonName>Clifford Road (EN5)</CommonName><Indicator>stop E</Indicator><LocalityName>New Barnet</LocalityName><LocalityQualifier>Greater London</LocalityQualifier></AnnotatedStopPointRef><AnnotatedStopPointRef><StopPointRef>490011048G</StopPointRef><CommonName>Bulwer Road / Plantagenet Road</CommonName><Indicator>stop G</Indicator><LocalityName>New Barnet</LocalityName><LocalityQualifier>Greater London</LocalityQualifier></AnnotatedStopPointRef><AnnotatedStopPointRef><StopPointRef>490001201D</StopPointRef><CommonName>New Barnet Station</CommonName><Indicator>stop D</Indicator><LocalityName>New Barnet</LocalityName><LocalityQualifier>Greater London</LocalityQualifier></AnnotatedStopPointRef><AnnotatedStopPointRef><StopPointRef>490010193C</StopPointRef><CommonName>New Barnet Sainsbury's</CommonName><Indicator>stop C</Indicator><LocalityName>New Barnet</LocalityName><LocalityQualifier>Greater London</LocalityQualifier></AnnotatedStopPointRef><AnnotatedStopPointRef><StopPointRef>490006313E</StopPointRef><CommonName>Victoria Road (EN4)</CommonName><Indicator>stop BA</Indicator><LocalityName>New Barnet</LocalityName><LocalityQualifier>Greater London</LocalityQualifier></AnnotatedStopPointRef><AnnotatedStopPointRef><StopPointRef>490006284W</StopPointRef><CommonName>Crescent Road (EN4)</CommonName><Indicator>stop BT</Indicator><LocalityName>East Barnet</LocalityName><LocalityQualifier>Greater London</LocalityQualifier></AnnotatedStopPointRef><AnnotatedStopPointRef><StopPointRef>490008933W</StopPointRef><CommonName>York Road (EN5)</CommonName><Indicator>stop W</Indicator><LocalityName>East Barnet</LocalityName><LocalityQualifier>Greater London</LocalityQualifier></AnnotatedStopPointRef><AnnotatedStopPointRef><StopPointRef>490009975W</StopPointRef><CommonName>Monks Avenue</CommonName><Indicator>stop W</Indicator><LocalityName>New Barnet</LocalityName><LocalityQualifier>Greater London</LocalityQualifier></AnnotatedStopPointRef><AnnotatedStopPointRef><StopPointRef>490007893S</StopPointRef><CommonName>Hasluck Gardens (EN5)</CommonName><Indicator>stop H</Indicator><LocalityName>New Barnet</LocalityName><LocalityQualifier>Greater London</LocalityQualifier></AnnotatedStopPointRef><AnnotatedStopPointRef><StopPointRef>490009489S</StopPointRef><CommonName>Lyonsdown Road (EN5)</CommonName><Indicator>stop J</Indicator><LocalityName>New Barnet</LocalityName><LocalityQualifier>Greater London</LocalityQualifier></AnnotatedStopPointRef><AnnotatedStopPointRef><StopPointRef>490014131S</StopPointRef><CommonName>Walfield Avenue</CommonName><Indicator>stop K</Indicator><LocalityName>Oakleigh Park</LocalityName><LocalityQualifier>Greater London</LocalityQualifier></AnnotatedStopPointRef><AnnotatedStopPointRef><StopPointRef>490007031S</StopPointRef><CommonName>Friern Mount Drive (N20)</CommonName><Indicator>stop S</Indicator><LocalityName>Oakleigh Park</LocalityName><LocalityQualifier>Greater London</LocalityQualifier></AnnotatedStopPointRef><AnnotatedStopPointRef><StopPointRef>490004978S</StopPointRef><CommonName>Chandos Avenue (N20)</CommonName><Indicator>stop L</Indicator><LocalityName>Oakleigh Park</LocalityName><LocalityQualifier>Greater London</LocalityQualifier></AnnotatedStopPointRef><AnnotatedStopPointRef><StopPointRef>490015488M</StopPointRef><CommonName>Athenaeum Road</CommonName><Indicator>stop M</Indicator><LocalityName>Oakleigh Park</LocalityName><LocalityQualifier>Greater London</LocalityQualifier></AnnotatedStopPointRef><AnnotatedStopPointRef><StopPointRef>490007028S</StopPointRef><CommonName>Oakleigh Road North (N20)</CommonName><Indicator>stop E</Indicator><LocalityName>Whetstone</LocalityName><LocalityQualifier>Greater London</LocalityQualifier></AnnotatedStopPointRef><AnnotatedStopPointRef><StopPointRef>490007027S</StopPointRef><CommonName>Friern Barnet Lane (N20)</CommonName><Indicator>stop H</Indicator><LocalityName>Whetstone</LocalityName><LocalityQualifier>Greater London</LocalityQualifier></AnnotatedStopPointRef><AnnotatedStopPointRef><StopPointRef>490006060S</StopPointRef><CommonName>Derwent Crescent (N20)</CommonName><Indicator>stop J</Indicator><LocalityName>Whetstone</LocalityName><LocalityQualifier>Greater London</LocalityQualifier></AnnotatedStopPointRef><AnnotatedStopPointRef><StopPointRef>490013099S</StopPointRef><CommonName>Finchley Park</CommonName><Indicator>stop K</Indicator><LocalityName>Whetstone</LocalityName><LocalityQualifier>Greater London</LocalityQualifier></AnnotatedStopPointRef><AnnotatedStopPointRef><StopPointRef>490011442A</StopPointRef><CommonName>Ravensdale Avenue</CommonName><Indicator>stop A</Indicator><LocalityName>North Finchley</LocalityName><LocalityQualifier>Greater London</LocalityQualifier></AnnotatedStopPointRef><AnnotatedStopPointRef><StopPointRef>490015443D</StopPointRef><CommonName>Tally Ho Corner (N12)</CommonName><Indicator>stop D</Indicator><LocalityName>North Finchley</LocalityName><LocalityQualifier>Greater London</LocalityQualifier></AnnotatedStopPointRef><AnnotatedStopPointRef><StopPointRef>490015518E</StopPointRef><CommonName>North Finchley Bus Station</CommonName><Indicator>stop E</Indicator><LocalityName>North Finchley</LocalityName><LocalityQualifier>Greater London</LocalityQualifier></AnnotatedStopPointRef><AnnotatedStopPointRef><StopPointRef>490015443Z1</StopPointRef><CommonName>North Finchley Bus Station</CommonName><Indicator>stop T</Indicator><LocalityName>North Finchley</LocalityName><LocalityQualifier>Greater London</LocalityQualifier></AnnotatedStopPointRef><AnnotatedStopPointRef><StopPointRef>490015271S</StopPointRef><CommonName>Christchurch Ave / Ballards Ln</CommonName><Indicator>stop Q</Indicator><LocalityName>North Finchley</LocalityName><LocalityQualifier>Greater London</LocalityQualifier></AnnotatedStopPointRef><AnnotatedStopPointRef><StopPointRef>490007373F4</StopPointRef><CommonName>Granville Road / Ballards Lane</CommonName><Indicator>stop LL</Indicator><LocalityName>North Finchley</LocalityName><LocalityQualifier>Greater London</LocalityQualifier></AnnotatedStopPointRef><AnnotatedStopPointRef><StopPointRef>490006642S</StopPointRef><CommonName>Essex Park (N3)</CommonName><Indicator>stop MM</Indicator><LocalityName>Finchley</LocalityName><LocalityQualifier>Greater London</LocalityQualifier></AnnotatedStopPointRef><AnnotatedStopPointRef><StopPointRef>490009322B</StopPointRef><CommonName>Long Lane / Ballards Lane</CommonName><Indicator>stop B</Indicator><LocalityName>Finchley</LocalityName><LocalityQualifier>Greater London</LocalityQualifier></AnnotatedStopPointRef><AnnotatedStopPointRef><StopPointRef>490000081D</StopPointRef><CommonName>Finchley Central</CommonName><Indicator>stop D</Indicator><LocalityName>Finchley Central</LocalityName><LocalityQualifier>Greater London</LocalityQualifier></AnnotatedStopPointRef></StopPoints><RouteSections><RouteSection id="RS_54626g_H_1"><RouteLink id="RL_RS_54626g_H_1_0"><From><StopPointRef>490015495E</StopPointRef></From><To><StopPointRef>490000081C</StopPointRef></To><Distance>256</Distance><Direction>outbound</Direction></RouteLink><RouteLink id="RL_RS_54626g_H_1_1"><From><StopPointRef>490000081C</StopPointRef></From><To><StopPointRef>490009322A</StopPointRef></To><Direction>outbound</Direction></RouteLink><RouteLink id="RL_RS_54626g_H_1_2"><From><StopPointRef>490009322A</StopPointRef></From><To><StopPointRef>490006642N</StopPointRef></To><Direction>outbound</Direction></RouteLink><RouteLink id="RL_RS_54626g_H_1_3"><From><StopPointRef>490006642N</StopPointRef></From><To><StopPointRef>490007373F3</StopPointRef></To><Direction>outbound</Direction></RouteLink><RouteLink id="RL_RS_54626g_H_1_4"><From><StopPointRef>490007373F3</StopPointRef></From><To><StopPointRef>490014813J</StopPointRef></To><Direction>outbound</Direction></RouteLink><RouteLink id="RL_RS_54626g_H_1_5"><From><StopPointRef>490014813J</StopPointRef></From><To><StopPointRef>490013149K</StopPointRef></To><Direction>outbound</Direction></RouteLink><RouteLink id="RL_RS_54626g_H_1_6"><From><StopPointRef>490013149K</StopPointRef></From><To><StopPointRef>490013718B</StopPointRef></To><Direction>outbound</Direction></RouteLink><RouteLink id="RL_RS_54626g_H_1_7"><From><StopPointRef>490013718B</StopPointRef></From><To><StopPointRef>490011442Z</StopPointRef></To><Direction>outbound</Direction></RouteLink><RouteLink id="RL_RS_54626g_H_1_8"><From><StopPointRef>490011442Z</StopPointRef></From><To><StopPointRef>490013099N</StopPointRef></To><Direction>outbound</Direction></RouteLink><RouteLink id="RL_RS_54626g_H_1_9"><From><StopPointRef>490013099N</StopPointRef></From><To><StopPointRef>490006060N</StopPointRef></To><Direction>outbound</Direction></RouteLink><RouteLink id="RL_RS_54626g_H_1_10"><From><StopPointRef>490006060N</StopPointRef></From><To><StopPointRef>490013104N</StopPointRef></To><Direction>outbound</Direction></RouteLink><RouteLink id="RL_RS_54626g_H_1_11"><From><StopPointRef>490013104N</StopPointRef></From><To><StopPointRef>490007028N</StopPointRef></To><Direction>outbound</Direction></RouteLink><RouteLink id="RL_RS_54626g_H_1_12"><From><StopPointRef>490007028N</StopPointRef></From><To><StopPointRef>490015488J</StopPointRef></To><Direction>outbound</Direction></RouteLink><RouteLink id="RL_RS_54626g_H_1_13"><From><StopPointRef>490015488J</StopPointRef></From><To><StopPointRef>490004978N</StopPointRef></To><Direction>outbound</Direction></RouteLink><RouteLink id="RL_RS_54626g_H_1_14"><From><StopPointRef>490004978N</StopPointRef></From><To><StopPointRef>490004553N</StopPointRef></To><Direction>outbound</Direction></RouteLink><RouteLink id="RL_RS_54626g_H_1_15"><From><StopPointRef>490004553N</StopPointRef></From><To><StopPointRef>490007031N</StopPointRef></To><Direction>outbound</Direction></RouteLink><RouteLink id="RL_RS_54626g_H_1_16"><From><StopPointRef>490007031N</StopPointRef></From><To><StopPointRef>490014131N</StopPointRef></To><Direction>outbound</Direction></RouteLink><RouteLink id="RL_RS_54626g_H_1_17"><From><StopPointRef>490014131N</StopPointRef></From><To><StopPointRef>490011180N</StopPointRef></To><Direction>outbound</Direction></RouteLink><RouteLink id="RL_RS_54626g_H_1_18"><From><StopPointRef>490011180N</StopPointRef></From><To><StopPointRef>490007893N</StopPointRef></To><Direction>outbound</Direction></RouteLink><RouteLink id="RL_RS_54626g_H_1_19"><From><StopPointRef>490007893N</StopPointRef></From><To><StopPointRef>490009975E</StopPointRef></To><Direction>outbound</Direction></RouteLink><RouteLink id="RL_RS_54626g_H_1_20"><From><StopPointRef>490009975E</StopPointRef></From><To><StopPointRef>490008933E</StopPointRef></To><Direction>outbound</Direction></RouteLink><RouteLink id="RL_RS_54626g_H_1_21"><From><StopPointRef>490008933E</StopPointRef></From><To><StopPointRef>490005744N</StopPointRef></To><Direction>outbound</Direction></RouteLink><RouteLink id="RL_RS_54626g_H_1_22"><From><StopPointRef>490005744N</StopPointRef></From><To><StopPointRef>490006313N</StopPointRef></To><Direction>outbound</Direction></RouteLink><RouteLink id="RL_RS_54626g_H_1_23"><From><StopPointRef>490006313N</StopPointRef></From><To><StopPointRef>490010193B</StopPointRef></To><Direction>outbound</Direction></RouteLink><RouteLink id="RL_RS_54626g_H_1_24"><From><StopPointRef>490010193B</StopPointRef></From><To><StopPointRef>490010192W</StopPointRef></To><Direction>outbound</Direction></RouteLink><RouteLink id="RL_RS_54626g_H_1_25"><From><StopPointRef>490010192W</StopPointRef></From><To><StopPointRef>490011048F</StopPointRef></To><Direction>outbound</Direction></RouteLink><RouteLink id="RL_RS_54626g_H_1_26"><From><StopPointRef>490011048F</StopPointRef></From><To><StopPointRef>490005413W</StopPointRef></To><Direction>outbound</Direction></RouteLink><RouteLink id="RL_RS_54626g_H_1_27"><From><StopPointRef>490005413W</StopPointRef></From><To><StopPointRef>490012778W</StopPointRef></To><Direction>outbound</Direction></RouteLink><RouteLink id="RL_RS_54626g_H_1_28"><From><StopPointRef>490012778W</StopPointRef></From><To><StopPointRef>490008737W1</StopPointRef></To><Direction>outbound</Direction></RouteLink><RouteLink id="RL_RS_54626g_H_1_29"><From><StopPointRef>490008737W1</StopPointRef></From><To><StopPointRef>490000107P</StopPointRef></To><Direction>outbound</Direction></RouteLink><RouteLink id="RL_RS_54626g_H_1_30"><From><StopPointRef>490000107P</StopPointRef></From><To><StopPointRef>490003634L</StopPointRef></To><Direction>outbound</Direction></RouteLink><RouteLink id="RL_RS_54626g_H_1_31"><From><StopPointRef>490003634L</StopPointRef></From><To><StopPointRef>490003639J</StopPointRef></To><Direction>outbound</Direction></RouteLink><RouteLink id="RL_RS_54626g_H_1_32"><From><StopPointRef>490003639J</StopPointRef></From><To><StopPointRef>490012515A</StopPointRef></To><Direction>outbound</Direction></RouteLink><RouteLink id="RL_RS_54626g_H_1_33"><From><StopPointRef>490012515A</StopPointRef></From><To><StopPointRef>490007631N</StopPointRef></To><Direction>outbound</Direction></RouteLink><RouteLink id="RL_RS_54626g_H_1_34"><From><StopPointRef>490007631N</StopPointRef></From><To><StopPointRef>490006280N</StopPointRef></To><Direction>outbound</Direction></RouteLink><RouteLink id="RL_RS_54626g_H_1_35"><From><StopPointRef>490006280N</StopPointRef></From><To><StopPointRef>490007632N</StopPointRef></To><Direction>outbound</Direction></RouteLink><RouteLink id="RL_RS_54626g_H_1_36"><From><StopPointRef>490007632N</StopPointRef></From><To><StopPointRef>490007431N</StopPointRef></To><Direction>outbound</Direction></RouteLink><RouteLink id="RL_RS_54626g_H_1_37"><From><StopPointRef>490007431N</StopPointRef></From><To><StopPointRef>210021000380</StopPointRef></To><Direction>outbound</Direction></RouteLink><RouteLink id="RL_RS_54626g_H_1_38"><From><StopPointRef>210021000380</StopPointRef></From><To><StopPointRef>210021000390</StopPointRef></To><Direction>outbound</Direction></RouteLink><RouteLink id="RL_RS_54626g_H_1_39"><From><StopPointRef>210021000390</StopPointRef></From><To><StopPointRef>210021000410</StopPointRef></To><Direction>outbound</Direction></RouteLink><RouteLink id="RL_RS_54626g_H_1_40"><From><StopPointRef>210021000410</StopPointRef></From><To><StopPointRef>210021000420</StopPointRef></To><Direction>outbound</Direction></RouteLink><RouteLink id="RL_RS_54626g_H_1_41"><From><StopPointRef>210021000420</StopPointRef></From><To><StopPointRef>210021000430</StopPointRef></To><Direction>outbound</Direction></RouteLink><RouteLink id="RL_RS_54626g_H_1_42"><From><StopPointRef>210021000430</StopPointRef></From><To><StopPointRef>210021000440</StopPointRef></To><Direction>outbound</Direction></RouteLink><RouteLink id="RL_RS_54626g_H_1_43"><From><StopPointRef>210021000440</StopPointRef></From><To><StopPointRef>210021000540</StopPointRef></To><Direction>outbound</Direction></RouteLink><RouteLink id="RL_RS_54626g_H_1_44"><From><StopPointRef>210021000540</StopPointRef></From><To><StopPointRef>210021000560</StopPointRef></To><Direction>outbound</Direction></RouteLink><RouteLink id="RL_RS_54626g_H_1_45"><From><StopPointRef>210021000560</StopPointRef></From><To><StopPointRef>210021000580</StopPointRef></To><Direction>outbound</Direction></RouteLink><RouteLink id="RL_RS_54626g_H_1_46"><From><StopPointRef>210021000580</StopPointRef></From><To><StopPointRef>210021085060</StopPointRef></To><Direction>outbound</Direction></RouteLink></RouteSection><RouteSection id="RS_54626g_R_2"><RouteLink id="RL_RS_54626g_R_2_0"><From><StopPointRef>210021085060</StopPointRef></From><To><StopPointRef>210021001650</StopPointRef></To><Direction>inbound</Direction></RouteLink><RouteLink id="RL_RS_54626g_R_2_1"><From><StopPointRef>210021001650</StopPointRef></From><To><StopPointRef>210021001670</StopPointRef></To><Direction>inbound</Direction></RouteLink><RouteLink id="RL_RS_54626g_R_2_2"><From><StopPointRef>210021001670</StopPointRef></From><To><StopPointRef>210021001680</StopPointRef></To><Direction>inbound</Direction></RouteLink><RouteLink id="RL_RS_54626g_R_2_3"><From><StopPointRef>210021001680</StopPointRef></From><To><StopPointRef>490007431S</StopPointRef></To><Direction>inbound</Direction></RouteLink><RouteLink id="RL_RS_54626g_R_2_4"><From><StopPointRef>490007431S</StopPointRef></From><To><StopPointRef>490007632S</StopPointRef></To><Direction>inbound</Direction></RouteLink><RouteLink id="RL_RS_54626g_R_2_5"><From><StopPointRef>490007632S</StopPointRef></From><To><StopPointRef>490006280S</StopPointRef></To><Direction>inbound</Direction></RouteLink><RouteLink id="RL_RS_54626g_R_2_6"><From><StopPointRef>490006280S</StopPointRef></From><To><StopPointRef>490007631S</StopPointRef></To><Direction>inbound</Direction></RouteLink><RouteLink id="RL_RS_54626g_R_2_7"><From><StopPointRef>490007631S</StopPointRef></From><To><StopPointRef>490012424C</StopPointRef></To><Direction>inbound</Direction></RouteLink><RouteLink id="RL_RS_54626g_R_2_8"><From><StopPointRef>490012424C</StopPointRef></From><To><StopPointRef>490003639D</StopPointRef></To><Direction>inbound</Direction></RouteLink><RouteLink id="RL_RS_54626g_R_2_9"><From><StopPointRef>490003639D</StopPointRef></From><To><StopPointRef>490003634G</StopPointRef></To><Direction>inbound</Direction></RouteLink><RouteLink id="RL_RS_54626g_R_2_10"><From><StopPointRef>490003634G</StopPointRef></From><To><StopPointRef>490009772N</StopPointRef></To><Direction>inbound</Direction></RouteLink><RouteLink id="RL_RS_54626g_R_2_11"><From><StopPointRef>490009772N</StopPointRef></From><To><StopPointRef>490008737W2</StopPointRef></To><Direction>inbound</Direction></RouteLink><RouteLink id="RL_RS_54626g_R_2_12"><From><StopPointRef>490008737W2</StopPointRef></From><To><StopPointRef>490012778E</StopPointRef></To><Direction>inbound</Direction></RouteLink><RouteLink id="RL_RS_54626g_R_2_13"><From><StopPointRef>490012778E</StopPointRef></From><To><StopPointRef>490005413E</StopPointRef></To><Direction>inbound</Direction></RouteLink><RouteLink id="RL_RS_54626g_R_2_14"><From><StopPointRef>490005413E</StopPointRef></From><To><StopPointRef>490011048G</StopPointRef></To><Direction>inbound</Direction></RouteLink><RouteLink id="RL_RS_54626g_R_2_15"><From><StopPointRef>490011048G</StopPointRef></From><To><StopPointRef>490001201D</StopPointRef></To><Direction>inbound</Direction></RouteLink><RouteLink id="RL_RS_54626g_R_2_16"><From><StopPointRef>490001201D</StopPointRef></From><To><StopPointRef>490010193C</StopPointRef></To><Direction>inbound</Direction></RouteLink><RouteLink id="RL_RS_54626g_R_2_17"><From><StopPointRef>490010193C</StopPointRef></From><To><StopPointRef>490006313E</StopPointRef></To><Direction>inbound</Direction></RouteLink><RouteLink id="RL_RS_54626g_R_2_18"><From><StopPointRef>490006313E</StopPointRef></From><To><StopPointRef>490006284W</StopPointRef></To><Direction>inbound</Direction></RouteLink><RouteLink id="RL_RS_54626g_R_2_19"><From><StopPointRef>490006284W</StopPointRef></From><To><StopPointRef>490008933W</StopPointRef></To><Direction>inbound</Direction></RouteLink><RouteLink id="RL_RS_54626g_R_2_20"><From><StopPointRef>490008933W</StopPointRef></From><To><StopPointRef>490009975W</StopPointRef></To><Direction>inbound</Direction></RouteLink><RouteLink id="RL_RS_54626g_R_2_21"><From><StopPointRef>490009975W</StopPointRef></From><To><StopPointRef>490007893S</StopPointRef></To><Direction>inbound</Direction></RouteLink><RouteLink id="RL_RS_54626g_R_2_22"><From><StopPointRef>490007893S</StopPointRef></From><To><StopPointRef>490009489S</StopPointRef></To><Direction>inbound</Direction></RouteLink><RouteLink id="RL_RS_54626g_R_2_23"><From><StopPointRef>490009489S</StopPointRef></From><To><StopPointRef>490014131S</StopPointRef></To><Direction>inbound</Direction></RouteLink><RouteLink id="RL_RS_54626g_R_2_24"><From><StopPointRef>490014131S</StopPointRef></From><To><StopPointRef>490007031S</StopPointRef></To><Direction>inbound</Direction></RouteLink><RouteLink id="RL_RS_54626g_R_2_25"><From><StopPointRef>490007031S</StopPointRef></From><To><StopPointRef>490004978S</StopPointRef></To><Direction>inbound</Direction></RouteLink><RouteLink id="RL_RS_54626g_R_2_26"><From><StopPointRef>490004978S</StopPointRef></From><To><StopPointRef>490015488M</StopPointRef></To><Direction>inbound</Direction></RouteLink><RouteLink id="RL_RS_54626g_R_2_27"><From><StopPointRef>490015488M</StopPointRef></From><To><StopPointRef>490007028S</StopPointRef></To><Direction>inbound</Direction></RouteLink><RouteLink id="RL_RS_54626g_R_2_28"><From><StopPointRef>490007028S</StopPointRef></From><To><StopPointRef>490007027S</StopPointRef></To><Direction>inbound</Direction></RouteLink><RouteLink id="RL_RS_54626g_R_2_29"><From><StopPointRef>490007027S</StopPointRef></From><To><StopPointRef>490006060S</StopPointRef></To><Direction>inbound</Direction></RouteLink><RouteLink id="RL_RS_54626g_R_2_30"><From><StopPointRef>490006060S</StopPointRef></From><To><StopPointRef>490013099S</StopPointRef></To><Direction>inbound</Direction></RouteLink><RouteLink id="RL_RS_54626g_R_2_31"><From><StopPointRef>490013099S</StopPointRef></From><To><StopPointRef>490011442A</StopPointRef></To><Direction>inbound</Direction></RouteLink><RouteLink id="RL_RS_54626g_R_2_32"><From><StopPointRef>490011442A</StopPointRef></From><To><StopPointRef>490015443D</StopPointRef></To><Direction>inbound</Direction></RouteLink><RouteLink id="RL_RS_54626g_R_2_33"><From><StopPointRef>490015443D</StopPointRef></From><To><StopPointRef>490015518E</StopPointRef></To><Direction>inbound</Direction></RouteLink></RouteSection><RouteSection id="RS_54626g_R_3"><RouteLink id="RL_RS_54626g_R_3_0"><From><StopPointRef>210021085060</StopPointRef></From><To><StopPointRef>210021001650</StopPointRef></To><Direction>inbound</Direction></RouteLink><RouteLink id="RL_RS_54626g_R_3_1"><From><StopPointRef>210021001650</StopPointRef></From><To><StopPointRef>210021001670</StopPointRef></To><Direction>inbound</Direction></RouteLink><RouteLink id="RL_RS_54626g_R_3_2"><From><StopPointRef>210021001670</StopPointRef></From><To><StopPointRef>210021001680</StopPointRef></To><Direction>inbound</Direction></RouteLink><RouteLink id="RL_RS_54626g_R_3_3"><From><StopPointRef>210021001680</StopPointRef></From><To><StopPointRef>490007431S</StopPointRef></To><Direction>inbound</Direction></RouteLink><RouteLink id="RL_RS_54626g_R_3_4"><From><StopPointRef>490007431S</StopPointRef></From><To><StopPointRef>490007632S</StopPointRef></To><Direction>inbound</Direction></RouteLink><RouteLink id="RL_RS_54626g_R_3_5"><From><StopPointRef>490007632S</StopPointRef></From><To><StopPointRef>490006280S</StopPointRef></To><Direction>inbound</Direction></RouteLink><RouteLink id="RL_RS_54626g_R_3_6"><From><StopPointRef>490006280S</StopPointRef></From><To><StopPointRef>490007631S</StopPointRef></To><Direction>inbound</Direction></RouteLink><RouteLink id="RL_RS_54626g_R_3_7"><From><StopPointRef>490007631S</StopPointRef></From><To><StopPointRef>490012424C</StopPointRef></To><Direction>inbound</Direction></RouteLink><RouteLink id="RL_RS_54626g_R_3_8"><From><StopPointRef>490012424C</StopPointRef></From><To><StopPointRef>490003639D</StopPointRef></To><Direction>inbound</Direction></RouteLink><RouteLink id="RL_RS_54626g_R_3_9"><From><StopPointRef>490003639D</StopPointRef></From><To><StopPointRef>490003634G</StopPointRef></To><Direction>inbound</Direction></RouteLink><RouteLink id="RL_RS_54626g_R_3_10"><From><StopPointRef>490003634G</StopPointRef></From><To><StopPointRef>490009772N</StopPointRef></To><Direction>inbound</Direction></RouteLink><RouteLink id="RL_RS_54626g_R_3_11"><From><StopPointRef>490009772N</StopPointRef></From><To><StopPointRef>490008737W2</StopPointRef></To><Direction>inbound</Direction></RouteLink><RouteLink id="RL_RS_54626g_R_3_12"><From><StopPointRef>490008737W2</StopPointRef></From><To><StopPointRef>490012778E</StopPointRef></To><Direction>inbound</Direction></RouteLink><RouteLink id="RL_RS_54626g_R_3_13"><From><StopPointRef>490012778E</StopPointRef></From><To><StopPointRef>490005413E</StopPointRef></To><Direction>inbound</Direction></RouteLink><RouteLink id="RL_RS_54626g_R_3_14"><From><StopPointRef>490005413E</StopPointRef></From><To><StopPointRef>490011048G</StopPointRef></To><Direction>inbound</Direction></RouteLink><RouteLink id="RL_RS_54626g_R_3_15"><From><StopPointRef>490011048G</StopPointRef></From><To><StopPointRef>490001201D</StopPointRef></To><Direction>inbound</Direction></RouteLink><RouteLink id="RL_RS_54626g_R_3_16"><From><StopPointRef>490001201D</StopPointRef></From><To><StopPointRef>490010193C</StopPointRef></To><Direction>inbound</Direction></RouteLink><RouteLink id="RL_RS_54626g_R_3_17"><From><StopPointRef>490010193C</StopPointRef></From><To><StopPointRef>490006313E</StopPointRef></To><Direction>inbound</Direction></RouteLink><RouteLink id="RL_RS_54626g_R_3_18"><From><StopPointRef>490006313E</StopPointRef></From><To><StopPointRef>490006284W</StopPointRef></To><Direction>inbound</Direction></RouteLink><RouteLink id="RL_RS_54626g_R_3_19"><From><StopPointRef>490006284W</StopPointRef></From><To><StopPointRef>490008933W</StopPointRef></To><Direction>inbound</Direction></RouteLink><RouteLink id="RL_RS_54626g_R_3_20"><From><StopPointRef>490008933W</StopPointRef></From><To><StopPointRef>490009975W</StopPointRef></To><Direction>inbound</Direction></RouteLink><RouteLink id="RL_RS_54626g_R_3_21"><From><StopPointRef>490009975W</StopPointRef></From><To><StopPointRef>490007893S</StopPointRef></To><Direction>inbound</Direction></RouteLink><RouteLink id="RL_RS_54626g_R_3_22"><From><StopPointRef>490007893S</StopPointRef></From><To><StopPointRef>490009489S</StopPointRef></To><Direction>inbound</Direction></RouteLink><RouteLink id="RL_RS_54626g_R_3_23"><From><StopPointRef>490009489S</StopPointRef></From><To><StopPointRef>490014131S</StopPointRef></To><Direction>inbound</Direction></RouteLink><RouteLink id="RL_RS_54626g_R_3_24"><From><StopPointRef>490014131S</StopPointRef></From><To><StopPointRef>490007031S</StopPointRef></To><Direction>inbound</Direction></RouteLink><RouteLink id="RL_RS_54626g_R_3_25"><From><StopPointRef>490007031S</StopPointRef></From><To><StopPointRef>490004978S</StopPointRef></To><Direction>inbound</Direction></RouteLink><RouteLink id="RL_RS_54626g_R_3_26"><From><StopPointRef>490004978S</StopPointRef></From><To><StopPointRef>490015488M</StopPointRef></To><Direction>inbound</Direction></RouteLink><RouteLink id="RL_RS_54626g_R_3_27"><From><StopPointRef>490015488M</StopPointRef></From><To><StopPointRef>490007028S</StopPointRef></To><Direction>inbound</Direction></RouteLink><RouteLink id="RL_RS_54626g_R_3_28"><From><StopPointRef>490007028S</StopPointRef></From><To><StopPointRef>490007027S</StopPointRef></To><Direction>inbound</Direction></RouteLink><RouteLink id="RL_RS_54626g_R_3_29"><From><StopPointRef>490007027S</StopPointRef></From><To><StopPointRef>490006060S</StopPointRef></To><Direction>inbound</Direction></RouteLink><RouteLink id="RL_RS_54626g_R_3_30"><From><StopPointRef>490006060S</StopPointRef></From><To><StopPointRef>490013099S</StopPointRef></To><Direction>inbound</Direction></RouteLink><RouteLink id="RL_RS_54626g_R_3_31"><From><StopPointRef>490013099S</StopPointRef></From><To><StopPointRef>490011442A</StopPointRef></To><Direction>inbound</Direction></RouteLink><RouteLink id="RL_RS_54626g_R_3_32"><From><StopPointRef>490011442A</StopPointRef></From><To><StopPointRef>490015443D</StopPointRef></To><Direction>inbound</Direction></RouteLink><RouteLink id="RL_RS_54626g_R_3_33"><From><StopPointRef>490015443D</StopPointRef></From><To><StopPointRef>490015518E</StopPointRef></To><Direction>inbound</Direction></RouteLink><RouteLink id="RL_RS_54626g_R_3_34"><From><StopPointRef>490015518E</StopPointRef></From><To><StopPointRef>490015443Z1</StopPointRef></To><Direction>inbound</Direction></RouteLink><RouteLink id="RL_RS_54626g_R_3_35"><From><StopPointRef>490015443Z1</StopPointRef></From><To><StopPointRef>490015271S</StopPointRef></To><Direction>inbound</Direction></RouteLink><RouteLink id="RL_RS_54626g_R_3_36"><From><StopPointRef>490015271S</StopPointRef></From><To><StopPointRef>490007373F4</StopPointRef></To><Direction>inbound</Direction></RouteLink><RouteLink id="RL_RS_54626g_R_3_37"><From><StopPointRef>490007373F4</StopPointRef></From><To><StopPointRef>490006642S</StopPointRef></To><Direction>inbound</Direction></RouteLink><RouteLink id="RL_RS_54626g_R_3_38"><From><StopPointRef>490006642S</StopPointRef></From><To><StopPointRef>490009322B</StopPointRef></To><Direction>inbound</Direction></RouteLink><RouteLink id="RL_RS_54626g_R_3_39"><From><StopPointRef>490009322B</StopPointRef></From><To><StopPointRef>490000081D</StopPointRef></To><Distance>288</Distance><Direction>inbound</Direction></RouteLink></RouteSection></RouteSections><Routes><Route id="R_54626g_H_1"><PrivateCode>R_54626g_H_1</PrivateCode><Description>Dollis Park - Dame Alice Owen's School</Description><RouteSectionRef>RS_54626g_H_1</RouteSectionRef></Route><Route id="R_54626g_R_2"><PrivateCode>R_54626g_R_2</PrivateCode><Description>Dame Alice Owen's School - North Finchley Bus Station</Description><RouteSectionRef>RS_54626g_R_2</RouteSectionRef></Route><Route id="R_54626g_R_3"><PrivateCode>R_54626g_R_3</PrivateCode><Description>Dame Alice Owen's School - Finchley Central</Description><RouteSectionRef>RS_54626g_R_3</RouteSectionRef></Route></Routes><JourneyPatternSections><JourneyPatternSection id="JPS_54626g_H_1"><JourneyPatternTimingLink id="JPL_54626g_H_1_0"><From SequenceNumber="1"><StopPointRef>490015495E</StopPointRef><TimingStatus>PTP</TimingStatus></From><To SequenceNumber="2"><StopPointRef>490000081C</StopPointRef><TimingStatus>PTP</TimingStatus></To><RunTime>PT60S</RunTime></JourneyPatternTimingLink><JourneyPatternTimingLink id="JPL_54626g_H_1_1"><From SequenceNumber="2"><StopPointRef>490000081C</StopPointRef><TimingStatus>PTP</TimingStatus></From><To SequenceNumber="3"><StopPointRef>490009322A</StopPointRef><TimingStatus>PTP</TimingStatus></To><RunTime>PT72S</RunTime></JourneyPatternTimingLink><JourneyPatternTimingLink id="JPL_54626g_H_1_2"><From SequenceNumber="3"><StopPointRef>490009322A</StopPointRef><TimingStatus>PTP</TimingStatus></From><To SequenceNumber="4"><StopPointRef>490006642N</StopPointRef><TimingStatus>PTP</TimingStatus></To><RunTime>PT72S</RunTime></JourneyPatternTimingLink><JourneyPatternTimingLink id="JPL_54626g_H_1_3"><From SequenceNumber="4"><StopPointRef>490006642N</StopPointRef><TimingStatus>PTP</TimingStatus></From><To SequenceNumber="5"><StopPointRef>490007373F3</StopPointRef><TimingStatus>PTP</TimingStatus></To><RunTime>PT72S</RunTime></JourneyPatternTimingLink><JourneyPatternTimingLink id="JPL_54626g_H_1_4"><From SequenceNumber="5"><StopPointRef>490007373F3</StopPointRef><TimingStatus>PTP</TimingStatus></From><To SequenceNumber="6"><StopPointRef>490014813J</StopPointRef><TimingStatus>PTP</TimingStatus></To><RunTime>PT72S</RunTime></JourneyPatternTimingLink><JourneyPatternTimingLink id="JPL_54626g_H_1_5"><From SequenceNumber="6"><StopPointRef>490014813J</StopPointRef><TimingStatus>PTP</TimingStatus></From><To SequenceNumber="7"><StopPointRef>490013149K</StopPointRef><TimingStatus>PTP</TimingStatus></To><RunTime>PT72S</RunTime></JourneyPatternTimingLink><JourneyPatternTimingLink id="JPL_54626g_H_1_6"><From SequenceNumber="7"><StopPointRef>490013149K</StopPointRef><TimingStatus>PTP</TimingStatus></From><To SequenceNumber="8"><StopPointRef>490013718B</StopPointRef><TimingStatus>PTP</TimingStatus></To><RunTime>PT66S</RunTime></JourneyPatternTimingLink><JourneyPatternTimingLink id="JPL_54626g_H_1_7"><From SequenceNumber="8"><StopPointRef>490013718B</StopPointRef><TimingStatus>PTP</TimingStatus></From><To SequenceNumber="9"><StopPointRef>490011442Z</StopPointRef><TimingStatus>PTP</TimingStatus></To><RunTime>PT66S</RunTime></JourneyPatternTimingLink><JourneyPatternTimingLink id="JPL_54626g_H_1_8"><From SequenceNumber="9"><StopPointRef>490011442Z</StopPointRef><TimingStatus>PTP</TimingStatus></From><To SequenceNumber="10"><StopPointRef>490013099N</StopPointRef><TimingStatus>PTP</TimingStatus></To><RunTime>PT66S</RunTime></JourneyPatternTimingLink><JourneyPatternTimingLink id="JPL_54626g_H_1_9"><From SequenceNumber="10"><StopPointRef>490013099N</StopPointRef><TimingStatus>PTP</TimingStatus></From><To SequenceNumber="11"><StopPointRef>490006060N</StopPointRef><TimingStatus>PTP</TimingStatus></To><RunTime>PT66S</RunTime></JourneyPatternTimingLink><JourneyPatternTimingLink id="JPL_54626g_H_1_10"><From SequenceNumber="11"><StopPointRef>490006060N</StopPointRef><TimingStatus>PTP</TimingStatus></From><To SequenceNumber="12"><StopPointRef>490013104N</StopPointRef><TimingStatus>PTP</TimingStatus></To><RunTime>PT66S</RunTime></JourneyPatternTimingLink><JourneyPatternTimingLink id="JPL_54626g_H_1_11"><From SequenceNumber="12"><StopPointRef>490013104N</StopPointRef><TimingStatus>PTP</TimingStatus></From><To SequenceNumber="13"><StopPointRef>490007028N</StopPointRef><TimingStatus>PTP</TimingStatus></To><RunTime>PT66S</RunTime></JourneyPatternTimingLink><JourneyPatternTimingLink id="JPL_54626g_H_1_12"><From SequenceNumber="13"><StopPointRef>490007028N</StopPointRef><TimingStatus>PTP</TimingStatus></From><To SequenceNumber="14"><StopPointRef>490015488J</StopPointRef><TimingStatus>PTP</TimingStatus></To><RunTime>PT84S</RunTime></JourneyPatternTimingLink><JourneyPatternTimingLink id="JPL_54626g_H_1_13"><From SequenceNumber="14"><StopPointRef>490015488J</StopPointRef><TimingStatus>PTP</TimingStatus></From><To SequenceNumber="15"><StopPointRef>490004978N</StopPointRef><TimingStatus>PTP</TimingStatus></To><RunTime>PT48S</RunTime></JourneyPatternTimingLink><JourneyPatternTimingLink id="JPL_54626g_H_1_14"><From SequenceNumber="15"><StopPointRef>490004978N</StopPointRef><TimingStatus>PTP</TimingStatus></From><To SequenceNumber="16"><StopPointRef>490004553N</StopPointRef><TimingStatus>PTP</TimingStatus></To><RunTime>PT48S</RunTime></JourneyPatternTimingLink><JourneyPatternTimingLink id="JPL_54626g_H_1_15"><From SequenceNumber="16"><StopPointRef>490004553N</StopPointRef><TimingStatus>PTP</TimingStatus></From><To SequenceNumber="17"><StopPointRef>490007031N</StopPointRef><TimingStatus>PTP</TimingStatus></To><RunTime>PT48S</RunTime></JourneyPatternTimingLink><JourneyPatternTimingLink id="JPL_54626g_H_1_16"><From SequenceNumber="17"><StopPointRef>490007031N</StopPointRef><TimingStatus>PTP</TimingStatus></From><To SequenceNumber="18"><StopPointRef>490014131N</StopPointRef><TimingStatus>PTP</TimingStatus></To><RunTime>PT48S</RunTime></JourneyPatternTimingLink><JourneyPatternTimingLink id="JPL_54626g_H_1_17"><From SequenceNumber="18"><StopPointRef>490014131N</StopPointRef><TimingStatus>PTP</TimingStatus></From><To SequenceNumber="19"><StopPointRef>490011180N</StopPointRef><TimingStatus>PTP</TimingStatus></To><RunTime>PT48S</RunTime></JourneyPatternTimingLink><JourneyPatternTimingLink id="JPL_54626g_H_1_18"><From SequenceNumber="19"><StopPointRef>490011180N</StopPointRef><TimingStatus>PTP</TimingStatus></From><To SequenceNumber="20"><StopPointRef>490007893N</StopPointRef><TimingStatus>PTP</TimingStatus></To><RunTime>PT48S</RunTime></JourneyPatternTimingLink><JourneyPatternTimingLink id="JPL_54626g_H_1_19"><From SequenceNumber="20"><StopPointRef>490007893N</StopPointRef><TimingStatus>PTP</TimingStatus></From><To SequenceNumber="21"><StopPointRef>490009975E</StopPointRef><TimingStatus>PTP</TimingStatus></To><RunTime>PT48S</RunTime></JourneyPatternTimingLink><JourneyPatternTimingLink id="JPL_54626g_H_1_20"><From SequenceNumber="21"><StopPointRef>490009975E</StopPointRef><TimingStatus>PTP</TimingStatus></From><To SequenceNumber="22"><StopPointRef>490008933E</StopPointRef><TimingStatus>PTP</TimingStatus></To><RunTime>PT48S</RunTime></JourneyPatternTimingLink><JourneyPatternTimingLink id="JPL_54626g_H_1_21"><From SequenceNumber="22"><StopPointRef>490008933E</StopPointRef><TimingStatus>PTP</TimingStatus></From><To SequenceNumber="23"><StopPointRef>490005744N</StopPointRef><TimingStatus>PTP</TimingStatus></To><RunTime>PT48S</RunTime></JourneyPatternTimingLink><JourneyPatternTimingLink id="JPL_54626g_H_1_22"><From SequenceNumber="23"><StopPointRef>490005744N</StopPointRef><TimingStatus>PTP</TimingStatus></From><To SequenceNumber="24"><StopPointRef>490006313N</StopPointRef><TimingStatus>PTP</TimingStatus></To><RunTime>PT48S</RunTime></JourneyPatternTimingLink><JourneyPatternTimingLink id="JPL_54626g_H_1_23"><From SequenceNumber="24"><StopPointRef>490006313N</StopPointRef><TimingStatus>PTP</TimingStatus></From><To SequenceNumber="25"><StopPointRef>490010193B</StopPointRef><TimingStatus>PTP</TimingStatus></To><RunTime>PT48S</RunTime></JourneyPatternTimingLink><JourneyPatternTimingLink id="JPL_54626g_H_1_24"><From SequenceNumber="25"><StopPointRef>490010193B</StopPointRef><TimingStatus>PTP</TimingStatus></From><To SequenceNumber="26"><StopPointRef>490010192W</StopPointRef><TimingStatus>PTP</TimingStatus></To><RunTime>PT72S</RunTime></JourneyPatternTimingLink><JourneyPatternTimingLink id="JPL_54626g_H_1_25"><From SequenceNumber="26"><StopPointRef>490010192W</StopPointRef><TimingStatus>PTP</TimingStatus></From><To SequenceNumber="27"><StopPointRef>490011048F</StopPointRef><TimingStatus>PTP</TimingStatus></To><RunTime>PT78S</RunTime></JourneyPatternTimingLink><JourneyPatternTimingLink id="JPL_54626g_H_1_26"><From SequenceNumber="27"><StopPointRef>490011048F</StopPointRef><TimingStatus>PTP</TimingStatus></From><To SequenceNumber="28"><StopPointRef>490005413W</StopPointRef><TimingStatus>PTP</TimingStatus></To><RunTime>PT78S</RunTime></JourneyPatternTimingLink><JourneyPatternTimingLink id="JPL_54626g_H_1_27"><From SequenceNumber="28"><StopPointRef>490005413W</StopPointRef><TimingStatus>PTP</TimingStatus></From><To SequenceNumber="29"><StopPointRef>490012778W</StopPointRef><TimingStatus>PTP</TimingStatus></To><RunTime>PT78S</RunTime></JourneyPatternTimingLink><JourneyPatternTimingLink id="JPL_54626g_H_1_28"><From SequenceNumber="29"><StopPointRef>490012778W</StopPointRef><TimingStatus>PTP</TimingStatus></From><To SequenceNumber="30"><StopPointRef>490008737W1</StopPointRef><TimingStatus>PTP</TimingStatus></To><RunTime>PT78S</RunTime></JourneyPatternTimingLink><JourneyPatternTimingLink id="JPL_54626g_H_1_29"><From SequenceNumber="30"><StopPointRef>490008737W1</StopPointRef><TimingStatus>PTP</TimingStatus></From><To SequenceNumber="31"><StopPointRef>490000107P</StopPointRef><TimingStatus>PTP</TimingStatus></To><RunTime>PT78S</RunTime></JourneyPatternTimingLink><JourneyPatternTimingLink id="JPL_54626g_H_1_30"><From SequenceNumber="31"><StopPointRef>490000107P</StopPointRef><TimingStatus>PTP</TimingStatus></From><To SequenceNumber="32"><StopPointRef>490003634L</StopPointRef><TimingStatus>PTP</TimingStatus></To><RunTime>PT90S</RunTime></JourneyPatternTimingLink><JourneyPatternTimingLink id="JPL_54626g_H_1_31"><From SequenceNumber="32"><StopPointRef>490003634L</StopPointRef><TimingStatus>PTP</TimingStatus></From><To SequenceNumber="33"><StopPointRef>490003639J</StopPointRef><TimingStatus>PTP</TimingStatus></To><RunTime>PT42S</RunTime></JourneyPatternTimingLink><JourneyPatternTimingLink id="JPL_54626g_H_1_32"><From SequenceNumber="33"><StopPointRef>490003639J</StopPointRef><TimingStatus>PTP</TimingStatus></From><To SequenceNumber="34"><StopPointRef>490012515A</StopPointRef><TimingStatus>PTP</TimingStatus></To><RunTime>PT42S</RunTime></JourneyPatternTimingLink><JourneyPatternTimingLink id="JPL_54626g_H_1_33"><From SequenceNumber="34"><StopPointRef>490012515A</StopPointRef><TimingStatus>PTP</TimingStatus></From><To SequenceNumber="35"><StopPointRef>490007631N</StopPointRef><TimingStatus>PTP</TimingStatus></To><RunTime>PT42S</RunTime></JourneyPatternTimingLink><JourneyPatternTimingLink id="JPL_54626g_H_1_34"><From SequenceNumber="35"><StopPointRef>490007631N</StopPointRef><TimingStatus>PTP</TimingStatus></From><To SequenceNumber="36"><StopPointRef>490006280N</StopPointRef><TimingStatus>PTP</TimingStatus></To><RunTime>PT42S</RunTime></JourneyPatternTimingLink><JourneyPatternTimingLink id="JPL_54626g_H_1_35"><From SequenceNumber="36"><StopPointRef>490006280N</StopPointRef><TimingStatus>PTP</TimingStatus></From><To SequenceNumber="37"><StopPointRef>490007632N</StopPointRef><TimingStatus>PTP</TimingStatus></To><RunTime>PT42S</RunTime></JourneyPatternTimingLink><JourneyPatternTimingLink id="JPL_54626g_H_1_36"><From SequenceNumber="37"><StopPointRef>490007632N</StopPointRef><TimingStatus>PTP</TimingStatus></From><To SequenceNumber="38"><StopPointRef>490007431N</StopPointRef><TimingStatus>PTP</TimingStatus></To><RunTime>PT42S</RunTime></JourneyPatternTimingLink><JourneyPatternTimingLink id="JPL_54626g_H_1_37"><From SequenceNumber="38"><StopPointRef>490007431N</StopPointRef><TimingStatus>PTP</TimingStatus></From><To SequenceNumber="39"><StopPointRef>210021000380</StopPointRef><TimingStatus>PTP</TimingStatus></To><RunTime>PT42S</RunTime></JourneyPatternTimingLink><JourneyPatternTimingLink id="JPL_54626g_H_1_38"><From SequenceNumber="39"><StopPointRef>210021000380</StopPointRef><TimingStatus>PTP</TimingStatus></From><To SequenceNumber="40"><StopPointRef>210021000390</StopPointRef><TimingStatus>PTP</TimingStatus></To><RunTime>PT42S</RunTime></JourneyPatternTimingLink><JourneyPatternTimingLink id="JPL_54626g_H_1_39"><From SequenceNumber="40"><StopPointRef>210021000390</StopPointRef><TimingStatus>PTP</TimingStatus></From><To SequenceNumber="41"><StopPointRef>210021000410</StopPointRef><TimingStatus>PTP</TimingStatus></To><RunTime>PT42S</RunTime></JourneyPatternTimingLink><JourneyPatternTimingLink id="JPL_54626g_H_1_40"><From SequenceNumber="41"><StopPointRef>210021000410</StopPointRef><TimingStatus>PTP</TimingStatus></From><To SequenceNumber="42"><StopPointRef>210021000420</StopPointRef><TimingStatus>PTP</TimingStatus></To><RunTime>PT42S</RunTime></JourneyPatternTimingLink><JourneyPatternTimingLink id="JPL_54626g_H_1_41"><From SequenceNumber="42"><StopPointRef>210021000420</StopPointRef><TimingStatus>PTP</TimingStatus></From><To SequenceNumber="43"><StopPointRef>210021000430</StopPointRef><TimingStatus>PTP</TimingStatus></To><RunTime>PT42S</RunTime></JourneyPatternTimingLink><JourneyPatternTimingLink id="JPL_54626g_H_1_42"><From SequenceNumber="43"><StopPointRef>210021000430</StopPointRef><TimingStatus>PTP</TimingStatus></From><To SequenceNumber="44"><StopPointRef>210021000440</StopPointRef><TimingStatus>PTP</TimingStatus></To><RunTime>PT42S</RunTime></JourneyPatternTimingLink><JourneyPatternTimingLink id="JPL_54626g_H_1_43"><From SequenceNumber="44"><StopPointRef>210021000440</StopPointRef><TimingStatus>PTP</TimingStatus></From><To SequenceNumber="45"><StopPointRef>210021000540</StopPointRef><TimingStatus>PTP</TimingStatus></To><RunTime>PT42S</RunTime></JourneyPatternTimingLink><JourneyPatternTimingLink id="JPL_54626g_H_1_44"><From SequenceNumber="45"><StopPointRef>210021000540</StopPointRef><TimingStatus>PTP</TimingStatus></From><To SequenceNumber="46"><StopPointRef>210021000560</StopPointRef><TimingStatus>PTP</TimingStatus></To><RunTime>PT54S</RunTime></JourneyPatternTimingLink><JourneyPatternTimingLink id="JPL_54626g_H_1_45"><From SequenceNumber="46"><StopPointRef>210021000560</StopPointRef><TimingStatus>PTP</TimingStatus></From><To SequenceNumber="47"><StopPointRef>210021000580</StopPointRef><TimingStatus>PTP</TimingStatus></To><RunTime>PT90S</RunTime></JourneyPatternTimingLink><JourneyPatternTimingLink id="JPL_54626g_H_1_46"><From SequenceNumber="47"><StopPointRef>210021000580</StopPointRef><TimingStatus>PTP</TimingStatus></From><To SequenceNumber="48"><StopPointRef>210021085060</StopPointRef><TimingStatus>PTP</TimingStatus></To><RunTime>PT90S</RunTime></JourneyPatternTimingLink></JourneyPatternSection><JourneyPatternSection id="JPS_54626g_R_2"><JourneyPatternTimingLink id="JPL_54626g_R_2_0"><From SequenceNumber="1"><StopPointRef>210021085060</StopPointRef><TimingStatus>PTP</TimingStatus></From><To SequenceNumber="2"><StopPointRef>210021001650</StopPointRef><TimingStatus>PTP</TimingStatus></To><RunTime>PT102S</RunTime></JourneyPatternTimingLink><JourneyPatternTimingLink id="JPL_54626g_R_2_1"><From SequenceNumber="2"><StopPointRef>210021001650</StopPointRef><TimingStatus>PTP</TimingStatus></From><To SequenceNumber="3"><StopPointRef>210021001670</StopPointRef><TimingStatus>PTP</TimingStatus></To><RunTime>PT102S</RunTime></JourneyPatternTimingLink><JourneyPatternTimingLink id="JPL_54626g_R_2_2"><From SequenceNumber="3"><StopPointRef>210021001670</StopPointRef><TimingStatus>PTP</TimingStatus></From><To SequenceNumber="4"><StopPointRef>210021001680</StopPointRef><TimingStatus>PTP</TimingStatus></To><RunTime>PT102S</RunTime></JourneyPatternTimingLink><JourneyPatternTimingLink id="JPL_54626g_R_2_3"><From SequenceNumber="4"><StopPointRef>210021001680</StopPointRef><TimingStatus>PTP</TimingStatus></From><To SequenceNumber="5"><StopPointRef>490007431S</StopPointRef><TimingStatus>PTP</TimingStatus></To><RunTime>PT102S</RunTime></JourneyPatternTimingLink><JourneyPatternTimingLink id="JPL_54626g_R_2_4"><From SequenceNumber="5"><StopPointRef>490007431S</StopPointRef><TimingStatus>PTP</TimingStatus></From><To SequenceNumber="6"><StopPointRef>490007632S</StopPointRef><TimingStatus>PTP</TimingStatus></To><RunTime>PT102S</RunTime></JourneyPatternTimingLink><JourneyPatternTimingLink id="JPL_54626g_R_2_5"><From SequenceNumber="6"><StopPointRef>490007632S</StopPointRef><TimingStatus>PTP</TimingStatus></From><To SequenceNumber="7"><StopPointRef>490006280S</StopPointRef><TimingStatus>PTP</TimingStatus></To><RunTime>PT102S</RunTime></JourneyPatternTimingLink><JourneyPatternTimingLink id="JPL_54626g_R_2_6"><From SequenceNumber="7"><StopPointRef>490006280S</StopPointRef><TimingStatus>PTP</TimingStatus></From><To SequenceNumber="8"><StopPointRef>490007631S</StopPointRef><TimingStatus>PTP</TimingStatus></To><RunTime>PT102S</RunTime></JourneyPatternTimingLink><JourneyPatternTimingLink id="JPL_54626g_R_2_7"><From SequenceNumber="8"><StopPointRef>490007631S</StopPointRef><TimingStatus>PTP</TimingStatus></From><To SequenceNumber="9"><StopPointRef>490012424C</StopPointRef><TimingStatus>PTP</TimingStatus></To><RunTime>PT102S</RunTime></JourneyPatternTimingLink><JourneyPatternTimingLink id="JPL_54626g_R_2_8"><From SequenceNumber="9"><StopPointRef>490012424C</StopPointRef><TimingStatus>PTP</TimingStatus></From><To SequenceNumber="10"><StopPointRef>490003639D</StopPointRef><TimingStatus>PTP</TimingStatus></To><RunTime>PT102S</RunTime></JourneyPatternTimingLink><JourneyPatternTimingLink id="JPL_54626g_R_2_9"><From SequenceNumber="10"><StopPointRef>490003639D</StopPointRef><TimingStatus>PTP</TimingStatus></From><To SequenceNumber="11"><StopPointRef>490003634G</StopPointRef><TimingStatus>PTP</TimingStatus></To><RunTime>PT102S</RunTime></JourneyPatternTimingLink><JourneyPatternTimingLink id="JPL_54626g_R_2_10"><From SequenceNumber="11"><StopPointRef>490003634G</StopPointRef><TimingStatus>PTP</TimingStatus></From><To SequenceNumber="12"><StopPointRef>490009772N</StopPointRef><TimingStatus>PTP</TimingStatus></To><RunTime>PT66S</RunTime></JourneyPatternTimingLink><JourneyPatternTimingLink id="JPL_54626g_R_2_11"><From SequenceNumber="12"><StopPointRef>490009772N</StopPointRef><TimingStatus>PTP</TimingStatus></From><To SequenceNumber="13"><StopPointRef>490008737W2</StopPointRef><TimingStatus>PTP</TimingStatus></To><RunTime>PT66S</RunTime></JourneyPatternTimingLink><JourneyPatternTimingLink id="JPL_54626g_R_2_12"><From SequenceNumber="13"><StopPointRef>490008737W2</StopPointRef><TimingStatus>PTP</TimingStatus></From><To SequenceNumber="14"><StopPointRef>490012778E</StopPointRef><TimingStatus>PTP</TimingStatus></To><RunTime>PT66S</RunTime></JourneyPatternTimingLink><JourneyPatternTimingLink id="JPL_54626g_R_2_13"><From SequenceNumber="14"><StopPointRef>490012778E</StopPointRef><TimingStatus>PTP</TimingStatus></From><To SequenceNumber="15"><StopPointRef>490005413E</StopPointRef><TimingStatus>PTP</TimingStatus></To><RunTime>PT66S</RunTime></JourneyPatternTimingLink><JourneyPatternTimingLink id="JPL_54626g_R_2_14"><From SequenceNumber="15"><StopPointRef>490005413E</StopPointRef><TimingStatus>PTP</TimingStatus></From><To SequenceNumber="16"><StopPointRef>490011048G</StopPointRef><TimingStatus>PTP</TimingStatus></To><RunTime>PT66S</RunTime></JourneyPatternTimingLink><JourneyPatternTimingLink id="JPL_54626g_R_2_15"><From SequenceNumber="16"><StopPointRef>490011048G</StopPointRef><TimingStatus>PTP</TimingStatus></From><To SequenceNumber="17"><StopPointRef>490001201D</StopPointRef><TimingStatus>PTP</TimingStatus></To><RunTime>PT90S</RunTime></JourneyPatternTimingLink><JourneyPatternTimingLink id="JPL_54626g_R_2_16"><From SequenceNumber="17"><StopPointRef>490001201D</StopPointRef><TimingStatus>PTP</TimingStatus></From><To SequenceNumber="18"><StopPointRef>490010193C</StopPointRef><TimingStatus>PTP</TimingStatus></To><RunTime>PT60S</RunTime></JourneyPatternTimingLink><JourneyPatternTimingLink id="JPL_54626g_R_2_17"><From SequenceNumber="18"><StopPointRef>490010193C</StopPointRef><TimingStatus>PTP</TimingStatus></From><To SequenceNumber="19"><StopPointRef>490006313E</StopPointRef><TimingStatus>PTP</TimingStatus></To><RunTime>PT60S</RunTime></JourneyPatternTimingLink><JourneyPatternTimingLink id="JPL_54626g_R_2_18"><From SequenceNumber="19"><StopPointRef>490006313E</StopPointRef><TimingStatus>PTP</TimingStatus></From><To SequenceNumber="20"><StopPointRef>490006284W</StopPointRef><TimingStatus>PTP</TimingStatus></To><RunTime>PT60S</RunTime></JourneyPatternTimingLink><JourneyPatternTimingLink id="JPL_54626g_R_2_19"><From SequenceNumber="20"><StopPointRef>490006284W</StopPointRef><TimingStatus>PTP</TimingStatus></From><To SequenceNumber="21"><StopPointRef>490008933W</StopPointRef><TimingStatus>PTP</TimingStatus></To><RunTime>PT60S</RunTime></JourneyPatternTimingLink><JourneyPatternTimingLink id="JPL_54626g_R_2_20"><From SequenceNumber="21"><StopPointRef>490008933W</StopPointRef><TimingStatus>PTP</TimingStatus></From><To SequenceNumber="22"><StopPointRef>490009975W</StopPointRef><TimingStatus>PTP</TimingStatus></To><RunTime>PT60S</RunTime></JourneyPatternTimingLink><JourneyPatternTimingLink id="JPL_54626g_R_2_21"><From SequenceNumber="22"><StopPointRef>490009975W</StopPointRef><TimingStatus>PTP</TimingStatus></From><To SequenceNumber="23"><StopPointRef>490007893S</StopPointRef><TimingStatus>PTP</TimingStatus></To><RunTime>PT60S</RunTime></JourneyPatternTimingLink><JourneyPatternTimingLink id="JPL_54626g_R_2_22"><From SequenceNumber="23"><StopPointRef>490007893S</StopPointRef><TimingStatus>PTP</TimingStatus></From><To SequenceNumber="24"><StopPointRef>490009489S</StopPointRef><TimingStatus>PTP</TimingStatus></To><RunTime>PT60S</RunTime></JourneyPatternTimingLink><JourneyPatternTimingLink id="JPL_54626g_R_2_23"><From SequenceNumber="24"><StopPointRef>490009489S</StopPointRef><TimingStatus>PTP</TimingStatus></From><To SequenceNumber="25"><StopPointRef>490014131S</StopPointRef><TimingStatus>PTP</TimingStatus></To><RunTime>PT60S</RunTime></JourneyPatternTimingLink><JourneyPatternTimingLink id="JPL_54626g_R_2_24"><From SequenceNumber="25"><StopPointRef>490014131S</StopPointRef><TimingStatus>PTP</TimingStatus></From><To SequenceNumber="26"><StopPointRef>490007031S</StopPointRef><TimingStatus>PTP</TimingStatus></To><RunTime>PT60S</RunTime></JourneyPatternTimingLink><JourneyPatternTimingLink id="JPL_54626g_R_2_25"><From SequenceNumber="26"><StopPointRef>490007031S</StopPointRef><TimingStatus>PTP</TimingStatus></From><To SequenceNumber="27"><StopPointRef>490004978S</StopPointRef><TimingStatus>PTP</TimingStatus></To><RunTime>PT60S</RunTime></JourneyPatternTimingLink><JourneyPatternTimingLink id="JPL_54626g_R_2_26"><From SequenceNumber="27"><StopPointRef>490004978S</StopPointRef><TimingStatus>PTP</TimingStatus></From><To SequenceNumber="28"><StopPointRef>490015488M</StopPointRef><TimingStatus>PTP</TimingStatus></To><RunTime>PT120S</RunTime></JourneyPatternTimingLink><JourneyPatternTimingLink id="JPL_54626g_R_2_27"><From SequenceNumber="28"><StopPointRef>490015488M</StopPointRef><TimingStatus>PTP</TimingStatus></From><To SequenceNumber="29"><StopPointRef>490007028S</StopPointRef><TimingStatus>PTP</TimingStatus></To><RunTime>PT66S</RunTime></JourneyPatternTimingLink><JourneyPatternTimingLink id="JPL_54626g_R_2_28"><From SequenceNumber="29"><StopPointRef>490007028S</StopPointRef><TimingStatus>PTP</TimingStatus></From><To SequenceNumber="30"><StopPointRef>490007027S</StopPointRef><TimingStatus>PTP</TimingStatus></To><RunTime>PT66S</RunTime></JourneyPatternTimingLink><JourneyPatternTimingLink id="JPL_54626g_R_2_29"><From SequenceNumber="30"><StopPointRef>490007027S</StopPointRef><TimingStatus>PTP</TimingStatus></From><To SequenceNumber="31"><StopPointRef>490006060S</StopPointRef><TimingStatus>PTP</TimingStatus></To><RunTime>PT66S</RunTime></JourneyPatternTimingLink><JourneyPatternTimingLink id="JPL_54626g_R_2_30"><From SequenceNumber="31"><StopPointRef>490006060S</StopPointRef><TimingStatus>PTP</TimingStatus></From><To SequenceNumber="32"><StopPointRef>490013099S</StopPointRef><TimingStatus>PTP</TimingStatus></To><RunTime>PT66S</RunTime></JourneyPatternTimingLink><JourneyPatternTimingLink id="JPL_54626g_R_2_31"><From SequenceNumber="32"><StopPointRef>490013099S</StopPointRef><TimingStatus>PTP</TimingStatus></From><To SequenceNumber="33"><StopPointRef>490011442A</StopPointRef><TimingStatus>PTP</TimingStatus></To><RunTime>PT66S</RunTime></JourneyPatternTimingLink><JourneyPatternTimingLink id="JPL_54626g_R_2_32"><From SequenceNumber="33"><StopPointRef>490011442A</StopPointRef><TimingStatus>PTP</TimingStatus></From><To SequenceNumber="34"><StopPointRef>490015443D</StopPointRef><TimingStatus>PTP</TimingStatus></To><RunTime>PT66S</RunTime></JourneyPatternTimingLink><JourneyPatternTimingLink id="JPL_54626g_R_2_33"><From SequenceNumber="34"><StopPointRef>490015443D</StopPointRef><TimingStatus>PTP</TimingStatus></From><To SequenceNumber="35"><StopPointRef>490015518E</StopPointRef><TimingStatus>PTP</TimingStatus></To><RunTime>PT84S</RunTime></JourneyPatternTimingLink></JourneyPatternSection><JourneyPatternSection id="JPS_54626g_R_3"><JourneyPatternTimingLink id="JPL_54626g_R_3_0"><From SequenceNumber="1"><StopPointRef>210021085060</StopPointRef><TimingStatus>PTP</TimingStatus></From><To SequenceNumber="2"><StopPointRef>210021001650</StopPointRef><TimingStatus>PTP</TimingStatus></To><RunTime>PT102S</RunTime></JourneyPatternTimingLink><JourneyPatternTimingLink id="JPL_54626g_R_3_1"><From SequenceNumber="2"><StopPointRef>210021001650</StopPointRef><TimingStatus>PTP</TimingStatus></From><To SequenceNumber="3"><StopPointRef>210021001670</StopPointRef><TimingStatus>PTP</TimingStatus></To><RunTime>PT102S</RunTime></JourneyPatternTimingLink><JourneyPatternTimingLink id="JPL_54626g_R_3_2"><From SequenceNumber="3"><StopPointRef>210021001670</StopPointRef><TimingStatus>PTP</TimingStatus></From><To SequenceNumber="4"><StopPointRef>210021001680</StopPointRef><TimingStatus>PTP</TimingStatus></To><RunTime>PT102S</RunTime></JourneyPatternTimingLink><JourneyPatternTimingLink id="JPL_54626g_R_3_3"><From SequenceNumber="4"><StopPointRef>210021001680</StopPointRef><TimingStatus>PTP</TimingStatus></From><To SequenceNumber="5"><StopPointRef>490007431S</StopPointRef><TimingStatus>PTP</TimingStatus></To><RunTime>PT102S</RunTime></JourneyPatternTimingLink><JourneyPatternTimingLink id="JPL_54626g_R_3_4"><From SequenceNumber="5"><StopPointRef>490007431S</StopPointRef><TimingStatus>PTP</TimingStatus></From><To SequenceNumber="6"><StopPointRef>490007632S</StopPointRef><TimingStatus>PTP</TimingStatus></To><RunTime>PT102S</RunTime></JourneyPatternTimingLink><JourneyPatternTimingLink id="JPL_54626g_R_3_5"><From SequenceNumber="6"><StopPointRef>490007632S</StopPointRef><TimingStatus>PTP</TimingStatus></From><To SequenceNumber="7"><StopPointRef>490006280S</StopPointRef><TimingStatus>PTP</TimingStatus></To><RunTime>PT102S</RunTime></JourneyPatternTimingLink><JourneyPatternTimingLink id="JPL_54626g_R_3_6"><From SequenceNumber="7"><StopPointRef>490006280S</StopPointRef><TimingStatus>PTP</TimingStatus></From><To SequenceNumber="8"><StopPointRef>490007631S</StopPointRef><TimingStatus>PTP</TimingStatus></To><RunTime>PT102S</RunTime></JourneyPatternTimingLink><JourneyPatternTimingLink id="JPL_54626g_R_3_7"><From SequenceNumber="8"><StopPointRef>490007631S</StopPointRef><TimingStatus>PTP</TimingStatus></From><To SequenceNumber="9"><StopPointRef>490012424C</StopPointRef><TimingStatus>PTP</TimingStatus></To><RunTime>PT102S</RunTime></JourneyPatternTimingLink><JourneyPatternTimingLink id="JPL_54626g_R_3_8"><From SequenceNumber="9"><StopPointRef>490012424C</StopPointRef><TimingStatus>PTP</TimingStatus></From><To SequenceNumber="10"><StopPointRef>490003639D</StopPointRef><TimingStatus>PTP</TimingStatus></To><RunTime>PT102S</RunTime></JourneyPatternTimingLink><JourneyPatternTimingLink id="JPL_54626g_R_3_9"><From SequenceNumber="10"><StopPointRef>490003639D</StopPointRef><TimingStatus>PTP</TimingStatus></From><To SequenceNumber="11"><StopPointRef>490003634G</StopPointRef><TimingStatus>PTP</TimingStatus></To><RunTime>PT102S</RunTime></JourneyPatternTimingLink><JourneyPatternTimingLink id="JPL_54626g_R_3_10"><From SequenceNumber="11"><StopPointRef>490003634G</StopPointRef><TimingStatus>PTP</TimingStatus></From><To SequenceNumber="12"><StopPointRef>490009772N</StopPointRef><TimingStatus>PTP</TimingStatus></To><RunTime>PT66S</RunTime></JourneyPatternTimingLink><JourneyPatternTimingLink id="JPL_54626g_R_3_11"><From SequenceNumber="12"><StopPointRef>490009772N</StopPointRef><TimingStatus>PTP</TimingStatus></From><To SequenceNumber="13"><StopPointRef>490008737W2</StopPointRef><TimingStatus>PTP</TimingStatus></To><RunTime>PT66S</RunTime></JourneyPatternTimingLink><JourneyPatternTimingLink id="JPL_54626g_R_3_12"><From SequenceNumber="13"><StopPointRef>490008737W2</StopPointRef><TimingStatus>PTP</TimingStatus></From><To SequenceNumber="14"><StopPointRef>490012778E</StopPointRef><TimingStatus>PTP</TimingStatus></To><RunTime>PT66S</RunTime></JourneyPatternTimingLink><JourneyPatternTimingLink id="JPL_54626g_R_3_13"><From SequenceNumber="14"><StopPointRef>490012778E</StopPointRef><TimingStatus>PTP</TimingStatus></From><To SequenceNumber="15"><StopPointRef>490005413E</StopPointRef><TimingStatus>PTP</TimingStatus></To><RunTime>PT66S</RunTime></JourneyPatternTimingLink><JourneyPatternTimingLink id="JPL_54626g_R_3_14"><From SequenceNumber="15"><StopPointRef>490005413E</StopPointRef><TimingStatus>PTP</TimingStatus></From><To SequenceNumber="16"><StopPointRef>490011048G</StopPointRef><TimingStatus>PTP</TimingStatus></To><RunTime>PT66S</RunTime></JourneyPatternTimingLink><JourneyPatternTimingLink id="JPL_54626g_R_3_15"><From SequenceNumber="16"><StopPointRef>490011048G</StopPointRef><TimingStatus>PTP</TimingStatus></From><To SequenceNumber="17"><StopPointRef>490001201D</StopPointRef><TimingStatus>PTP</TimingStatus></To><RunTime>PT90S</RunTime></JourneyPatternTimingLink><JourneyPatternTimingLink id="JPL_54626g_R_3_16"><From SequenceNumber="17"><StopPointRef>490001201D</StopPointRef><TimingStatus>PTP</TimingStatus></From><To SequenceNumber="18"><StopPointRef>490010193C</StopPointRef><TimingStatus>PTP</TimingStatus></To><RunTime>PT60S</RunTime></JourneyPatternTimingLink><JourneyPatternTimingLink id="JPL_54626g_R_3_17"><From SequenceNumber="18"><StopPointRef>490010193C</StopPointRef><TimingStatus>PTP</TimingStatus></From><To SequenceNumber="19"><StopPointRef>490006313E</StopPointRef><TimingStatus>PTP</TimingStatus></To><RunTime>PT60S</RunTime></JourneyPatternTimingLink><JourneyPatternTimingLink id="JPL_54626g_R_3_18"><From SequenceNumber="19"><StopPointRef>490006313E</StopPointRef><TimingStatus>PTP</TimingStatus></From><To SequenceNumber="20"><StopPointRef>490006284W</StopPointRef><TimingStatus>PTP</TimingStatus></To><RunTime>PT60S</RunTime></JourneyPatternTimingLink><JourneyPatternTimingLink id="JPL_54626g_R_3_19"><From SequenceNumber="20"><StopPointRef>490006284W</StopPointRef><TimingStatus>PTP</TimingStatus></From><To SequenceNumber="21"><StopPointRef>490008933W</StopPointRef><TimingStatus>PTP</TimingStatus></To><RunTime>PT60S</RunTime></JourneyPatternTimingLink><JourneyPatternTimingLink id="JPL_54626g_R_3_20"><From SequenceNumber="21"><StopPointRef>490008933W</StopPointRef><TimingStatus>PTP</TimingStatus></From><To SequenceNumber="22"><StopPointRef>490009975W</StopPointRef><TimingStatus>PTP</TimingStatus></To><RunTime>PT60S</RunTime></JourneyPatternTimingLink><JourneyPatternTimingLink id="JPL_54626g_R_3_21"><From SequenceNumber="22"><StopPointRef>490009975W</StopPointRef><TimingStatus>PTP</TimingStatus></From><To SequenceNumber="23"><StopPointRef>490007893S</StopPointRef><TimingStatus>PTP</TimingStatus></To><RunTime>PT60S</RunTime></JourneyPatternTimingLink><JourneyPatternTimingLink id="JPL_54626g_R_3_22"><From SequenceNumber="23"><StopPointRef>490007893S</StopPointRef><TimingStatus>PTP</TimingStatus></From><To SequenceNumber="24"><StopPointRef>490009489S</StopPointRef><TimingStatus>PTP</TimingStatus></To><RunTime>PT60S</RunTime></JourneyPatternTimingLink><JourneyPatternTimingLink id="JPL_54626g_R_3_23"><From SequenceNumber="24"><StopPointRef>490009489S</StopPointRef><TimingStatus>PTP</TimingStatus></From><To SequenceNumber="25"><StopPointRef>490014131S</StopPointRef><TimingStatus>PTP</TimingStatus></To><RunTime>PT60S</RunTime></JourneyPatternTimingLink><JourneyPatternTimingLink id="JPL_54626g_R_3_24"><From SequenceNumber="25"><StopPointRef>490014131S</StopPointRef><TimingStatus>PTP</TimingStatus></From><To SequenceNumber="26"><StopPointRef>490007031S</StopPointRef><TimingStatus>PTP</TimingStatus></To><RunTime>PT60S</RunTime></JourneyPatternTimingLink><JourneyPatternTimingLink id="JPL_54626g_R_3_25"><From SequenceNumber="26"><StopPointRef>490007031S</StopPointRef><TimingStatus>PTP</TimingStatus></From><To SequenceNumber="27"><StopPointRef>490004978S</StopPointRef><TimingStatus>PTP</TimingStatus></To><RunTime>PT60S</RunTime></JourneyPatternTimingLink><JourneyPatternTimingLink id="JPL_54626g_R_3_26"><From SequenceNumber="27"><StopPointRef>490004978S</StopPointRef><TimingStatus>PTP</TimingStatus></From><To SequenceNumber="28"><StopPointRef>490015488M</StopPointRef><TimingStatus>PTP</TimingStatus></To><RunTime>PT120S</RunTime></JourneyPatternTimingLink><JourneyPatternTimingLink id="JPL_54626g_R_3_27"><From SequenceNumber="28"><StopPointRef>490015488M</StopPointRef><TimingStatus>PTP</TimingStatus></From><To SequenceNumber="29"><StopPointRef>490007028S</StopPointRef><TimingStatus>PTP</TimingStatus></To><RunTime>PT66S</RunTime></JourneyPatternTimingLink><JourneyPatternTimingLink id="JPL_54626g_R_3_28"><From SequenceNumber="29"><StopPointRef>490007028S</StopPointRef><TimingStatus>PTP</TimingStatus></From><To SequenceNumber="30"><StopPointRef>490007027S</StopPointRef><TimingStatus>PTP</TimingStatus></To><RunTime>PT66S</RunTime></JourneyPatternTimingLink><JourneyPatternTimingLink id="JPL_54626g_R_3_29"><From SequenceNumber="30"><StopPointRef>490007027S</StopPointRef><TimingStatus>PTP</TimingStatus></From><To SequenceNumber="31"><StopPointRef>490006060S</StopPointRef><TimingStatus>PTP</TimingStatus></To><RunTime>PT66S</RunTime></JourneyPatternTimingLink><JourneyPatternTimingLink id="JPL_54626g_R_3_30"><From SequenceNumber="31"><StopPointRef>490006060S</StopPointRef><TimingStatus>PTP</TimingStatus></From><To SequenceNumber="32"><StopPointRef>490013099S</StopPointRef><TimingStatus>PTP</TimingStatus></To><RunTime>PT66S</RunTime></JourneyPatternTimingLink><JourneyPatternTimingLink id="JPL_54626g_R_3_31"><From SequenceNumber="32"><StopPointRef>490013099S</StopPointRef><TimingStatus>PTP</TimingStatus></From><To SequenceNumber="33"><StopPointRef>490011442A</StopPointRef><TimingStatus>PTP</TimingStatus></To><RunTime>PT66S</RunTime></JourneyPatternTimingLink><JourneyPatternTimingLink id="JPL_54626g_R_3_32"><From SequenceNumber="33"><StopPointRef>490011442A</StopPointRef><TimingStatus>PTP</TimingStatus></From><To SequenceNumber="34"><StopPointRef>490015443D</StopPointRef><TimingStatus>PTP</TimingStatus></To><RunTime>PT66S</RunTime></JourneyPatternTimingLink><JourneyPatternTimingLink id="JPL_54626g_R_3_33"><From SequenceNumber="34"><StopPointRef>490015443D</StopPointRef><TimingStatus>PTP</TimingStatus></From><To SequenceNumber="35"><StopPointRef>490015518E</StopPointRef><TimingStatus>PTP</TimingStatus></To><RunTime>PT84S</RunTime></JourneyPatternTimingLink><JourneyPatternTimingLink id="JPL_54626g_R_3_34"><From SequenceNumber="35"><StopPointRef>490015518E</StopPointRef><TimingStatus>PTP</TimingStatus></From><To SequenceNumber="36"><StopPointRef>490015443Z1</StopPointRef><TimingStatus>PTP</TimingStatus></To><RunTime>PT66S</RunTime></JourneyPatternTimingLink><JourneyPatternTimingLink id="JPL_54626g_R_3_35"><From SequenceNumber="36"><StopPointRef>490015443Z1</StopPointRef><TimingStatus>PTP</TimingStatus></From><To SequenceNumber="37"><StopPointRef>490015271S</StopPointRef><TimingStatus>PTP</TimingStatus></To><RunTime>PT66S</RunTime></JourneyPatternTimingLink><JourneyPatternTimingLink id="JPL_54626g_R_3_36"><From SequenceNumber="37"><StopPointRef>490015271S</StopPointRef><TimingStatus>PTP</TimingStatus></From><To SequenceNumber="38"><StopPointRef>490007373F4</StopPointRef><TimingStatus>PTP</TimingStatus></To><RunTime>PT66S</RunTime></JourneyPatternTimingLink><JourneyPatternTimingLink id="JPL_54626g_R_3_37"><From SequenceNumber="38"><StopPointRef>490007373F4</StopPointRef><TimingStatus>PTP</TimingStatus></From><To SequenceNumber="39"><StopPointRef>490006642S</StopPointRef><TimingStatus>PTP</TimingStatus></To><RunTime>PT66S</RunTime></JourneyPatternTimingLink><JourneyPatternTimingLink id="JPL_54626g_R_3_38"><From SequenceNumber="39"><StopPointRef>490006642S</StopPointRef><TimingStatus>PTP</TimingStatus></From><To SequenceNumber="40"><StopPointRef>490009322B</StopPointRef><TimingStatus>PTP</TimingStatus></To><RunTime>PT66S</RunTime></JourneyPatternTimingLink><JourneyPatternTimingLink id="JPL_54626g_R_3_39"><From SequenceNumber="40"><StopPointRef>490009322B</StopPointRef><TimingStatus>PTP</TimingStatus></From><To SequenceNumber="41"><StopPointRef>490000081D</StopPointRef><TimingStatus>PTP</TimingStatus></To><RunTime>PT90S</RunTime></JourneyPatternTimingLink></JourneyPatternSection></JourneyPatternSections><Operators><Operator id="OId_ML"><OperatorCode>ML</OperatorCode><OperatorShortName>ML</OperatorShortName><OperatorNameOnLicence>ML</OperatorNameOnLicence><TradingName>ML</TradingName></Operator></Operators><Services><Service><ServiceCode>SId_54626g0</ServiceCode><PrivateCode>54626g0</PrivateCode><Lines><Line id="LId_54626g0"><LineName>626</LineName></Line></Lines><OperatingPeriod><StartDate>2009-12-01</StartDate><EndDate>2010-12-23</EndDate></OperatingPeriod><OperatingProfile><RegularDayType>
					<DaysOfWeek>
						<MondayToFriday/>
					</DaysOfWeek>
				</RegularDayType>
				<BankHolidayOperation><DaysOfNonOperation><AllBankHolidays></AllBankHolidays></DaysOfNonOperation></BankHolidayOperation></OperatingProfile><RegisteredOperatorRef>OId_ML</RegisteredOperatorRef><StopRequirements><NoNewStopsRequired/></StopRequirements><StandardService><Origin>Dollis Park</Origin><Destination>Dame Alice Owen's School</Destination><JourneyPattern id="JP_54626g_H0_1"><Direction>outbound</Direction><Operational><VehicleType><VehicleTypeCode>08</VehicleTypeCode><Description>Double Decker Low Floor+Wheelchair</Description></VehicleType></Operational><RouteRef>R_54626g_H_1</RouteRef><JourneyPatternSectionRefs>JPS_54626g_H_1</JourneyPatternSectionRefs></JourneyPattern><JourneyPattern id="JP_54626g_R0_2"><Direction>inbound</Direction><Operational><VehicleType><VehicleTypeCode>08</VehicleTypeCode><Description>Double Decker Low Floor+Wheelchair</Description></VehicleType></Operational><RouteRef>R_54626g_R_2</RouteRef><JourneyPatternSectionRefs>JPS_54626g_R_2</JourneyPatternSectionRefs></JourneyPattern><JourneyPattern id="JP_54626g_R0_3"><Direction>inbound</Direction><Operational><VehicleType><VehicleTypeCode>08</VehicleTypeCode><Description>Double Decker Low Floor+Wheelchair</Description></VehicleType></Operational><RouteRef>R_54626g_R_3</RouteRef><JourneyPatternSectionRefs>JPS_54626g_R_3</JourneyPatternSectionRefs></JourneyPattern></StandardService></Service></Services><VehicleJourneys><VehicleJourney><PrivateCode>54626gg0H6260001</PrivateCode><Operational><VehicleType><VehicleTypeCode>08</VehicleTypeCode><Description>Double Decker Low Floor+Wheelchair</Description></VehicleType></Operational><OperatingProfile><RegularDayType>
					<DaysOfWeek>
						<MondayToFriday/>
					</DaysOfWeek>
				</RegularDayType>
			</OperatingProfile><VehicleJourneyCode>54626gg0H6260001</VehicleJourneyCode><ServiceRef>SId_54626g0</ServiceRef><LineRef>LId_54626g0</LineRef><JourneyPatternRef>JP_54626g_H0_1</JourneyPatternRef><DepartureTime>07:41:00</DepartureTime></VehicleJourney><VehicleJourney><PrivateCode>54626gg0H6260003</PrivateCode><Operational><VehicleType><VehicleTypeCode>08</VehicleTypeCode><Description>Double Decker Low Floor+Wheelchair</Description></VehicleType></Operational><OperatingProfile><RegularDayType>
					<DaysOfWeek>
						<MondayToFriday/>
					</DaysOfWeek>
				</RegularDayType>
			</OperatingProfile><VehicleJourneyCode>54626gg0H6260003</VehicleJourneyCode><ServiceRef>SId_54626g0</ServiceRef><LineRef>LId_54626g0</LineRef><JourneyPatternRef>JP_54626g_H0_1</JourneyPatternRef><DepartureTime>07:42:00</DepartureTime></VehicleJourney><VehicleJourney><PrivateCode>54626gg0H6260005</PrivateCode><Operational><VehicleType><VehicleTypeCode>08</VehicleTypeCode><Description>Double Decker Low Floor+Wheelchair</Description></VehicleType></Operational><OperatingProfile><RegularDayType>
					<DaysOfWeek>
						<MondayToFriday/>
					</DaysOfWeek>
				</RegularDayType>
			</OperatingProfile><VehicleJourneyCode>54626gg0H6260005</VehicleJourneyCode><ServiceRef>SId_54626g0</ServiceRef><LineRef>LId_54626g0</LineRef><JourneyPatternRef>JP_54626g_H0_1</JourneyPatternRef><DepartureTime>07:43:00</DepartureTime></VehicleJourney><VehicleJourney><PrivateCode>54626gg0H6260007</PrivateCode><Operational><VehicleType><VehicleTypeCode>08</VehicleTypeCode><Description>Double Decker Low Floor+Wheelchair</Description></VehicleType></Operational><OperatingProfile><RegularDayType>
					<DaysOfWeek>
						<MondayToFriday/>
					</DaysOfWeek>
				</RegularDayType>
			</OperatingProfile><VehicleJourneyCode>54626gg0H6260007</VehicleJourneyCode><ServiceRef>SId_54626g0</ServiceRef><LineRef>LId_54626g0</LineRef><JourneyPatternRef>JP_54626g_H0_1</JourneyPatternRef><DepartureTime>07:44:00</DepartureTime></VehicleJourney><VehicleJourney><PrivateCode>54626gg0R6260002</PrivateCode><Operational><VehicleType><VehicleTypeCode>08</VehicleTypeCode><Description>Double Decker Low Floor+Wheelchair</Description></VehicleType></Operational><OperatingProfile><RegularDayType>
					<DaysOfWeek>
						<MondayToFriday/>
					</DaysOfWeek>
				</RegularDayType>
			</OperatingProfile><VehicleJourneyCode>54626gg0R6260002</VehicleJourneyCode><ServiceRef>SId_54626g0</ServiceRef><LineRef>LId_54626g0</LineRef><JourneyPatternRef>JP_54626g_R0_2</JourneyPatternRef><DepartureTime>15:55:00</DepartureTime></VehicleJourney><VehicleJourney><PrivateCode>54626gg0R6260004</PrivateCode><Operational><VehicleType><VehicleTypeCode>08</VehicleTypeCode><Description>Double Decker Low Floor+Wheelchair</Description></VehicleType></Operational><OperatingProfile><RegularDayType>
					<DaysOfWeek>
						<MondayToFriday/>
					</DaysOfWeek>
				</RegularDayType>
			</OperatingProfile><VehicleJourneyCode>54626gg0R6260004</VehicleJourneyCode><ServiceRef>SId_54626g0</ServiceRef><LineRef>LId_54626g0</LineRef><JourneyPatternRef>JP_54626g_R0_3</JourneyPatternRef><DepartureTime>15:56:00</DepartureTime></VehicleJourney><VehicleJourney><PrivateCode>54626gg0R6260006</PrivateCode><Operational><VehicleType><VehicleTypeCode>08</VehicleTypeCode><Description>Double Decker Low Floor+Wheelchair</Description></VehicleType></Operational><OperatingProfile><RegularDayType>
					<DaysOfWeek>
						<MondayToFriday/>
					</DaysOfWeek>
				</RegularDayType>
			</OperatingProfile><VehicleJourneyCode>54626gg0R6260006</VehicleJourneyCode><ServiceRef>SId_54626g0</ServiceRef><LineRef>LId_54626g0</LineRef><JourneyPatternRef>JP_54626g_R0_3</JourneyPatternRef><DepartureTime>15:57:00</DepartureTime></VehicleJourney><VehicleJourney><PrivateCode>54626gg0R6260008</PrivateCode><Operational><VehicleType><VehicleTypeCode>08</VehicleTypeCode><Description>Double Decker Low Floor+Wheelchair</Description></VehicleType></Operational><OperatingProfile><RegularDayType>
					<DaysOfWeek>
						<MondayToFriday/>
					</DaysOfWeek>
				</RegularDayType>
			</OperatingProfile><VehicleJourneyCode>54626gg0R6260008</VehicleJourneyCode><ServiceRef>SId_54626g0</ServiceRef><LineRef>LId_54626g0</LineRef><JourneyPatternRef>JP_54626g_R0_3</JourneyPatternRef><DepartureTime>15:58:00</DepartureTime></VehicleJourney></VehicleJourneys></TransXChange>
