<?xml version="1.0" encoding="UTF-8"?>
<TransXChange CreationDateTime="2010-10-28T09:25:53" ModificationDateTime="2010-10-28T09:25:53" Modification="new" FileName="G:\mentzdv\Datastore\output_txc_60647g.xml" RevisionNumber="0" SchemaVersion="2.1" xmlns:xsi="http://www.w3.org/2001/XMLSchema-instance" xsi:schemaLocation="http://www.transxchange.org.uk/ http://www.transxchange.org.uk/schema/2.1/TransXChange_general.xsd" xmlns="http://www.transxchange.org.uk/" xmlns:n1="http://www.transxchange.org.uk/" xmlns:n2="http://www.govtalk.gov.uk/people/AddressAndPersonalDetails" xmlns:n3="http://www.govtalk.gov.uk/core" xmlns:n4="http://www.govtalk.gov.uk/people/bs7666"><StopPoints><AnnotatedStopPointRef><StopPointRef>490001243ZA</StopPointRef><CommonName>Romford</CommonName><Indicator>stop Z</Indicator><LocalityName>Romford</LocalityName><LocalityQualifier>Greater London</LocalityQualifier></AnnotatedStopPointRef><AnnotatedStopPointRef><StopPointRef>490009810N</StopPointRef><CommonName>Mercury Gardens (RM1)</CommonName><Indicator>stop N</Indicator><LocalityName>Romford</LocalityName><LocalityQualifier>Greater London</LocalityQualifier></AnnotatedStopPointRef><AnnotatedStopPointRef><StopPointRef>490011660NA</StopPointRef><CommonName>Romford Police Station</CommonName><Indicator>stop MB</Indicator><LocalityName>Romford</LocalityName><LocalityQualifier>Greater London</LocalityQualifier></AnnotatedStopPointRef><AnnotatedStopPointRef><StopPointRef>490010974E</StopPointRef><CommonName>Pettits Lane / Main Road</CommonName><Indicator>stop E</Indicator><LocalityName>Romford</LocalityName><LocalityQualifier>Greater London</LocalityQualifier></AnnotatedStopPointRef><AnnotatedStopPointRef><StopPointRef>490011426E</StopPointRef><CommonName>Raphael Park</CommonName><Indicator>stop E</Indicator><LocalityName>Romford</LocalityName><LocalityQualifier>Greater London</LocalityQualifier></AnnotatedStopPointRef><AnnotatedStopPointRef><StopPointRef>490011529E</StopPointRef><CommonName>Repton Avenue</CommonName><Indicator>stop PU</Indicator><LocalityName>Gidea Park</LocalityName><LocalityQualifier>Greater London</LocalityQualifier></AnnotatedStopPointRef><AnnotatedStopPointRef><StopPointRef>490003558E</StopPointRef><CommonName>Links Avenue (RM2)</CommonName><Indicator>stop PV</Indicator><LocalityName>Gidea Park</LocalityName><LocalityQualifier>Greater London</LocalityQualifier></AnnotatedStopPointRef><AnnotatedStopPointRef><StopPointRef>490004837E</StopPointRef><CommonName>Castellan Avenue (RM2)</CommonName><Indicator>stop PW</Indicator><LocalityName>Gidea Park</LocalityName><LocalityQualifier>Greater London</LocalityQualifier></AnnotatedStopPointRef><AnnotatedStopPointRef><StopPointRef>490013930E</StopPointRef><CommonName>Upper Brentwood Rd/Gallows Cnr</CommonName><Indicator>stop GN</Indicator><LocalityName>Gidea Park</LocalityName><LocalityQualifier>Greater London</LocalityQualifier></AnnotatedStopPointRef><AnnotatedStopPointRef><StopPointRef>490007095N1</StopPointRef><CommonName>Gallows Corner (RM2)</CommonName><Indicator>stop GL</Indicator><LocalityName>Gidea Park</LocalityName><LocalityQualifier>Greater London</LocalityQualifier></AnnotatedStopPointRef><AnnotatedStopPointRef><StopPointRef>490006738N</StopPointRef><CommonName>Faringdon Avenue (RM3)</CommonName><Indicator>stop GK</Indicator><LocalityName>Gidea Park</LocalityName><LocalityQualifier>Greater London</LocalityQualifier></AnnotatedStopPointRef><AnnotatedStopPointRef><StopPointRef>490008036N</StopPointRef><CommonName>Heaton Avenue (RM3)</CommonName><Indicator>stop N</Indicator><LocalityName>Gidea Park</LocalityName><LocalityQualifier>Greater London</LocalityQualifier></AnnotatedStopPointRef><AnnotatedStopPointRef><StopPointRef>490010143N</StopPointRef><CommonName>Myrtle Road</CommonName><Indicator>stop N</Indicator><LocalityName>Harold Hill</LocalityName><LocalityQualifier>Greater London</LocalityQualifier></AnnotatedStopPointRef><AnnotatedStopPointRef><StopPointRef>490007354N</StopPointRef><CommonName>Grange Road (RM3)</CommonName><Indicator>stop N</Indicator><LocalityName>Harold Hill</LocalityName><LocalityQualifier>Greater London</LocalityQualifier></AnnotatedStopPointRef><AnnotatedStopPointRef><StopPointRef>490012895E</StopPointRef><CommonName>Charlbury Crescent (RM3)</CommonName><Indicator>stop E</Indicator><LocalityName>Harold Hill</LocalityName><LocalityQualifier>Greater London</LocalityQualifier></AnnotatedStopPointRef><AnnotatedStopPointRef><StopPointRef>490004992E</StopPointRef><CommonName>Chatteris Avenue /Hilldene Ave</CommonName><Indicator>stop E</Indicator><LocalityName>Harold Hill</LocalityName><LocalityQualifier>Greater London</LocalityQualifier></AnnotatedStopPointRef><AnnotatedStopPointRef><StopPointRef>490006762E</StopPointRef><CommonName>Hilldene Avenue Shopping Centr</CommonName><Indicator>stop E</Indicator><LocalityName>Harold Hill</LocalityName><LocalityQualifier>Greater London</LocalityQualifier></AnnotatedStopPointRef><AnnotatedStopPointRef><StopPointRef>490005187E</StopPointRef><CommonName>Chippenham Road (RM3)</CommonName><Indicator>stop HJ</Indicator><LocalityName>Harold Hill</LocalityName><LocalityQualifier>Greater London</LocalityQualifier></AnnotatedStopPointRef><AnnotatedStopPointRef><StopPointRef>490006122N</StopPointRef><CommonName>Dorking Road (RM3)</CommonName><Indicator>stop NK</Indicator><LocalityName>Harold Hill</LocalityName><LocalityQualifier>Greater London</LocalityQualifier></AnnotatedStopPointRef><AnnotatedStopPointRef><StopPointRef>490006127N</StopPointRef><CommonName>Dorking Walk (RM3)</CommonName><Indicator>stop N</Indicator><LocalityName>Harold Hill</LocalityName><LocalityQualifier>Greater London</LocalityQualifier></AnnotatedStopPointRef><AnnotatedStopPointRef><StopPointRef>490013810E</StopPointRef><CommonName>North Hill Drive/Whitchurch Rd</CommonName><Indicator>stop E</Indicator><LocalityName>Noak Hill</LocalityName><LocalityQualifier>Greater London</LocalityQualifier></AnnotatedStopPointRef><AnnotatedStopPointRef><StopPointRef>490013182E</StopPointRef><CommonName>Tees Drive</CommonName><Indicator>stop E</Indicator><LocalityName>Noak Hill</LocalityName><LocalityQualifier>Greater London</LocalityQualifier></AnnotatedStopPointRef><AnnotatedStopPointRef><StopPointRef>490014677S</StopPointRef><CommonName>Wigton Way</CommonName><Indicator>stop S</Indicator><LocalityName>Harold Hill</LocalityName><LocalityQualifier>Greater London</LocalityQualifier></AnnotatedStopPointRef><AnnotatedStopPointRef><StopPointRef>490007799E</StopPointRef><CommonName>Harkness Close (RM3)</CommonName><Indicator>stop DC</Indicator><LocalityName>Harold Hill</LocalityName><LocalityQualifier>Greater London</LocalityQualifier></AnnotatedStopPointRef><AnnotatedStopPointRef><StopPointRef>490011971DD</StopPointRef><CommonName>Sedgefield Crescent</CommonName><Indicator>stop DD</Indicator><LocalityName>Harold Hill</LocalityName><LocalityQualifier>Greater London</LocalityQualifier></AnnotatedStopPointRef><AnnotatedStopPointRef><StopPointRef>490011997E</StopPointRef><CommonName>Settle Road</CommonName><Indicator>stop DE</Indicator><LocalityName>Harold Hill</LocalityName><LocalityQualifier>Greater London</LocalityQualifier></AnnotatedStopPointRef><AnnotatedStopPointRef><StopPointRef>490011997W</StopPointRef><CommonName>Settle Road</CommonName><Indicator>stop DL</Indicator><LocalityName>Harold Hill</LocalityName><LocalityQualifier>Greater London</LocalityQualifier></AnnotatedStopPointRef><AnnotatedStopPointRef><StopPointRef>490011971W</StopPointRef><CommonName>Sedgefield Crescent</CommonName><Indicator>stop DT</Indicator><LocalityName>Harold Hill</LocalityName><LocalityQualifier>Greater London</LocalityQualifier></AnnotatedStopPointRef><AnnotatedStopPointRef><StopPointRef>490009178N</StopPointRef><CommonName>Lindfield Road (RM3)</CommonName><Indicator>stop WB</Indicator><LocalityName>Harold Hill</LocalityName><LocalityQualifier>Greater London</LocalityQualifier></AnnotatedStopPointRef><AnnotatedStopPointRef><StopPointRef>490014677W</StopPointRef><CommonName>Wigton Way</CommonName><Indicator>stop W</Indicator><LocalityName>Harold Hill</LocalityName><LocalityQualifier>Greater London</LocalityQualifier></AnnotatedStopPointRef><AnnotatedStopPointRef><StopPointRef>490013182W</StopPointRef><CommonName>Tees Drive</CommonName><Indicator>stop W</Indicator><LocalityName>Noak Hill</LocalityName><LocalityQualifier>Greater London</LocalityQualifier></AnnotatedStopPointRef><AnnotatedStopPointRef><StopPointRef>490013810W</StopPointRef><CommonName>North Hill Drive/Whitchurch Rd</CommonName><Indicator>stop W</Indicator><LocalityName>Noak Hill</LocalityName><LocalityQualifier>Greater London</LocalityQualifier></AnnotatedStopPointRef><AnnotatedStopPointRef><StopPointRef>490006127S</StopPointRef><CommonName>Dorking Walk (RM3)</CommonName><Indicator>stop S</Indicator><LocalityName>Harold Hill</LocalityName><LocalityQualifier>Greater London</LocalityQualifier></AnnotatedStopPointRef><AnnotatedStopPointRef><StopPointRef>490006122S</StopPointRef><CommonName>Dorking Road (RM3)</CommonName><Indicator>stop NL</Indicator><LocalityName>Harold Hill</LocalityName><LocalityQualifier>Greater London</LocalityQualifier></AnnotatedStopPointRef><AnnotatedStopPointRef><StopPointRef>490005187W</StopPointRef><CommonName>Chippenham Road (RM3)</CommonName><Indicator>stop HH</Indicator><LocalityName>Harold Hill</LocalityName><LocalityQualifier>Greater London</LocalityQualifier></AnnotatedStopPointRef><AnnotatedStopPointRef><StopPointRef>490006762W</StopPointRef><CommonName>Hilldene Avenue Shopping Centr</CommonName><Indicator>stop W</Indicator><LocalityName>Harold Hill</LocalityName><LocalityQualifier>Greater London</LocalityQualifier></AnnotatedStopPointRef><AnnotatedStopPointRef><StopPointRef>490004992W</StopPointRef><CommonName>Chatteris Avenue /Hilldene Ave</CommonName><Indicator>stop W</Indicator><LocalityName>Harold Hill</LocalityName><LocalityQualifier>Greater London</LocalityQualifier></AnnotatedStopPointRef><AnnotatedStopPointRef><StopPointRef>490012895W</StopPointRef><CommonName>Charlbury Crescent (RM3)</CommonName><Indicator>stop W</Indicator><LocalityName>Harold Hill</LocalityName><LocalityQualifier>Greater London</LocalityQualifier></AnnotatedStopPointRef><AnnotatedStopPointRef><StopPointRef>490007354S</StopPointRef><CommonName>Grange Road (RM3)</CommonName><Indicator>stop S</Indicator><LocalityName>Harold Hill</LocalityName><LocalityQualifier>Greater London</LocalityQualifier></AnnotatedStopPointRef><AnnotatedStopPointRef><StopPointRef>490010143S</StopPointRef><CommonName>Myrtle Road</CommonName><Indicator>stop S</Indicator><LocalityName>Harold Hill</LocalityName><LocalityQualifier>Greater London</LocalityQualifier></AnnotatedStopPointRef><AnnotatedStopPointRef><StopPointRef>490008036S</StopPointRef><CommonName>Heaton Avenue (RM3)</CommonName><Indicator>stop S</Indicator><LocalityName>Gidea Park</LocalityName><LocalityQualifier>Greater London</LocalityQualifier></AnnotatedStopPointRef><AnnotatedStopPointRef><StopPointRef>490006738S</StopPointRef><CommonName>Faringdon Avenue (RM3)</CommonName><Indicator>stop GF</Indicator><LocalityName>Gidea Park</LocalityName><LocalityQualifier>Greater London</LocalityQualifier></AnnotatedStopPointRef><AnnotatedStopPointRef><StopPointRef>490007095S1</StopPointRef><CommonName>Gallows Corner (RM2)</CommonName><Indicator>stop GE</Indicator><LocalityName>Gidea Park</LocalityName><LocalityQualifier>Greater London</LocalityQualifier></AnnotatedStopPointRef><AnnotatedStopPointRef><StopPointRef>490013930S</StopPointRef><CommonName>Upper Brentwood Rd/Gallows Cnr</CommonName><Indicator>stop GQ</Indicator><LocalityName>Gidea Park</LocalityName><LocalityQualifier>Greater London</LocalityQualifier></AnnotatedStopPointRef><AnnotatedStopPointRef><StopPointRef>490004837W</StopPointRef><CommonName>Castellan Avenue (RM2)</CommonName><Indicator>stop PQ</Indicator><LocalityName>Gidea Park</LocalityName><LocalityQualifier>Greater London</LocalityQualifier></AnnotatedStopPointRef><AnnotatedStopPointRef><StopPointRef>490003558W</StopPointRef><CommonName>Balgores Lane (RM2)</CommonName><Indicator>stop PS</Indicator><LocalityName>Gidea Park</LocalityName><LocalityQualifier>Greater London</LocalityQualifier></AnnotatedStopPointRef><AnnotatedStopPointRef><StopPointRef>490011529W</StopPointRef><CommonName>Repton Avenue</CommonName><Indicator>stop PT</Indicator><LocalityName>Gidea Park</LocalityName><LocalityQualifier>Greater London</LocalityQualifier></AnnotatedStopPointRef><AnnotatedStopPointRef><StopPointRef>490011426W</StopPointRef><CommonName>Raphael Park</CommonName><Indicator>stop W</Indicator><LocalityName>Romford</LocalityName><LocalityQualifier>Greater London</LocalityQualifier></AnnotatedStopPointRef><AnnotatedStopPointRef><StopPointRef>490010974MA</StopPointRef><CommonName>Pettits Lane / Main Road</CommonName><Indicator>stop MA</Indicator><LocalityName>Romford</LocalityName><LocalityQualifier>Greater London</LocalityQualifier></AnnotatedStopPointRef><AnnotatedStopPointRef><StopPointRef>490009810M</StopPointRef><CommonName>Mercury Gardens (RM1)</CommonName><Indicator>stop M</Indicator><LocalityName>Romford</LocalityName><LocalityQualifier>Greater London</LocalityQualifier></AnnotatedStopPointRef><AnnotatedStopPointRef><StopPointRef>490014448S</StopPointRef><CommonName>Western Road (RM1)</CommonName><Indicator>stop QQ</Indicator><LocalityName>Romford</LocalityName><LocalityQualifier>Greater London</LocalityQualifier></AnnotatedStopPointRef><AnnotatedStopPointRef><StopPointRef>490001243W</StopPointRef><CommonName>Romford</CommonName><Indicator>stop W</Indicator><LocalityName>Romford</LocalityName><LocalityQualifier>Greater London</LocalityQualifier></AnnotatedStopPointRef></StopPoints><RouteSections><RouteSection id="RS_60647g_H_1"><RouteLink id="RL_RS_60647g_H_1_0"><From><StopPointRef>490001243ZA</StopPointRef></From><To><StopPointRef>490009810N</StopPointRef></To><Direction>outbound</Direction></RouteLink><RouteLink id="RL_RS_60647g_H_1_1"><From><StopPointRef>490009810N</StopPointRef></From><To><StopPointRef>490011660NA</StopPointRef></To><Direction>outbound</Direction></RouteLink><RouteLink id="RL_RS_60647g_H_1_2"><From><StopPointRef>490011660NA</StopPointRef></From><To><StopPointRef>490010974E</StopPointRef></To><Direction>outbound</Direction></RouteLink><RouteLink id="RL_RS_60647g_H_1_3"><From><StopPointRef>490010974E</StopPointRef></From><To><StopPointRef>490011426E</StopPointRef></To><Direction>outbound</Direction></RouteLink><RouteLink id="RL_RS_60647g_H_1_4"><From><StopPointRef>490011426E</StopPointRef></From><To><StopPointRef>490011529E</StopPointRef></To><Direction>outbound</Direction></RouteLink><RouteLink id="RL_RS_60647g_H_1_5"><From><StopPointRef>490011529E</StopPointRef></From><To><StopPointRef>490003558E</StopPointRef></To><Direction>outbound</Direction></RouteLink><RouteLink id="RL_RS_60647g_H_1_6"><From><StopPointRef>490003558E</StopPointRef></From><To><StopPointRef>490004837E</StopPointRef></To><Direction>outbound</Direction></RouteLink><RouteLink id="RL_RS_60647g_H_1_7"><From><StopPointRef>490004837E</StopPointRef></From><To><StopPointRef>490013930E</StopPointRef></To><Direction>outbound</Direction></RouteLink><RouteLink id="RL_RS_60647g_H_1_8"><From><StopPointRef>490013930E</StopPointRef></From><To><StopPointRef>490007095N1</StopPointRef></To><Direction>outbound</Direction></RouteLink><RouteLink id="RL_RS_60647g_H_1_9"><From><StopPointRef>490007095N1</StopPointRef></From><To><StopPointRef>490006738N</StopPointRef></To><Direction>outbound</Direction></RouteLink><RouteLink id="RL_RS_60647g_H_1_10"><From><StopPointRef>490006738N</StopPointRef></From><To><StopPointRef>490008036N</StopPointRef></To><Direction>outbound</Direction></RouteLink><RouteLink id="RL_RS_60647g_H_1_11"><From><StopPointRef>490008036N</StopPointRef></From><To><StopPointRef>490010143N</StopPointRef></To><Direction>outbound</Direction></RouteLink><RouteLink id="RL_RS_60647g_H_1_12"><From><StopPointRef>490010143N</StopPointRef></From><To><StopPointRef>490007354N</StopPointRef></To><Direction>outbound</Direction></RouteLink><RouteLink id="RL_RS_60647g_H_1_13"><From><StopPointRef>490007354N</StopPointRef></From><To><StopPointRef>490012895E</StopPointRef></To><Direction>outbound</Direction></RouteLink><RouteLink id="RL_RS_60647g_H_1_14"><From><StopPointRef>490012895E</StopPointRef></From><To><StopPointRef>490004992E</StopPointRef></To><Direction>outbound</Direction></RouteLink><RouteLink id="RL_RS_60647g_H_1_15"><From><StopPointRef>490004992E</StopPointRef></From><To><StopPointRef>490006762E</StopPointRef></To><Direction>outbound</Direction></RouteLink><RouteLink id="RL_RS_60647g_H_1_16"><From><StopPointRef>490006762E</StopPointRef></From><To><StopPointRef>490005187E</StopPointRef></To><Direction>outbound</Direction></RouteLink><RouteLink id="RL_RS_60647g_H_1_17"><From><StopPointRef>490005187E</StopPointRef></From><To><StopPointRef>490006122N</StopPointRef></To><Direction>outbound</Direction></RouteLink><RouteLink id="RL_RS_60647g_H_1_18"><From><StopPointRef>490006122N</StopPointRef></From><To><StopPointRef>490006127N</StopPointRef></To><Direction>outbound</Direction></RouteLink><RouteLink id="RL_RS_60647g_H_1_19"><From><StopPointRef>490006127N</StopPointRef></From><To><StopPointRef>490013810E</StopPointRef></To><Direction>outbound</Direction></RouteLink><RouteLink id="RL_RS_60647g_H_1_20"><From><StopPointRef>490013810E</StopPointRef></From><To><StopPointRef>490013182E</StopPointRef></To><Direction>outbound</Direction></RouteLink><RouteLink id="RL_RS_60647g_H_1_21"><From><StopPointRef>490013182E</StopPointRef></From><To><StopPointRef>490014677S</StopPointRef></To><Direction>outbound</Direction></RouteLink><RouteLink id="RL_RS_60647g_H_1_22"><From><StopPointRef>490014677S</StopPointRef></From><To><StopPointRef>490007799E</StopPointRef></To><Direction>outbound</Direction></RouteLink><RouteLink id="RL_RS_60647g_H_1_23"><From><StopPointRef>490007799E</StopPointRef></From><To><StopPointRef>490011971DD</StopPointRef></To><Direction>outbound</Direction></RouteLink><RouteLink id="RL_RS_60647g_H_1_24"><From><StopPointRef>490011971DD</StopPointRef></From><To><StopPointRef>490011997E</StopPointRef></To><Direction>outbound</Direction></RouteLink></RouteSection><RouteSection id="RS_60647g_R_2"><RouteLink id="RL_RS_60647g_R_2_0"><From><StopPointRef>490011997W</StopPointRef></From><To><StopPointRef>490011971W</StopPointRef></To><Direction>inbound</Direction></RouteLink><RouteLink id="RL_RS_60647g_R_2_1"><From><StopPointRef>490011971W</StopPointRef></From><To><StopPointRef>490009178N</StopPointRef></To><Direction>inbound</Direction></RouteLink><RouteLink id="RL_RS_60647g_R_2_2"><From><StopPointRef>490009178N</StopPointRef></From><To><StopPointRef>490014677W</StopPointRef></To><Direction>inbound</Direction></RouteLink><RouteLink id="RL_RS_60647g_R_2_3"><From><StopPointRef>490014677W</StopPointRef></From><To><StopPointRef>490013182W</StopPointRef></To><Direction>inbound</Direction></RouteLink><RouteLink id="RL_RS_60647g_R_2_4"><From><StopPointRef>490013182W</StopPointRef></From><To><StopPointRef>490013810W</StopPointRef></To><Direction>inbound</Direction></RouteLink><RouteLink id="RL_RS_60647g_R_2_5"><From><StopPointRef>490013810W</StopPointRef></From><To><StopPointRef>490006127S</StopPointRef></To><Direction>inbound</Direction></RouteLink><RouteLink id="RL_RS_60647g_R_2_6"><From><StopPointRef>490006127S</StopPointRef></From><To><StopPointRef>490006122S</StopPointRef></To><Direction>inbound</Direction></RouteLink><RouteLink id="RL_RS_60647g_R_2_7"><From><StopPointRef>490006122S</StopPointRef></From><To><StopPointRef>490005187W</StopPointRef></To><Direction>inbound</Direction></RouteLink><RouteLink id="RL_RS_60647g_R_2_8"><From><StopPointRef>490005187W</StopPointRef></From><To><StopPointRef>490006762W</StopPointRef></To><Direction>inbound</Direction></RouteLink><RouteLink id="RL_RS_60647g_R_2_9"><From><StopPointRef>490006762W</StopPointRef></From><To><StopPointRef>490004992W</StopPointRef></To><Direction>inbound</Direction></RouteLink><RouteLink id="RL_RS_60647g_R_2_10"><From><StopPointRef>490004992W</StopPointRef></From><To><StopPointRef>490012895W</StopPointRef></To><Direction>inbound</Direction></RouteLink><RouteLink id="RL_RS_60647g_R_2_11"><From><StopPointRef>490012895W</StopPointRef></From><To><StopPointRef>490007354S</StopPointRef></To><Direction>inbound</Direction></RouteLink><RouteLink id="RL_RS_60647g_R_2_12"><From><StopPointRef>490007354S</StopPointRef></From><To><StopPointRef>490010143S</StopPointRef></To><Direction>inbound</Direction></RouteLink><RouteLink id="RL_RS_60647g_R_2_13"><From><StopPointRef>490010143S</StopPointRef></From><To><StopPointRef>490008036S</StopPointRef></To><Direction>inbound</Direction></RouteLink><RouteLink id="RL_RS_60647g_R_2_14"><From><StopPointRef>490008036S</StopPointRef></From><To><StopPointRef>490006738S</StopPointRef></To><Direction>inbound</Direction></RouteLink><RouteLink id="RL_RS_60647g_R_2_15"><From><StopPointRef>490006738S</StopPointRef></From><To><StopPointRef>490007095S1</StopPointRef></To><Direction>inbound</Direction></RouteLink><RouteLink id="RL_RS_60647g_R_2_16"><From><StopPointRef>490007095S1</StopPointRef></From><To><StopPointRef>490013930S</StopPointRef></To><Direction>inbound</Direction></RouteLink><RouteLink id="RL_RS_60647g_R_2_17"><From><StopPointRef>490013930S</StopPointRef></From><To><StopPointRef>490004837W</StopPointRef></To><Direction>inbound</Direction></RouteLink><RouteLink id="RL_RS_60647g_R_2_18"><From><StopPointRef>490004837W</StopPointRef></From><To><StopPointRef>490003558W</StopPointRef></To><Direction>inbound</Direction></RouteLink><RouteLink id="RL_RS_60647g_R_2_19"><From><StopPointRef>490003558W</StopPointRef></From><To><StopPointRef>490011529W</StopPointRef></To><Direction>inbound</Direction></RouteLink><RouteLink id="RL_RS_60647g_R_2_20"><From><StopPointRef>490011529W</StopPointRef></From><To><StopPointRef>490011426W</StopPointRef></To><Direction>inbound</Direction></RouteLink><RouteLink id="RL_RS_60647g_R_2_21"><From><StopPointRef>490011426W</StopPointRef></From><To><StopPointRef>490010974MA</StopPointRef></To><Direction>inbound</Direction></RouteLink><RouteLink id="RL_RS_60647g_R_2_22"><From><StopPointRef>490010974MA</StopPointRef></From><To><StopPointRef>490009810M</StopPointRef></To><Direction>inbound</Direction></RouteLink><RouteLink id="RL_RS_60647g_R_2_23"><From><StopPointRef>490009810M</StopPointRef></From><To><StopPointRef>490014448S</StopPointRef></To><Direction>inbound</Direction></RouteLink><RouteLink id="RL_RS_60647g_R_2_24"><From><StopPointRef>490014448S</StopPointRef></From><To><StopPointRef>490001243W</StopPointRef></To><Distance>896</Distance><Direction>inbound</Direction></RouteLink></RouteSection></RouteSections><Routes><Route id="R_60647g_H_1"><PrivateCode>R_60647g_H_1</PrivateCode><Description>Romford - Settle Road</Description><RouteSectionRef>RS_60647g_H_1</RouteSectionRef></Route><Route id="R_60647g_R_2"><PrivateCode>R_60647g_R_2</PrivateCode><Description>Settle Road - Romford</Description><RouteSectionRef>RS_60647g_R_2</RouteSectionRef></Route></Routes><JourneyPatternSections><JourneyPatternSection id="JPS_60647g_H_1"><JourneyPatternTimingLink id="JPL_60647g_H_1_0"><From SequenceNumber="1"><StopPointRef>490001243ZA</StopPointRef><TimingStatus>PTP</TimingStatus></From><To SequenceNumber="2"><StopPointRef>490009810N</StopPointRef><TimingStatus>PTP</TimingStatus></To><RunTime>PT66S</RunTime></JourneyPatternTimingLink><JourneyPatternTimingLink id="JPL_60647g_H_1_1"><From SequenceNumber="2"><StopPointRef>490009810N</StopPointRef><TimingStatus>PTP</TimingStatus></From><To SequenceNumber="3"><StopPointRef>490011660NA</StopPointRef><TimingStatus>PTP</TimingStatus></To><RunTime>PT72S</RunTime></JourneyPatternTimingLink><JourneyPatternTimingLink id="JPL_60647g_H_1_2"><From SequenceNumber="3"><StopPointRef>490011660NA</StopPointRef><TimingStatus>PTP</TimingStatus></From><To SequenceNumber="4"><StopPointRef>490010974E</StopPointRef><TimingStatus>PTP</TimingStatus></To><RunTime>PT72S</RunTime></JourneyPatternTimingLink><JourneyPatternTimingLink id="JPL_60647g_H_1_3"><From SequenceNumber="4"><StopPointRef>490010974E</StopPointRef><TimingStatus>PTP</TimingStatus></From><To SequenceNumber="5"><StopPointRef>490011426E</StopPointRef><TimingStatus>PTP</TimingStatus></To><RunTime>PT66S</RunTime></JourneyPatternTimingLink><JourneyPatternTimingLink id="JPL_60647g_H_1_4"><From SequenceNumber="5"><StopPointRef>490011426E</StopPointRef><TimingStatus>PTP</TimingStatus></From><To SequenceNumber="6"><StopPointRef>490011529E</StopPointRef><TimingStatus>PTP</TimingStatus></To><RunTime>PT72S</RunTime></JourneyPatternTimingLink><JourneyPatternTimingLink id="JPL_60647g_H_1_5"><From SequenceNumber="6"><StopPointRef>490011529E</StopPointRef><TimingStatus>PTP</TimingStatus></From><To SequenceNumber="7"><StopPointRef>490003558E</StopPointRef><TimingStatus>PTP</TimingStatus></To><RunTime>PT72S</RunTime></JourneyPatternTimingLink><JourneyPatternTimingLink id="JPL_60647g_H_1_6"><From SequenceNumber="7"><StopPointRef>490003558E</StopPointRef><TimingStatus>PTP</TimingStatus></From><To SequenceNumber="8"><StopPointRef>490004837E</StopPointRef><TimingStatus>PTP</TimingStatus></To><RunTime>PT96S</RunTime></JourneyPatternTimingLink><JourneyPatternTimingLink id="JPL_60647g_H_1_7"><From SequenceNumber="8"><StopPointRef>490004837E</StopPointRef><TimingStatus>PTP</TimingStatus></From><To SequenceNumber="9"><StopPointRef>490013930E</StopPointRef><TimingStatus>PTP</TimingStatus></To><RunTime>PT102S</RunTime></JourneyPatternTimingLink><JourneyPatternTimingLink id="JPL_60647g_H_1_8"><From SequenceNumber="9"><StopPointRef>490013930E</StopPointRef><TimingStatus>PTP</TimingStatus></From><To SequenceNumber="10"><StopPointRef>490007095N1</StopPointRef><TimingStatus>PTP</TimingStatus></To><RunTime>PT102S</RunTime></JourneyPatternTimingLink><JourneyPatternTimingLink id="JPL_60647g_H_1_9"><From SequenceNumber="10"><StopPointRef>490007095N1</StopPointRef><TimingStatus>PTP</TimingStatus></From><To SequenceNumber="11"><StopPointRef>490006738N</StopPointRef><TimingStatus>PTP</TimingStatus></To><RunTime>PT36S</RunTime></JourneyPatternTimingLink><JourneyPatternTimingLink id="JPL_60647g_H_1_10"><From SequenceNumber="11"><StopPointRef>490006738N</StopPointRef><TimingStatus>PTP</TimingStatus></From><To SequenceNumber="12"><StopPointRef>490008036N</StopPointRef><TimingStatus>PTP</TimingStatus></To><RunTime>PT36S</RunTime></JourneyPatternTimingLink><JourneyPatternTimingLink id="JPL_60647g_H_1_11"><From SequenceNumber="12"><StopPointRef>490008036N</StopPointRef><TimingStatus>PTP</TimingStatus></From><To SequenceNumber="13"><StopPointRef>490010143N</StopPointRef><TimingStatus>PTP</TimingStatus></To><RunTime>PT36S</RunTime></JourneyPatternTimingLink><JourneyPatternTimingLink id="JPL_60647g_H_1_12"><From SequenceNumber="13"><StopPointRef>490010143N</StopPointRef><TimingStatus>PTP</TimingStatus></From><To SequenceNumber="14"><StopPointRef>490007354N</StopPointRef><TimingStatus>PTP</TimingStatus></To><RunTime>PT36S</RunTime></JourneyPatternTimingLink><JourneyPatternTimingLink id="JPL_60647g_H_1_13"><From SequenceNumber="14"><StopPointRef>490007354N</StopPointRef><TimingStatus>PTP</TimingStatus></From><To SequenceNumber="15"><StopPointRef>490012895E</StopPointRef><TimingStatus>PTP</TimingStatus></To><RunTime>PT36S</RunTime></JourneyPatternTimingLink><JourneyPatternTimingLink id="JPL_60647g_H_1_14"><From SequenceNumber="15"><StopPointRef>490012895E</StopPointRef><TimingStatus>PTP</TimingStatus></From><To SequenceNumber="16"><StopPointRef>490004992E</StopPointRef><TimingStatus>PTP</TimingStatus></To><RunTime>PT42S</RunTime></JourneyPatternTimingLink><JourneyPatternTimingLink id="JPL_60647g_H_1_15"><From SequenceNumber="16"><StopPointRef>490004992E</StopPointRef><TimingStatus>PTP</TimingStatus></From><To SequenceNumber="17"><StopPointRef>490006762E</StopPointRef><TimingStatus>PTP</TimingStatus></To><RunTime>PT36S</RunTime></JourneyPatternTimingLink><JourneyPatternTimingLink id="JPL_60647g_H_1_16"><From SequenceNumber="17"><StopPointRef>490006762E</StopPointRef><TimingStatus>PTP</TimingStatus></From><To SequenceNumber="18"><StopPointRef>490005187E</StopPointRef><TimingStatus>PTP</TimingStatus></To><RunTime>PT42S</RunTime></JourneyPatternTimingLink><JourneyPatternTimingLink id="JPL_60647g_H_1_17"><From SequenceNumber="18"><StopPointRef>490005187E</StopPointRef><TimingStatus>PTP</TimingStatus></From><To SequenceNumber="19"><StopPointRef>490006122N</StopPointRef><TimingStatus>PTP</TimingStatus></To><RunTime>PT36S</RunTime></JourneyPatternTimingLink><JourneyPatternTimingLink id="JPL_60647g_H_1_18"><From SequenceNumber="19"><StopPointRef>490006122N</StopPointRef><TimingStatus>PTP</TimingStatus></From><To SequenceNumber="20"><StopPointRef>490006127N</StopPointRef><TimingStatus>PTP</TimingStatus></To><RunTime>PT42S</RunTime></JourneyPatternTimingLink><JourneyPatternTimingLink id="JPL_60647g_H_1_19"><From SequenceNumber="20"><StopPointRef>490006127N</StopPointRef><TimingStatus>PTP</TimingStatus></From><To SequenceNumber="21"><StopPointRef>490013810E</StopPointRef><TimingStatus>PTP</TimingStatus></To><RunTime>PT42S</RunTime></JourneyPatternTimingLink><JourneyPatternTimingLink id="JPL_60647g_H_1_20"><From SequenceNumber="21"><StopPointRef>490013810E</StopPointRef><TimingStatus>PTP</TimingStatus></From><To SequenceNumber="22"><StopPointRef>490013182E</StopPointRef><TimingStatus>PTP</TimingStatus></To><RunTime>PT60S</RunTime></JourneyPatternTimingLink><JourneyPatternTimingLink id="JPL_60647g_H_1_21"><From SequenceNumber="22"><StopPointRef>490013182E</StopPointRef><TimingStatus>PTP</TimingStatus></From><To SequenceNumber="23"><StopPointRef>490014677S</StopPointRef><TimingStatus>PTP</TimingStatus></To><RunTime>PT60S</RunTime></JourneyPatternTimingLink><JourneyPatternTimingLink id="JPL_60647g_H_1_22"><From SequenceNumber="23"><StopPointRef>490014677S</StopPointRef><TimingStatus>PTP</TimingStatus></From><To SequenceNumber="24"><StopPointRef>490007799E</StopPointRef><TimingStatus>PTP</TimingStatus></To><RunTime>PT60S</RunTime></JourneyPatternTimingLink><JourneyPatternTimingLink id="JPL_60647g_H_1_23"><From SequenceNumber="24"><StopPointRef>490007799E</StopPointRef><TimingStatus>PTP</TimingStatus></From><To SequenceNumber="25"><StopPointRef>490011971DD</StopPointRef><TimingStatus>PTP</TimingStatus></To><RunTime>PT60S</RunTime></JourneyPatternTimingLink><JourneyPatternTimingLink id="JPL_60647g_H_1_24"><From SequenceNumber="25"><StopPointRef>490011971DD</StopPointRef><TimingStatus>PTP</TimingStatus></From><To SequenceNumber="26"><StopPointRef>490011997E</StopPointRef><TimingStatus>PTP</TimingStatus></To><RunTime>PT60S</RunTime></JourneyPatternTimingLink></JourneyPatternSection><JourneyPatternSection id="JPS_60647g_R_1"><JourneyPatternTimingLink id="JPL_60647g_R_1_0"><From SequenceNumber="1"><StopPointRef>490011997W</StopPointRef><TimingStatus>PTP</TimingStatus></From><To SequenceNumber="2"><StopPointRef>490011971W</StopPointRef><TimingStatus>PTP</TimingStatus></To><RunTime>PT48S</RunTime></JourneyPatternTimingLink><JourneyPatternTimingLink id="JPL_60647g_R_1_1"><From SequenceNumber="2"><StopPointRef>490011971W</StopPointRef><TimingStatus>PTP</TimingStatus></From><To SequenceNumber="3"><StopPointRef>490009178N</StopPointRef><TimingStatus>PTP</TimingStatus></To><RunTime>PT48S</RunTime></JourneyPatternTimingLink><JourneyPatternTimingLink id="JPL_60647g_R_1_2"><From SequenceNumber="3"><StopPointRef>490009178N</StopPointRef><TimingStatus>PTP</TimingStatus></From><To SequenceNumber="4"><StopPointRef>490014677W</StopPointRef><TimingStatus>PTP</TimingStatus></To><RunTime>PT48S</RunTime></JourneyPatternTimingLink><JourneyPatternTimingLink id="JPL_60647g_R_1_3"><From SequenceNumber="4"><StopPointRef>490014677W</StopPointRef><TimingStatus>PTP</TimingStatus></From><To SequenceNumber="5"><StopPointRef>490013182W</StopPointRef><TimingStatus>PTP</TimingStatus></To><RunTime>PT48S</RunTime></JourneyPatternTimingLink><JourneyPatternTimingLink id="JPL_60647g_R_1_4"><From SequenceNumber="5"><StopPointRef>490013182W</StopPointRef><TimingStatus>PTP</TimingStatus></From><To SequenceNumber="6"><StopPointRef>490013810W</StopPointRef><TimingStatus>PTP</TimingStatus></To><RunTime>PT48S</RunTime></JourneyPatternTimingLink><JourneyPatternTimingLink id="JPL_60647g_R_1_5"><From SequenceNumber="6"><StopPointRef>490013810W</StopPointRef><TimingStatus>PTP</TimingStatus></From><To SequenceNumber="7"><StopPointRef>490006127S</StopPointRef><TimingStatus>PTP</TimingStatus></To><RunTime>PT36S</RunTime></JourneyPatternTimingLink><JourneyPatternTimingLink id="JPL_60647g_R_1_6"><From SequenceNumber="7"><StopPointRef>490006127S</StopPointRef><TimingStatus>PTP</TimingStatus></From><To SequenceNumber="8"><StopPointRef>490006122S</StopPointRef><TimingStatus>PTP</TimingStatus></To><RunTime>PT42S</RunTime></JourneyPatternTimingLink><JourneyPatternTimingLink id="JPL_60647g_R_1_7"><From SequenceNumber="8"><StopPointRef>490006122S</StopPointRef><TimingStatus>PTP</TimingStatus></From><To SequenceNumber="9"><StopPointRef>490005187W</StopPointRef><TimingStatus>PTP</TimingStatus></To><RunTime>PT42S</RunTime></JourneyPatternTimingLink><JourneyPatternTimingLink id="JPL_60647g_R_1_8"><From SequenceNumber="9"><StopPointRef>490005187W</StopPointRef><TimingStatus>PTP</TimingStatus></From><To SequenceNumber="10"><StopPointRef>490006762W</StopPointRef><TimingStatus>PTP</TimingStatus></To><RunTime>PT42S</RunTime></JourneyPatternTimingLink><JourneyPatternTimingLink id="JPL_60647g_R_1_9"><From SequenceNumber="10"><StopPointRef>490006762W</StopPointRef><TimingStatus>PTP</TimingStatus></From><To SequenceNumber="11"><StopPointRef>490004992W</StopPointRef><TimingStatus>PTP</TimingStatus></To><RunTime>PT48S</RunTime></JourneyPatternTimingLink><JourneyPatternTimingLink id="JPL_60647g_R_1_10"><From SequenceNumber="11"><StopPointRef>490004992W</StopPointRef><TimingStatus>PTP</TimingStatus></From><To SequenceNumber="12"><StopPointRef>490012895W</StopPointRef><TimingStatus>PTP</TimingStatus></To><RunTime>PT42S</RunTime></JourneyPatternTimingLink><JourneyPatternTimingLink id="JPL_60647g_R_1_11"><From SequenceNumber="12"><StopPointRef>490012895W</StopPointRef><TimingStatus>PTP</TimingStatus></From><To SequenceNumber="13"><StopPointRef>490007354S</StopPointRef><TimingStatus>PTP</TimingStatus></To><RunTime>PT48S</RunTime></JourneyPatternTimingLink><JourneyPatternTimingLink id="JPL_60647g_R_1_12"><From SequenceNumber="13"><StopPointRef>490007354S</StopPointRef><TimingStatus>PTP</TimingStatus></From><To SequenceNumber="14"><StopPointRef>490010143S</StopPointRef><TimingStatus>PTP</TimingStatus></To><RunTime>PT42S</RunTime></JourneyPatternTimingLink><JourneyPatternTimingLink id="JPL_60647g_R_1_13"><From SequenceNumber="14"><StopPointRef>490010143S</StopPointRef><TimingStatus>PTP</TimingStatus></From><To SequenceNumber="15"><StopPointRef>490008036S</StopPointRef><TimingStatus>PTP</TimingStatus></To><RunTime>PT48S</RunTime></JourneyPatternTimingLink><JourneyPatternTimingLink id="JPL_60647g_R_1_14"><From SequenceNumber="15"><StopPointRef>490008036S</StopPointRef><TimingStatus>PTP</TimingStatus></From><To SequenceNumber="16"><StopPointRef>490006738S</StopPointRef><TimingStatus>PTP</TimingStatus></To><RunTime>PT42S</RunTime></JourneyPatternTimingLink><JourneyPatternTimingLink id="JPL_60647g_R_1_15"><From SequenceNumber="16"><StopPointRef>490006738S</StopPointRef><TimingStatus>PTP</TimingStatus></From><To SequenceNumber="17"><StopPointRef>490007095S1</StopPointRef><TimingStatus>PTP</TimingStatus></To><RunTime>PT48S</RunTime></JourneyPatternTimingLink><JourneyPatternTimingLink id="JPL_60647g_R_1_16"><From SequenceNumber="17"><StopPointRef>490007095S1</StopPointRef><TimingStatus>PTP</TimingStatus></From><To SequenceNumber="18"><StopPointRef>490013930S</StopPointRef><TimingStatus>PTP</TimingStatus></To><RunTime>PT78S</RunTime></JourneyPatternTimingLink><JourneyPatternTimingLink id="JPL_60647g_R_1_17"><From SequenceNumber="18"><StopPointRef>490013930S</StopPointRef><TimingStatus>PTP</TimingStatus></From><To SequenceNumber="19"><StopPointRef>490004837W</StopPointRef><TimingStatus>PTP</TimingStatus></To><RunTime>PT78S</RunTime></JourneyPatternTimingLink><JourneyPatternTimingLink id="JPL_60647g_R_1_18"><From SequenceNumber="19"><StopPointRef>490004837W</StopPointRef><TimingStatus>PTP</TimingStatus></From><To SequenceNumber="20"><StopPointRef>490003558W</StopPointRef><TimingStatus>PTP</TimingStatus></To><RunTime>PT84S</RunTime></JourneyPatternTimingLink><JourneyPatternTimingLink id="JPL_60647g_R_1_19"><From SequenceNumber="20"><StopPointRef>490003558W</StopPointRef><TimingStatus>PTP</TimingStatus></From><To SequenceNumber="21"><StopPointRef>490011529W</StopPointRef><TimingStatus>PTP</TimingStatus></To><RunTime>PT66S</RunTime></JourneyPatternTimingLink><JourneyPatternTimingLink id="JPL_60647g_R_1_20"><From SequenceNumber="21"><StopPointRef>490011529W</StopPointRef><TimingStatus>PTP</TimingStatus></From><To SequenceNumber="22"><StopPointRef>490011426W</StopPointRef><TimingStatus>PTP</TimingStatus></To><RunTime>PT72S</RunTime></JourneyPatternTimingLink><JourneyPatternTimingLink id="JPL_60647g_R_1_21"><From SequenceNumber="22"><StopPointRef>490011426W</StopPointRef><TimingStatus>PTP</TimingStatus></From><To SequenceNumber="23"><StopPointRef>490010974MA</StopPointRef><TimingStatus>PTP</TimingStatus></To><RunTime>PT72S</RunTime></JourneyPatternTimingLink><JourneyPatternTimingLink id="JPL_60647g_R_1_22"><From SequenceNumber="23"><StopPointRef>490010974MA</StopPointRef><TimingStatus>PTP</TimingStatus></From><To SequenceNumber="24"><StopPointRef>490009810M</StopPointRef><TimingStatus>PTP</TimingStatus></To><RunTime>PT66S</RunTime></JourneyPatternTimingLink><JourneyPatternTimingLink id="JPL_60647g_R_1_23"><From SequenceNumber="24"><StopPointRef>490009810M</StopPointRef><TimingStatus>PTP</TimingStatus></From><To SequenceNumber="25"><StopPointRef>490014448S</StopPointRef><TimingStatus>PTP</TimingStatus></To><RunTime>PT72S</RunTime></JourneyPatternTimingLink><JourneyPatternTimingLink id="JPL_60647g_R_1_24"><From SequenceNumber="25"><StopPointRef>490014448S</StopPointRef><TimingStatus>PTP</TimingStatus></From><To SequenceNumber="26"><StopPointRef>490001243W</StopPointRef><TimingStatus>PTP</TimingStatus></To><RunTime>PT72S</RunTime></JourneyPatternTimingLink></JourneyPatternSection></JourneyPatternSections><Operators><Operator id="OId_60"><OperatorCode>EL</OperatorCode><OperatorShortName>East London</OperatorShortName><OperatorNameOnLicence>East London</OperatorNameOnLicence><TradingName>East London</TradingName></Operator></Operators><Services><Service><ServiceCode>SId_60647g0</ServiceCode><PrivateCode>60647g0</PrivateCode><Lines><Line id="LId_60647g0"><LineName>647</LineName></Line></Lines><OperatingPeriod><StartDate>2009-12-01</StartDate><EndDate>2010-12-23</EndDate></OperatingPeriod><OperatingProfile><RegularDayType>
					<DaysOfWeek>
						<MondayToFriday/>
					</DaysOfWeek>
				</RegularDayType>
				<BankHolidayOperation><DaysOfNonOperation><AllBankHolidays></AllBankHolidays></DaysOfNonOperation></BankHolidayOperation></OperatingProfile><RegisteredOperatorRef>OId_60</RegisteredOperatorRef><StopRequirements><NoNewStopsRequired/></StopRequirements><StandardService><Origin>Romford</Origin><Destination>Settle Road</Destination><JourneyPattern id="JP_60647g_H0_1"><Direction>outbound</Direction><Operational><VehicleType><VehicleTypeCode>04</VehicleTypeCode><Description>Double Decker, 1-Man</Description></VehicleType></Operational><RouteRef>R_60647g_H_1</RouteRef><JourneyPatternSectionRefs>JPS_60647g_H_1</JourneyPatternSectionRefs></JourneyPattern><JourneyPattern id="JP_60647g_R0_1"><Direction>inbound</Direction><Operational><VehicleType><VehicleTypeCode>04</VehicleTypeCode><Description>Double Decker, 1-Man</Description></VehicleType></Operational><RouteRef>R_60647g_R_2</RouteRef><JourneyPatternSectionRefs>JPS_60647g_R_1</JourneyPatternSectionRefs></JourneyPattern></StandardService></Service></Services><VehicleJourneys><VehicleJourney><PrivateCode>60647gg0H6470001</PrivateCode><Operational><VehicleType><VehicleTypeCode>04</VehicleTypeCode><Description>Double Decker, 1-Man</Description></VehicleType></Operational><OperatingProfile><RegularDayType>
					<DaysOfWeek>
						<MondayToFriday/>
					</DaysOfWeek>
				</RegularDayType>
			</OperatingProfile><VehicleJourneyCode>60647gg0H6470001</VehicleJourneyCode><ServiceRef>SId_60647g0</ServiceRef><LineRef>LId_60647g0</LineRef><JourneyPatternRef>JP_60647g_H0_1</JourneyPatternRef><DepartureTime>07:56:00</DepartureTime></VehicleJourney><VehicleJourney><PrivateCode>60647gg0R6470002</PrivateCode><Operational><VehicleType><VehicleTypeCode>04</VehicleTypeCode><Description>Double Decker, 1-Man</Description></VehicleType></Operational><OperatingProfile><RegularDayType>
					<DaysOfWeek>
						<MondayToFriday/>
					</DaysOfWeek>
				</RegularDayType>
			</OperatingProfile><VehicleJourneyCode>60647gg0R6470002</VehicleJourneyCode><ServiceRef>SId_60647g0</ServiceRef><LineRef>LId_60647g0</LineRef><JourneyPatternRef>JP_60647g_R0_1</JourneyPatternRef><DepartureTime>15:00:00</DepartureTime></VehicleJourney></VehicleJourneys></TransXChange>
