<?xml version="1.0" encoding="UTF-8"?>
<TransXChange CreationDateTime="2010-10-28T09:20:54" ModificationDateTime="2010-10-28T09:20:54" Modification="new" FileName="G:\mentzdv\Datastore\output_txc_59672b.xml" RevisionNumber="0" SchemaVersion="2.1" xmlns:xsi="http://www.w3.org/2001/XMLSchema-instance" xsi:schemaLocation="http://www.transxchange.org.uk/ http://www.transxchange.org.uk/schema/2.1/TransXChange_general.xsd" xmlns="http://www.transxchange.org.uk/" xmlns:n1="http://www.transxchange.org.uk/" xmlns:n2="http://www.govtalk.gov.uk/people/AddressAndPersonalDetails" xmlns:n3="http://www.govtalk.gov.uk/core" xmlns:n4="http://www.govtalk.gov.uk/people/bs7666"><StopPoints><AnnotatedStopPointRef><StopPointRef>490007923N</StopPointRef><CommonName>Hawksmoor School</CommonName><Indicator>stop SH</Indicator><LocalityName>Thamesmead</LocalityName><LocalityQualifier>Greater London</LocalityQualifier></AnnotatedStopPointRef><AnnotatedStopPointRef><StopPointRef>490007092F</StopPointRef><CommonName>Gallions Reach Health Centre</CommonName><Indicator>stop F</Indicator><LocalityName>Thamesmead Central</LocalityName><LocalityQualifier>Greater London</LocalityQualifier></AnnotatedStopPointRef><AnnotatedStopPointRef><StopPointRef>490014285S</StopPointRef><CommonName>Watersmeet Place</CommonName><Indicator>stop S</Indicator><LocalityName>Thamesmead Central</LocalityName><LocalityQualifier>Greater London</LocalityQualifier></AnnotatedStopPointRef><AnnotatedStopPointRef><StopPointRef>490007382S</StopPointRef><CommonName>Grasshaven Way (SE28)</CommonName><Indicator>stop S</Indicator><LocalityName>Thamesmead Central</LocalityName><LocalityQualifier>Greater London</LocalityQualifier></AnnotatedStopPointRef><AnnotatedStopPointRef><StopPointRef>490003857W</StopPointRef><CommonName>Belmarsh Prison (SE28)</CommonName><Indicator>stop W</Indicator><LocalityName>Thamesmead West</LocalityName><LocalityQualifier>Greater London</LocalityQualifier></AnnotatedStopPointRef><AnnotatedStopPointRef><StopPointRef>490001227L</StopPointRef><CommonName>Plumstead</CommonName><Indicator>stop B</Indicator><LocalityName>Plumstead</LocalityName><LocalityQualifier>Greater London</LocalityQualifier></AnnotatedStopPointRef><AnnotatedStopPointRef><StopPointRef>490001227E</StopPointRef><CommonName>Plumstead</CommonName><Indicator>stop WM</Indicator><LocalityName>Plumstead</LocalityName><LocalityQualifier>Greater London</LocalityQualifier></AnnotatedStopPointRef><AnnotatedStopPointRef><StopPointRef>490014924D</StopPointRef><CommonName>Greenwich Community College</CommonName><Indicator>stop WP</Indicator><LocalityName>Thamesmead West</LocalityName><LocalityQualifier>Greater London</LocalityQualifier></AnnotatedStopPointRef><AnnotatedStopPointRef><StopPointRef>490009723W</StopPointRef><CommonName>Maxey Road (SE18)</CommonName><Indicator>stop W</Indicator><LocalityName>Thamesmead West</LocalityName><LocalityQualifier>Greater London</LocalityQualifier></AnnotatedStopPointRef><AnnotatedStopPointRef><StopPointRef>490003917D</StopPointRef><CommonName>Beresford Sq /Woolwich Arsenal</CommonName><Indicator>stop U</Indicator><LocalityName>Woolwich</LocalityName><LocalityQualifier>Greater London</LocalityQualifier></AnnotatedStopPointRef></StopPoints><RouteSections><RouteSection id="RS_59672b_H_1"><RouteLink id="RL_RS_59672b_H_1_0"><From><StopPointRef>490007923N</StopPointRef></From><To><StopPointRef>490007092F</StopPointRef></To><Direction>outbound</Direction></RouteLink><RouteLink id="RL_RS_59672b_H_1_1"><From><StopPointRef>490007092F</StopPointRef></From><To><StopPointRef>490014285S</StopPointRef></To><Direction>outbound</Direction></RouteLink><RouteLink id="RL_RS_59672b_H_1_2"><From><StopPointRef>490014285S</StopPointRef></From><To><StopPointRef>490007382S</StopPointRef></To><Direction>outbound</Direction></RouteLink><RouteLink id="RL_RS_59672b_H_1_3"><From><StopPointRef>490007382S</StopPointRef></From><To><StopPointRef>490003857W</StopPointRef></To><Direction>outbound</Direction></RouteLink><RouteLink id="RL_RS_59672b_H_1_4"><From><StopPointRef>490003857W</StopPointRef></From><To><StopPointRef>490001227L</StopPointRef></To><Direction>outbound</Direction></RouteLink><RouteLink id="RL_RS_59672b_H_1_5"><From><StopPointRef>490001227L</StopPointRef></From><To><StopPointRef>490001227E</StopPointRef></To><Direction>outbound</Direction></RouteLink><RouteLink id="RL_RS_59672b_H_1_6"><From><StopPointRef>490001227E</StopPointRef></From><To><StopPointRef>490014924D</StopPointRef></To><Direction>outbound</Direction></RouteLink><RouteLink id="RL_RS_59672b_H_1_7"><From><StopPointRef>490014924D</StopPointRef></From><To><StopPointRef>490009723W</StopPointRef></To><Distance>228</Distance><Direction>outbound</Direction></RouteLink><RouteLink id="RL_RS_59672b_H_1_8"><From><StopPointRef>490009723W</StopPointRef></From><To><StopPointRef>490003917D</StopPointRef></To><Direction>outbound</Direction></RouteLink></RouteSection></RouteSections><Routes><Route id="R_59672b_H_1"><PrivateCode>R_59672b_H_1</PrivateCode><Description>Hawksmoor School - Beresford Sq /Woolwich Arsenal</Description><RouteSectionRef>RS_59672b_H_1</RouteSectionRef></Route></Routes><JourneyPatternSections><JourneyPatternSection id="JPS_59672b_H_1"><JourneyPatternTimingLink id="JPL_59672b_H_1_0"><From SequenceNumber="1"><StopPointRef>490007923N</StopPointRef><TimingStatus>PTP</TimingStatus></From><To SequenceNumber="2"><StopPointRef>490007092F</StopPointRef><TimingStatus>PTP</TimingStatus></To><RunTime>PT60S</RunTime></JourneyPatternTimingLink><JourneyPatternTimingLink id="JPL_59672b_H_1_1"><From SequenceNumber="2"><StopPointRef>490007092F</StopPointRef><TimingStatus>PTP</TimingStatus></From><To SequenceNumber="3"><StopPointRef>490014285S</StopPointRef><TimingStatus>PTP</TimingStatus></To><RunTime>PT60S</RunTime></JourneyPatternTimingLink><JourneyPatternTimingLink id="JPL_59672b_H_1_2"><From SequenceNumber="3"><StopPointRef>490014285S</StopPointRef><TimingStatus>PTP</TimingStatus></From><To SequenceNumber="4"><StopPointRef>490007382S</StopPointRef><TimingStatus>PTP</TimingStatus></To><RunTime>PT60S</RunTime></JourneyPatternTimingLink><JourneyPatternTimingLink id="JPL_59672b_H_1_3"><From SequenceNumber="4"><StopPointRef>490007382S</StopPointRef><TimingStatus>PTP</TimingStatus></From><To SequenceNumber="5"><StopPointRef>490003857W</StopPointRef><TimingStatus>PTP</TimingStatus></To><RunTime>PT60S</RunTime></JourneyPatternTimingLink><JourneyPatternTimingLink id="JPL_59672b_H_1_4"><From SequenceNumber="5"><StopPointRef>490003857W</StopPointRef><TimingStatus>PTP</TimingStatus></From><To SequenceNumber="6"><StopPointRef>490001227L</StopPointRef><TimingStatus>PTP</TimingStatus></To><RunTime>PT60S</RunTime></JourneyPatternTimingLink><JourneyPatternTimingLink id="JPL_59672b_H_1_5"><From SequenceNumber="6"><StopPointRef>490001227L</StopPointRef><TimingStatus>PTP</TimingStatus></From><To SequenceNumber="7"><StopPointRef>490001227E</StopPointRef><TimingStatus>PTP</TimingStatus></To><RunTime>PT60S</RunTime></JourneyPatternTimingLink><JourneyPatternTimingLink id="JPL_59672b_H_1_6"><From SequenceNumber="7"><StopPointRef>490001227E</StopPointRef><TimingStatus>PTP</TimingStatus></From><To SequenceNumber="8"><StopPointRef>490014924D</StopPointRef><TimingStatus>PTP</TimingStatus></To><RunTime>PT78S</RunTime></JourneyPatternTimingLink><JourneyPatternTimingLink id="JPL_59672b_H_1_7"><From SequenceNumber="8"><StopPointRef>490014924D</StopPointRef><TimingStatus>PTP</TimingStatus></From><To SequenceNumber="9"><StopPointRef>490009723W</StopPointRef><TimingStatus>PTP</TimingStatus></To><RunTime>PT78S</RunTime></JourneyPatternTimingLink><JourneyPatternTimingLink id="JPL_59672b_H_1_8"><From SequenceNumber="9"><StopPointRef>490009723W</StopPointRef><TimingStatus>PTP</TimingStatus></From><To SequenceNumber="10"><StopPointRef>490003917D</StopPointRef><TimingStatus>PTP</TimingStatus></To><RunTime>PT84S</RunTime></JourneyPatternTimingLink></JourneyPatternSection></JourneyPatternSections><Operators><Operator id="OId_SK"><OperatorCode>SK</OperatorCode><OperatorShortName>SK</OperatorShortName><OperatorNameOnLicence>SK</OperatorNameOnLicence><TradingName>SK</TradingName></Operator></Operators><Services><Service><ServiceCode>SId_59672b0</ServiceCode><PrivateCode>59672b0</PrivateCode><Lines><Line id="LId_59672b0"><LineName>672</LineName></Line></Lines><OperatingPeriod><StartDate>2009-12-01</StartDate><EndDate>2010-12-23</EndDate></OperatingPeriod><OperatingProfile><RegularDayType>
					<DaysOfWeek>
						<MondayToFriday/>
					</DaysOfWeek>
				</RegularDayType>
				<BankHolidayOperation><DaysOfNonOperation><AllBankHolidays></AllBankHolidays></DaysOfNonOperation></BankHolidayOperation></OperatingProfile><RegisteredOperatorRef>OId_SK</RegisteredOperatorRef><StopRequirements><NoNewStopsRequired/></StopRequirements><StandardService><Origin>Hawksmoor School</Origin><Destination>Beresford Sq /Woolwich Arsenal</Destination><JourneyPattern id="JP_59672b_H0_1"><Direction>outbound</Direction><Operational><VehicleType><VehicleTypeCode>08</VehicleTypeCode><Description>Double Decker Low Floor+Wheelchair</Description></VehicleType></Operational><RouteRef>R_59672b_H_1</RouteRef><JourneyPatternSectionRefs>JPS_59672b_H_1</JourneyPatternSectionRefs></JourneyPattern></StandardService></Service></Services><VehicleJourneys><VehicleJourney><PrivateCode>59672bb0H6720004</PrivateCode><Operational><VehicleType><VehicleTypeCode>08</VehicleTypeCode><Description>Double Decker Low Floor+Wheelchair</Description></VehicleType></Operational><OperatingProfile><RegularDayType>
					<DaysOfWeek>
						<MondayToFriday/>
					</DaysOfWeek>
				</RegularDayType>
			</OperatingProfile><VehicleJourneyCode>59672bb0H6720004</VehicleJourneyCode><ServiceRef>SId_59672b0</ServiceRef><LineRef>LId_59672b0</LineRef><JourneyPatternRef>JP_59672b_H0_1</JourneyPatternRef><DepartureTime>15:05:00</DepartureTime></VehicleJourney><VehicleJourney><PrivateCode>59672bb0H6720002</PrivateCode><Operational><VehicleType><VehicleTypeCode>08</VehicleTypeCode><Description>Double Decker Low Floor+Wheelchair</Description></VehicleType></Operational><OperatingProfile><RegularDayType>
					<DaysOfWeek>
						<MondayToFriday/>
					</DaysOfWeek>
				</RegularDayType>
			</OperatingProfile><VehicleJourneyCode>59672bb0H6720002</VehicleJourneyCode><ServiceRef>SId_59672b0</ServiceRef><LineRef>LId_59672b0</LineRef><JourneyPatternRef>JP_59672b_H0_1</JourneyPatternRef><DepartureTime>15:05:00</DepartureTime></VehicleJourney><VehicleJourney><PrivateCode>59672bb0H6720006</PrivateCode><Operational><VehicleType><VehicleTypeCode>08</VehicleTypeCode><Description>Double Decker Low Floor+Wheelchair</Description></VehicleType></Operational><OperatingProfile><RegularDayType>
					<DaysOfWeek>
						<MondayToFriday/>
					</DaysOfWeek>
				</RegularDayType>
			</OperatingProfile><VehicleJourneyCode>59672bb0H6720006</VehicleJourneyCode><ServiceRef>SId_59672b0</ServiceRef><LineRef>LId_59672b0</LineRef><JourneyPatternRef>JP_59672b_H0_1</JourneyPatternRef><DepartureTime>15:30:00</DepartureTime></VehicleJourney><VehicleJourney><PrivateCode>59672bb0H6720008</PrivateCode><Operational><VehicleType><VehicleTypeCode>08</VehicleTypeCode><Description>Double Decker Low Floor+Wheelchair</Description></VehicleType></Operational><OperatingProfile><RegularDayType>
					<DaysOfWeek>
						<MondayToFriday/>
					</DaysOfWeek>
				</RegularDayType>
			</OperatingProfile><VehicleJourneyCode>59672bb0H6720008</VehicleJourneyCode><ServiceRef>SId_59672b0</ServiceRef><LineRef>LId_59672b0</LineRef><JourneyPatternRef>JP_59672b_H0_1</JourneyPatternRef><DepartureTime>15:30:00</DepartureTime></VehicleJourney></VehicleJourneys></TransXChange>
