<?xml version="1.0" encoding="UTF-8"?>
<TransXChange CreationDateTime="2010-10-28T09:11:06" ModificationDateTime="2010-10-28T09:11:06" Modification="new" FileName="G:\mentzdv\Datastore\output_txc_49665e.xml" RevisionNumber="0" SchemaVersion="2.1" xmlns:xsi="http://www.w3.org/2001/XMLSchema-instance" xsi:schemaLocation="http://www.transxchange.org.uk/ http://www.transxchange.org.uk/schema/2.1/TransXChange_general.xsd" xmlns="http://www.transxchange.org.uk/" xmlns:n1="http://www.transxchange.org.uk/" xmlns:n2="http://www.govtalk.gov.uk/people/AddressAndPersonalDetails" xmlns:n3="http://www.govtalk.gov.uk/core" xmlns:n4="http://www.govtalk.gov.uk/people/bs7666"><StopPoints><AnnotatedStopPointRef><StopPointRef>490015165B</StopPointRef><CommonName>Surbiton Station/Claremont Rd</CommonName><Indicator>stop NK</Indicator><LocalityName>Surbiton</LocalityName><LocalityQualifier>Greater London</LocalityQualifier></AnnotatedStopPointRef><AnnotatedStopPointRef><StopPointRef>490012776E</StopPointRef><CommonName>St Marks Church/St Marks Hill</CommonName><Indicator>stop NL</Indicator><LocalityName>Surbiton</LocalityName><LocalityQualifier>Greater London</LocalityQualifier></AnnotatedStopPointRef><AnnotatedStopPointRef><StopPointRef>490013038S</StopPointRef><CommonName>Surbiton Telephone Exchange</CommonName><Indicator>stop SM</Indicator><LocalityName>Surbiton</LocalityName><LocalityQualifier>Greater London</LocalityQualifier></AnnotatedStopPointRef><AnnotatedStopPointRef><StopPointRef>490003932E</StopPointRef><CommonName>Berrylands Road (KT5)</CommonName><Indicator>stop SQ</Indicator><LocalityName>Surbiton</LocalityName><LocalityQualifier>Greater London</LocalityQualifier></AnnotatedStopPointRef><AnnotatedStopPointRef><StopPointRef>490010781N</StopPointRef><CommonName>Parklands</CommonName><Indicator>stop N</Indicator><LocalityName>Berrylands</LocalityName><LocalityQualifier>Greater London</LocalityQualifier></AnnotatedStopPointRef><AnnotatedStopPointRef><StopPointRef>490011509E</StopPointRef><CommonName>Regent Road (KT5)</CommonName><Indicator>stop E</Indicator><LocalityName>Berrylands</LocalityName><LocalityQualifier>Greater London</LocalityQualifier></AnnotatedStopPointRef><AnnotatedStopPointRef><StopPointRef>490013530E</StopPointRef><CommonName>The Ridings</CommonName><Indicator>stop E</Indicator><LocalityName>Berrylands</LocalityName><LocalityQualifier>Greater London</LocalityQualifier></AnnotatedStopPointRef><AnnotatedStopPointRef><StopPointRef>490013260B</StopPointRef><CommonName>The Berrylands</CommonName><Indicator>stop B</Indicator><LocalityName>Berrylands</LocalityName><LocalityQualifier>Greater London</LocalityQualifier></AnnotatedStopPointRef><AnnotatedStopPointRef><StopPointRef>490010893E</StopPointRef><CommonName>Pembroke Avenue</CommonName><Indicator>stop E</Indicator><LocalityName>Berrylands</LocalityName><LocalityQualifier>Greater London</LocalityQualifier></AnnotatedStopPointRef><AnnotatedStopPointRef><StopPointRef>490013545S</StopPointRef><CommonName>The Roystons</CommonName><Indicator>stop S</Indicator><LocalityName>Berrylands</LocalityName><LocalityQualifier>Greater London</LocalityQualifier></AnnotatedStopPointRef><AnnotatedStopPointRef><StopPointRef>490011006S</StopPointRef><CommonName>Pine Gardens</CommonName><Indicator>stop S</Indicator><LocalityName>Berrylands</LocalityName><LocalityQualifier>Greater London</LocalityQualifier></AnnotatedStopPointRef><AnnotatedStopPointRef><StopPointRef>490006436S</StopPointRef><CommonName>Edith Gardens (KT5)</CommonName><Indicator>stop S</Indicator><LocalityName>Berrylands</LocalityName><LocalityQualifier>Greater London</LocalityQualifier></AnnotatedStopPointRef><AnnotatedStopPointRef><StopPointRef>490012262S</StopPointRef><CommonName>Southcote Avenue (KUT)</CommonName><Indicator>stop S</Indicator><LocalityName>Tolworth</LocalityName><LocalityQualifier>Greater London</LocalityQualifier></AnnotatedStopPointRef><AnnotatedStopPointRef><StopPointRef>490003488S</StopPointRef><CommonName>Austyn Gardens</CommonName><Indicator>stop S</Indicator><LocalityName>Tolworth</LocalityName><LocalityQualifier>Greater London</LocalityQualifier></AnnotatedStopPointRef><AnnotatedStopPointRef><StopPointRef>490011205E</StopPointRef><CommonName>Princes Avenue / Ewell Road</CommonName><Indicator>stop J</Indicator><LocalityName>Tolworth</LocalityName><LocalityQualifier>Greater London</LocalityQualifier></AnnotatedStopPointRef><AnnotatedStopPointRef><StopPointRef>490013697F</StopPointRef><CommonName>Tolworth Broadway F G</CommonName><Indicator>stop F</Indicator><LocalityName>Tolworth</LocalityName><LocalityQualifier>Greater London</LocalityQualifier></AnnotatedStopPointRef><AnnotatedStopPointRef><StopPointRef>490013702D</StopPointRef><CommonName>Tolworth / Ewell Road</CommonName><Indicator>stop D</Indicator><LocalityName>Tolworth</LocalityName><LocalityQualifier>Greater London</LocalityQualifier></AnnotatedStopPointRef><AnnotatedStopPointRef><StopPointRef>490014236N</StopPointRef><CommonName>Warren Drive North</CommonName><Indicator>stop N</Indicator><LocalityName>Tolworth</LocalityName><LocalityQualifier>Greater London</LocalityQualifier></AnnotatedStopPointRef><AnnotatedStopPointRef><StopPointRef>490008155E</StopPointRef><CommonName>Highfield Road / Oakdene Drive</CommonName><Indicator>stop E</Indicator><LocalityName>Tolworth</LocalityName><LocalityQualifier>Greater London</LocalityQualifier></AnnotatedStopPointRef><AnnotatedStopPointRef><StopPointRef>490006493N</StopPointRef><CommonName>Elmbridge Avenue (KT5)</CommonName><Indicator>stop N</Indicator><LocalityName>Old Malden</LocalityName><LocalityQualifier>Greater London</LocalityQualifier></AnnotatedStopPointRef><AnnotatedStopPointRef><StopPointRef>490015370NGS</StopPointRef><CommonName>Manor Drv North Malden Way</CommonName><Indicator>stop MS</Indicator><LocalityName>Old Malden</LocalityName><LocalityQualifier>Greater London</LocalityQualifier></AnnotatedStopPointRef><AnnotatedStopPointRef><StopPointRef>490010680N</StopPointRef><CommonName>Oxford Crescent / South Lane</CommonName><Indicator>stop MT</Indicator><LocalityName>Old Malden</LocalityName><LocalityQualifier>Greater London</LocalityQualifier></AnnotatedStopPointRef><AnnotatedStopPointRef><StopPointRef>490009523NGS</StopPointRef><CommonName>Malden Road (KT3)</CommonName><Indicator>stop MU</Indicator><LocalityName>New Malden</LocalityName><LocalityQualifier>Greater London</LocalityQualifier></AnnotatedStopPointRef><AnnotatedStopPointRef><StopPointRef>490012723N</StopPointRef><CommonName>St James Ch /Kingston By-Pass</CommonName><Indicator>stop MN</Indicator><LocalityName>New Malden</LocalityName><LocalityQualifier>Greater London</LocalityQualifier></AnnotatedStopPointRef><AnnotatedStopPointRef><StopPointRef>490015206K</StopPointRef><CommonName>New Malden / The Fountain</CommonName><Indicator>stop K</Indicator><LocalityName>New Malden</LocalityName><LocalityQualifier>Greater London</LocalityQualifier></AnnotatedStopPointRef><AnnotatedStopPointRef><StopPointRef>490015206L</StopPointRef><CommonName>New Malden / The Fountain</CommonName><Indicator>stop L</Indicator><LocalityName>New Malden</LocalityName><LocalityQualifier>Greater London</LocalityQualifier></AnnotatedStopPointRef><AnnotatedStopPointRef><StopPointRef>490015638S</StopPointRef><CommonName>New Malden / Holy Cross School</CommonName><Indicator>stop S</Indicator><LocalityName>New Malden</LocalityName><LocalityQualifier>Greater London</LocalityQualifier></AnnotatedStopPointRef><AnnotatedStopPointRef><StopPointRef>490015206J</StopPointRef><CommonName>New Malden / The Fountain</CommonName><Indicator>stop J</Indicator><LocalityName>New Malden</LocalityName><LocalityQualifier>Greater London</LocalityQualifier></AnnotatedStopPointRef><AnnotatedStopPointRef><StopPointRef>490012723S</StopPointRef><CommonName>St James Ch /Kingston By-Pass</CommonName><Indicator>stop MA</Indicator><LocalityName>New Malden</LocalityName><LocalityQualifier>Greater London</LocalityQualifier></AnnotatedStopPointRef><AnnotatedStopPointRef><StopPointRef>490009523S</StopPointRef><CommonName>Malden Road (KT3)</CommonName><Indicator>stop MP</Indicator><LocalityName>New Malden</LocalityName><LocalityQualifier>Greater London</LocalityQualifier></AnnotatedStopPointRef><AnnotatedStopPointRef><StopPointRef>490012311S</StopPointRef><CommonName>South Lane (KT6)</CommonName><Indicator>stop MQ</Indicator><LocalityName>Old Malden</LocalityName><LocalityQualifier>Greater London</LocalityQualifier></AnnotatedStopPointRef><AnnotatedStopPointRef><StopPointRef>490015370S</StopPointRef><CommonName>Manor Drv North Malden Way</CommonName><Indicator>stop MR</Indicator><LocalityName>Old Malden</LocalityName><LocalityQualifier>Greater London</LocalityQualifier></AnnotatedStopPointRef><AnnotatedStopPointRef><StopPointRef>490012360S</StopPointRef><CommonName>Southwood Drive Collingwood Av</CommonName><Indicator>stop S</Indicator><LocalityName>Old Malden</LocalityName><LocalityQualifier>Greater London</LocalityQualifier></AnnotatedStopPointRef><AnnotatedStopPointRef><StopPointRef>490008155S</StopPointRef><CommonName>Oakdene Drive (KT5)</CommonName><Indicator>stop S</Indicator><LocalityName>Tolworth</LocalityName><LocalityQualifier>Greater London</LocalityQualifier></AnnotatedStopPointRef><AnnotatedStopPointRef><StopPointRef>490013701C</StopPointRef><CommonName>Tolworth Roundabout</CommonName><Indicator>stop C</Indicator><LocalityName>Tolworth</LocalityName><LocalityQualifier>Greater London</LocalityQualifier></AnnotatedStopPointRef><AnnotatedStopPointRef><StopPointRef>490013697G</StopPointRef><CommonName>Tolworth Broadway F G</CommonName><Indicator>stop G</Indicator><LocalityName>Tolworth</LocalityName><LocalityQualifier>Greater London</LocalityQualifier></AnnotatedStopPointRef><AnnotatedStopPointRef><StopPointRef>490011205L</StopPointRef><CommonName>Princes Avenue / Ewell Road</CommonName><Indicator>stop L</Indicator><LocalityName>Tolworth</LocalityName><LocalityQualifier>Greater London</LocalityQualifier></AnnotatedStopPointRef><AnnotatedStopPointRef><StopPointRef>490003488N</StopPointRef><CommonName>Austyn Gardens</CommonName><Indicator>stop N</Indicator><LocalityName>Tolworth</LocalityName><LocalityQualifier>Greater London</LocalityQualifier></AnnotatedStopPointRef><AnnotatedStopPointRef><StopPointRef>490012262N</StopPointRef><CommonName>Southcote Avenue (KUT)</CommonName><Indicator>stop N</Indicator><LocalityName>Tolworth</LocalityName><LocalityQualifier>Greater London</LocalityQualifier></AnnotatedStopPointRef><AnnotatedStopPointRef><StopPointRef>490006436N</StopPointRef><CommonName>Edith Gardens (KT5)</CommonName><Indicator>stop N</Indicator><LocalityName>Berrylands</LocalityName><LocalityQualifier>Greater London</LocalityQualifier></AnnotatedStopPointRef><AnnotatedStopPointRef><StopPointRef>490011006N</StopPointRef><CommonName>Pine Gardens</CommonName><Indicator>stop N</Indicator><LocalityName>Berrylands</LocalityName><LocalityQualifier>Greater London</LocalityQualifier></AnnotatedStopPointRef><AnnotatedStopPointRef><StopPointRef>490013545N</StopPointRef><CommonName>The Roystons</CommonName><Indicator>stop N</Indicator><LocalityName>Berrylands</LocalityName><LocalityQualifier>Greater London</LocalityQualifier></AnnotatedStopPointRef><AnnotatedStopPointRef><StopPointRef>490010893W</StopPointRef><CommonName>Pembroke Avenue</CommonName><Indicator>stop W</Indicator><LocalityName>Berrylands</LocalityName><LocalityQualifier>Greater London</LocalityQualifier></AnnotatedStopPointRef><AnnotatedStopPointRef><StopPointRef>490013260A</StopPointRef><CommonName>The Berrylands</CommonName><Indicator>stop A</Indicator><LocalityName>Berrylands</LocalityName><LocalityQualifier>Greater London</LocalityQualifier></AnnotatedStopPointRef><AnnotatedStopPointRef><StopPointRef>490013530W</StopPointRef><CommonName>The Ridings</CommonName><Indicator>stop W</Indicator><LocalityName>Berrylands</LocalityName><LocalityQualifier>Greater London</LocalityQualifier></AnnotatedStopPointRef><AnnotatedStopPointRef><StopPointRef>490011509W</StopPointRef><CommonName>Regent Road (KT5)</CommonName><Indicator>stop W</Indicator><LocalityName>Berrylands</LocalityName><LocalityQualifier>Greater London</LocalityQualifier></AnnotatedStopPointRef><AnnotatedStopPointRef><StopPointRef>490010781S</StopPointRef><CommonName>Parklands</CommonName><Indicator>stop S</Indicator><LocalityName>Berrylands</LocalityName><LocalityQualifier>Greater London</LocalityQualifier></AnnotatedStopPointRef><AnnotatedStopPointRef><StopPointRef>490003932W</StopPointRef><CommonName>Berrylands Road (KT5)</CommonName><Indicator>stop SV</Indicator><LocalityName>Surbiton</LocalityName><LocalityQualifier>Greater London</LocalityQualifier></AnnotatedStopPointRef><AnnotatedStopPointRef><StopPointRef>490018237E</StopPointRef><CommonName>Howard Road (KT5)</CommonName><Indicator>stop ST</Indicator><LocalityName>Berrylands</LocalityName><LocalityQualifier>Greater London</LocalityQualifier></AnnotatedStopPointRef><AnnotatedStopPointRef><StopPointRef>490013038N</StopPointRef><CommonName>Surbiton Telephone Exchange</CommonName><Indicator>stop SL</Indicator><LocalityName>Surbiton</LocalityName><LocalityQualifier>Greater London</LocalityQualifier></AnnotatedStopPointRef><AnnotatedStopPointRef><StopPointRef>490012776W</StopPointRef><CommonName>St Marks Church/St Marks Hill</CommonName><Indicator>stop NM</Indicator><LocalityName>Surbiton</LocalityName><LocalityQualifier>Greater London</LocalityQualifier></AnnotatedStopPointRef><AnnotatedStopPointRef><StopPointRef>490001285E</StopPointRef><CommonName>Surbiton</CommonName><Indicator>stop NN</Indicator><LocalityName>Surbiton</LocalityName><LocalityQualifier>Greater London</LocalityQualifier></AnnotatedStopPointRef><AnnotatedStopPointRef><StopPointRef>490015165A</StopPointRef><CommonName>Surbiton Station/Claremont Rd</CommonName><Indicator>stop NC</Indicator><LocalityName>Surbiton</LocalityName><LocalityQualifier>Greater London</LocalityQualifier></AnnotatedStopPointRef></StopPoints><RouteSections><RouteSection id="RS_49665e_H_1"><RouteLink id="RL_RS_49665e_H_1_0"><From><StopPointRef>490015165B</StopPointRef></From><To><StopPointRef>490012776E</StopPointRef></To><Direction>outbound</Direction></RouteLink><RouteLink id="RL_RS_49665e_H_1_1"><From><StopPointRef>490012776E</StopPointRef></From><To><StopPointRef>490013038S</StopPointRef></To><Direction>outbound</Direction></RouteLink><RouteLink id="RL_RS_49665e_H_1_2"><From><StopPointRef>490013038S</StopPointRef></From><To><StopPointRef>490003932E</StopPointRef></To><Direction>outbound</Direction></RouteLink><RouteLink id="RL_RS_49665e_H_1_3"><From><StopPointRef>490003932E</StopPointRef></From><To><StopPointRef>490010781N</StopPointRef></To><Direction>outbound</Direction></RouteLink><RouteLink id="RL_RS_49665e_H_1_4"><From><StopPointRef>490010781N</StopPointRef></From><To><StopPointRef>490011509E</StopPointRef></To><Direction>outbound</Direction></RouteLink><RouteLink id="RL_RS_49665e_H_1_5"><From><StopPointRef>490011509E</StopPointRef></From><To><StopPointRef>490013530E</StopPointRef></To><Direction>outbound</Direction></RouteLink><RouteLink id="RL_RS_49665e_H_1_6"><From><StopPointRef>490013530E</StopPointRef></From><To><StopPointRef>490013260B</StopPointRef></To><Direction>outbound</Direction></RouteLink><RouteLink id="RL_RS_49665e_H_1_7"><From><StopPointRef>490013260B</StopPointRef></From><To><StopPointRef>490010893E</StopPointRef></To><Direction>outbound</Direction></RouteLink><RouteLink id="RL_RS_49665e_H_1_8"><From><StopPointRef>490010893E</StopPointRef></From><To><StopPointRef>490013545S</StopPointRef></To><Direction>outbound</Direction></RouteLink><RouteLink id="RL_RS_49665e_H_1_9"><From><StopPointRef>490013545S</StopPointRef></From><To><StopPointRef>490011006S</StopPointRef></To><Direction>outbound</Direction></RouteLink><RouteLink id="RL_RS_49665e_H_1_10"><From><StopPointRef>490011006S</StopPointRef></From><To><StopPointRef>490006436S</StopPointRef></To><Direction>outbound</Direction></RouteLink><RouteLink id="RL_RS_49665e_H_1_11"><From><StopPointRef>490006436S</StopPointRef></From><To><StopPointRef>490012262S</StopPointRef></To><Direction>outbound</Direction></RouteLink><RouteLink id="RL_RS_49665e_H_1_12"><From><StopPointRef>490012262S</StopPointRef></From><To><StopPointRef>490003488S</StopPointRef></To><Direction>outbound</Direction></RouteLink><RouteLink id="RL_RS_49665e_H_1_13"><From><StopPointRef>490003488S</StopPointRef></From><To><StopPointRef>490011205E</StopPointRef></To><Direction>outbound</Direction></RouteLink><RouteLink id="RL_RS_49665e_H_1_14"><From><StopPointRef>490011205E</StopPointRef></From><To><StopPointRef>490013697F</StopPointRef></To><Direction>outbound</Direction></RouteLink><RouteLink id="RL_RS_49665e_H_1_15"><From><StopPointRef>490013697F</StopPointRef></From><To><StopPointRef>490013702D</StopPointRef></To><Direction>outbound</Direction></RouteLink><RouteLink id="RL_RS_49665e_H_1_16"><From><StopPointRef>490013702D</StopPointRef></From><To><StopPointRef>490014236N</StopPointRef></To><Direction>outbound</Direction></RouteLink><RouteLink id="RL_RS_49665e_H_1_17"><From><StopPointRef>490014236N</StopPointRef></From><To><StopPointRef>490008155E</StopPointRef></To><Direction>outbound</Direction></RouteLink><RouteLink id="RL_RS_49665e_H_1_18"><From><StopPointRef>490008155E</StopPointRef></From><To><StopPointRef>490006493N</StopPointRef></To><Direction>outbound</Direction></RouteLink><RouteLink id="RL_RS_49665e_H_1_19"><From><StopPointRef>490006493N</StopPointRef></From><To><StopPointRef>490015370NGS</StopPointRef></To><Direction>outbound</Direction></RouteLink><RouteLink id="RL_RS_49665e_H_1_20"><From><StopPointRef>490015370NGS</StopPointRef></From><To><StopPointRef>490010680N</StopPointRef></To><Direction>outbound</Direction></RouteLink><RouteLink id="RL_RS_49665e_H_1_21"><From><StopPointRef>490010680N</StopPointRef></From><To><StopPointRef>490009523NGS</StopPointRef></To><Direction>outbound</Direction></RouteLink><RouteLink id="RL_RS_49665e_H_1_22"><From><StopPointRef>490009523NGS</StopPointRef></From><To><StopPointRef>490012723N</StopPointRef></To><Direction>outbound</Direction></RouteLink><RouteLink id="RL_RS_49665e_H_1_23"><From><StopPointRef>490012723N</StopPointRef></From><To><StopPointRef>490015206K</StopPointRef></To><Direction>outbound</Direction></RouteLink><RouteLink id="RL_RS_49665e_H_1_24"><From><StopPointRef>490015206K</StopPointRef></From><To><StopPointRef>490015206L</StopPointRef></To><Direction>outbound</Direction></RouteLink><RouteLink id="RL_RS_49665e_H_1_25"><From><StopPointRef>490015206L</StopPointRef></From><To><StopPointRef>490015638S</StopPointRef></To><Direction>outbound</Direction></RouteLink></RouteSection><RouteSection id="RS_49665e_R_2"><RouteLink id="RL_RS_49665e_R_2_0"><From><StopPointRef>490015638S</StopPointRef></From><To><StopPointRef>490015206J</StopPointRef></To><Direction>inbound</Direction></RouteLink><RouteLink id="RL_RS_49665e_R_2_1"><From><StopPointRef>490015206J</StopPointRef></From><To><StopPointRef>490012723S</StopPointRef></To><Direction>inbound</Direction></RouteLink><RouteLink id="RL_RS_49665e_R_2_2"><From><StopPointRef>490012723S</StopPointRef></From><To><StopPointRef>490009523S</StopPointRef></To><Direction>inbound</Direction></RouteLink><RouteLink id="RL_RS_49665e_R_2_3"><From><StopPointRef>490009523S</StopPointRef></From><To><StopPointRef>490012311S</StopPointRef></To><Direction>inbound</Direction></RouteLink><RouteLink id="RL_RS_49665e_R_2_4"><From><StopPointRef>490012311S</StopPointRef></From><To><StopPointRef>490015370S</StopPointRef></To><Direction>inbound</Direction></RouteLink><RouteLink id="RL_RS_49665e_R_2_5"><From><StopPointRef>490015370S</StopPointRef></From><To><StopPointRef>490012360S</StopPointRef></To><Direction>inbound</Direction></RouteLink><RouteLink id="RL_RS_49665e_R_2_6"><From><StopPointRef>490012360S</StopPointRef></From><To><StopPointRef>490008155S</StopPointRef></To><Direction>inbound</Direction></RouteLink><RouteLink id="RL_RS_49665e_R_2_7"><From><StopPointRef>490008155S</StopPointRef></From><To><StopPointRef>490013701C</StopPointRef></To><Direction>inbound</Direction></RouteLink><RouteLink id="RL_RS_49665e_R_2_8"><From><StopPointRef>490013701C</StopPointRef></From><To><StopPointRef>490013697G</StopPointRef></To><Direction>inbound</Direction></RouteLink><RouteLink id="RL_RS_49665e_R_2_9"><From><StopPointRef>490013697G</StopPointRef></From><To><StopPointRef>490011205L</StopPointRef></To><Direction>inbound</Direction></RouteLink><RouteLink id="RL_RS_49665e_R_2_10"><From><StopPointRef>490011205L</StopPointRef></From><To><StopPointRef>490003488N</StopPointRef></To><Direction>inbound</Direction></RouteLink><RouteLink id="RL_RS_49665e_R_2_11"><From><StopPointRef>490003488N</StopPointRef></From><To><StopPointRef>490012262N</StopPointRef></To><Direction>inbound</Direction></RouteLink><RouteLink id="RL_RS_49665e_R_2_12"><From><StopPointRef>490012262N</StopPointRef></From><To><StopPointRef>490006436N</StopPointRef></To><Direction>inbound</Direction></RouteLink><RouteLink id="RL_RS_49665e_R_2_13"><From><StopPointRef>490006436N</StopPointRef></From><To><StopPointRef>490011006N</StopPointRef></To><Direction>inbound</Direction></RouteLink><RouteLink id="RL_RS_49665e_R_2_14"><From><StopPointRef>490011006N</StopPointRef></From><To><StopPointRef>490013545N</StopPointRef></To><Direction>inbound</Direction></RouteLink><RouteLink id="RL_RS_49665e_R_2_15"><From><StopPointRef>490013545N</StopPointRef></From><To><StopPointRef>490010893W</StopPointRef></To><Direction>inbound</Direction></RouteLink><RouteLink id="RL_RS_49665e_R_2_16"><From><StopPointRef>490010893W</StopPointRef></From><To><StopPointRef>490013260A</StopPointRef></To><Direction>inbound</Direction></RouteLink><RouteLink id="RL_RS_49665e_R_2_17"><From><StopPointRef>490013260A</StopPointRef></From><To><StopPointRef>490013530W</StopPointRef></To><Direction>inbound</Direction></RouteLink><RouteLink id="RL_RS_49665e_R_2_18"><From><StopPointRef>490013530W</StopPointRef></From><To><StopPointRef>490011509W</StopPointRef></To><Direction>inbound</Direction></RouteLink><RouteLink id="RL_RS_49665e_R_2_19"><From><StopPointRef>490011509W</StopPointRef></From><To><StopPointRef>490010781S</StopPointRef></To><Direction>inbound</Direction></RouteLink><RouteLink id="RL_RS_49665e_R_2_20"><From><StopPointRef>490010781S</StopPointRef></From><To><StopPointRef>490003932W</StopPointRef></To><Direction>inbound</Direction></RouteLink><RouteLink id="RL_RS_49665e_R_2_21"><From><StopPointRef>490003932W</StopPointRef></From><To><StopPointRef>490018237E</StopPointRef></To><Direction>inbound</Direction></RouteLink><RouteLink id="RL_RS_49665e_R_2_22"><From><StopPointRef>490018237E</StopPointRef></From><To><StopPointRef>490013038N</StopPointRef></To><Direction>inbound</Direction></RouteLink><RouteLink id="RL_RS_49665e_R_2_23"><From><StopPointRef>490013038N</StopPointRef></From><To><StopPointRef>490012776W</StopPointRef></To><Direction>inbound</Direction></RouteLink><RouteLink id="RL_RS_49665e_R_2_24"><From><StopPointRef>490012776W</StopPointRef></From><To><StopPointRef>490001285E</StopPointRef></To><Direction>inbound</Direction></RouteLink><RouteLink id="RL_RS_49665e_R_2_25"><From><StopPointRef>490001285E</StopPointRef></From><To><StopPointRef>490015165A</StopPointRef></To><Direction>inbound</Direction></RouteLink></RouteSection></RouteSections><Routes><Route id="R_49665e_H_1"><PrivateCode>R_49665e_H_1</PrivateCode><Description>Surbiton Station/Claremont Rd - New Malden / Holy Cross School</Description><RouteSectionRef>RS_49665e_H_1</RouteSectionRef></Route><Route id="R_49665e_R_2"><PrivateCode>R_49665e_R_2</PrivateCode><Description>New Malden / Holy Cross School - Surbiton Station/Claremont Rd</Description><RouteSectionRef>RS_49665e_R_2</RouteSectionRef></Route></Routes><JourneyPatternSections><JourneyPatternSection id="JPS_49665e_H_1"><JourneyPatternTimingLink id="JPL_49665e_H_1_0"><From SequenceNumber="1"><StopPointRef>490015165B</StopPointRef><TimingStatus>PTP</TimingStatus></From><To SequenceNumber="2"><StopPointRef>490012776E</StopPointRef><TimingStatus>PTP</TimingStatus></To><RunTime>PT48S</RunTime></JourneyPatternTimingLink><JourneyPatternTimingLink id="JPL_49665e_H_1_1"><From SequenceNumber="2"><StopPointRef>490012776E</StopPointRef><TimingStatus>PTP</TimingStatus></From><To SequenceNumber="3"><StopPointRef>490013038S</StopPointRef><TimingStatus>PTP</TimingStatus></To><RunTime>PT48S</RunTime></JourneyPatternTimingLink><JourneyPatternTimingLink id="JPL_49665e_H_1_2"><From SequenceNumber="3"><StopPointRef>490013038S</StopPointRef><TimingStatus>PTP</TimingStatus></From><To SequenceNumber="4"><StopPointRef>490003932E</StopPointRef><TimingStatus>PTP</TimingStatus></To><RunTime>PT48S</RunTime></JourneyPatternTimingLink><JourneyPatternTimingLink id="JPL_49665e_H_1_3"><From SequenceNumber="4"><StopPointRef>490003932E</StopPointRef><TimingStatus>PTP</TimingStatus></From><To SequenceNumber="5"><StopPointRef>490010781N</StopPointRef><TimingStatus>PTP</TimingStatus></To><RunTime>PT48S</RunTime></JourneyPatternTimingLink><JourneyPatternTimingLink id="JPL_49665e_H_1_4"><From SequenceNumber="5"><StopPointRef>490010781N</StopPointRef><TimingStatus>PTP</TimingStatus></From><To SequenceNumber="6"><StopPointRef>490011509E</StopPointRef><TimingStatus>PTP</TimingStatus></To><RunTime>PT48S</RunTime></JourneyPatternTimingLink><JourneyPatternTimingLink id="JPL_49665e_H_1_5"><From SequenceNumber="6"><StopPointRef>490011509E</StopPointRef><TimingStatus>PTP</TimingStatus></From><To SequenceNumber="7"><StopPointRef>490013530E</StopPointRef><TimingStatus>PTP</TimingStatus></To><RunTime>PT48S</RunTime></JourneyPatternTimingLink><JourneyPatternTimingLink id="JPL_49665e_H_1_6"><From SequenceNumber="7"><StopPointRef>490013530E</StopPointRef><TimingStatus>PTP</TimingStatus></From><To SequenceNumber="8"><StopPointRef>490013260B</StopPointRef><TimingStatus>PTP</TimingStatus></To><RunTime>PT72S</RunTime></JourneyPatternTimingLink><JourneyPatternTimingLink id="JPL_49665e_H_1_7"><From SequenceNumber="8"><StopPointRef>490013260B</StopPointRef><TimingStatus>PTP</TimingStatus></From><To SequenceNumber="9"><StopPointRef>490010893E</StopPointRef><TimingStatus>PTP</TimingStatus></To><RunTime>PT42S</RunTime></JourneyPatternTimingLink><JourneyPatternTimingLink id="JPL_49665e_H_1_8"><From SequenceNumber="9"><StopPointRef>490010893E</StopPointRef><TimingStatus>PTP</TimingStatus></From><To SequenceNumber="10"><StopPointRef>490013545S</StopPointRef><TimingStatus>PTP</TimingStatus></To><RunTime>PT42S</RunTime></JourneyPatternTimingLink><JourneyPatternTimingLink id="JPL_49665e_H_1_9"><From SequenceNumber="10"><StopPointRef>490013545S</StopPointRef><TimingStatus>PTP</TimingStatus></From><To SequenceNumber="11"><StopPointRef>490011006S</StopPointRef><TimingStatus>PTP</TimingStatus></To><RunTime>PT42S</RunTime></JourneyPatternTimingLink><JourneyPatternTimingLink id="JPL_49665e_H_1_10"><From SequenceNumber="11"><StopPointRef>490011006S</StopPointRef><TimingStatus>PTP</TimingStatus></From><To SequenceNumber="12"><StopPointRef>490006436S</StopPointRef><TimingStatus>PTP</TimingStatus></To><RunTime>PT54S</RunTime></JourneyPatternTimingLink><JourneyPatternTimingLink id="JPL_49665e_H_1_11"><From SequenceNumber="12"><StopPointRef>490006436S</StopPointRef><TimingStatus>PTP</TimingStatus></From><To SequenceNumber="13"><StopPointRef>490012262S</StopPointRef><TimingStatus>PTP</TimingStatus></To><RunTime>PT72S</RunTime></JourneyPatternTimingLink><JourneyPatternTimingLink id="JPL_49665e_H_1_12"><From SequenceNumber="13"><StopPointRef>490012262S</StopPointRef><TimingStatus>PTP</TimingStatus></From><To SequenceNumber="14"><StopPointRef>490003488S</StopPointRef><TimingStatus>PTP</TimingStatus></To><RunTime>PT72S</RunTime></JourneyPatternTimingLink><JourneyPatternTimingLink id="JPL_49665e_H_1_13"><From SequenceNumber="14"><StopPointRef>490003488S</StopPointRef><TimingStatus>PTP</TimingStatus></From><To SequenceNumber="15"><StopPointRef>490011205E</StopPointRef><TimingStatus>PTP</TimingStatus></To><RunTime>PT72S</RunTime></JourneyPatternTimingLink><JourneyPatternTimingLink id="JPL_49665e_H_1_14"><From SequenceNumber="15"><StopPointRef>490011205E</StopPointRef><TimingStatus>PTP</TimingStatus></From><To SequenceNumber="16"><StopPointRef>490013697F</StopPointRef><TimingStatus>PTP</TimingStatus></To><RunTime>PT84S</RunTime></JourneyPatternTimingLink><JourneyPatternTimingLink id="JPL_49665e_H_1_15"><From SequenceNumber="16"><StopPointRef>490013697F</StopPointRef><TimingStatus>PTP</TimingStatus></From><To SequenceNumber="17"><StopPointRef>490013702D</StopPointRef><TimingStatus>PTP</TimingStatus></To><RunTime>PT66S</RunTime></JourneyPatternTimingLink><JourneyPatternTimingLink id="JPL_49665e_H_1_16"><From SequenceNumber="17"><StopPointRef>490013702D</StopPointRef><TimingStatus>PTP</TimingStatus></From><To SequenceNumber="18"><StopPointRef>490014236N</StopPointRef><TimingStatus>PTP</TimingStatus></To><RunTime>PT66S</RunTime></JourneyPatternTimingLink><JourneyPatternTimingLink id="JPL_49665e_H_1_17"><From SequenceNumber="18"><StopPointRef>490014236N</StopPointRef><TimingStatus>PTP</TimingStatus></From><To SequenceNumber="19"><StopPointRef>490008155E</StopPointRef><TimingStatus>PTP</TimingStatus></To><RunTime>PT66S</RunTime></JourneyPatternTimingLink><JourneyPatternTimingLink id="JPL_49665e_H_1_18"><From SequenceNumber="19"><StopPointRef>490008155E</StopPointRef><TimingStatus>PTP</TimingStatus></From><To SequenceNumber="20"><StopPointRef>490006493N</StopPointRef><TimingStatus>PTP</TimingStatus></To><RunTime>PT66S</RunTime></JourneyPatternTimingLink><JourneyPatternTimingLink id="JPL_49665e_H_1_19"><From SequenceNumber="20"><StopPointRef>490006493N</StopPointRef><TimingStatus>PTP</TimingStatus></From><To SequenceNumber="21"><StopPointRef>490015370NGS</StopPointRef><TimingStatus>PTP</TimingStatus></To><RunTime>PT66S</RunTime></JourneyPatternTimingLink><JourneyPatternTimingLink id="JPL_49665e_H_1_20"><From SequenceNumber="21"><StopPointRef>490015370NGS</StopPointRef><TimingStatus>PTP</TimingStatus></From><To SequenceNumber="22"><StopPointRef>490010680N</StopPointRef><TimingStatus>PTP</TimingStatus></To><RunTime>PT66S</RunTime></JourneyPatternTimingLink><JourneyPatternTimingLink id="JPL_49665e_H_1_21"><From SequenceNumber="22"><StopPointRef>490010680N</StopPointRef><TimingStatus>PTP</TimingStatus></From><To SequenceNumber="23"><StopPointRef>490009523NGS</StopPointRef><TimingStatus>PTP</TimingStatus></To><RunTime>PT66S</RunTime></JourneyPatternTimingLink><JourneyPatternTimingLink id="JPL_49665e_H_1_22"><From SequenceNumber="23"><StopPointRef>490009523NGS</StopPointRef><TimingStatus>PTP</TimingStatus></From><To SequenceNumber="24"><StopPointRef>490012723N</StopPointRef><TimingStatus>PTP</TimingStatus></To><RunTime>PT66S</RunTime></JourneyPatternTimingLink><JourneyPatternTimingLink id="JPL_49665e_H_1_23"><From SequenceNumber="24"><StopPointRef>490012723N</StopPointRef><TimingStatus>PTP</TimingStatus></From><To SequenceNumber="25"><StopPointRef>490015206K</StopPointRef><TimingStatus>PTP</TimingStatus></To><RunTime>PT72S</RunTime></JourneyPatternTimingLink><JourneyPatternTimingLink id="JPL_49665e_H_1_24"><From SequenceNumber="25"><StopPointRef>490015206K</StopPointRef><TimingStatus>PTP</TimingStatus></From><To SequenceNumber="26"><StopPointRef>490015206L</StopPointRef><TimingStatus>PTP</TimingStatus></To><RunTime>PT90S</RunTime></JourneyPatternTimingLink><JourneyPatternTimingLink id="JPL_49665e_H_1_25"><From SequenceNumber="26"><StopPointRef>490015206L</StopPointRef><TimingStatus>PTP</TimingStatus></From><To SequenceNumber="27"><StopPointRef>490015638S</StopPointRef><TimingStatus>PTP</TimingStatus></To><RunTime>PT90S</RunTime></JourneyPatternTimingLink></JourneyPatternSection><JourneyPatternSection id="JPS_49665e_R_2"><JourneyPatternTimingLink id="JPL_49665e_R_2_0"><From SequenceNumber="1"><StopPointRef>490015638S</StopPointRef><TimingStatus>PTP</TimingStatus></From><To SequenceNumber="2"><StopPointRef>490015206J</StopPointRef><TimingStatus>PTP</TimingStatus></To><RunTime>PT180S</RunTime></JourneyPatternTimingLink><JourneyPatternTimingLink id="JPL_49665e_R_2_1"><From SequenceNumber="2"><StopPointRef>490015206J</StopPointRef><TimingStatus>PTP</TimingStatus></From><To SequenceNumber="3"><StopPointRef>490012723S</StopPointRef><TimingStatus>PTP</TimingStatus></To><RunTime>PT72S</RunTime></JourneyPatternTimingLink><JourneyPatternTimingLink id="JPL_49665e_R_2_2"><From SequenceNumber="3"><StopPointRef>490012723S</StopPointRef><TimingStatus>PTP</TimingStatus></From><To SequenceNumber="4"><StopPointRef>490009523S</StopPointRef><TimingStatus>PTP</TimingStatus></To><RunTime>PT72S</RunTime></JourneyPatternTimingLink><JourneyPatternTimingLink id="JPL_49665e_R_2_3"><From SequenceNumber="4"><StopPointRef>490009523S</StopPointRef><TimingStatus>PTP</TimingStatus></From><To SequenceNumber="5"><StopPointRef>490012311S</StopPointRef><TimingStatus>PTP</TimingStatus></To><RunTime>PT72S</RunTime></JourneyPatternTimingLink><JourneyPatternTimingLink id="JPL_49665e_R_2_4"><From SequenceNumber="5"><StopPointRef>490012311S</StopPointRef><TimingStatus>PTP</TimingStatus></From><To SequenceNumber="6"><StopPointRef>490015370S</StopPointRef><TimingStatus>PTP</TimingStatus></To><RunTime>PT72S</RunTime></JourneyPatternTimingLink><JourneyPatternTimingLink id="JPL_49665e_R_2_5"><From SequenceNumber="6"><StopPointRef>490015370S</StopPointRef><TimingStatus>PTP</TimingStatus></From><To SequenceNumber="7"><StopPointRef>490012360S</StopPointRef><TimingStatus>PTP</TimingStatus></To><RunTime>PT72S</RunTime></JourneyPatternTimingLink><JourneyPatternTimingLink id="JPL_49665e_R_2_6"><From SequenceNumber="7"><StopPointRef>490012360S</StopPointRef><TimingStatus>PTP</TimingStatus></From><To SequenceNumber="8"><StopPointRef>490008155S</StopPointRef><TimingStatus>PTP</TimingStatus></To><RunTime>PT72S</RunTime></JourneyPatternTimingLink><JourneyPatternTimingLink id="JPL_49665e_R_2_7"><From SequenceNumber="8"><StopPointRef>490008155S</StopPointRef><TimingStatus>PTP</TimingStatus></From><To SequenceNumber="9"><StopPointRef>490013701C</StopPointRef><TimingStatus>PTP</TimingStatus></To><RunTime>PT72S</RunTime></JourneyPatternTimingLink><JourneyPatternTimingLink id="JPL_49665e_R_2_8"><From SequenceNumber="9"><StopPointRef>490013701C</StopPointRef><TimingStatus>PTP</TimingStatus></From><To SequenceNumber="10"><StopPointRef>490013697G</StopPointRef><TimingStatus>PTP</TimingStatus></To><RunTime>PT96S</RunTime></JourneyPatternTimingLink><JourneyPatternTimingLink id="JPL_49665e_R_2_9"><From SequenceNumber="10"><StopPointRef>490013697G</StopPointRef><TimingStatus>PTP</TimingStatus></From><To SequenceNumber="11"><StopPointRef>490011205L</StopPointRef><TimingStatus>PTP</TimingStatus></To><RunTime>PT72S</RunTime></JourneyPatternTimingLink><JourneyPatternTimingLink id="JPL_49665e_R_2_10"><From SequenceNumber="11"><StopPointRef>490011205L</StopPointRef><TimingStatus>PTP</TimingStatus></From><To SequenceNumber="12"><StopPointRef>490003488N</StopPointRef><TimingStatus>PTP</TimingStatus></To><RunTime>PT72S</RunTime></JourneyPatternTimingLink><JourneyPatternTimingLink id="JPL_49665e_R_2_11"><From SequenceNumber="12"><StopPointRef>490003488N</StopPointRef><TimingStatus>PTP</TimingStatus></From><To SequenceNumber="13"><StopPointRef>490012262N</StopPointRef><TimingStatus>PTP</TimingStatus></To><RunTime>PT72S</RunTime></JourneyPatternTimingLink><JourneyPatternTimingLink id="JPL_49665e_R_2_12"><From SequenceNumber="13"><StopPointRef>490012262N</StopPointRef><TimingStatus>PTP</TimingStatus></From><To SequenceNumber="14"><StopPointRef>490006436N</StopPointRef><TimingStatus>PTP</TimingStatus></To><RunTime>PT84S</RunTime></JourneyPatternTimingLink><JourneyPatternTimingLink id="JPL_49665e_R_2_13"><From SequenceNumber="14"><StopPointRef>490006436N</StopPointRef><TimingStatus>PTP</TimingStatus></From><To SequenceNumber="15"><StopPointRef>490011006N</StopPointRef><TimingStatus>PTP</TimingStatus></To><RunTime>PT42S</RunTime></JourneyPatternTimingLink><JourneyPatternTimingLink id="JPL_49665e_R_2_14"><From SequenceNumber="15"><StopPointRef>490011006N</StopPointRef><TimingStatus>PTP</TimingStatus></From><To SequenceNumber="16"><StopPointRef>490013545N</StopPointRef><TimingStatus>PTP</TimingStatus></To><RunTime>PT42S</RunTime></JourneyPatternTimingLink><JourneyPatternTimingLink id="JPL_49665e_R_2_15"><From SequenceNumber="16"><StopPointRef>490013545N</StopPointRef><TimingStatus>PTP</TimingStatus></From><To SequenceNumber="17"><StopPointRef>490010893W</StopPointRef><TimingStatus>PTP</TimingStatus></To><RunTime>PT42S</RunTime></JourneyPatternTimingLink><JourneyPatternTimingLink id="JPL_49665e_R_2_16"><From SequenceNumber="17"><StopPointRef>490010893W</StopPointRef><TimingStatus>PTP</TimingStatus></From><To SequenceNumber="18"><StopPointRef>490013260A</StopPointRef><TimingStatus>PTP</TimingStatus></To><RunTime>PT54S</RunTime></JourneyPatternTimingLink><JourneyPatternTimingLink id="JPL_49665e_R_2_17"><From SequenceNumber="18"><StopPointRef>490013260A</StopPointRef><TimingStatus>PTP</TimingStatus></From><To SequenceNumber="19"><StopPointRef>490013530W</StopPointRef><TimingStatus>PTP</TimingStatus></To><RunTime>PT36S</RunTime></JourneyPatternTimingLink><JourneyPatternTimingLink id="JPL_49665e_R_2_18"><From SequenceNumber="19"><StopPointRef>490013530W</StopPointRef><TimingStatus>PTP</TimingStatus></From><To SequenceNumber="20"><StopPointRef>490011509W</StopPointRef><TimingStatus>PTP</TimingStatus></To><RunTime>PT36S</RunTime></JourneyPatternTimingLink><JourneyPatternTimingLink id="JPL_49665e_R_2_19"><From SequenceNumber="20"><StopPointRef>490011509W</StopPointRef><TimingStatus>PTP</TimingStatus></From><To SequenceNumber="21"><StopPointRef>490010781S</StopPointRef><TimingStatus>PTP</TimingStatus></To><RunTime>PT36S</RunTime></JourneyPatternTimingLink><JourneyPatternTimingLink id="JPL_49665e_R_2_20"><From SequenceNumber="21"><StopPointRef>490010781S</StopPointRef><TimingStatus>PTP</TimingStatus></From><To SequenceNumber="22"><StopPointRef>490003932W</StopPointRef><TimingStatus>PTP</TimingStatus></To><RunTime>PT36S</RunTime></JourneyPatternTimingLink><JourneyPatternTimingLink id="JPL_49665e_R_2_21"><From SequenceNumber="22"><StopPointRef>490003932W</StopPointRef><TimingStatus>PTP</TimingStatus></From><To SequenceNumber="23"><StopPointRef>490018237E</StopPointRef><TimingStatus>PTP</TimingStatus></To><RunTime>PT36S</RunTime></JourneyPatternTimingLink><JourneyPatternTimingLink id="JPL_49665e_R_2_22"><From SequenceNumber="23"><StopPointRef>490018237E</StopPointRef><TimingStatus>PTP</TimingStatus></From><To SequenceNumber="24"><StopPointRef>490013038N</StopPointRef><TimingStatus>PTP</TimingStatus></To><RunTime>PT36S</RunTime></JourneyPatternTimingLink><JourneyPatternTimingLink id="JPL_49665e_R_2_23"><From SequenceNumber="24"><StopPointRef>490013038N</StopPointRef><TimingStatus>PTP</TimingStatus></From><To SequenceNumber="25"><StopPointRef>490012776W</StopPointRef><TimingStatus>PTP</TimingStatus></To><RunTime>PT36S</RunTime></JourneyPatternTimingLink><JourneyPatternTimingLink id="JPL_49665e_R_2_24"><From SequenceNumber="25"><StopPointRef>490012776W</StopPointRef><TimingStatus>PTP</TimingStatus></From><To SequenceNumber="26"><StopPointRef>490001285E</StopPointRef><TimingStatus>PTP</TimingStatus></To><RunTime>PT36S</RunTime></JourneyPatternTimingLink><JourneyPatternTimingLink id="JPL_49665e_R_2_25"><From SequenceNumber="26"><StopPointRef>490001285E</StopPointRef><TimingStatus>PTP</TimingStatus></From><To SequenceNumber="27"><StopPointRef>490015165A</StopPointRef><TimingStatus>PTP</TimingStatus></To><RunTime>PT72S</RunTime></JourneyPatternTimingLink></JourneyPatternSection></JourneyPatternSections><Operators><Operator id="OId_LU"><OperatorCode>LU</OperatorCode><OperatorShortName>LU</OperatorShortName><OperatorNameOnLicence>LU</OperatorNameOnLicence><TradingName>LU</TradingName></Operator></Operators><Services><Service><ServiceCode>SId_49665e0</ServiceCode><PrivateCode>49665e0</PrivateCode><Lines><Line id="LId_49665e0"><LineName>665</LineName></Line></Lines><OperatingPeriod><StartDate>2009-12-01</StartDate><EndDate>2010-12-23</EndDate></OperatingPeriod><OperatingProfile><RegularDayType>
					<DaysOfWeek>
						<MondayToFriday/>
					</DaysOfWeek>
				</RegularDayType>
				<BankHolidayOperation><DaysOfNonOperation><AllBankHolidays></AllBankHolidays></DaysOfNonOperation></BankHolidayOperation></OperatingProfile><RegisteredOperatorRef>OId_LU</RegisteredOperatorRef><StopRequirements><NoNewStopsRequired/></StopRequirements><StandardService><Origin>Surbiton Station/Claremont Rd</Origin><Destination>New Malden / Holy Cross School</Destination><JourneyPattern id="JP_49665e_H0_1"><Direction>outbound</Direction><Operational><VehicleType><VehicleTypeCode>06</VehicleTypeCode><Description>Single Decker Low Floor+Wheelchair</Description></VehicleType></Operational><RouteRef>R_49665e_H_1</RouteRef><JourneyPatternSectionRefs>JPS_49665e_H_1</JourneyPatternSectionRefs></JourneyPattern><JourneyPattern id="JP_49665e_R0_2"><Direction>inbound</Direction><Operational><VehicleType><VehicleTypeCode>06</VehicleTypeCode><Description>Single Decker Low Floor+Wheelchair</Description></VehicleType></Operational><RouteRef>R_49665e_R_2</RouteRef><JourneyPatternSectionRefs>JPS_49665e_R_2</JourneyPatternSectionRefs></JourneyPattern></StandardService></Service></Services><VehicleJourneys><VehicleJourney><PrivateCode>49665ee0H6650001</PrivateCode><Operational><VehicleType><VehicleTypeCode>06</VehicleTypeCode><Description>Single Decker Low Floor+Wheelchair</Description></VehicleType></Operational><OperatingProfile><RegularDayType>
					<DaysOfWeek>
						<MondayToFriday/>
					</DaysOfWeek>
				</RegularDayType>
			</OperatingProfile><VehicleJourneyCode>49665ee0H6650001</VehicleJourneyCode><ServiceRef>SId_49665e0</ServiceRef><LineRef>LId_49665e0</LineRef><JourneyPatternRef>JP_49665e_H0_1</JourneyPatternRef><DepartureTime>07:51:00</DepartureTime></VehicleJourney><VehicleJourney><PrivateCode>49665ee0H6650003</PrivateCode><Operational><VehicleType><VehicleTypeCode>06</VehicleTypeCode><Description>Single Decker Low Floor+Wheelchair</Description></VehicleType></Operational><OperatingProfile><RegularDayType>
					<DaysOfWeek>
						<MondayToFriday/>
					</DaysOfWeek>
				</RegularDayType>
			</OperatingProfile><VehicleJourneyCode>49665ee0H6650003</VehicleJourneyCode><ServiceRef>SId_49665e0</ServiceRef><LineRef>LId_49665e0</LineRef><JourneyPatternRef>JP_49665e_H0_1</JourneyPatternRef><DepartureTime>07:53:00</DepartureTime></VehicleJourney><VehicleJourney><PrivateCode>49665ee0R6650002</PrivateCode><Operational><VehicleType><VehicleTypeCode>06</VehicleTypeCode><Description>Single Decker Low Floor+Wheelchair</Description></VehicleType></Operational><OperatingProfile><RegularDayType>
					<DaysOfWeek>
						<MondayToFriday/>
					</DaysOfWeek>
				</RegularDayType>
			</OperatingProfile><VehicleJourneyCode>49665ee0R6650002</VehicleJourneyCode><ServiceRef>SId_49665e0</ServiceRef><LineRef>LId_49665e0</LineRef><JourneyPatternRef>JP_49665e_R0_2</JourneyPatternRef><DepartureTime>15:30:00</DepartureTime></VehicleJourney><VehicleJourney><PrivateCode>49665ee0R6650004</PrivateCode><Operational><VehicleType><VehicleTypeCode>06</VehicleTypeCode><Description>Single Decker Low Floor+Wheelchair</Description></VehicleType></Operational><OperatingProfile><RegularDayType>
					<DaysOfWeek>
						<MondayToFriday/>
					</DaysOfWeek>
				</RegularDayType>
			</OperatingProfile><VehicleJourneyCode>49665ee0R6650004</VehicleJourneyCode><ServiceRef>SId_49665e0</ServiceRef><LineRef>LId_49665e0</LineRef><JourneyPatternRef>JP_49665e_R0_2</JourneyPatternRef><DepartureTime>15:32:00</DepartureTime></VehicleJourney></VehicleJourneys></TransXChange>
