<?xml version="1.0" encoding="UTF-8"?>
<TransXChange CreationDateTime="2010-10-28T09:18:10" ModificationDateTime="2010-10-28T09:18:10" Modification="new" FileName="G:\mentzdv\Datastore\output_txc_54605c.xml" RevisionNumber="0" SchemaVersion="2.1" xmlns:xsi="http://www.w3.org/2001/XMLSchema-instance" xsi:schemaLocation="http://www.transxchange.org.uk/ http://www.transxchange.org.uk/schema/2.1/TransXChange_general.xsd" xmlns="http://www.transxchange.org.uk/" xmlns:n1="http://www.transxchange.org.uk/" xmlns:n2="http://www.govtalk.gov.uk/people/AddressAndPersonalDetails" xmlns:n3="http://www.govtalk.gov.uk/core" xmlns:n4="http://www.govtalk.gov.uk/people/bs7666"><StopPoints><AnnotatedStopPointRef><StopPointRef>490000070D</StopPointRef><CommonName>Edgware</CommonName><Indicator>stop D</Indicator><LocalityName>Edgware</LocalityName><LocalityQualifier>Greater London</LocalityQualifier></AnnotatedStopPointRef><AnnotatedStopPointRef><StopPointRef>490012618J</StopPointRef><CommonName>Premier House</CommonName><Indicator>stop J</Indicator><LocalityName>Edgware</LocalityName><LocalityQualifier>Greater London</LocalityQualifier></AnnotatedStopPointRef><AnnotatedStopPointRef><StopPointRef>490014573N</StopPointRef><CommonName>Whitchurch Lane</CommonName><Indicator>stop N</Indicator><LocalityName>Edgware</LocalityName><LocalityQualifier>Greater London</LocalityQualifier></AnnotatedStopPointRef><AnnotatedStopPointRef><StopPointRef>490006004HD</StopPointRef><CommonName>Deansbrook Road /Burnt Oak Bwy</CommonName><Indicator>stop HD</Indicator><LocalityName>Edgware</LocalityName><LocalityQualifier>Greater London</LocalityQualifier></AnnotatedStopPointRef><AnnotatedStopPointRef><StopPointRef>490006425HA</StopPointRef><CommonName>Edgware Community Hospital</CommonName><Indicator>stop HA</Indicator><LocalityName>Edgware</LocalityName><LocalityQualifier>Greater London</LocalityQualifier></AnnotatedStopPointRef><AnnotatedStopPointRef><StopPointRef>490004617A</StopPointRef><CommonName>North Road (HA8)</CommonName><Indicator>stop A</Indicator><LocalityName>Burnt Oak</LocalityName><LocalityQualifier>Greater London</LocalityQualifier></AnnotatedStopPointRef><AnnotatedStopPointRef><StopPointRef>490013255D</StopPointRef><CommonName>The Bald Faced Stag (HA8)</CommonName><Indicator>stop D</Indicator><LocalityName>Burnt Oak</LocalityName><LocalityQualifier>Greater London</LocalityQualifier></AnnotatedStopPointRef><AnnotatedStopPointRef><StopPointRef>490013255K</StopPointRef><CommonName>The Bald Faced Stag (HA8)</CommonName><Indicator>stop K</Indicator><LocalityName>Burnt Oak</LocalityName><LocalityQualifier>Greater London</LocalityQualifier></AnnotatedStopPointRef><AnnotatedStopPointRef><StopPointRef>490000034M</StopPointRef><CommonName>Burnt Oak</CommonName><Indicator>stop M</Indicator><LocalityName>Burnt Oak</LocalityName><LocalityQualifier>Greater London</LocalityQualifier></AnnotatedStopPointRef><AnnotatedStopPointRef><StopPointRef>490007607E</StopPointRef><CommonName>Gunter Grove (HA8)</CommonName><Indicator>stop U</Indicator><LocalityName>Burnt Oak</LocalityName><LocalityQualifier>Greater London</LocalityQualifier></AnnotatedStopPointRef><AnnotatedStopPointRef><StopPointRef>490005753E</StopPointRef><CommonName>Burnt Oak Leisure Centre</CommonName><Indicator>stop QA</Indicator><LocalityName>Burnt Oak</LocalityName><LocalityQualifier>Greater London</LocalityQualifier></AnnotatedStopPointRef><AnnotatedStopPointRef><StopPointRef>490007265E2</StopPointRef><CommonName>Goldbeaters Grove /Watling Ave</CommonName><Indicator>stop E</Indicator><LocalityName>Burnt Oak</LocalityName><LocalityQualifier>Greater London</LocalityQualifier></AnnotatedStopPointRef><AnnotatedStopPointRef><StopPointRef>490009468N</StopPointRef><CommonName>Woodcroft Avenue (NW7)</CommonName><Indicator>stop N</Indicator><LocalityName>Mill Hill</LocalityName><LocalityQualifier>Greater London</LocalityQualifier></AnnotatedStopPointRef><AnnotatedStopPointRef><StopPointRef>490015207F</StopPointRef><CommonName>Mill Hill Broadway</CommonName><Indicator>stop F</Indicator><LocalityName>Mill Hill</LocalityName><LocalityQualifier>Greater London</LocalityQualifier></AnnotatedStopPointRef><AnnotatedStopPointRef><StopPointRef>490009905M</StopPointRef><CommonName>Mill Hill Circus / Flower Lane</CommonName><Indicator>stop M</Indicator><LocalityName>Mill Hill</LocalityName><LocalityQualifier>Greater London</LocalityQualifier></AnnotatedStopPointRef><AnnotatedStopPointRef><StopPointRef>490009904R</StopPointRef><CommonName>Mill Hill Circus (NW7)</CommonName><Indicator>stop R</Indicator><LocalityName>Mill Hill</LocalityName><LocalityQualifier>Greater London</LocalityQualifier></AnnotatedStopPointRef><AnnotatedStopPointRef><StopPointRef>490018543E</StopPointRef><CommonName>Marsh Lane / Uphill Road</CommonName><Indicator>stop E</Indicator><LocalityName>Mill Hill (London)</LocalityName><LocalityQualifier>Greater London</LocalityQualifier></AnnotatedStopPointRef><AnnotatedStopPointRef><StopPointRef>490009901S</StopPointRef><CommonName>Highwood Hill / Rising Sun</CommonName><Indicator>stop S</Indicator><LocalityName>Mill Hill</LocalityName><LocalityQualifier>Greater London</LocalityQualifier></AnnotatedStopPointRef><AnnotatedStopPointRef><StopPointRef>490009902S</StopPointRef><CommonName>Mill Hill / The Three Hammers</CommonName><Indicator>stop S</Indicator><LocalityName>Mill Hill</LocalityName><LocalityQualifier>Greater London</LocalityQualifier></AnnotatedStopPointRef><AnnotatedStopPointRef><StopPointRef>490012035S</StopPointRef><CommonName>Shakespeare Rd / Hammers Lane</CommonName><Indicator>stop S</Indicator><LocalityName>Mill Hill</LocalityName><LocalityQualifier>Greater London</LocalityQualifier></AnnotatedStopPointRef><AnnotatedStopPointRef><StopPointRef>490014791W</StopPointRef><CommonName>Wise Lane (NW7)</CommonName><Indicator>stop W</Indicator><LocalityName>Mill Hill</LocalityName><LocalityQualifier>Greater London</LocalityQualifier></AnnotatedStopPointRef><AnnotatedStopPointRef><StopPointRef>490004031W</StopPointRef><CommonName>Birkbeck Road (NW7)</CommonName><Indicator>stop W</Indicator><LocalityName>Mill Hill</LocalityName><LocalityQualifier>Greater London</LocalityQualifier></AnnotatedStopPointRef><AnnotatedStopPointRef><StopPointRef>490006881H</StopPointRef><CommonName>Flower Lane / Sacred Heart Ch</CommonName><Indicator>stop H</Indicator><LocalityName>Mill Hill</LocalityName><LocalityQualifier>Greater London</LocalityQualifier></AnnotatedStopPointRef><AnnotatedStopPointRef><StopPointRef>490001193A</StopPointRef><CommonName>Mill Hill Broadway</CommonName><Indicator>stop A</Indicator><LocalityName>Mill Hill</LocalityName><LocalityQualifier>Greater London</LocalityQualifier></AnnotatedStopPointRef><AnnotatedStopPointRef><StopPointRef>490009468S</StopPointRef><CommonName>Woodcroft Avenue (NW7)</CommonName><Indicator>stop S</Indicator><LocalityName>Mill Hill</LocalityName><LocalityQualifier>Greater London</LocalityQualifier></AnnotatedStopPointRef><AnnotatedStopPointRef><StopPointRef>490007265W</StopPointRef><CommonName>Goldbeaters Grove /Watling Ave</CommonName><Indicator>stop W</Indicator><LocalityName>Burnt Oak</LocalityName><LocalityQualifier>Greater London</LocalityQualifier></AnnotatedStopPointRef><AnnotatedStopPointRef><StopPointRef>490005753W</StopPointRef><CommonName>Burnt Oak Leisure Centre</CommonName><Indicator>stop QW</Indicator><LocalityName>Burnt Oak</LocalityName><LocalityQualifier>Greater London</LocalityQualifier></AnnotatedStopPointRef><AnnotatedStopPointRef><StopPointRef>490006942W</StopPointRef><CommonName>Gunter Grove (HA8)</CommonName><Indicator>stop T</Indicator><LocalityName>Burnt Oak</LocalityName><LocalityQualifier>Greater London</LocalityQualifier></AnnotatedStopPointRef><AnnotatedStopPointRef><StopPointRef>490000034R</StopPointRef><CommonName>Burnt Oak</CommonName><Indicator>stop R</Indicator><LocalityName>Burnt Oak</LocalityName><LocalityQualifier>Greater London</LocalityQualifier></AnnotatedStopPointRef><AnnotatedStopPointRef><StopPointRef>490004618C</StopPointRef><CommonName>Burnt Oak Broadway (HA8)</CommonName><Indicator>stop C</Indicator><LocalityName>Little Stanmore</LocalityName><LocalityQualifier>Greater London</LocalityQualifier></AnnotatedStopPointRef><AnnotatedStopPointRef><StopPointRef>490004617B</StopPointRef><CommonName>North Road (HA8)</CommonName><Indicator>stop B</Indicator><LocalityName>Burnt Oak</LocalityName><LocalityQualifier>Greater London</LocalityQualifier></AnnotatedStopPointRef><AnnotatedStopPointRef><StopPointRef>490006425HB</StopPointRef><CommonName>Edgware Community Hospital</CommonName><Indicator>stop HB</Indicator><LocalityName>Edgware</LocalityName><LocalityQualifier>Greater London</LocalityQualifier></AnnotatedStopPointRef><AnnotatedStopPointRef><StopPointRef>490006004HC</StopPointRef><CommonName>Deansbrook Road /Burnt Oak Bwy</CommonName><Indicator>stop HC</Indicator><LocalityName>Edgware</LocalityName><LocalityQualifier>Greater London</LocalityQualifier></AnnotatedStopPointRef><AnnotatedStopPointRef><StopPointRef>490012411P</StopPointRef><CommonName>Springvilla Road</CommonName><Indicator>stop P</Indicator><LocalityName>Little Stanmore</LocalityName><LocalityQualifier>Greater London</LocalityQualifier></AnnotatedStopPointRef><AnnotatedStopPointRef><StopPointRef>490011171H</StopPointRef><CommonName>Station Road / Edgware</CommonName><Indicator>stop H</Indicator><LocalityName>Edgware</LocalityName><LocalityQualifier>Greater London</LocalityQualifier></AnnotatedStopPointRef><AnnotatedStopPointRef><StopPointRef>490000070G</StopPointRef><CommonName>Edgware</CommonName><Indicator>stop G</Indicator><LocalityName>Edgware</LocalityName><LocalityQualifier>Greater London</LocalityQualifier></AnnotatedStopPointRef></StopPoints><RouteSections><RouteSection id="RS_54605c_H_1"><RouteLink id="RL_RS_54605c_H_1_0"><From><StopPointRef>490000070D</StopPointRef></From><To><StopPointRef>490012618J</StopPointRef></To><Direction>outbound</Direction></RouteLink><RouteLink id="RL_RS_54605c_H_1_1"><From><StopPointRef>490012618J</StopPointRef></From><To><StopPointRef>490014573N</StopPointRef></To><Direction>outbound</Direction></RouteLink><RouteLink id="RL_RS_54605c_H_1_2"><From><StopPointRef>490014573N</StopPointRef></From><To><StopPointRef>490006004HD</StopPointRef></To><Direction>outbound</Direction></RouteLink><RouteLink id="RL_RS_54605c_H_1_3"><From><StopPointRef>490006004HD</StopPointRef></From><To><StopPointRef>490006425HA</StopPointRef></To><Direction>outbound</Direction></RouteLink><RouteLink id="RL_RS_54605c_H_1_4"><From><StopPointRef>490006425HA</StopPointRef></From><To><StopPointRef>490004617A</StopPointRef></To><Direction>outbound</Direction></RouteLink><RouteLink id="RL_RS_54605c_H_1_5"><From><StopPointRef>490004617A</StopPointRef></From><To><StopPointRef>490013255D</StopPointRef></To><Direction>outbound</Direction></RouteLink><RouteLink id="RL_RS_54605c_H_1_6"><From><StopPointRef>490013255D</StopPointRef></From><To><StopPointRef>490013255K</StopPointRef></To><Direction>outbound</Direction></RouteLink><RouteLink id="RL_RS_54605c_H_1_7"><From><StopPointRef>490013255K</StopPointRef></From><To><StopPointRef>490000034M</StopPointRef></To><Direction>outbound</Direction></RouteLink><RouteLink id="RL_RS_54605c_H_1_8"><From><StopPointRef>490000034M</StopPointRef></From><To><StopPointRef>490007607E</StopPointRef></To><Direction>outbound</Direction></RouteLink><RouteLink id="RL_RS_54605c_H_1_9"><From><StopPointRef>490007607E</StopPointRef></From><To><StopPointRef>490005753E</StopPointRef></To><Direction>outbound</Direction></RouteLink><RouteLink id="RL_RS_54605c_H_1_10"><From><StopPointRef>490005753E</StopPointRef></From><To><StopPointRef>490007265E2</StopPointRef></To><Direction>outbound</Direction></RouteLink><RouteLink id="RL_RS_54605c_H_1_11"><From><StopPointRef>490007265E2</StopPointRef></From><To><StopPointRef>490009468N</StopPointRef></To><Direction>outbound</Direction></RouteLink><RouteLink id="RL_RS_54605c_H_1_12"><From><StopPointRef>490009468N</StopPointRef></From><To><StopPointRef>490015207F</StopPointRef></To><Direction>outbound</Direction></RouteLink><RouteLink id="RL_RS_54605c_H_1_13"><From><StopPointRef>490015207F</StopPointRef></From><To><StopPointRef>490009905M</StopPointRef></To><Direction>outbound</Direction></RouteLink><RouteLink id="RL_RS_54605c_H_1_14"><From><StopPointRef>490009905M</StopPointRef></From><To><StopPointRef>490009904R</StopPointRef></To><Direction>outbound</Direction></RouteLink><RouteLink id="RL_RS_54605c_H_1_15"><From><StopPointRef>490009904R</StopPointRef></From><To><StopPointRef>490018543E</StopPointRef></To><Direction>outbound</Direction></RouteLink></RouteSection><RouteSection id="RS_54605c_R_2"><RouteLink id="RL_RS_54605c_R_2_0"><From><StopPointRef>490018543E</StopPointRef></From><To><StopPointRef>490009901S</StopPointRef></To><Direction>inbound</Direction></RouteLink><RouteLink id="RL_RS_54605c_R_2_1"><From><StopPointRef>490009901S</StopPointRef></From><To><StopPointRef>490009902S</StopPointRef></To><Direction>inbound</Direction></RouteLink><RouteLink id="RL_RS_54605c_R_2_2"><From><StopPointRef>490009902S</StopPointRef></From><To><StopPointRef>490012035S</StopPointRef></To><Direction>inbound</Direction></RouteLink><RouteLink id="RL_RS_54605c_R_2_3"><From><StopPointRef>490012035S</StopPointRef></From><To><StopPointRef>490014791W</StopPointRef></To><Direction>inbound</Direction></RouteLink><RouteLink id="RL_RS_54605c_R_2_4"><From><StopPointRef>490014791W</StopPointRef></From><To><StopPointRef>490004031W</StopPointRef></To><Direction>inbound</Direction></RouteLink><RouteLink id="RL_RS_54605c_R_2_5"><From><StopPointRef>490004031W</StopPointRef></From><To><StopPointRef>490006881H</StopPointRef></To><Direction>inbound</Direction></RouteLink><RouteLink id="RL_RS_54605c_R_2_6"><From><StopPointRef>490006881H</StopPointRef></From><To><StopPointRef>490001193A</StopPointRef></To><Direction>inbound</Direction></RouteLink><RouteLink id="RL_RS_54605c_R_2_7"><From><StopPointRef>490001193A</StopPointRef></From><To><StopPointRef>490009468S</StopPointRef></To><Direction>inbound</Direction></RouteLink><RouteLink id="RL_RS_54605c_R_2_8"><From><StopPointRef>490009468S</StopPointRef></From><To><StopPointRef>490007265W</StopPointRef></To><Direction>inbound</Direction></RouteLink><RouteLink id="RL_RS_54605c_R_2_9"><From><StopPointRef>490007265W</StopPointRef></From><To><StopPointRef>490005753W</StopPointRef></To><Direction>inbound</Direction></RouteLink><RouteLink id="RL_RS_54605c_R_2_10"><From><StopPointRef>490005753W</StopPointRef></From><To><StopPointRef>490006942W</StopPointRef></To><Direction>inbound</Direction></RouteLink><RouteLink id="RL_RS_54605c_R_2_11"><From><StopPointRef>490006942W</StopPointRef></From><To><StopPointRef>490000034R</StopPointRef></To><Direction>inbound</Direction></RouteLink><RouteLink id="RL_RS_54605c_R_2_12"><From><StopPointRef>490000034R</StopPointRef></From><To><StopPointRef>490004618C</StopPointRef></To><Direction>inbound</Direction></RouteLink><RouteLink id="RL_RS_54605c_R_2_13"><From><StopPointRef>490004618C</StopPointRef></From><To><StopPointRef>490004617B</StopPointRef></To><Direction>inbound</Direction></RouteLink><RouteLink id="RL_RS_54605c_R_2_14"><From><StopPointRef>490004617B</StopPointRef></From><To><StopPointRef>490006425HB</StopPointRef></To><Direction>inbound</Direction></RouteLink><RouteLink id="RL_RS_54605c_R_2_15"><From><StopPointRef>490006425HB</StopPointRef></From><To><StopPointRef>490006004HC</StopPointRef></To><Direction>inbound</Direction></RouteLink><RouteLink id="RL_RS_54605c_R_2_16"><From><StopPointRef>490006004HC</StopPointRef></From><To><StopPointRef>490012411P</StopPointRef></To><Direction>inbound</Direction></RouteLink><RouteLink id="RL_RS_54605c_R_2_17"><From><StopPointRef>490012411P</StopPointRef></From><To><StopPointRef>490011171H</StopPointRef></To><Direction>inbound</Direction></RouteLink><RouteLink id="RL_RS_54605c_R_2_18"><From><StopPointRef>490011171H</StopPointRef></From><To><StopPointRef>490000070G</StopPointRef></To><Direction>inbound</Direction></RouteLink></RouteSection></RouteSections><Routes><Route id="R_54605c_H_1"><PrivateCode>R_54605c_H_1</PrivateCode><Description>Edgware - Marsh Lane / Uphill Road</Description><RouteSectionRef>RS_54605c_H_1</RouteSectionRef></Route><Route id="R_54605c_R_2"><PrivateCode>R_54605c_R_2</PrivateCode><Description>Marsh Lane / Uphill Road - Edgware</Description><RouteSectionRef>RS_54605c_R_2</RouteSectionRef></Route></Routes><JourneyPatternSections><JourneyPatternSection id="JPS_54605c_H_1"><JourneyPatternTimingLink id="JPL_54605c_H_1_0"><From SequenceNumber="1"><StopPointRef>490000070D</StopPointRef><TimingStatus>PTP</TimingStatus></From><To SequenceNumber="2"><StopPointRef>490012618J</StopPointRef><TimingStatus>PTP</TimingStatus></To><RunTime>PT66S</RunTime></JourneyPatternTimingLink><JourneyPatternTimingLink id="JPL_54605c_H_1_1"><From SequenceNumber="2"><StopPointRef>490012618J</StopPointRef><TimingStatus>PTP</TimingStatus></From><To SequenceNumber="3"><StopPointRef>490014573N</StopPointRef><TimingStatus>PTP</TimingStatus></To><RunTime>PT66S</RunTime></JourneyPatternTimingLink><JourneyPatternTimingLink id="JPL_54605c_H_1_2"><From SequenceNumber="3"><StopPointRef>490014573N</StopPointRef><TimingStatus>PTP</TimingStatus></From><To SequenceNumber="4"><StopPointRef>490006004HD</StopPointRef><TimingStatus>PTP</TimingStatus></To><RunTime>PT66S</RunTime></JourneyPatternTimingLink><JourneyPatternTimingLink id="JPL_54605c_H_1_3"><From SequenceNumber="4"><StopPointRef>490006004HD</StopPointRef><TimingStatus>PTP</TimingStatus></From><To SequenceNumber="5"><StopPointRef>490006425HA</StopPointRef><TimingStatus>PTP</TimingStatus></To><RunTime>PT66S</RunTime></JourneyPatternTimingLink><JourneyPatternTimingLink id="JPL_54605c_H_1_4"><From SequenceNumber="5"><StopPointRef>490006425HA</StopPointRef><TimingStatus>PTP</TimingStatus></From><To SequenceNumber="6"><StopPointRef>490004617A</StopPointRef><TimingStatus>PTP</TimingStatus></To><RunTime>PT66S</RunTime></JourneyPatternTimingLink><JourneyPatternTimingLink id="JPL_54605c_H_1_5"><From SequenceNumber="6"><StopPointRef>490004617A</StopPointRef><TimingStatus>PTP</TimingStatus></From><To SequenceNumber="7"><StopPointRef>490013255D</StopPointRef><TimingStatus>PTP</TimingStatus></To><RunTime>PT66S</RunTime></JourneyPatternTimingLink><JourneyPatternTimingLink id="JPL_54605c_H_1_6"><From SequenceNumber="7"><StopPointRef>490013255D</StopPointRef><TimingStatus>PTP</TimingStatus></From><To SequenceNumber="8"><StopPointRef>490013255K</StopPointRef><TimingStatus>PTP</TimingStatus></To><RunTime>PT66S</RunTime></JourneyPatternTimingLink><JourneyPatternTimingLink id="JPL_54605c_H_1_7"><From SequenceNumber="8"><StopPointRef>490013255K</StopPointRef><TimingStatus>PTP</TimingStatus></From><To SequenceNumber="9"><StopPointRef>490000034M</StopPointRef><TimingStatus>PTP</TimingStatus></To><RunTime>PT78S</RunTime></JourneyPatternTimingLink><JourneyPatternTimingLink id="JPL_54605c_H_1_8"><From SequenceNumber="9"><StopPointRef>490000034M</StopPointRef><TimingStatus>PTP</TimingStatus></From><To SequenceNumber="10"><StopPointRef>490007607E</StopPointRef><TimingStatus>PTP</TimingStatus></To><RunTime>PT96S</RunTime></JourneyPatternTimingLink><JourneyPatternTimingLink id="JPL_54605c_H_1_9"><From SequenceNumber="10"><StopPointRef>490007607E</StopPointRef><TimingStatus>PTP</TimingStatus></From><To SequenceNumber="11"><StopPointRef>490005753E</StopPointRef><TimingStatus>PTP</TimingStatus></To><RunTime>PT96S</RunTime></JourneyPatternTimingLink><JourneyPatternTimingLink id="JPL_54605c_H_1_10"><From SequenceNumber="11"><StopPointRef>490005753E</StopPointRef><TimingStatus>PTP</TimingStatus></From><To SequenceNumber="12"><StopPointRef>490007265E2</StopPointRef><TimingStatus>PTP</TimingStatus></To><RunTime>PT96S</RunTime></JourneyPatternTimingLink><JourneyPatternTimingLink id="JPL_54605c_H_1_11"><From SequenceNumber="12"><StopPointRef>490007265E2</StopPointRef><TimingStatus>PTP</TimingStatus></From><To SequenceNumber="13"><StopPointRef>490009468N</StopPointRef><TimingStatus>PTP</TimingStatus></To><RunTime>PT96S</RunTime></JourneyPatternTimingLink><JourneyPatternTimingLink id="JPL_54605c_H_1_12"><From SequenceNumber="13"><StopPointRef>490009468N</StopPointRef><TimingStatus>PTP</TimingStatus></From><To SequenceNumber="14"><StopPointRef>490015207F</StopPointRef><TimingStatus>PTP</TimingStatus></To><RunTime>PT96S</RunTime></JourneyPatternTimingLink><JourneyPatternTimingLink id="JPL_54605c_H_1_13"><From SequenceNumber="14"><StopPointRef>490015207F</StopPointRef><TimingStatus>PTP</TimingStatus></From><To SequenceNumber="15"><StopPointRef>490009905M</StopPointRef><TimingStatus>PTP</TimingStatus></To><RunTime>PT198S</RunTime></JourneyPatternTimingLink><JourneyPatternTimingLink id="JPL_54605c_H_1_14"><From SequenceNumber="15"><StopPointRef>490009905M</StopPointRef><TimingStatus>PTP</TimingStatus></From><To SequenceNumber="16"><StopPointRef>490009904R</StopPointRef><TimingStatus>PTP</TimingStatus></To><RunTime>PT198S</RunTime></JourneyPatternTimingLink><JourneyPatternTimingLink id="JPL_54605c_H_1_15"><From SequenceNumber="16"><StopPointRef>490009904R</StopPointRef><TimingStatus>PTP</TimingStatus></From><To SequenceNumber="17"><StopPointRef>490018543E</StopPointRef><TimingStatus>PTP</TimingStatus></To><RunTime>PT204S</RunTime></JourneyPatternTimingLink></JourneyPatternSection><JourneyPatternSection id="JPS_54605c_R_2"><JourneyPatternTimingLink id="JPL_54605c_R_2_0"><From SequenceNumber="1"><StopPointRef>490018543E</StopPointRef><TimingStatus>PTP</TimingStatus></From><To SequenceNumber="2"><StopPointRef>490009901S</StopPointRef><TimingStatus>PTP</TimingStatus></To><RunTime>PT102S</RunTime></JourneyPatternTimingLink><JourneyPatternTimingLink id="JPL_54605c_R_2_1"><From SequenceNumber="2"><StopPointRef>490009901S</StopPointRef><TimingStatus>PTP</TimingStatus></From><To SequenceNumber="3"><StopPointRef>490009902S</StopPointRef><TimingStatus>PTP</TimingStatus></To><RunTime>PT102S</RunTime></JourneyPatternTimingLink><JourneyPatternTimingLink id="JPL_54605c_R_2_2"><From SequenceNumber="3"><StopPointRef>490009902S</StopPointRef><TimingStatus>PTP</TimingStatus></From><To SequenceNumber="4"><StopPointRef>490012035S</StopPointRef><TimingStatus>PTP</TimingStatus></To><RunTime>PT102S</RunTime></JourneyPatternTimingLink><JourneyPatternTimingLink id="JPL_54605c_R_2_3"><From SequenceNumber="4"><StopPointRef>490012035S</StopPointRef><TimingStatus>PTP</TimingStatus></From><To SequenceNumber="5"><StopPointRef>490014791W</StopPointRef><TimingStatus>PTP</TimingStatus></To><RunTime>PT102S</RunTime></JourneyPatternTimingLink><JourneyPatternTimingLink id="JPL_54605c_R_2_4"><From SequenceNumber="5"><StopPointRef>490014791W</StopPointRef><TimingStatus>PTP</TimingStatus></From><To SequenceNumber="6"><StopPointRef>490004031W</StopPointRef><TimingStatus>PTP</TimingStatus></To><RunTime>PT102S</RunTime></JourneyPatternTimingLink><JourneyPatternTimingLink id="JPL_54605c_R_2_5"><From SequenceNumber="6"><StopPointRef>490004031W</StopPointRef><TimingStatus>PTP</TimingStatus></From><To SequenceNumber="7"><StopPointRef>490006881H</StopPointRef><TimingStatus>PTP</TimingStatus></To><RunTime>PT102S</RunTime></JourneyPatternTimingLink><JourneyPatternTimingLink id="JPL_54605c_R_2_6"><From SequenceNumber="7"><StopPointRef>490006881H</StopPointRef><TimingStatus>PTP</TimingStatus></From><To SequenceNumber="8"><StopPointRef>490001193A</StopPointRef><TimingStatus>PTP</TimingStatus></To><RunTime>PT108S</RunTime></JourneyPatternTimingLink><JourneyPatternTimingLink id="JPL_54605c_R_2_7"><From SequenceNumber="8"><StopPointRef>490001193A</StopPointRef><TimingStatus>PTP</TimingStatus></From><To SequenceNumber="9"><StopPointRef>490009468S</StopPointRef><TimingStatus>PTP</TimingStatus></To><RunTime>PT84S</RunTime></JourneyPatternTimingLink><JourneyPatternTimingLink id="JPL_54605c_R_2_8"><From SequenceNumber="9"><StopPointRef>490009468S</StopPointRef><TimingStatus>PTP</TimingStatus></From><To SequenceNumber="10"><StopPointRef>490007265W</StopPointRef><TimingStatus>PTP</TimingStatus></To><RunTime>PT84S</RunTime></JourneyPatternTimingLink><JourneyPatternTimingLink id="JPL_54605c_R_2_9"><From SequenceNumber="10"><StopPointRef>490007265W</StopPointRef><TimingStatus>PTP</TimingStatus></From><To SequenceNumber="11"><StopPointRef>490005753W</StopPointRef><TimingStatus>PTP</TimingStatus></To><RunTime>PT84S</RunTime></JourneyPatternTimingLink><JourneyPatternTimingLink id="JPL_54605c_R_2_10"><From SequenceNumber="11"><StopPointRef>490005753W</StopPointRef><TimingStatus>PTP</TimingStatus></From><To SequenceNumber="12"><StopPointRef>490006942W</StopPointRef><TimingStatus>PTP</TimingStatus></To><RunTime>PT84S</RunTime></JourneyPatternTimingLink><JourneyPatternTimingLink id="JPL_54605c_R_2_11"><From SequenceNumber="12"><StopPointRef>490006942W</StopPointRef><TimingStatus>PTP</TimingStatus></From><To SequenceNumber="13"><StopPointRef>490000034R</StopPointRef><TimingStatus>PTP</TimingStatus></To><RunTime>PT84S</RunTime></JourneyPatternTimingLink><JourneyPatternTimingLink id="JPL_54605c_R_2_12"><From SequenceNumber="13"><StopPointRef>490000034R</StopPointRef><TimingStatus>PTP</TimingStatus></From><To SequenceNumber="14"><StopPointRef>490004618C</StopPointRef><TimingStatus>PTP</TimingStatus></To><RunTime>PT90S</RunTime></JourneyPatternTimingLink><JourneyPatternTimingLink id="JPL_54605c_R_2_13"><From SequenceNumber="14"><StopPointRef>490004618C</StopPointRef><TimingStatus>PTP</TimingStatus></From><To SequenceNumber="15"><StopPointRef>490004617B</StopPointRef><TimingStatus>PTP</TimingStatus></To><RunTime>PT90S</RunTime></JourneyPatternTimingLink><JourneyPatternTimingLink id="JPL_54605c_R_2_14"><From SequenceNumber="15"><StopPointRef>490004617B</StopPointRef><TimingStatus>PTP</TimingStatus></From><To SequenceNumber="16"><StopPointRef>490006425HB</StopPointRef><TimingStatus>PTP</TimingStatus></To><RunTime>PT90S</RunTime></JourneyPatternTimingLink><JourneyPatternTimingLink id="JPL_54605c_R_2_15"><From SequenceNumber="16"><StopPointRef>490006425HB</StopPointRef><TimingStatus>PTP</TimingStatus></From><To SequenceNumber="17"><StopPointRef>490006004HC</StopPointRef><TimingStatus>PTP</TimingStatus></To><RunTime>PT90S</RunTime></JourneyPatternTimingLink><JourneyPatternTimingLink id="JPL_54605c_R_2_16"><From SequenceNumber="17"><StopPointRef>490006004HC</StopPointRef><TimingStatus>PTP</TimingStatus></From><To SequenceNumber="18"><StopPointRef>490012411P</StopPointRef><TimingStatus>PTP</TimingStatus></To><RunTime>PT90S</RunTime></JourneyPatternTimingLink><JourneyPatternTimingLink id="JPL_54605c_R_2_17"><From SequenceNumber="18"><StopPointRef>490012411P</StopPointRef><TimingStatus>PTP</TimingStatus></From><To SequenceNumber="19"><StopPointRef>490011171H</StopPointRef><TimingStatus>PTP</TimingStatus></To><RunTime>PT90S</RunTime></JourneyPatternTimingLink><JourneyPatternTimingLink id="JPL_54605c_R_2_18"><From SequenceNumber="19"><StopPointRef>490011171H</StopPointRef><TimingStatus>PTP</TimingStatus></From><To SequenceNumber="20"><StopPointRef>490000070G</StopPointRef><TimingStatus>PTP</TimingStatus></To><RunTime>PT120S</RunTime></JourneyPatternTimingLink></JourneyPatternSection></JourneyPatternSections><Operators><Operator id="OId_ML"><OperatorCode>ML</OperatorCode><OperatorShortName>ML</OperatorShortName><OperatorNameOnLicence>ML</OperatorNameOnLicence><TradingName>ML</TradingName></Operator></Operators><Services><Service><ServiceCode>SId_54605c0</ServiceCode><PrivateCode>54605c0</PrivateCode><Lines><Line id="LId_54605c0"><LineName>605</LineName></Line></Lines><OperatingPeriod><StartDate>2009-12-01</StartDate><EndDate>2010-12-23</EndDate></OperatingPeriod><OperatingProfile><RegularDayType>
					<DaysOfWeek>
						<MondayToFriday/>
					</DaysOfWeek>
				</RegularDayType>
				<BankHolidayOperation><DaysOfNonOperation><AllBankHolidays></AllBankHolidays></DaysOfNonOperation></BankHolidayOperation></OperatingProfile><RegisteredOperatorRef>OId_ML</RegisteredOperatorRef><StopRequirements><NoNewStopsRequired/></StopRequirements><StandardService><Origin>Edgware</Origin><Destination>Marsh Lane / Uphill Road</Destination><JourneyPattern id="JP_54605c_H0_1"><Direction>outbound</Direction><Operational><VehicleType><VehicleTypeCode>08</VehicleTypeCode><Description>Double Decker Low Floor+Wheelchair</Description></VehicleType></Operational><RouteRef>R_54605c_H_1</RouteRef><JourneyPatternSectionRefs>JPS_54605c_H_1</JourneyPatternSectionRefs></JourneyPattern><JourneyPattern id="JP_54605c_R0_2"><Direction>inbound</Direction><Operational><VehicleType><VehicleTypeCode>08</VehicleTypeCode><Description>Double Decker Low Floor+Wheelchair</Description></VehicleType></Operational><RouteRef>R_54605c_R_2</RouteRef><JourneyPatternSectionRefs>JPS_54605c_R_2</JourneyPatternSectionRefs></JourneyPattern></StandardService></Service></Services><VehicleJourneys><VehicleJourney><PrivateCode>54605cc0H6050002</PrivateCode><Operational><VehicleType><VehicleTypeCode>08</VehicleTypeCode><Description>Double Decker Low Floor+Wheelchair</Description></VehicleType></Operational><OperatingProfile><RegularDayType>
					<DaysOfWeek>
						<MondayToFriday/>
					</DaysOfWeek>
				</RegularDayType>
			</OperatingProfile><VehicleJourneyCode>54605cc0H6050002</VehicleJourneyCode><ServiceRef>SId_54605c0</ServiceRef><LineRef>LId_54605c0</LineRef><JourneyPatternRef>JP_54605c_H0_1</JourneyPatternRef><DepartureTime>07:35:00</DepartureTime></VehicleJourney><VehicleJourney><PrivateCode>54605cc0R6050001</PrivateCode><Operational><VehicleType><VehicleTypeCode>08</VehicleTypeCode><Description>Double Decker Low Floor+Wheelchair</Description></VehicleType></Operational><OperatingProfile><RegularDayType>
					<DaysOfWeek>
						<MondayToFriday/>
					</DaysOfWeek>
				</RegularDayType>
			</OperatingProfile><VehicleJourneyCode>54605cc0R6050001</VehicleJourneyCode><ServiceRef>SId_54605c0</ServiceRef><LineRef>LId_54605c0</LineRef><JourneyPatternRef>JP_54605c_R0_2</JourneyPatternRef><DepartureTime>15:40:00</DepartureTime></VehicleJourney></VehicleJourneys></TransXChange>
