<?xml version="1.0" encoding="UTF-8"?>
<TransXChange CreationDateTime="2010-10-28T09:06:26" ModificationDateTime="2010-10-28T09:06:26" Modification="new" FileName="G:\mentzdv\Datastore\output_txc_48639_.xml" RevisionNumber="0" SchemaVersion="2.1" xmlns:xsi="http://www.w3.org/2001/XMLSchema-instance" xsi:schemaLocation="http://www.transxchange.org.uk/ http://www.transxchange.org.uk/schema/2.1/TransXChange_general.xsd" xmlns="http://www.transxchange.org.uk/" xmlns:n1="http://www.transxchange.org.uk/" xmlns:n2="http://www.govtalk.gov.uk/people/AddressAndPersonalDetails" xmlns:n3="http://www.govtalk.gov.uk/core" xmlns:n4="http://www.govtalk.gov.uk/people/bs7666"><StopPoints><AnnotatedStopPointRef><StopPointRef>490008565N</StopPointRef><CommonName>John Paul II School (SW19)</CommonName><Indicator>stop PS</Indicator><LocalityName>Putney Heath</LocalityName><LocalityQualifier>Greater London</LocalityQualifier></AnnotatedStopPointRef><AnnotatedStopPointRef><StopPointRef>490009097S</StopPointRef><CommonName>Levana Close (SW19)</CommonName><Indicator>stop S</Indicator><LocalityName>Putney Heath</LocalityName><LocalityQualifier>Greater London</LocalityQualifier></AnnotatedStopPointRef><AnnotatedStopPointRef><StopPointRef>490012211N</StopPointRef><CommonName>Smithwood Close (SW19)</CommonName><Indicator>stop S</Indicator><LocalityName>Putney Heath</LocalityName><LocalityQualifier>Greater London</LocalityQualifier></AnnotatedStopPointRef><AnnotatedStopPointRef><StopPointRef>490012211S</StopPointRef><CommonName>Church Road /Wimbledon Park Rd</CommonName><Indicator>stop C</Indicator><LocalityName>West Hill</LocalityName><LocalityQualifier>Greater London</LocalityQualifier></AnnotatedStopPointRef><AnnotatedStopPointRef><StopPointRef>490014903N</StopPointRef><CommonName>Woodspring Road (SW19)</CommonName><Indicator>stop B</Indicator><LocalityName>West Hill</LocalityName><LocalityQualifier>Greater London</LocalityQualifier></AnnotatedStopPointRef><AnnotatedStopPointRef><StopPointRef>490012273N</StopPointRef><CommonName>Southdean Gardens (SW19)</CommonName><Indicator>stop A</Indicator><LocalityName>West Hill</LocalityName><LocalityQualifier>Greater London</LocalityQualifier></AnnotatedStopPointRef><AnnotatedStopPointRef><StopPointRef>490000209C</StopPointRef><CommonName>Southfields Stn /Replingham Rd</CommonName><Indicator>stop B</Indicator><LocalityName>West Hill</LocalityName><LocalityQualifier>Greater London</LocalityQualifier></AnnotatedStopPointRef><AnnotatedStopPointRef><StopPointRef>490000209A</StopPointRef><CommonName>Southfields</CommonName><Indicator>stop C</Indicator><LocalityName>Southfields (London)</LocalityName><LocalityQualifier>Greater London</LocalityQualifier></AnnotatedStopPointRef><AnnotatedStopPointRef><StopPointRef>490004880N</StopPointRef><CommonName>Gatwick Road (SW18)</CommonName><Indicator>stop D</Indicator><LocalityName>West Hill</LocalityName><LocalityQualifier>Greater London</LocalityQualifier></AnnotatedStopPointRef><AnnotatedStopPointRef><StopPointRef>490007376E</StopPointRef><CommonName>Granville Road (SW18)</CommonName><Indicator>stop E</Indicator><LocalityName>West Hill</LocalityName><LocalityQualifier>Greater London</LocalityQualifier></AnnotatedStopPointRef><AnnotatedStopPointRef><StopPointRef>490013493N</StopPointRef><CommonName>The Park Tavern</CommonName><Indicator>stop L</Indicator><LocalityName>West Hill</LocalityName><LocalityQualifier>Greater London</LocalityQualifier></AnnotatedStopPointRef><AnnotatedStopPointRef><StopPointRef>490004492N</StopPointRef><CommonName>Broomhill Road (SW18)</CommonName><Indicator>stop N</Indicator><LocalityName>Wandsworth</LocalityName><LocalityQualifier>Greater London</LocalityQualifier></AnnotatedStopPointRef><AnnotatedStopPointRef><StopPointRef>490014184W</StopPointRef><CommonName>Wandsworth / Southside</CommonName><Indicator>stop W</Indicator><LocalityName>Wandsworth</LocalityName><LocalityQualifier>Greater London</LocalityQualifier></AnnotatedStopPointRef><AnnotatedStopPointRef><StopPointRef>490014190G</StopPointRef><CommonName>Wandsworth Plain</CommonName><Indicator>stop G</Indicator><LocalityName>Wandsworth</LocalityName><LocalityQualifier>Greater London</LocalityQualifier></AnnotatedStopPointRef><AnnotatedStopPointRef><StopPointRef>490014195N</StopPointRef><CommonName>Wandsworth Town Hall</CommonName><Indicator>stop N</Indicator><LocalityName>Wandsworth</LocalityName><LocalityQualifier>Greater London</LocalityQualifier></AnnotatedStopPointRef><AnnotatedStopPointRef><StopPointRef>490003259E</StopPointRef><CommonName>East Hill / Alma Road</CommonName><Indicator>stop A</Indicator><LocalityName>Wandsworth</LocalityName><LocalityQualifier>Greater London</LocalityQualifier></AnnotatedStopPointRef><AnnotatedStopPointRef><StopPointRef>490015404E</StopPointRef><CommonName>Marcilly Road (SW18)</CommonName><Indicator>stop B</Indicator><LocalityName>Clapham Junction</LocalityName><LocalityQualifier>Greater London</LocalityQualifier></AnnotatedStopPointRef><AnnotatedStopPointRef><StopPointRef>490011066E</StopPointRef><CommonName>Plough Road / St John's Hill</CommonName><Indicator>stop C</Indicator><LocalityName>Clapham Junction</LocalityName><LocalityQualifier>Greater London</LocalityQualifier></AnnotatedStopPointRef><AnnotatedStopPointRef><StopPointRef>490015060B</StopPointRef><CommonName>Clapham Junction</CommonName><Indicator>stop B</Indicator><LocalityName>Clapham Junction</LocalityName><LocalityQualifier>Greater London</LocalityQualifier></AnnotatedStopPointRef><AnnotatedStopPointRef><StopPointRef>490001069D</StopPointRef><CommonName>Clapham Junction</CommonName><Indicator>stop D</Indicator><LocalityName>Clapham Junction</LocalityName><LocalityQualifier>Greater London</LocalityQualifier></AnnotatedStopPointRef><AnnotatedStopPointRef><StopPointRef>490001069M</StopPointRef><CommonName>Clapham Junction</CommonName><Indicator>stop M</Indicator><LocalityName>Clapham Junction</LocalityName><LocalityQualifier>Greater London</LocalityQualifier></AnnotatedStopPointRef><AnnotatedStopPointRef><StopPointRef>490011066W</StopPointRef><CommonName>Plough Road / St John's Hill</CommonName><Indicator>stop W</Indicator><LocalityName>Clapham Junction</LocalityName><LocalityQualifier>Greater London</LocalityQualifier></AnnotatedStopPointRef><AnnotatedStopPointRef><StopPointRef>490004538W</StopPointRef><CommonName>Brussels Road</CommonName><Indicator>stop SA</Indicator><LocalityName>Clapham Junction</LocalityName><LocalityQualifier>Greater London</LocalityQualifier></AnnotatedStopPointRef><AnnotatedStopPointRef><StopPointRef>490015372W</StopPointRef><CommonName>Marcilly Road (SW18)</CommonName><Indicator>stop SB</Indicator><LocalityName>Clapham Junction</LocalityName><LocalityQualifier>Greater London</LocalityQualifier></AnnotatedStopPointRef><AnnotatedStopPointRef><StopPointRef>490008418W</StopPointRef><CommonName>Huguenot Place / Alma Road</CommonName><Indicator>stop SH</Indicator><LocalityName>Wandsworth</LocalityName><LocalityQualifier>Greater London</LocalityQualifier></AnnotatedStopPointRef><AnnotatedStopPointRef><StopPointRef>490008093W</StopPointRef><CommonName>Herndon Road (SW18)</CommonName><Indicator>stop SJ</Indicator><LocalityName>Wandsworth</LocalityName><LocalityQualifier>Greater London</LocalityQualifier></AnnotatedStopPointRef><AnnotatedStopPointRef><StopPointRef>490014184U</StopPointRef><CommonName>Wandsworth / Southside</CommonName><Indicator>stop U</Indicator><LocalityName>Wandsworth</LocalityName><LocalityQualifier>Greater London</LocalityQualifier></AnnotatedStopPointRef><AnnotatedStopPointRef><StopPointRef>490004492S</StopPointRef><CommonName>Broomhill Road (SW18)</CommonName><Indicator>stop S</Indicator><LocalityName>Wandsworth</LocalityName><LocalityQualifier>Greater London</LocalityQualifier></AnnotatedStopPointRef><AnnotatedStopPointRef><StopPointRef>490013493S</StopPointRef><CommonName>The Park Tavern</CommonName><Indicator>stop M</Indicator><LocalityName>West Hill</LocalityName><LocalityQualifier>Greater London</LocalityQualifier></AnnotatedStopPointRef><AnnotatedStopPointRef><StopPointRef>490007376W</StopPointRef><CommonName>Granville Road (SW18)</CommonName><Indicator>stop S</Indicator><LocalityName>West Hill</LocalityName><LocalityQualifier>Greater London</LocalityQualifier></AnnotatedStopPointRef><AnnotatedStopPointRef><StopPointRef>490007144S</StopPointRef><CommonName>Gatwick Road (SW18)</CommonName><Indicator>stop T</Indicator><LocalityName>West Hill</LocalityName><LocalityQualifier>Greater London</LocalityQualifier></AnnotatedStopPointRef><AnnotatedStopPointRef><StopPointRef>490000209B</StopPointRef><CommonName>Southfields</CommonName><Indicator>stop U</Indicator><LocalityName>Southfields (London)</LocalityName><LocalityQualifier>Greater London</LocalityQualifier></AnnotatedStopPointRef><AnnotatedStopPointRef><StopPointRef>490012273S</StopPointRef><CommonName>Southdean Gardens (SW19)</CommonName><Indicator>stop V</Indicator><LocalityName>West Hill</LocalityName><LocalityQualifier>Greater London</LocalityQualifier></AnnotatedStopPointRef><AnnotatedStopPointRef><StopPointRef>490014054S</StopPointRef><CommonName>Woodspring Road (SW19)</CommonName><Indicator>stop V</Indicator><LocalityName>West Hill</LocalityName><LocalityQualifier>Greater London</LocalityQualifier></AnnotatedStopPointRef><AnnotatedStopPointRef><StopPointRef>490014737N</StopPointRef><CommonName>Church Road /Wimbledon Park Rd</CommonName><Indicator>stop E</Indicator><LocalityName>West Hill</LocalityName><LocalityQualifier>Greater London</LocalityQualifier></AnnotatedStopPointRef><AnnotatedStopPointRef><StopPointRef>490010125N</StopPointRef><CommonName>Murfett Close</CommonName><Indicator>stop F</Indicator><LocalityName>Putney Heath</LocalityName><LocalityQualifier>Greater London</LocalityQualifier></AnnotatedStopPointRef><AnnotatedStopPointRef><StopPointRef>490008805N</StopPointRef><CommonName>Smithwood Close (SW19)</CommonName><Indicator>stop N</Indicator><LocalityName>Putney Heath</LocalityName><LocalityQualifier>Greater London</LocalityQualifier></AnnotatedStopPointRef><AnnotatedStopPointRef><StopPointRef>490009097N</StopPointRef><CommonName>Levana Close (SW19)</CommonName><Indicator>stop N</Indicator><LocalityName>Putney Heath</LocalityName><LocalityQualifier>Greater London</LocalityQualifier></AnnotatedStopPointRef><AnnotatedStopPointRef><StopPointRef>490004723N</StopPointRef><CommonName>Southmead Primary School</CommonName><Indicator>stop N</Indicator><LocalityName>West Hill</LocalityName><LocalityQualifier>Greater London</LocalityQualifier></AnnotatedStopPointRef><AnnotatedStopPointRef><StopPointRef>490014758N</StopPointRef><CommonName>Windlesham Grove</CommonName><Indicator>stop N</Indicator><LocalityName>West Hill</LocalityName><LocalityQualifier>Greater London</LocalityQualifier></AnnotatedStopPointRef></StopPoints><RouteSections><RouteSection id="RS_48639_H_1"><RouteLink id="RL_RS_48639_H_1_0"><From><StopPointRef>490008565N</StopPointRef></From><To><StopPointRef>490009097S</StopPointRef></To><Direction>outbound</Direction></RouteLink><RouteLink id="RL_RS_48639_H_1_1"><From><StopPointRef>490009097S</StopPointRef></From><To><StopPointRef>490012211N</StopPointRef></To><Direction>outbound</Direction></RouteLink><RouteLink id="RL_RS_48639_H_1_2"><From><StopPointRef>490012211N</StopPointRef></From><To><StopPointRef>490012211S</StopPointRef></To><Direction>outbound</Direction></RouteLink><RouteLink id="RL_RS_48639_H_1_3"><From><StopPointRef>490012211S</StopPointRef></From><To><StopPointRef>490014903N</StopPointRef></To><Direction>outbound</Direction></RouteLink><RouteLink id="RL_RS_48639_H_1_4"><From><StopPointRef>490014903N</StopPointRef></From><To><StopPointRef>490012273N</StopPointRef></To><Direction>outbound</Direction></RouteLink><RouteLink id="RL_RS_48639_H_1_5"><From><StopPointRef>490012273N</StopPointRef></From><To><StopPointRef>490000209C</StopPointRef></To><Direction>outbound</Direction></RouteLink><RouteLink id="RL_RS_48639_H_1_6"><From><StopPointRef>490000209C</StopPointRef></From><To><StopPointRef>490000209A</StopPointRef></To><Direction>outbound</Direction></RouteLink><RouteLink id="RL_RS_48639_H_1_7"><From><StopPointRef>490000209A</StopPointRef></From><To><StopPointRef>490004880N</StopPointRef></To><Direction>outbound</Direction></RouteLink><RouteLink id="RL_RS_48639_H_1_8"><From><StopPointRef>490004880N</StopPointRef></From><To><StopPointRef>490007376E</StopPointRef></To><Direction>outbound</Direction></RouteLink><RouteLink id="RL_RS_48639_H_1_9"><From><StopPointRef>490007376E</StopPointRef></From><To><StopPointRef>490013493N</StopPointRef></To><Direction>outbound</Direction></RouteLink><RouteLink id="RL_RS_48639_H_1_10"><From><StopPointRef>490013493N</StopPointRef></From><To><StopPointRef>490004492N</StopPointRef></To><Direction>outbound</Direction></RouteLink><RouteLink id="RL_RS_48639_H_1_11"><From><StopPointRef>490004492N</StopPointRef></From><To><StopPointRef>490014184W</StopPointRef></To><Direction>outbound</Direction></RouteLink><RouteLink id="RL_RS_48639_H_1_12"><From><StopPointRef>490014184W</StopPointRef></From><To><StopPointRef>490014190G</StopPointRef></To><Direction>outbound</Direction></RouteLink><RouteLink id="RL_RS_48639_H_1_13"><From><StopPointRef>490014190G</StopPointRef></From><To><StopPointRef>490014195N</StopPointRef></To><Direction>outbound</Direction></RouteLink><RouteLink id="RL_RS_48639_H_1_14"><From><StopPointRef>490014195N</StopPointRef></From><To><StopPointRef>490003259E</StopPointRef></To><Distance>379</Distance><Direction>outbound</Direction></RouteLink><RouteLink id="RL_RS_48639_H_1_15"><From><StopPointRef>490003259E</StopPointRef></From><To><StopPointRef>490015404E</StopPointRef></To><Direction>outbound</Direction></RouteLink><RouteLink id="RL_RS_48639_H_1_16"><From><StopPointRef>490015404E</StopPointRef></From><To><StopPointRef>490011066E</StopPointRef></To><Direction>outbound</Direction></RouteLink><RouteLink id="RL_RS_48639_H_1_17"><From><StopPointRef>490011066E</StopPointRef></From><To><StopPointRef>490015060B</StopPointRef></To><Direction>outbound</Direction></RouteLink><RouteLink id="RL_RS_48639_H_1_18"><From><StopPointRef>490015060B</StopPointRef></From><To><StopPointRef>490001069D</StopPointRef></To><Direction>outbound</Direction></RouteLink></RouteSection><RouteSection id="RS_48639_R_2"><RouteLink id="RL_RS_48639_R_2_0"><From><StopPointRef>490001069M</StopPointRef></From><To><StopPointRef>490011066W</StopPointRef></To><Distance>323</Distance><Direction>inbound</Direction></RouteLink><RouteLink id="RL_RS_48639_R_2_1"><From><StopPointRef>490011066W</StopPointRef></From><To><StopPointRef>490004538W</StopPointRef></To><Distance>242</Distance><Direction>inbound</Direction></RouteLink><RouteLink id="RL_RS_48639_R_2_2"><From><StopPointRef>490004538W</StopPointRef></From><To><StopPointRef>490015372W</StopPointRef></To><Direction>inbound</Direction></RouteLink><RouteLink id="RL_RS_48639_R_2_3"><From><StopPointRef>490015372W</StopPointRef></From><To><StopPointRef>490008418W</StopPointRef></To><Direction>inbound</Direction></RouteLink><RouteLink id="RL_RS_48639_R_2_4"><From><StopPointRef>490008418W</StopPointRef></From><To><StopPointRef>490008093W</StopPointRef></To><Distance>293</Distance><Direction>inbound</Direction></RouteLink><RouteLink id="RL_RS_48639_R_2_5"><From><StopPointRef>490008093W</StopPointRef></From><To><StopPointRef>490014184U</StopPointRef></To><Direction>inbound</Direction></RouteLink><RouteLink id="RL_RS_48639_R_2_6"><From><StopPointRef>490014184U</StopPointRef></From><To><StopPointRef>490004492S</StopPointRef></To><Direction>inbound</Direction></RouteLink><RouteLink id="RL_RS_48639_R_2_7"><From><StopPointRef>490004492S</StopPointRef></From><To><StopPointRef>490013493S</StopPointRef></To><Direction>inbound</Direction></RouteLink><RouteLink id="RL_RS_48639_R_2_8"><From><StopPointRef>490013493S</StopPointRef></From><To><StopPointRef>490007376W</StopPointRef></To><Direction>inbound</Direction></RouteLink><RouteLink id="RL_RS_48639_R_2_9"><From><StopPointRef>490007376W</StopPointRef></From><To><StopPointRef>490007144S</StopPointRef></To><Direction>inbound</Direction></RouteLink><RouteLink id="RL_RS_48639_R_2_10"><From><StopPointRef>490007144S</StopPointRef></From><To><StopPointRef>490000209B</StopPointRef></To><Direction>inbound</Direction></RouteLink><RouteLink id="RL_RS_48639_R_2_11"><From><StopPointRef>490000209B</StopPointRef></From><To><StopPointRef>490012273S</StopPointRef></To><Direction>inbound</Direction></RouteLink><RouteLink id="RL_RS_48639_R_2_12"><From><StopPointRef>490012273S</StopPointRef></From><To><StopPointRef>490014054S</StopPointRef></To><Direction>inbound</Direction></RouteLink><RouteLink id="RL_RS_48639_R_2_13"><From><StopPointRef>490014054S</StopPointRef></From><To><StopPointRef>490014737N</StopPointRef></To><Direction>inbound</Direction></RouteLink><RouteLink id="RL_RS_48639_R_2_14"><From><StopPointRef>490014737N</StopPointRef></From><To><StopPointRef>490010125N</StopPointRef></To><Direction>inbound</Direction></RouteLink><RouteLink id="RL_RS_48639_R_2_15"><From><StopPointRef>490010125N</StopPointRef></From><To><StopPointRef>490008805N</StopPointRef></To><Direction>inbound</Direction></RouteLink><RouteLink id="RL_RS_48639_R_2_16"><From><StopPointRef>490008805N</StopPointRef></From><To><StopPointRef>490009097N</StopPointRef></To><Direction>inbound</Direction></RouteLink><RouteLink id="RL_RS_48639_R_2_17"><From><StopPointRef>490009097N</StopPointRef></From><To><StopPointRef>490004723N</StopPointRef></To><Direction>inbound</Direction></RouteLink><RouteLink id="RL_RS_48639_R_2_18"><From><StopPointRef>490004723N</StopPointRef></From><To><StopPointRef>490014758N</StopPointRef></To><Direction>inbound</Direction></RouteLink><RouteLink id="RL_RS_48639_R_2_19"><From><StopPointRef>490014758N</StopPointRef></From><To><StopPointRef>490008565N</StopPointRef></To><Direction>inbound</Direction></RouteLink></RouteSection></RouteSections><Routes><Route id="R_48639_H_1"><PrivateCode>R_48639_H_1</PrivateCode><Description>John Paul II School (SW19) - Clapham Junction</Description><RouteSectionRef>RS_48639_H_1</RouteSectionRef></Route><Route id="R_48639_R_2"><PrivateCode>R_48639_R_2</PrivateCode><Description>Clapham Junction - John Paul II School (SW19)</Description><RouteSectionRef>RS_48639_R_2</RouteSectionRef></Route></Routes><JourneyPatternSections><JourneyPatternSection id="JPS_48639_H_1"><JourneyPatternTimingLink id="JPL_48639_H_1_0"><From SequenceNumber="1"><StopPointRef>490008565N</StopPointRef><TimingStatus>PTP</TimingStatus></From><To SequenceNumber="2"><StopPointRef>490009097S</StopPointRef><TimingStatus>PTP</TimingStatus></To><RunTime>PT90S</RunTime></JourneyPatternTimingLink><JourneyPatternTimingLink id="JPL_48639_H_1_1"><From SequenceNumber="2"><StopPointRef>490009097S</StopPointRef><TimingStatus>PTP</TimingStatus></From><To SequenceNumber="3"><StopPointRef>490012211N</StopPointRef><TimingStatus>PTP</TimingStatus></To><RunTime>PT90S</RunTime></JourneyPatternTimingLink><JourneyPatternTimingLink id="JPL_48639_H_1_2"><From SequenceNumber="3"><StopPointRef>490012211N</StopPointRef><TimingStatus>PTP</TimingStatus></From><To SequenceNumber="4"><StopPointRef>490012211S</StopPointRef><TimingStatus>PTP</TimingStatus></To><RunTime>PT90S</RunTime></JourneyPatternTimingLink><JourneyPatternTimingLink id="JPL_48639_H_1_3"><From SequenceNumber="4"><StopPointRef>490012211S</StopPointRef><TimingStatus>PTP</TimingStatus></From><To SequenceNumber="5"><StopPointRef>490014903N</StopPointRef><TimingStatus>PTP</TimingStatus></To><RunTime>PT90S</RunTime></JourneyPatternTimingLink><JourneyPatternTimingLink id="JPL_48639_H_1_4"><From SequenceNumber="5"><StopPointRef>490014903N</StopPointRef><TimingStatus>PTP</TimingStatus></From><To SequenceNumber="6"><StopPointRef>490012273N</StopPointRef><TimingStatus>PTP</TimingStatus></To><RunTime>PT90S</RunTime></JourneyPatternTimingLink><JourneyPatternTimingLink id="JPL_48639_H_1_5"><From SequenceNumber="6"><StopPointRef>490012273N</StopPointRef><TimingStatus>PTP</TimingStatus></From><To SequenceNumber="7"><StopPointRef>490000209C</StopPointRef><TimingStatus>PTP</TimingStatus></To><RunTime>PT90S</RunTime></JourneyPatternTimingLink><JourneyPatternTimingLink id="JPL_48639_H_1_6"><From SequenceNumber="7"><StopPointRef>490000209C</StopPointRef><TimingStatus>PTP</TimingStatus></From><To SequenceNumber="8"><StopPointRef>490000209A</StopPointRef><TimingStatus>PTP</TimingStatus></To><RunTime>PT66S</RunTime></JourneyPatternTimingLink><JourneyPatternTimingLink id="JPL_48639_H_1_7"><From SequenceNumber="8"><StopPointRef>490000209A</StopPointRef><TimingStatus>PTP</TimingStatus></From><To SequenceNumber="9"><StopPointRef>490004880N</StopPointRef><TimingStatus>PTP</TimingStatus></To><RunTime>PT66S</RunTime></JourneyPatternTimingLink><JourneyPatternTimingLink id="JPL_48639_H_1_8"><From SequenceNumber="9"><StopPointRef>490004880N</StopPointRef><TimingStatus>PTP</TimingStatus></From><To SequenceNumber="10"><StopPointRef>490007376E</StopPointRef><TimingStatus>PTP</TimingStatus></To><RunTime>PT66S</RunTime></JourneyPatternTimingLink><JourneyPatternTimingLink id="JPL_48639_H_1_9"><From SequenceNumber="10"><StopPointRef>490007376E</StopPointRef><TimingStatus>PTP</TimingStatus></From><To SequenceNumber="11"><StopPointRef>490013493N</StopPointRef><TimingStatus>PTP</TimingStatus></To><RunTime>PT66S</RunTime></JourneyPatternTimingLink><JourneyPatternTimingLink id="JPL_48639_H_1_10"><From SequenceNumber="11"><StopPointRef>490013493N</StopPointRef><TimingStatus>PTP</TimingStatus></From><To SequenceNumber="12"><StopPointRef>490004492N</StopPointRef><TimingStatus>PTP</TimingStatus></To><RunTime>PT66S</RunTime></JourneyPatternTimingLink><JourneyPatternTimingLink id="JPL_48639_H_1_11"><From SequenceNumber="12"><StopPointRef>490004492N</StopPointRef><TimingStatus>PTP</TimingStatus></From><To SequenceNumber="13"><StopPointRef>490014184W</StopPointRef><TimingStatus>PTP</TimingStatus></To><RunTime>PT72S</RunTime></JourneyPatternTimingLink><JourneyPatternTimingLink id="JPL_48639_H_1_12"><From SequenceNumber="13"><StopPointRef>490014184W</StopPointRef><TimingStatus>PTP</TimingStatus></From><To SequenceNumber="14"><StopPointRef>490014190G</StopPointRef><TimingStatus>PTP</TimingStatus></To><RunTime>PT66S</RunTime></JourneyPatternTimingLink><JourneyPatternTimingLink id="JPL_48639_H_1_13"><From SequenceNumber="14"><StopPointRef>490014190G</StopPointRef><TimingStatus>PTP</TimingStatus></From><To SequenceNumber="15"><StopPointRef>490014195N</StopPointRef><TimingStatus>PTP</TimingStatus></To><RunTime>PT72S</RunTime></JourneyPatternTimingLink><JourneyPatternTimingLink id="JPL_48639_H_1_14"><From SequenceNumber="15"><StopPointRef>490014195N</StopPointRef><TimingStatus>PTP</TimingStatus></From><To SequenceNumber="16"><StopPointRef>490003259E</StopPointRef><TimingStatus>PTP</TimingStatus></To><RunTime>PT108S</RunTime></JourneyPatternTimingLink><JourneyPatternTimingLink id="JPL_48639_H_1_15"><From SequenceNumber="16"><StopPointRef>490003259E</StopPointRef><TimingStatus>PTP</TimingStatus></From><To SequenceNumber="17"><StopPointRef>490015404E</StopPointRef><TimingStatus>PTP</TimingStatus></To><RunTime>PT108S</RunTime></JourneyPatternTimingLink><JourneyPatternTimingLink id="JPL_48639_H_1_16"><From SequenceNumber="17"><StopPointRef>490015404E</StopPointRef><TimingStatus>PTP</TimingStatus></From><To SequenceNumber="18"><StopPointRef>490011066E</StopPointRef><TimingStatus>PTP</TimingStatus></To><RunTime>PT108S</RunTime></JourneyPatternTimingLink><JourneyPatternTimingLink id="JPL_48639_H_1_17"><From SequenceNumber="18"><StopPointRef>490011066E</StopPointRef><TimingStatus>PTP</TimingStatus></From><To SequenceNumber="19"><StopPointRef>490015060B</StopPointRef><TimingStatus>PTP</TimingStatus></To><RunTime>PT108S</RunTime></JourneyPatternTimingLink><JourneyPatternTimingLink id="JPL_48639_H_1_18"><From SequenceNumber="19"><StopPointRef>490015060B</StopPointRef><TimingStatus>PTP</TimingStatus></From><To SequenceNumber="20"><StopPointRef>490001069D</StopPointRef><TimingStatus>PTP</TimingStatus></To><RunTime>PT108S</RunTime></JourneyPatternTimingLink></JourneyPatternSection><JourneyPatternSection id="JPS_48639_R_1"><JourneyPatternTimingLink id="JPL_48639_R_1_0"><From SequenceNumber="1"><StopPointRef>490001069M</StopPointRef><TimingStatus>PTP</TimingStatus></From><To SequenceNumber="2"><StopPointRef>490011066W</StopPointRef><TimingStatus>PTP</TimingStatus></To><RunTime>PT96S</RunTime></JourneyPatternTimingLink><JourneyPatternTimingLink id="JPL_48639_R_1_1"><From SequenceNumber="2"><StopPointRef>490011066W</StopPointRef><TimingStatus>PTP</TimingStatus></From><To SequenceNumber="3"><StopPointRef>490004538W</StopPointRef><TimingStatus>PTP</TimingStatus></To><RunTime>PT96S</RunTime></JourneyPatternTimingLink><JourneyPatternTimingLink id="JPL_48639_R_1_2"><From SequenceNumber="3"><StopPointRef>490004538W</StopPointRef><TimingStatus>PTP</TimingStatus></From><To SequenceNumber="4"><StopPointRef>490015372W</StopPointRef><TimingStatus>PTP</TimingStatus></To><RunTime>PT96S</RunTime></JourneyPatternTimingLink><JourneyPatternTimingLink id="JPL_48639_R_1_3"><From SequenceNumber="4"><StopPointRef>490015372W</StopPointRef><TimingStatus>PTP</TimingStatus></From><To SequenceNumber="5"><StopPointRef>490008418W</StopPointRef><TimingStatus>PTP</TimingStatus></To><RunTime>PT96S</RunTime></JourneyPatternTimingLink><JourneyPatternTimingLink id="JPL_48639_R_1_4"><From SequenceNumber="5"><StopPointRef>490008418W</StopPointRef><TimingStatus>PTP</TimingStatus></From><To SequenceNumber="6"><StopPointRef>490008093W</StopPointRef><TimingStatus>PTP</TimingStatus></To><RunTime>PT96S</RunTime></JourneyPatternTimingLink><JourneyPatternTimingLink id="JPL_48639_R_1_5"><From SequenceNumber="6"><StopPointRef>490008093W</StopPointRef><TimingStatus>PTP</TimingStatus></From><To SequenceNumber="7"><StopPointRef>490014184U</StopPointRef><TimingStatus>PTP</TimingStatus></To><RunTime>PT120S</RunTime></JourneyPatternTimingLink><JourneyPatternTimingLink id="JPL_48639_R_1_6"><From SequenceNumber="7"><StopPointRef>490014184U</StopPointRef><TimingStatus>PTP</TimingStatus></From><To SequenceNumber="8"><StopPointRef>490004492S</StopPointRef><TimingStatus>PTP</TimingStatus></To><RunTime>PT108S</RunTime></JourneyPatternTimingLink><JourneyPatternTimingLink id="JPL_48639_R_1_7"><From SequenceNumber="8"><StopPointRef>490004492S</StopPointRef><TimingStatus>PTP</TimingStatus></From><To SequenceNumber="9"><StopPointRef>490013493S</StopPointRef><TimingStatus>PTP</TimingStatus></To><RunTime>PT108S</RunTime></JourneyPatternTimingLink><JourneyPatternTimingLink id="JPL_48639_R_1_8"><From SequenceNumber="9"><StopPointRef>490013493S</StopPointRef><TimingStatus>PTP</TimingStatus></From><To SequenceNumber="10"><StopPointRef>490007376W</StopPointRef><TimingStatus>PTP</TimingStatus></To><RunTime>PT108S</RunTime></JourneyPatternTimingLink><JourneyPatternTimingLink id="JPL_48639_R_1_9"><From SequenceNumber="10"><StopPointRef>490007376W</StopPointRef><TimingStatus>PTP</TimingStatus></From><To SequenceNumber="11"><StopPointRef>490007144S</StopPointRef><TimingStatus>PTP</TimingStatus></To><RunTime>PT108S</RunTime></JourneyPatternTimingLink><JourneyPatternTimingLink id="JPL_48639_R_1_10"><From SequenceNumber="11"><StopPointRef>490007144S</StopPointRef><TimingStatus>PTP</TimingStatus></From><To SequenceNumber="12"><StopPointRef>490000209B</StopPointRef><TimingStatus>PTP</TimingStatus></To><RunTime>PT108S</RunTime></JourneyPatternTimingLink><JourneyPatternTimingLink id="JPL_48639_R_1_11"><From SequenceNumber="12"><StopPointRef>490000209B</StopPointRef><TimingStatus>PTP</TimingStatus></From><To SequenceNumber="13"><StopPointRef>490012273S</StopPointRef><TimingStatus>PTP</TimingStatus></To><RunTime>PT66S</RunTime></JourneyPatternTimingLink><JourneyPatternTimingLink id="JPL_48639_R_1_12"><From SequenceNumber="13"><StopPointRef>490012273S</StopPointRef><TimingStatus>PTP</TimingStatus></From><To SequenceNumber="14"><StopPointRef>490014054S</StopPointRef><TimingStatus>PTP</TimingStatus></To><RunTime>PT66S</RunTime></JourneyPatternTimingLink><JourneyPatternTimingLink id="JPL_48639_R_1_13"><From SequenceNumber="14"><StopPointRef>490014054S</StopPointRef><TimingStatus>PTP</TimingStatus></From><To SequenceNumber="15"><StopPointRef>490014737N</StopPointRef><TimingStatus>PTP</TimingStatus></To><RunTime>PT66S</RunTime></JourneyPatternTimingLink><JourneyPatternTimingLink id="JPL_48639_R_1_14"><From SequenceNumber="15"><StopPointRef>490014737N</StopPointRef><TimingStatus>PTP</TimingStatus></From><To SequenceNumber="16"><StopPointRef>490010125N</StopPointRef><TimingStatus>PTP</TimingStatus></To><RunTime>PT66S</RunTime></JourneyPatternTimingLink><JourneyPatternTimingLink id="JPL_48639_R_1_15"><From SequenceNumber="16"><StopPointRef>490010125N</StopPointRef><TimingStatus>PTP</TimingStatus></From><To SequenceNumber="17"><StopPointRef>490008805N</StopPointRef><TimingStatus>PTP</TimingStatus></To><RunTime>PT66S</RunTime></JourneyPatternTimingLink><JourneyPatternTimingLink id="JPL_48639_R_1_16"><From SequenceNumber="17"><StopPointRef>490008805N</StopPointRef><TimingStatus>PTP</TimingStatus></From><To SequenceNumber="18"><StopPointRef>490009097N</StopPointRef><TimingStatus>PTP</TimingStatus></To><RunTime>PT66S</RunTime></JourneyPatternTimingLink><JourneyPatternTimingLink id="JPL_48639_R_1_17"><From SequenceNumber="18"><StopPointRef>490009097N</StopPointRef><TimingStatus>PTP</TimingStatus></From><To SequenceNumber="19"><StopPointRef>490004723N</StopPointRef><TimingStatus>PTP</TimingStatus></To><RunTime>PT66S</RunTime></JourneyPatternTimingLink><JourneyPatternTimingLink id="JPL_48639_R_1_18"><From SequenceNumber="19"><StopPointRef>490004723N</StopPointRef><TimingStatus>PTP</TimingStatus></From><To SequenceNumber="20"><StopPointRef>490014758N</StopPointRef><TimingStatus>PTP</TimingStatus></To><RunTime>PT66S</RunTime></JourneyPatternTimingLink><JourneyPatternTimingLink id="JPL_48639_R_1_19"><From SequenceNumber="20"><StopPointRef>490014758N</StopPointRef><TimingStatus>PTP</TimingStatus></From><To SequenceNumber="21"><StopPointRef>490008565N</StopPointRef><TimingStatus>PTP</TimingStatus></To><RunTime>PT72S</RunTime></JourneyPatternTimingLink></JourneyPatternSection></JourneyPatternSections><Operators><Operator id="OId_48"><OperatorCode>LG</OperatorCode><OperatorShortName>London General</OperatorShortName><OperatorNameOnLicence>London General</OperatorNameOnLicence><TradingName>London General</TradingName></Operator></Operators><Services><Service><ServiceCode>SId_48639C</ServiceCode><PrivateCode>48639C</PrivateCode><Lines><Line id="LId_48639C"><LineName>639</LineName></Line></Lines><OperatingPeriod><StartDate>2009-12-01</StartDate><EndDate>2010-12-23</EndDate></OperatingPeriod><OperatingProfile><RegularDayType>
					<DaysOfWeek>
						<Monday/>
						<Tuesday/>
						<Wednesday/>
						<Thursday/>
					</DaysOfWeek>
				</RegularDayType>
				<BankHolidayOperation><DaysOfNonOperation><AllBankHolidays></AllBankHolidays></DaysOfNonOperation></BankHolidayOperation></OperatingProfile><RegisteredOperatorRef>OId_48</RegisteredOperatorRef><StopRequirements><NoNewStopsRequired/></StopRequirements><StandardService><Origin>John Paul II School (SW19)</Origin><Destination>Clapham Junction</Destination><JourneyPattern id="JP_48639_HC_1"><Direction>outbound</Direction><Operational><VehicleType><VehicleTypeCode>08</VehicleTypeCode><Description>Double Decker Low Floor+Wheelchair</Description></VehicleType></Operational><RouteRef>R_48639_H_1</RouteRef><JourneyPatternSectionRefs>JPS_48639_H_1</JourneyPatternSectionRefs></JourneyPattern><JourneyPattern id="JP_48639_RC_1"><Direction>inbound</Direction><Operational><VehicleType><VehicleTypeCode>08</VehicleTypeCode><Description>Double Decker Low Floor+Wheelchair</Description></VehicleType></Operational><RouteRef>R_48639_R_2</RouteRef><JourneyPatternSectionRefs>JPS_48639_R_1</JourneyPatternSectionRefs></JourneyPattern></StandardService></Service><Service><ServiceCode>SId_48639D</ServiceCode><PrivateCode>48639D</PrivateCode><Lines><Line id="LId_48639D"><LineName>639</LineName></Line></Lines><OperatingPeriod><StartDate>2009-12-01</StartDate><EndDate>2010-12-23</EndDate></OperatingPeriod><OperatingProfile><RegularDayType>
					<DaysOfWeek>
						<Friday/>
					</DaysOfWeek>
				</RegularDayType>
				<BankHolidayOperation><DaysOfNonOperation><AllBankHolidays></AllBankHolidays></DaysOfNonOperation></BankHolidayOperation></OperatingProfile><RegisteredOperatorRef>OId_48</RegisteredOperatorRef><StopRequirements><NoNewStopsRequired/></StopRequirements><StandardService><Origin>John Paul II School (SW19)</Origin><Destination>Clapham Junction</Destination><JourneyPattern id="JP_48639_HD_1"><Direction>outbound</Direction><Operational><VehicleType><VehicleTypeCode>08</VehicleTypeCode><Description>Double Decker Low Floor+Wheelchair</Description></VehicleType></Operational><RouteRef>R_48639_H_1</RouteRef><JourneyPatternSectionRefs>JPS_48639_H_1</JourneyPatternSectionRefs></JourneyPattern><JourneyPattern id="JP_48639_RD_1"><Direction>inbound</Direction><Operational><VehicleType><VehicleTypeCode>08</VehicleTypeCode><Description>Double Decker Low Floor+Wheelchair</Description></VehicleType></Operational><RouteRef>R_48639_R_2</RouteRef><JourneyPatternSectionRefs>JPS_48639_R_1</JourneyPatternSectionRefs></JourneyPattern></StandardService></Service></Services><VehicleJourneys><VehicleJourney><PrivateCode>48639CH6390002</PrivateCode><Operational><VehicleType><VehicleTypeCode>08</VehicleTypeCode><Description>Double Decker Low Floor+Wheelchair</Description></VehicleType></Operational><OperatingProfile><RegularDayType>
					<DaysOfWeek>
						<Monday/>
						<Tuesday/>
						<Wednesday/>
						<Thursday/>
					</DaysOfWeek>
				</RegularDayType>
			</OperatingProfile><VehicleJourneyCode>48639CH6390002</VehicleJourneyCode><ServiceRef>SId_48639C</ServiceRef><LineRef>LId_48639C</LineRef><JourneyPatternRef>JP_48639_HC_1</JourneyPatternRef><DepartureTime>14:50:00</DepartureTime></VehicleJourney><VehicleJourney><PrivateCode>48639DH6390001</PrivateCode><Operational><VehicleType><VehicleTypeCode>08</VehicleTypeCode><Description>Double Decker Low Floor+Wheelchair</Description></VehicleType></Operational><OperatingProfile><RegularDayType>
					<DaysOfWeek>
						<Friday/>
					</DaysOfWeek>
				</RegularDayType>
			</OperatingProfile><VehicleJourneyCode>48639DH6390001</VehicleJourneyCode><ServiceRef>SId_48639D</ServiceRef><LineRef>LId_48639D</LineRef><JourneyPatternRef>JP_48639_HD_1</JourneyPatternRef><DepartureTime>14:50:00</DepartureTime></VehicleJourney><VehicleJourney><PrivateCode>48639CR6390004</PrivateCode><Operational><VehicleType><VehicleTypeCode>08</VehicleTypeCode><Description>Double Decker Low Floor+Wheelchair</Description></VehicleType></Operational><OperatingProfile><RegularDayType>
					<DaysOfWeek>
						<Monday/>
						<Tuesday/>
						<Wednesday/>
						<Thursday/>
					</DaysOfWeek>
				</RegularDayType>
			</OperatingProfile><VehicleJourneyCode>48639CR6390004</VehicleJourneyCode><ServiceRef>SId_48639C</ServiceRef><LineRef>LId_48639C</LineRef><JourneyPatternRef>JP_48639_RC_1</JourneyPatternRef><DepartureTime>07:50:00</DepartureTime></VehicleJourney><VehicleJourney><PrivateCode>48639DR6390003</PrivateCode><Operational><VehicleType><VehicleTypeCode>08</VehicleTypeCode><Description>Double Decker Low Floor+Wheelchair</Description></VehicleType></Operational><OperatingProfile><RegularDayType>
					<DaysOfWeek>
						<Friday/>
					</DaysOfWeek>
				</RegularDayType>
			</OperatingProfile><VehicleJourneyCode>48639DR6390003</VehicleJourneyCode><ServiceRef>SId_48639D</ServiceRef><LineRef>LId_48639D</LineRef><JourneyPatternRef>JP_48639_RD_1</JourneyPatternRef><DepartureTime>07:50:00</DepartureTime></VehicleJourney></VehicleJourneys></TransXChange>
