<?xml version="1.0" encoding="UTF-8"?>
<TransXChange CreationDateTime="2010-10-28T09:12:53" ModificationDateTime="2010-10-28T09:12:53" Modification="new" FileName="G:\mentzdv\Datastore\output_txc_51654e.xml" RevisionNumber="0" SchemaVersion="2.1" xmlns:xsi="http://www.w3.org/2001/XMLSchema-instance" xsi:schemaLocation="http://www.transxchange.org.uk/ http://www.transxchange.org.uk/schema/2.1/TransXChange_general.xsd" xmlns="http://www.transxchange.org.uk/" xmlns:n1="http://www.transxchange.org.uk/" xmlns:n2="http://www.govtalk.gov.uk/people/AddressAndPersonalDetails" xmlns:n3="http://www.govtalk.gov.uk/core" xmlns:n4="http://www.govtalk.gov.uk/people/bs7666"><StopPoints><AnnotatedStopPointRef><StopPointRef>490003101B</StopPointRef><CommonName>Addington Village Interchange</CommonName><Indicator>stop B</Indicator><LocalityName>Addington</LocalityName><LocalityQualifier>Greater London</LocalityQualifier></AnnotatedStopPointRef><AnnotatedStopPointRef><StopPointRef>490003095E</StopPointRef><CommonName>Addington Rd / Pumping Station</CommonName><Indicator>stop E</Indicator><LocalityName>West Wickham (London)</LocalityName><LocalityQualifier>Greater London</LocalityQualifier></AnnotatedStopPointRef><AnnotatedStopPointRef><StopPointRef>490009032E</StopPointRef><CommonName>Layhams Road / Addington Road</CommonName><Indicator>stop B</Indicator><LocalityName>Coney Hall</LocalityName><LocalityQualifier>Greater London</LocalityQualifier></AnnotatedStopPointRef><AnnotatedStopPointRef><StopPointRef>490003099N</StopPointRef><CommonName>Addington Road / Glebe Way</CommonName><Indicator>stop C</Indicator><LocalityName>Coney Hall</LocalityName><LocalityQualifier>Greater London</LocalityQualifier></AnnotatedStopPointRef><AnnotatedStopPointRef><StopPointRef>490003097E</StopPointRef><CommonName>Glebe Way (BR4)</CommonName><Indicator>stop P</Indicator><LocalityName>Coney Hall</LocalityName><LocalityQualifier>Greater London</LocalityQualifier></AnnotatedStopPointRef><AnnotatedStopPointRef><StopPointRef>490005544E</StopPointRef><CommonName>Coney Hill Road (BR4)</CommonName><Indicator>stop Q</Indicator><LocalityName>Coney Hall</LocalityName><LocalityQualifier>Greater London</LocalityQualifier></AnnotatedStopPointRef><AnnotatedStopPointRef><StopPointRef>490007871E</StopPointRef><CommonName>Hartfield Crescent (BR4)</CommonName><Indicator>stop E</Indicator><LocalityName>Coney Hall</LocalityName><LocalityQualifier>Greater London</LocalityQualifier></AnnotatedStopPointRef><AnnotatedStopPointRef><StopPointRef>490003675E</StopPointRef><CommonName>Baston Road (BR2)</CommonName><Indicator>stop KN</Indicator><LocalityName>Keston</LocalityName><LocalityQualifier>Greater London</LocalityQualifier></AnnotatedStopPointRef><AnnotatedStopPointRef><StopPointRef>490010989E</StopPointRef><CommonName>Phoenix Drive</CommonName><Indicator>stop KP</Indicator><LocalityName>Keston Mark</LocalityName><LocalityQualifier>Greater London</LocalityQualifier></AnnotatedStopPointRef><AnnotatedStopPointRef><StopPointRef>490013438E</StopPointRef><CommonName>Croydon Road / The Keston Mark</CommonName><Indicator>stop KQ</Indicator><LocalityName>Keston Mark</LocalityName><LocalityQualifier>Greater London</LocalityQualifier></AnnotatedStopPointRef><AnnotatedStopPointRef><StopPointRef>490008683E</StopPointRef><CommonName>Keston Park Close (BR2)</CommonName><Indicator>stop KR</Indicator><LocalityName>Locksbottom</LocalityName><LocalityQualifier>Greater London</LocalityQualifier></AnnotatedStopPointRef><AnnotatedStopPointRef><StopPointRef>490009241E</StopPointRef><CommonName>Locksbottom / Farnborough Cmn</CommonName><Indicator>stop HH</Indicator><LocalityName>Locksbottom</LocalityName><LocalityQualifier>Greater London</LocalityQualifier></AnnotatedStopPointRef><AnnotatedStopPointRef><StopPointRef>490009243E</StopPointRef><CommonName>Locksbottom/St Michaels Church</CommonName><Indicator>stop HJ</Indicator><LocalityName>Locksbottom</LocalityName><LocalityQualifier>Greater London</LocalityQualifier></AnnotatedStopPointRef><AnnotatedStopPointRef><StopPointRef>490012600E</StopPointRef><CommonName>Crofton Road /Starts Hill Road</CommonName><Indicator>stop HN</Indicator><LocalityName>Locksbottom</LocalityName><LocalityQualifier>Greater London</LocalityQualifier></AnnotatedStopPointRef><AnnotatedStopPointRef><StopPointRef>490007255E</StopPointRef><CommonName>Glyndebourne Park (BR6)</CommonName><Indicator>stop CM</Indicator><LocalityName>Crofton (Orpington)</LocalityName><LocalityQualifier>Greater London</LocalityQualifier></AnnotatedStopPointRef><AnnotatedStopPointRef><StopPointRef>490010512W2</StopPointRef><CommonName>Oakwood Road / St.Pauls Church</CommonName><Indicator>stop CN</Indicator><LocalityName>Crofton (Orpington)</LocalityName><LocalityQualifier>Greater London</LocalityQualifier></AnnotatedStopPointRef><AnnotatedStopPointRef><StopPointRef>490005788E</StopPointRef><CommonName>Crofton Lane / Crofton Road</CommonName><Indicator>stop CP</Indicator><LocalityName>Crofton (Orpington)</LocalityName><LocalityQualifier>Greater London</LocalityQualifier></AnnotatedStopPointRef><AnnotatedStopPointRef><StopPointRef>490011150E</StopPointRef><CommonName>Pound Court Drive</CommonName><Indicator>stop CR</Indicator><LocalityName>Crofton (Orpington)</LocalityName><LocalityQualifier>Greater London</LocalityQualifier></AnnotatedStopPointRef><AnnotatedStopPointRef><StopPointRef>490001220B</StopPointRef><CommonName>Orpington</CommonName><Indicator>stop B</Indicator><LocalityName>Orpington</LocalityName><LocalityQualifier>Greater London</LocalityQualifier></AnnotatedStopPointRef><AnnotatedStopPointRef><StopPointRef>490013818H</StopPointRef><CommonName>Tubbenden Lane / Station Road</CommonName><Indicator>stop H</Indicator><LocalityName>Orpington</LocalityName><LocalityQualifier>Greater London</LocalityQualifier></AnnotatedStopPointRef><AnnotatedStopPointRef><StopPointRef>490008209M</StopPointRef><CommonName>Hillcrest Road (BR6)</CommonName><Indicator>stop M</Indicator><LocalityName>Orpington</LocalityName><LocalityQualifier>Greater London</LocalityQualifier></AnnotatedStopPointRef><AnnotatedStopPointRef><StopPointRef>490013749S</StopPointRef><CommonName>Sevenoaks Road / Tower Road</CommonName><Indicator>stop D</Indicator><LocalityName>Orpington</LocalityName><LocalityQualifier>Greater London</LocalityQualifier></AnnotatedStopPointRef><AnnotatedStopPointRef><StopPointRef>490010639E</StopPointRef><CommonName>SevenoaksRd/Orpington Hospital</CommonName><Indicator>stop E</Indicator><LocalityName>Nash</LocalityName><LocalityQualifier>Greater London</LocalityQualifier></AnnotatedStopPointRef><AnnotatedStopPointRef><StopPointRef>490010639S1</StopPointRef><CommonName>SevenoaksRd/Orpington Hospital</CommonName><Indicator>stop F</Indicator><LocalityName>Nash</LocalityName><LocalityQualifier>Greater London</LocalityQualifier></AnnotatedStopPointRef><AnnotatedStopPointRef><StopPointRef>490005748S</StopPointRef><CommonName>Crescent Way (BR6)</CommonName><Indicator>stop G</Indicator><LocalityName>Nash</LocalityName><LocalityQualifier>Greater London</LocalityQualifier></AnnotatedStopPointRef><AnnotatedStopPointRef><StopPointRef>490005446E</StopPointRef><CommonName>Cloonmore Avenue (BR6)</CommonName><Indicator>stop E</Indicator><LocalityName>Chelsfield</LocalityName><LocalityQualifier>Greater London</LocalityQualifier></AnnotatedStopPointRef><AnnotatedStopPointRef><StopPointRef>490014893E</StopPointRef><CommonName>Woodside (BR6)</CommonName><Indicator>stop E</Indicator><LocalityName>Chelsfield</LocalityName><LocalityQualifier>Greater London</LocalityQualifier></AnnotatedStopPointRef><AnnotatedStopPointRef><StopPointRef>490001060A</StopPointRef><CommonName>Chelsfield</CommonName><Indicator>stop A</Indicator><LocalityName>Chelsfield</LocalityName><LocalityQualifier>Greater London</LocalityQualifier></AnnotatedStopPointRef><AnnotatedStopPointRef><StopPointRef>490015896E</StopPointRef><CommonName>Stirling Drive</CommonName><Indicator>stop D</Indicator><LocalityName>Green Street Green (Orpington)</LocalityName><LocalityQualifier>Greater London</LocalityQualifier></AnnotatedStopPointRef><AnnotatedStopPointRef><StopPointRef>490013419N</StopPointRef><CommonName>The Highway School</CommonName><Indicator>stop E</Indicator><LocalityName>Chelsfield</LocalityName><LocalityQualifier>Greater London</LocalityQualifier></AnnotatedStopPointRef><AnnotatedStopPointRef><StopPointRef>490013418N</StopPointRef><CommonName>The Highway (BR6)</CommonName><Indicator>stop V</Indicator><LocalityName>Chelsfield</LocalityName><LocalityQualifier>Greater London</LocalityQualifier></AnnotatedStopPointRef><AnnotatedStopPointRef><StopPointRef>490007264N</StopPointRef><CommonName>Goddington Lane (BR6)</CommonName><Indicator>stop N</Indicator><LocalityName>Chelsfield</LocalityName><LocalityQualifier>Greater London</LocalityQualifier></AnnotatedStopPointRef><AnnotatedStopPointRef><StopPointRef>490005675N</StopPointRef><CommonName>Court Road / Spur Road</CommonName><Indicator>stop N</Indicator><LocalityName>Goddington</LocalityName><LocalityQualifier>Greater London</LocalityQualifier></AnnotatedStopPointRef><AnnotatedStopPointRef><StopPointRef>490007185E</StopPointRef><CommonName>Tintagel Road / Gillmans Road</CommonName><Indicator>stop J</Indicator><LocalityName>Ramsden</LocalityName><LocalityQualifier>Greater London</LocalityQualifier></AnnotatedStopPointRef><AnnotatedStopPointRef><StopPointRef>490006465N</StopPointRef><CommonName>Eldred Drive (BR5)</CommonName><Indicator>stop K</Indicator><LocalityName>Ramsden</LocalityName><LocalityQualifier>Greater London</LocalityQualifier></AnnotatedStopPointRef><AnnotatedStopPointRef><StopPointRef>490011378S</StopPointRef><CommonName>Quilter Road</CommonName><Indicator>stop L</Indicator><LocalityName>Ramsden</LocalityName><LocalityQualifier>Greater London</LocalityQualifier></AnnotatedStopPointRef><AnnotatedStopPointRef><StopPointRef>490013680W</StopPointRef><CommonName>Tintagel Road</CommonName><Indicator>stop R</Indicator><LocalityName>Ramsden</LocalityName><LocalityQualifier>Greater London</LocalityQualifier></AnnotatedStopPointRef><AnnotatedStopPointRef><StopPointRef>490006281W</StopPointRef><CommonName>Dyke Drive (BR5)</CommonName><Indicator>stop S</Indicator><LocalityName>Ramsden</LocalityName><LocalityQualifier>Greater London</LocalityQualifier></AnnotatedStopPointRef><AnnotatedStopPointRef><StopPointRef>490007184W</StopPointRef><CommonName>Ramsden Road / Kynaston Road</CommonName><Indicator>stop T</Indicator><LocalityName>Ramsden</LocalityName><LocalityQualifier>Greater London</LocalityQualifier></AnnotatedStopPointRef><AnnotatedStopPointRef><StopPointRef>490005675S</StopPointRef><CommonName>Court Road / Spur Road</CommonName><Indicator>stop S</Indicator><LocalityName>Goddington</LocalityName><LocalityQualifier>Greater London</LocalityQualifier></AnnotatedStopPointRef><AnnotatedStopPointRef><StopPointRef>490007264S</StopPointRef><CommonName>Goddington Lane (BR6)</CommonName><Indicator>stop S</Indicator><LocalityName>Chelsfield</LocalityName><LocalityQualifier>Greater London</LocalityQualifier></AnnotatedStopPointRef><AnnotatedStopPointRef><StopPointRef>490006654S</StopPointRef><CommonName>The Highway / Court Road</CommonName><Indicator>stop S</Indicator><LocalityName>Chelsfield</LocalityName><LocalityQualifier>Greater London</LocalityQualifier></AnnotatedStopPointRef><AnnotatedStopPointRef><StopPointRef>490013419S</StopPointRef><CommonName>The Highway School</CommonName><Indicator>stop L</Indicator><LocalityName>Chelsfield</LocalityName><LocalityQualifier>Greater London</LocalityQualifier></AnnotatedStopPointRef><AnnotatedStopPointRef><StopPointRef>490015896W</StopPointRef><CommonName>Stirling Drive</CommonName><Indicator>stop M</Indicator><LocalityName>Green Street Green (Orpington)</LocalityName><LocalityQualifier>Greater London</LocalityQualifier></AnnotatedStopPointRef><AnnotatedStopPointRef><StopPointRef>490001060B</StopPointRef><CommonName>Chelsfield</CommonName><Indicator>stop B</Indicator><LocalityName>Chelsfield</LocalityName><LocalityQualifier>Greater London</LocalityQualifier></AnnotatedStopPointRef><AnnotatedStopPointRef><StopPointRef>490014893W</StopPointRef><CommonName>Woodside (BR6)</CommonName><Indicator>stop W</Indicator><LocalityName>Chelsfield</LocalityName><LocalityQualifier>Greater London</LocalityQualifier></AnnotatedStopPointRef><AnnotatedStopPointRef><StopPointRef>490005446W</StopPointRef><CommonName>Cloonmore Avenue (BR6)</CommonName><Indicator>stop W</Indicator><LocalityName>Chelsfield</LocalityName><LocalityQualifier>Greater London</LocalityQualifier></AnnotatedStopPointRef><AnnotatedStopPointRef><StopPointRef>490005748N</StopPointRef><CommonName>Crescent Way (BR6)</CommonName><Indicator>stop J</Indicator><LocalityName>Nash</LocalityName><LocalityQualifier>Greater London</LocalityQualifier></AnnotatedStopPointRef><AnnotatedStopPointRef><StopPointRef>490010639N</StopPointRef><CommonName>SevenoaksRd/Orpington Hospital</CommonName><Indicator>stop K</Indicator><LocalityName>Nash</LocalityName><LocalityQualifier>Greater London</LocalityQualifier></AnnotatedStopPointRef><AnnotatedStopPointRef><StopPointRef>490012592N</StopPointRef><CommonName>Stapleton Road</CommonName><Indicator>stop L</Indicator><LocalityName>Orpington</LocalityName><LocalityQualifier>Greater London</LocalityQualifier></AnnotatedStopPointRef><AnnotatedStopPointRef><StopPointRef>490013749N</StopPointRef><CommonName>Sevenoaks Road / Tower Road</CommonName><Indicator>stop N</Indicator><LocalityName>Orpington</LocalityName><LocalityQualifier>Greater London</LocalityQualifier></AnnotatedStopPointRef><AnnotatedStopPointRef><StopPointRef>490008209K</StopPointRef><CommonName>Hillcrest Road (BR6)</CommonName><Indicator>stop K</Indicator><LocalityName>Orpington</LocalityName><LocalityQualifier>Greater London</LocalityQualifier></AnnotatedStopPointRef><AnnotatedStopPointRef><StopPointRef>490015411L</StopPointRef><CommonName>Orpington War Memorial</CommonName><Indicator>stop L</Indicator><LocalityName>Orpington</LocalityName><LocalityQualifier>Greater London</LocalityQualifier></AnnotatedStopPointRef><AnnotatedStopPointRef><StopPointRef>490015411P</StopPointRef><CommonName>Orpington War Memorial</CommonName><Indicator>stop P</Indicator><LocalityName>Orpington</LocalityName><LocalityQualifier>Greater London</LocalityQualifier></AnnotatedStopPointRef><AnnotatedStopPointRef><StopPointRef>490015411S</StopPointRef><CommonName>Orpington War Memorial</CommonName><Indicator>stop S</Indicator><LocalityName>Orpington</LocalityName><LocalityQualifier>Greater London</LocalityQualifier></AnnotatedStopPointRef><AnnotatedStopPointRef><StopPointRef>490013818J</StopPointRef><CommonName>Tubbenden Lane / Station Road</CommonName><Indicator>stop J</Indicator><LocalityName>Orpington</LocalityName><LocalityQualifier>Greater London</LocalityQualifier></AnnotatedStopPointRef><AnnotatedStopPointRef><StopPointRef>490001220A</StopPointRef><CommonName>Orpington</CommonName><Indicator>stop A</Indicator><LocalityName>Orpington</LocalityName><LocalityQualifier>Greater London</LocalityQualifier></AnnotatedStopPointRef><AnnotatedStopPointRef><StopPointRef>490011150W</StopPointRef><CommonName>Pound Court Drive</CommonName><Indicator>stop CA</Indicator><LocalityName>Crofton (Orpington)</LocalityName><LocalityQualifier>Greater London</LocalityQualifier></AnnotatedStopPointRef><AnnotatedStopPointRef><StopPointRef>490005788W</StopPointRef><CommonName>Crofton Road / Crofton Lane</CommonName><Indicator>stop CB</Indicator><LocalityName>Crofton (Orpington)</LocalityName><LocalityQualifier>Greater London</LocalityQualifier></AnnotatedStopPointRef><AnnotatedStopPointRef><StopPointRef>490010512W1</StopPointRef><CommonName>Oakwood Road / St.Pauls Church</CommonName><Indicator>stop CC</Indicator><LocalityName>Crofton (Orpington)</LocalityName><LocalityQualifier>Greater London</LocalityQualifier></AnnotatedStopPointRef><AnnotatedStopPointRef><StopPointRef>490007255W</StopPointRef><CommonName>Glyndebourne Park (BR6)</CommonName><Indicator>stop CD</Indicator><LocalityName>Crofton (Orpington)</LocalityName><LocalityQualifier>Greater London</LocalityQualifier></AnnotatedStopPointRef><AnnotatedStopPointRef><StopPointRef>490012600W</StopPointRef><CommonName>Crofton Road /Starts Hill Road</CommonName><Indicator>stop HL</Indicator><LocalityName>Locksbottom</LocalityName><LocalityQualifier>Greater London</LocalityQualifier></AnnotatedStopPointRef><AnnotatedStopPointRef><StopPointRef>490009243W</StopPointRef><CommonName>Locksbottom/St Michaels Church</CommonName><Indicator>stop HK</Indicator><LocalityName>Locksbottom</LocalityName><LocalityQualifier>Greater London</LocalityQualifier></AnnotatedStopPointRef><AnnotatedStopPointRef><StopPointRef>490008683W</StopPointRef><CommonName>Keston Park Close (BR2)</CommonName><Indicator>stop KS</Indicator><LocalityName>Locksbottom</LocalityName><LocalityQualifier>Greater London</LocalityQualifier></AnnotatedStopPointRef><AnnotatedStopPointRef><StopPointRef>490013438W</StopPointRef><CommonName>Croydon Road / The Keston Mark</CommonName><Indicator>stop KT</Indicator><LocalityName>Keston Mark</LocalityName><LocalityQualifier>Greater London</LocalityQualifier></AnnotatedStopPointRef><AnnotatedStopPointRef><StopPointRef>490008681W</StopPointRef><CommonName>Keston Methodist Church (BR2)</CommonName><Indicator>stop KU</Indicator><LocalityName>Keston Mark</LocalityName><LocalityQualifier>Greater London</LocalityQualifier></AnnotatedStopPointRef><AnnotatedStopPointRef><StopPointRef>490003675W</StopPointRef><CommonName>Baston Road (BR2)</CommonName><Indicator>stop KV</Indicator><LocalityName>Keston</LocalityName><LocalityQualifier>Greater London</LocalityQualifier></AnnotatedStopPointRef><AnnotatedStopPointRef><StopPointRef>490007871W</StopPointRef><CommonName>Hartfield Crescent (BR4)</CommonName><Indicator>stop W</Indicator><LocalityName>Coney Hall</LocalityName><LocalityQualifier>Greater London</LocalityQualifier></AnnotatedStopPointRef><AnnotatedStopPointRef><StopPointRef>490005544W</StopPointRef><CommonName>Coney Hall (BR4)</CommonName><Indicator>stop R</Indicator><LocalityName>Coney Hall</LocalityName><LocalityQualifier>Greater London</LocalityQualifier></AnnotatedStopPointRef><AnnotatedStopPointRef><StopPointRef>490003099W</StopPointRef><CommonName>Addington Road / Glebe Way</CommonName><Indicator>stop L</Indicator><LocalityName>Coney Hall</LocalityName><LocalityQualifier>Greater London</LocalityQualifier></AnnotatedStopPointRef><AnnotatedStopPointRef><StopPointRef>490009032W</StopPointRef><CommonName>Layhams Road / Addington Road</CommonName><Indicator>stop M</Indicator><LocalityName>Coney Hall</LocalityName><LocalityQualifier>Greater London</LocalityQualifier></AnnotatedStopPointRef><AnnotatedStopPointRef><StopPointRef>490003095W</StopPointRef><CommonName>Addington Rd / Pumping Station</CommonName><Indicator>stop W</Indicator><LocalityName>West Wickham (London)</LocalityName><LocalityQualifier>Greater London</LocalityQualifier></AnnotatedStopPointRef><AnnotatedStopPointRef><StopPointRef>490003101E</StopPointRef><CommonName>Addington Village Interchange</CommonName><Indicator>stop E</Indicator><LocalityName>Addington</LocalityName><LocalityQualifier>Greater London</LocalityQualifier></AnnotatedStopPointRef></StopPoints><RouteSections><RouteSection id="RS_51654e_H_1"><RouteLink id="RL_RS_51654e_H_1_0"><From><StopPointRef>490003101B</StopPointRef></From><To><StopPointRef>490003095E</StopPointRef></To><Direction>outbound</Direction></RouteLink><RouteLink id="RL_RS_51654e_H_1_1"><From><StopPointRef>490003095E</StopPointRef></From><To><StopPointRef>490009032E</StopPointRef></To><Direction>outbound</Direction></RouteLink><RouteLink id="RL_RS_51654e_H_1_2"><From><StopPointRef>490009032E</StopPointRef></From><To><StopPointRef>490003099N</StopPointRef></To><Direction>outbound</Direction></RouteLink><RouteLink id="RL_RS_51654e_H_1_3"><From><StopPointRef>490003099N</StopPointRef></From><To><StopPointRef>490003097E</StopPointRef></To><Direction>outbound</Direction></RouteLink><RouteLink id="RL_RS_51654e_H_1_4"><From><StopPointRef>490003097E</StopPointRef></From><To><StopPointRef>490005544E</StopPointRef></To><Direction>outbound</Direction></RouteLink><RouteLink id="RL_RS_51654e_H_1_5"><From><StopPointRef>490005544E</StopPointRef></From><To><StopPointRef>490007871E</StopPointRef></To><Direction>outbound</Direction></RouteLink><RouteLink id="RL_RS_51654e_H_1_6"><From><StopPointRef>490007871E</StopPointRef></From><To><StopPointRef>490003675E</StopPointRef></To><Direction>outbound</Direction></RouteLink><RouteLink id="RL_RS_51654e_H_1_7"><From><StopPointRef>490003675E</StopPointRef></From><To><StopPointRef>490010989E</StopPointRef></To><Direction>outbound</Direction></RouteLink><RouteLink id="RL_RS_51654e_H_1_8"><From><StopPointRef>490010989E</StopPointRef></From><To><StopPointRef>490013438E</StopPointRef></To><Direction>outbound</Direction></RouteLink><RouteLink id="RL_RS_51654e_H_1_9"><From><StopPointRef>490013438E</StopPointRef></From><To><StopPointRef>490008683E</StopPointRef></To><Direction>outbound</Direction></RouteLink><RouteLink id="RL_RS_51654e_H_1_10"><From><StopPointRef>490008683E</StopPointRef></From><To><StopPointRef>490009241E</StopPointRef></To><Direction>outbound</Direction></RouteLink><RouteLink id="RL_RS_51654e_H_1_11"><From><StopPointRef>490009241E</StopPointRef></From><To><StopPointRef>490009243E</StopPointRef></To><Direction>outbound</Direction></RouteLink><RouteLink id="RL_RS_51654e_H_1_12"><From><StopPointRef>490009243E</StopPointRef></From><To><StopPointRef>490012600E</StopPointRef></To><Direction>outbound</Direction></RouteLink><RouteLink id="RL_RS_51654e_H_1_13"><From><StopPointRef>490012600E</StopPointRef></From><To><StopPointRef>490007255E</StopPointRef></To><Direction>outbound</Direction></RouteLink><RouteLink id="RL_RS_51654e_H_1_14"><From><StopPointRef>490007255E</StopPointRef></From><To><StopPointRef>490010512W2</StopPointRef></To><Direction>outbound</Direction></RouteLink><RouteLink id="RL_RS_51654e_H_1_15"><From><StopPointRef>490010512W2</StopPointRef></From><To><StopPointRef>490005788E</StopPointRef></To><Direction>outbound</Direction></RouteLink><RouteLink id="RL_RS_51654e_H_1_16"><From><StopPointRef>490005788E</StopPointRef></From><To><StopPointRef>490011150E</StopPointRef></To><Direction>outbound</Direction></RouteLink><RouteLink id="RL_RS_51654e_H_1_17"><From><StopPointRef>490011150E</StopPointRef></From><To><StopPointRef>490001220B</StopPointRef></To><Direction>outbound</Direction></RouteLink><RouteLink id="RL_RS_51654e_H_1_18"><From><StopPointRef>490001220B</StopPointRef></From><To><StopPointRef>490013818H</StopPointRef></To><Direction>outbound</Direction></RouteLink><RouteLink id="RL_RS_51654e_H_1_19"><From><StopPointRef>490013818H</StopPointRef></From><To><StopPointRef>490008209M</StopPointRef></To><Direction>outbound</Direction></RouteLink><RouteLink id="RL_RS_51654e_H_1_20"><From><StopPointRef>490008209M</StopPointRef></From><To><StopPointRef>490013749S</StopPointRef></To><Direction>outbound</Direction></RouteLink><RouteLink id="RL_RS_51654e_H_1_21"><From><StopPointRef>490013749S</StopPointRef></From><To><StopPointRef>490010639E</StopPointRef></To><Direction>outbound</Direction></RouteLink><RouteLink id="RL_RS_51654e_H_1_22"><From><StopPointRef>490010639E</StopPointRef></From><To><StopPointRef>490010639S1</StopPointRef></To><Direction>outbound</Direction></RouteLink><RouteLink id="RL_RS_51654e_H_1_23"><From><StopPointRef>490010639S1</StopPointRef></From><To><StopPointRef>490005748S</StopPointRef></To><Direction>outbound</Direction></RouteLink><RouteLink id="RL_RS_51654e_H_1_24"><From><StopPointRef>490005748S</StopPointRef></From><To><StopPointRef>490005446E</StopPointRef></To><Direction>outbound</Direction></RouteLink><RouteLink id="RL_RS_51654e_H_1_25"><From><StopPointRef>490005446E</StopPointRef></From><To><StopPointRef>490014893E</StopPointRef></To><Direction>outbound</Direction></RouteLink><RouteLink id="RL_RS_51654e_H_1_26"><From><StopPointRef>490014893E</StopPointRef></From><To><StopPointRef>490001060A</StopPointRef></To><Direction>outbound</Direction></RouteLink><RouteLink id="RL_RS_51654e_H_1_27"><From><StopPointRef>490001060A</StopPointRef></From><To><StopPointRef>490015896E</StopPointRef></To><Direction>outbound</Direction></RouteLink><RouteLink id="RL_RS_51654e_H_1_28"><From><StopPointRef>490015896E</StopPointRef></From><To><StopPointRef>490013419N</StopPointRef></To><Direction>outbound</Direction></RouteLink><RouteLink id="RL_RS_51654e_H_1_29"><From><StopPointRef>490013419N</StopPointRef></From><To><StopPointRef>490013418N</StopPointRef></To><Direction>outbound</Direction></RouteLink><RouteLink id="RL_RS_51654e_H_1_30"><From><StopPointRef>490013418N</StopPointRef></From><To><StopPointRef>490007264N</StopPointRef></To><Direction>outbound</Direction></RouteLink><RouteLink id="RL_RS_51654e_H_1_31"><From><StopPointRef>490007264N</StopPointRef></From><To><StopPointRef>490005675N</StopPointRef></To><Direction>outbound</Direction></RouteLink><RouteLink id="RL_RS_51654e_H_1_32"><From><StopPointRef>490005675N</StopPointRef></From><To><StopPointRef>490007185E</StopPointRef></To><Direction>outbound</Direction></RouteLink><RouteLink id="RL_RS_51654e_H_1_33"><From><StopPointRef>490007185E</StopPointRef></From><To><StopPointRef>490006465N</StopPointRef></To><Direction>outbound</Direction></RouteLink></RouteSection><RouteSection id="RS_51654e_R_2"><RouteLink id="RL_RS_51654e_R_2_0"><From><StopPointRef>490011378S</StopPointRef></From><To><StopPointRef>490013680W</StopPointRef></To><Direction>inbound</Direction></RouteLink><RouteLink id="RL_RS_51654e_R_2_1"><From><StopPointRef>490013680W</StopPointRef></From><To><StopPointRef>490006281W</StopPointRef></To><Direction>inbound</Direction></RouteLink><RouteLink id="RL_RS_51654e_R_2_2"><From><StopPointRef>490006281W</StopPointRef></From><To><StopPointRef>490007184W</StopPointRef></To><Direction>inbound</Direction></RouteLink><RouteLink id="RL_RS_51654e_R_2_3"><From><StopPointRef>490007184W</StopPointRef></From><To><StopPointRef>490005675S</StopPointRef></To><Direction>inbound</Direction></RouteLink><RouteLink id="RL_RS_51654e_R_2_4"><From><StopPointRef>490005675S</StopPointRef></From><To><StopPointRef>490007264S</StopPointRef></To><Direction>inbound</Direction></RouteLink><RouteLink id="RL_RS_51654e_R_2_5"><From><StopPointRef>490007264S</StopPointRef></From><To><StopPointRef>490006654S</StopPointRef></To><Direction>inbound</Direction></RouteLink><RouteLink id="RL_RS_51654e_R_2_6"><From><StopPointRef>490006654S</StopPointRef></From><To><StopPointRef>490013419S</StopPointRef></To><Direction>inbound</Direction></RouteLink><RouteLink id="RL_RS_51654e_R_2_7"><From><StopPointRef>490013419S</StopPointRef></From><To><StopPointRef>490015896W</StopPointRef></To><Direction>inbound</Direction></RouteLink><RouteLink id="RL_RS_51654e_R_2_8"><From><StopPointRef>490015896W</StopPointRef></From><To><StopPointRef>490001060B</StopPointRef></To><Direction>inbound</Direction></RouteLink><RouteLink id="RL_RS_51654e_R_2_9"><From><StopPointRef>490001060B</StopPointRef></From><To><StopPointRef>490014893W</StopPointRef></To><Direction>inbound</Direction></RouteLink><RouteLink id="RL_RS_51654e_R_2_10"><From><StopPointRef>490014893W</StopPointRef></From><To><StopPointRef>490005446W</StopPointRef></To><Direction>inbound</Direction></RouteLink><RouteLink id="RL_RS_51654e_R_2_11"><From><StopPointRef>490005446W</StopPointRef></From><To><StopPointRef>490005748N</StopPointRef></To><Direction>inbound</Direction></RouteLink><RouteLink id="RL_RS_51654e_R_2_12"><From><StopPointRef>490005748N</StopPointRef></From><To><StopPointRef>490010639N</StopPointRef></To><Direction>inbound</Direction></RouteLink><RouteLink id="RL_RS_51654e_R_2_13"><From><StopPointRef>490010639N</StopPointRef></From><To><StopPointRef>490012592N</StopPointRef></To><Direction>inbound</Direction></RouteLink><RouteLink id="RL_RS_51654e_R_2_14"><From><StopPointRef>490012592N</StopPointRef></From><To><StopPointRef>490013749N</StopPointRef></To><Direction>inbound</Direction></RouteLink><RouteLink id="RL_RS_51654e_R_2_15"><From><StopPointRef>490013749N</StopPointRef></From><To><StopPointRef>490008209K</StopPointRef></To><Direction>inbound</Direction></RouteLink><RouteLink id="RL_RS_51654e_R_2_16"><From><StopPointRef>490008209K</StopPointRef></From><To><StopPointRef>490015411L</StopPointRef></To><Direction>inbound</Direction></RouteLink><RouteLink id="RL_RS_51654e_R_2_17"><From><StopPointRef>490015411L</StopPointRef></From><To><StopPointRef>490015411P</StopPointRef></To><Direction>inbound</Direction></RouteLink><RouteLink id="RL_RS_51654e_R_2_18"><From><StopPointRef>490015411P</StopPointRef></From><To><StopPointRef>490015411S</StopPointRef></To><Direction>inbound</Direction></RouteLink><RouteLink id="RL_RS_51654e_R_2_19"><From><StopPointRef>490015411S</StopPointRef></From><To><StopPointRef>490013818J</StopPointRef></To><Direction>inbound</Direction></RouteLink><RouteLink id="RL_RS_51654e_R_2_20"><From><StopPointRef>490013818J</StopPointRef></From><To><StopPointRef>490001220A</StopPointRef></To><Direction>inbound</Direction></RouteLink><RouteLink id="RL_RS_51654e_R_2_21"><From><StopPointRef>490001220A</StopPointRef></From><To><StopPointRef>490011150W</StopPointRef></To><Direction>inbound</Direction></RouteLink><RouteLink id="RL_RS_51654e_R_2_22"><From><StopPointRef>490011150W</StopPointRef></From><To><StopPointRef>490005788W</StopPointRef></To><Direction>inbound</Direction></RouteLink><RouteLink id="RL_RS_51654e_R_2_23"><From><StopPointRef>490005788W</StopPointRef></From><To><StopPointRef>490010512W1</StopPointRef></To><Direction>inbound</Direction></RouteLink><RouteLink id="RL_RS_51654e_R_2_24"><From><StopPointRef>490010512W1</StopPointRef></From><To><StopPointRef>490007255W</StopPointRef></To><Direction>inbound</Direction></RouteLink><RouteLink id="RL_RS_51654e_R_2_25"><From><StopPointRef>490007255W</StopPointRef></From><To><StopPointRef>490012600W</StopPointRef></To><Direction>inbound</Direction></RouteLink><RouteLink id="RL_RS_51654e_R_2_26"><From><StopPointRef>490012600W</StopPointRef></From><To><StopPointRef>490009243W</StopPointRef></To><Direction>inbound</Direction></RouteLink><RouteLink id="RL_RS_51654e_R_2_27"><From><StopPointRef>490009243W</StopPointRef></From><To><StopPointRef>490008683W</StopPointRef></To><Direction>inbound</Direction></RouteLink><RouteLink id="RL_RS_51654e_R_2_28"><From><StopPointRef>490008683W</StopPointRef></From><To><StopPointRef>490013438W</StopPointRef></To><Direction>inbound</Direction></RouteLink><RouteLink id="RL_RS_51654e_R_2_29"><From><StopPointRef>490013438W</StopPointRef></From><To><StopPointRef>490008681W</StopPointRef></To><Direction>inbound</Direction></RouteLink><RouteLink id="RL_RS_51654e_R_2_30"><From><StopPointRef>490008681W</StopPointRef></From><To><StopPointRef>490003675W</StopPointRef></To><Direction>inbound</Direction></RouteLink><RouteLink id="RL_RS_51654e_R_2_31"><From><StopPointRef>490003675W</StopPointRef></From><To><StopPointRef>490007871W</StopPointRef></To><Direction>inbound</Direction></RouteLink><RouteLink id="RL_RS_51654e_R_2_32"><From><StopPointRef>490007871W</StopPointRef></From><To><StopPointRef>490005544W</StopPointRef></To><Direction>inbound</Direction></RouteLink><RouteLink id="RL_RS_51654e_R_2_33"><From><StopPointRef>490005544W</StopPointRef></From><To><StopPointRef>490003099W</StopPointRef></To><Direction>inbound</Direction></RouteLink><RouteLink id="RL_RS_51654e_R_2_34"><From><StopPointRef>490003099W</StopPointRef></From><To><StopPointRef>490009032W</StopPointRef></To><Direction>inbound</Direction></RouteLink><RouteLink id="RL_RS_51654e_R_2_35"><From><StopPointRef>490009032W</StopPointRef></From><To><StopPointRef>490003095W</StopPointRef></To><Direction>inbound</Direction></RouteLink><RouteLink id="RL_RS_51654e_R_2_36"><From><StopPointRef>490003095W</StopPointRef></From><To><StopPointRef>490003101E</StopPointRef></To><Direction>inbound</Direction></RouteLink></RouteSection></RouteSections><Routes><Route id="R_51654e_H_1"><PrivateCode>R_51654e_H_1</PrivateCode><Description>Addington Village Interchange - Eldred Drive (BR5)</Description><RouteSectionRef>RS_51654e_H_1</RouteSectionRef></Route><Route id="R_51654e_R_2"><PrivateCode>R_51654e_R_2</PrivateCode><Description>Quilter Road - Addington Village Interchange</Description><RouteSectionRef>RS_51654e_R_2</RouteSectionRef></Route></Routes><JourneyPatternSections><JourneyPatternSection id="JPS_51654e_H_1"><JourneyPatternTimingLink id="JPL_51654e_H_1_0"><From SequenceNumber="1"><StopPointRef>490003101B</StopPointRef><TimingStatus>PTP</TimingStatus></From><To SequenceNumber="2"><StopPointRef>490003095E</StopPointRef><TimingStatus>PTP</TimingStatus></To><RunTime>PT96S</RunTime></JourneyPatternTimingLink><JourneyPatternTimingLink id="JPL_51654e_H_1_1"><From SequenceNumber="2"><StopPointRef>490003095E</StopPointRef><TimingStatus>PTP</TimingStatus></From><To SequenceNumber="3"><StopPointRef>490009032E</StopPointRef><TimingStatus>PTP</TimingStatus></To><RunTime>PT96S</RunTime></JourneyPatternTimingLink><JourneyPatternTimingLink id="JPL_51654e_H_1_2"><From SequenceNumber="3"><StopPointRef>490009032E</StopPointRef><TimingStatus>PTP</TimingStatus></From><To SequenceNumber="4"><StopPointRef>490003099N</StopPointRef><TimingStatus>PTP</TimingStatus></To><RunTime>PT108S</RunTime></JourneyPatternTimingLink><JourneyPatternTimingLink id="JPL_51654e_H_1_3"><From SequenceNumber="4"><StopPointRef>490003099N</StopPointRef><TimingStatus>PTP</TimingStatus></From><To SequenceNumber="5"><StopPointRef>490003097E</StopPointRef><TimingStatus>PTP</TimingStatus></To><RunTime>PT66S</RunTime></JourneyPatternTimingLink><JourneyPatternTimingLink id="JPL_51654e_H_1_4"><From SequenceNumber="5"><StopPointRef>490003097E</StopPointRef><TimingStatus>PTP</TimingStatus></From><To SequenceNumber="6"><StopPointRef>490005544E</StopPointRef><TimingStatus>PTP</TimingStatus></To><RunTime>PT66S</RunTime></JourneyPatternTimingLink><JourneyPatternTimingLink id="JPL_51654e_H_1_5"><From SequenceNumber="6"><StopPointRef>490005544E</StopPointRef><TimingStatus>PTP</TimingStatus></From><To SequenceNumber="7"><StopPointRef>490007871E</StopPointRef><TimingStatus>PTP</TimingStatus></To><RunTime>PT66S</RunTime></JourneyPatternTimingLink><JourneyPatternTimingLink id="JPL_51654e_H_1_6"><From SequenceNumber="7"><StopPointRef>490007871E</StopPointRef><TimingStatus>PTP</TimingStatus></From><To SequenceNumber="8"><StopPointRef>490003675E</StopPointRef><TimingStatus>PTP</TimingStatus></To><RunTime>PT66S</RunTime></JourneyPatternTimingLink><JourneyPatternTimingLink id="JPL_51654e_H_1_7"><From SequenceNumber="8"><StopPointRef>490003675E</StopPointRef><TimingStatus>PTP</TimingStatus></From><To SequenceNumber="9"><StopPointRef>490010989E</StopPointRef><TimingStatus>PTP</TimingStatus></To><RunTime>PT66S</RunTime></JourneyPatternTimingLink><JourneyPatternTimingLink id="JPL_51654e_H_1_8"><From SequenceNumber="9"><StopPointRef>490010989E</StopPointRef><TimingStatus>PTP</TimingStatus></From><To SequenceNumber="10"><StopPointRef>490013438E</StopPointRef><TimingStatus>PTP</TimingStatus></To><RunTime>PT90S</RunTime></JourneyPatternTimingLink><JourneyPatternTimingLink id="JPL_51654e_H_1_9"><From SequenceNumber="10"><StopPointRef>490013438E</StopPointRef><TimingStatus>PTP</TimingStatus></From><To SequenceNumber="11"><StopPointRef>490008683E</StopPointRef><TimingStatus>PTP</TimingStatus></To><RunTime>PT78S</RunTime></JourneyPatternTimingLink><JourneyPatternTimingLink id="JPL_51654e_H_1_10"><From SequenceNumber="11"><StopPointRef>490008683E</StopPointRef><TimingStatus>PTP</TimingStatus></From><To SequenceNumber="12"><StopPointRef>490009241E</StopPointRef><TimingStatus>PTP</TimingStatus></To><RunTime>PT78S</RunTime></JourneyPatternTimingLink><JourneyPatternTimingLink id="JPL_51654e_H_1_11"><From SequenceNumber="12"><StopPointRef>490009241E</StopPointRef><TimingStatus>PTP</TimingStatus></From><To SequenceNumber="13"><StopPointRef>490009243E</StopPointRef><TimingStatus>PTP</TimingStatus></To><RunTime>PT84S</RunTime></JourneyPatternTimingLink><JourneyPatternTimingLink id="JPL_51654e_H_1_12"><From SequenceNumber="13"><StopPointRef>490009243E</StopPointRef><TimingStatus>PTP</TimingStatus></From><To SequenceNumber="14"><StopPointRef>490012600E</StopPointRef><TimingStatus>PTP</TimingStatus></To><RunTime>PT66S</RunTime></JourneyPatternTimingLink><JourneyPatternTimingLink id="JPL_51654e_H_1_13"><From SequenceNumber="14"><StopPointRef>490012600E</StopPointRef><TimingStatus>PTP</TimingStatus></From><To SequenceNumber="15"><StopPointRef>490007255E</StopPointRef><TimingStatus>PTP</TimingStatus></To><RunTime>PT66S</RunTime></JourneyPatternTimingLink><JourneyPatternTimingLink id="JPL_51654e_H_1_14"><From SequenceNumber="15"><StopPointRef>490007255E</StopPointRef><TimingStatus>PTP</TimingStatus></From><To SequenceNumber="16"><StopPointRef>490010512W2</StopPointRef><TimingStatus>PTP</TimingStatus></To><RunTime>PT66S</RunTime></JourneyPatternTimingLink><JourneyPatternTimingLink id="JPL_51654e_H_1_15"><From SequenceNumber="16"><StopPointRef>490010512W2</StopPointRef><TimingStatus>PTP</TimingStatus></From><To SequenceNumber="17"><StopPointRef>490005788E</StopPointRef><TimingStatus>PTP</TimingStatus></To><RunTime>PT66S</RunTime></JourneyPatternTimingLink><JourneyPatternTimingLink id="JPL_51654e_H_1_16"><From SequenceNumber="17"><StopPointRef>490005788E</StopPointRef><TimingStatus>PTP</TimingStatus></From><To SequenceNumber="18"><StopPointRef>490011150E</StopPointRef><TimingStatus>PTP</TimingStatus></To><RunTime>PT66S</RunTime></JourneyPatternTimingLink><JourneyPatternTimingLink id="JPL_51654e_H_1_17"><From SequenceNumber="18"><StopPointRef>490011150E</StopPointRef><TimingStatus>PTP</TimingStatus></From><To SequenceNumber="19"><StopPointRef>490001220B</StopPointRef><TimingStatus>PTP</TimingStatus></To><RunTime>PT90S</RunTime></JourneyPatternTimingLink><JourneyPatternTimingLink id="JPL_51654e_H_1_18"><From SequenceNumber="19"><StopPointRef>490001220B</StopPointRef><TimingStatus>PTP</TimingStatus></From><To SequenceNumber="20"><StopPointRef>490013818H</StopPointRef><TimingStatus>PTP</TimingStatus></To><RunTime>PT60S</RunTime></JourneyPatternTimingLink><JourneyPatternTimingLink id="JPL_51654e_H_1_19"><From SequenceNumber="20"><StopPointRef>490013818H</StopPointRef><TimingStatus>PTP</TimingStatus></From><To SequenceNumber="21"><StopPointRef>490008209M</StopPointRef><TimingStatus>PTP</TimingStatus></To><RunTime>PT60S</RunTime></JourneyPatternTimingLink><JourneyPatternTimingLink id="JPL_51654e_H_1_20"><From SequenceNumber="21"><StopPointRef>490008209M</StopPointRef><TimingStatus>PTP</TimingStatus></From><To SequenceNumber="22"><StopPointRef>490013749S</StopPointRef><TimingStatus>PTP</TimingStatus></To><RunTime>PT60S</RunTime></JourneyPatternTimingLink><JourneyPatternTimingLink id="JPL_51654e_H_1_21"><From SequenceNumber="22"><StopPointRef>490013749S</StopPointRef><TimingStatus>PTP</TimingStatus></From><To SequenceNumber="23"><StopPointRef>490010639E</StopPointRef><TimingStatus>PTP</TimingStatus></To><RunTime>PT60S</RunTime></JourneyPatternTimingLink><JourneyPatternTimingLink id="JPL_51654e_H_1_22"><From SequenceNumber="23"><StopPointRef>490010639E</StopPointRef><TimingStatus>PTP</TimingStatus></From><To SequenceNumber="24"><StopPointRef>490010639S1</StopPointRef><TimingStatus>PTP</TimingStatus></To><RunTime>PT60S</RunTime></JourneyPatternTimingLink><JourneyPatternTimingLink id="JPL_51654e_H_1_23"><From SequenceNumber="24"><StopPointRef>490010639S1</StopPointRef><TimingStatus>PTP</TimingStatus></From><To SequenceNumber="25"><StopPointRef>490005748S</StopPointRef><TimingStatus>PTP</TimingStatus></To><RunTime>PT60S</RunTime></JourneyPatternTimingLink><JourneyPatternTimingLink id="JPL_51654e_H_1_24"><From SequenceNumber="25"><StopPointRef>490005748S</StopPointRef><TimingStatus>PTP</TimingStatus></From><To SequenceNumber="26"><StopPointRef>490005446E</StopPointRef><TimingStatus>PTP</TimingStatus></To><RunTime>PT60S</RunTime></JourneyPatternTimingLink><JourneyPatternTimingLink id="JPL_51654e_H_1_25"><From SequenceNumber="26"><StopPointRef>490005446E</StopPointRef><TimingStatus>PTP</TimingStatus></From><To SequenceNumber="27"><StopPointRef>490014893E</StopPointRef><TimingStatus>PTP</TimingStatus></To><RunTime>PT60S</RunTime></JourneyPatternTimingLink><JourneyPatternTimingLink id="JPL_51654e_H_1_26"><From SequenceNumber="27"><StopPointRef>490014893E</StopPointRef><TimingStatus>PTP</TimingStatus></From><To SequenceNumber="28"><StopPointRef>490001060A</StopPointRef><TimingStatus>PTP</TimingStatus></To><RunTime>PT60S</RunTime></JourneyPatternTimingLink><JourneyPatternTimingLink id="JPL_51654e_H_1_27"><From SequenceNumber="28"><StopPointRef>490001060A</StopPointRef><TimingStatus>PTP</TimingStatus></From><To SequenceNumber="29"><StopPointRef>490015896E</StopPointRef><TimingStatus>PTP</TimingStatus></To><RunTime>PT84S</RunTime></JourneyPatternTimingLink><JourneyPatternTimingLink id="JPL_51654e_H_1_28"><From SequenceNumber="29"><StopPointRef>490015896E</StopPointRef><TimingStatus>PTP</TimingStatus></From><To SequenceNumber="30"><StopPointRef>490013419N</StopPointRef><TimingStatus>PTP</TimingStatus></To><RunTime>PT84S</RunTime></JourneyPatternTimingLink><JourneyPatternTimingLink id="JPL_51654e_H_1_29"><From SequenceNumber="30"><StopPointRef>490013419N</StopPointRef><TimingStatus>PTP</TimingStatus></From><To SequenceNumber="31"><StopPointRef>490013418N</StopPointRef><TimingStatus>PTP</TimingStatus></To><RunTime>PT84S</RunTime></JourneyPatternTimingLink><JourneyPatternTimingLink id="JPL_51654e_H_1_30"><From SequenceNumber="31"><StopPointRef>490013418N</StopPointRef><TimingStatus>PTP</TimingStatus></From><To SequenceNumber="32"><StopPointRef>490007264N</StopPointRef><TimingStatus>PTP</TimingStatus></To><RunTime>PT84S</RunTime></JourneyPatternTimingLink><JourneyPatternTimingLink id="JPL_51654e_H_1_31"><From SequenceNumber="32"><StopPointRef>490007264N</StopPointRef><TimingStatus>PTP</TimingStatus></From><To SequenceNumber="33"><StopPointRef>490005675N</StopPointRef><TimingStatus>PTP</TimingStatus></To><RunTime>PT84S</RunTime></JourneyPatternTimingLink><JourneyPatternTimingLink id="JPL_51654e_H_1_32"><From SequenceNumber="33"><StopPointRef>490005675N</StopPointRef><TimingStatus>PTP</TimingStatus></From><To SequenceNumber="34"><StopPointRef>490007185E</StopPointRef><TimingStatus>PTP</TimingStatus></To><RunTime>PT180S</RunTime></JourneyPatternTimingLink><JourneyPatternTimingLink id="JPL_51654e_H_1_33"><From SequenceNumber="34"><StopPointRef>490007185E</StopPointRef><TimingStatus>PTP</TimingStatus></From><To SequenceNumber="35"><StopPointRef>490006465N</StopPointRef><TimingStatus>PTP</TimingStatus></To><RunTime>PT180S</RunTime></JourneyPatternTimingLink></JourneyPatternSection><JourneyPatternSection id="JPS_51654e_R_2"><JourneyPatternTimingLink id="JPL_51654e_R_2_0"><From SequenceNumber="1"><StopPointRef>490011378S</StopPointRef><TimingStatus>PTP</TimingStatus></From><To SequenceNumber="2"><StopPointRef>490013680W</StopPointRef><TimingStatus>PTP</TimingStatus></To><RunTime>PT60S</RunTime></JourneyPatternTimingLink><JourneyPatternTimingLink id="JPL_51654e_R_2_1"><From SequenceNumber="2"><StopPointRef>490013680W</StopPointRef><TimingStatus>PTP</TimingStatus></From><To SequenceNumber="3"><StopPointRef>490006281W</StopPointRef><TimingStatus>PTP</TimingStatus></To><RunTime>PT60S</RunTime></JourneyPatternTimingLink><JourneyPatternTimingLink id="JPL_51654e_R_2_2"><From SequenceNumber="3"><StopPointRef>490006281W</StopPointRef><TimingStatus>PTP</TimingStatus></From><To SequenceNumber="4"><StopPointRef>490007184W</StopPointRef><TimingStatus>PTP</TimingStatus></To><RunTime>PT60S</RunTime></JourneyPatternTimingLink><JourneyPatternTimingLink id="JPL_51654e_R_2_3"><From SequenceNumber="4"><StopPointRef>490007184W</StopPointRef><TimingStatus>PTP</TimingStatus></From><To SequenceNumber="5"><StopPointRef>490005675S</StopPointRef><TimingStatus>PTP</TimingStatus></To><RunTime>PT60S</RunTime></JourneyPatternTimingLink><JourneyPatternTimingLink id="JPL_51654e_R_2_4"><From SequenceNumber="5"><StopPointRef>490005675S</StopPointRef><TimingStatus>PTP</TimingStatus></From><To SequenceNumber="6"><StopPointRef>490007264S</StopPointRef><TimingStatus>PTP</TimingStatus></To><RunTime>PT48S</RunTime></JourneyPatternTimingLink><JourneyPatternTimingLink id="JPL_51654e_R_2_5"><From SequenceNumber="6"><StopPointRef>490007264S</StopPointRef><TimingStatus>PTP</TimingStatus></From><To SequenceNumber="7"><StopPointRef>490006654S</StopPointRef><TimingStatus>PTP</TimingStatus></To><RunTime>PT48S</RunTime></JourneyPatternTimingLink><JourneyPatternTimingLink id="JPL_51654e_R_2_6"><From SequenceNumber="7"><StopPointRef>490006654S</StopPointRef><TimingStatus>PTP</TimingStatus></From><To SequenceNumber="8"><StopPointRef>490013419S</StopPointRef><TimingStatus>PTP</TimingStatus></To><RunTime>PT48S</RunTime></JourneyPatternTimingLink><JourneyPatternTimingLink id="JPL_51654e_R_2_7"><From SequenceNumber="8"><StopPointRef>490013419S</StopPointRef><TimingStatus>PTP</TimingStatus></From><To SequenceNumber="9"><StopPointRef>490015896W</StopPointRef><TimingStatus>PTP</TimingStatus></To><RunTime>PT48S</RunTime></JourneyPatternTimingLink><JourneyPatternTimingLink id="JPL_51654e_R_2_8"><From SequenceNumber="9"><StopPointRef>490015896W</StopPointRef><TimingStatus>PTP</TimingStatus></From><To SequenceNumber="10"><StopPointRef>490001060B</StopPointRef><TimingStatus>PTP</TimingStatus></To><RunTime>PT48S</RunTime></JourneyPatternTimingLink><JourneyPatternTimingLink id="JPL_51654e_R_2_9"><From SequenceNumber="10"><StopPointRef>490001060B</StopPointRef><TimingStatus>PTP</TimingStatus></From><To SequenceNumber="11"><StopPointRef>490014893W</StopPointRef><TimingStatus>PTP</TimingStatus></To><RunTime>PT66S</RunTime></JourneyPatternTimingLink><JourneyPatternTimingLink id="JPL_51654e_R_2_10"><From SequenceNumber="11"><StopPointRef>490014893W</StopPointRef><TimingStatus>PTP</TimingStatus></From><To SequenceNumber="12"><StopPointRef>490005446W</StopPointRef><TimingStatus>PTP</TimingStatus></To><RunTime>PT66S</RunTime></JourneyPatternTimingLink><JourneyPatternTimingLink id="JPL_51654e_R_2_11"><From SequenceNumber="12"><StopPointRef>490005446W</StopPointRef><TimingStatus>PTP</TimingStatus></From><To SequenceNumber="13"><StopPointRef>490005748N</StopPointRef><TimingStatus>PTP</TimingStatus></To><RunTime>PT66S</RunTime></JourneyPatternTimingLink><JourneyPatternTimingLink id="JPL_51654e_R_2_12"><From SequenceNumber="13"><StopPointRef>490005748N</StopPointRef><TimingStatus>PTP</TimingStatus></From><To SequenceNumber="14"><StopPointRef>490010639N</StopPointRef><TimingStatus>PTP</TimingStatus></To><RunTime>PT66S</RunTime></JourneyPatternTimingLink><JourneyPatternTimingLink id="JPL_51654e_R_2_13"><From SequenceNumber="14"><StopPointRef>490010639N</StopPointRef><TimingStatus>PTP</TimingStatus></From><To SequenceNumber="15"><StopPointRef>490012592N</StopPointRef><TimingStatus>PTP</TimingStatus></To><RunTime>PT66S</RunTime></JourneyPatternTimingLink><JourneyPatternTimingLink id="JPL_51654e_R_2_14"><From SequenceNumber="15"><StopPointRef>490012592N</StopPointRef><TimingStatus>PTP</TimingStatus></From><To SequenceNumber="16"><StopPointRef>490013749N</StopPointRef><TimingStatus>PTP</TimingStatus></To><RunTime>PT66S</RunTime></JourneyPatternTimingLink><JourneyPatternTimingLink id="JPL_51654e_R_2_15"><From SequenceNumber="16"><StopPointRef>490013749N</StopPointRef><TimingStatus>PTP</TimingStatus></From><To SequenceNumber="17"><StopPointRef>490008209K</StopPointRef><TimingStatus>PTP</TimingStatus></To><RunTime>PT84S</RunTime></JourneyPatternTimingLink><JourneyPatternTimingLink id="JPL_51654e_R_2_16"><From SequenceNumber="17"><StopPointRef>490008209K</StopPointRef><TimingStatus>PTP</TimingStatus></From><To SequenceNumber="18"><StopPointRef>490015411L</StopPointRef><TimingStatus>PTP</TimingStatus></To><RunTime>PT36S</RunTime></JourneyPatternTimingLink><JourneyPatternTimingLink id="JPL_51654e_R_2_17"><From SequenceNumber="18"><StopPointRef>490015411L</StopPointRef><TimingStatus>PTP</TimingStatus></From><To SequenceNumber="19"><StopPointRef>490015411P</StopPointRef><TimingStatus>PTP</TimingStatus></To><RunTime>PT36S</RunTime></JourneyPatternTimingLink><JourneyPatternTimingLink id="JPL_51654e_R_2_18"><From SequenceNumber="19"><StopPointRef>490015411P</StopPointRef><TimingStatus>PTP</TimingStatus></From><To SequenceNumber="20"><StopPointRef>490015411S</StopPointRef><TimingStatus>PTP</TimingStatus></To><RunTime>PT36S</RunTime></JourneyPatternTimingLink><JourneyPatternTimingLink id="JPL_51654e_R_2_19"><From SequenceNumber="20"><StopPointRef>490015411S</StopPointRef><TimingStatus>PTP</TimingStatus></From><To SequenceNumber="21"><StopPointRef>490013818J</StopPointRef><TimingStatus>PTP</TimingStatus></To><RunTime>PT36S</RunTime></JourneyPatternTimingLink><JourneyPatternTimingLink id="JPL_51654e_R_2_20"><From SequenceNumber="21"><StopPointRef>490013818J</StopPointRef><TimingStatus>PTP</TimingStatus></From><To SequenceNumber="22"><StopPointRef>490001220A</StopPointRef><TimingStatus>PTP</TimingStatus></To><RunTime>PT36S</RunTime></JourneyPatternTimingLink><JourneyPatternTimingLink id="JPL_51654e_R_2_21"><From SequenceNumber="22"><StopPointRef>490001220A</StopPointRef><TimingStatus>PTP</TimingStatus></From><To SequenceNumber="23"><StopPointRef>490011150W</StopPointRef><TimingStatus>PTP</TimingStatus></To><RunTime>PT60S</RunTime></JourneyPatternTimingLink><JourneyPatternTimingLink id="JPL_51654e_R_2_22"><From SequenceNumber="23"><StopPointRef>490011150W</StopPointRef><TimingStatus>PTP</TimingStatus></From><To SequenceNumber="24"><StopPointRef>490005788W</StopPointRef><TimingStatus>PTP</TimingStatus></To><RunTime>PT60S</RunTime></JourneyPatternTimingLink><JourneyPatternTimingLink id="JPL_51654e_R_2_23"><From SequenceNumber="24"><StopPointRef>490005788W</StopPointRef><TimingStatus>PTP</TimingStatus></From><To SequenceNumber="25"><StopPointRef>490010512W1</StopPointRef><TimingStatus>PTP</TimingStatus></To><RunTime>PT60S</RunTime></JourneyPatternTimingLink><JourneyPatternTimingLink id="JPL_51654e_R_2_24"><From SequenceNumber="25"><StopPointRef>490010512W1</StopPointRef><TimingStatus>PTP</TimingStatus></From><To SequenceNumber="26"><StopPointRef>490007255W</StopPointRef><TimingStatus>PTP</TimingStatus></To><RunTime>PT60S</RunTime></JourneyPatternTimingLink><JourneyPatternTimingLink id="JPL_51654e_R_2_25"><From SequenceNumber="26"><StopPointRef>490007255W</StopPointRef><TimingStatus>PTP</TimingStatus></From><To SequenceNumber="27"><StopPointRef>490012600W</StopPointRef><TimingStatus>PTP</TimingStatus></To><RunTime>PT60S</RunTime></JourneyPatternTimingLink><JourneyPatternTimingLink id="JPL_51654e_R_2_26"><From SequenceNumber="27"><StopPointRef>490012600W</StopPointRef><TimingStatus>PTP</TimingStatus></From><To SequenceNumber="28"><StopPointRef>490009243W</StopPointRef><TimingStatus>PTP</TimingStatus></To><RunTime>PT60S</RunTime></JourneyPatternTimingLink><JourneyPatternTimingLink id="JPL_51654e_R_2_27"><From SequenceNumber="28"><StopPointRef>490009243W</StopPointRef><TimingStatus>PTP</TimingStatus></From><To SequenceNumber="29"><StopPointRef>490008683W</StopPointRef><TimingStatus>PTP</TimingStatus></To><RunTime>PT120S</RunTime></JourneyPatternTimingLink><JourneyPatternTimingLink id="JPL_51654e_R_2_28"><From SequenceNumber="29"><StopPointRef>490008683W</StopPointRef><TimingStatus>PTP</TimingStatus></From><To SequenceNumber="30"><StopPointRef>490013438W</StopPointRef><TimingStatus>PTP</TimingStatus></To><RunTime>PT120S</RunTime></JourneyPatternTimingLink><JourneyPatternTimingLink id="JPL_51654e_R_2_29"><From SequenceNumber="30"><StopPointRef>490013438W</StopPointRef><TimingStatus>PTP</TimingStatus></From><To SequenceNumber="31"><StopPointRef>490008681W</StopPointRef><TimingStatus>PTP</TimingStatus></To><RunTime>PT60S</RunTime></JourneyPatternTimingLink><JourneyPatternTimingLink id="JPL_51654e_R_2_30"><From SequenceNumber="31"><StopPointRef>490008681W</StopPointRef><TimingStatus>PTP</TimingStatus></From><To SequenceNumber="32"><StopPointRef>490003675W</StopPointRef><TimingStatus>PTP</TimingStatus></To><RunTime>PT60S</RunTime></JourneyPatternTimingLink><JourneyPatternTimingLink id="JPL_51654e_R_2_31"><From SequenceNumber="32"><StopPointRef>490003675W</StopPointRef><TimingStatus>PTP</TimingStatus></From><To SequenceNumber="33"><StopPointRef>490007871W</StopPointRef><TimingStatus>PTP</TimingStatus></To><RunTime>PT60S</RunTime></JourneyPatternTimingLink><JourneyPatternTimingLink id="JPL_51654e_R_2_32"><From SequenceNumber="33"><StopPointRef>490007871W</StopPointRef><TimingStatus>PTP</TimingStatus></From><To SequenceNumber="34"><StopPointRef>490005544W</StopPointRef><TimingStatus>PTP</TimingStatus></To><RunTime>PT60S</RunTime></JourneyPatternTimingLink><JourneyPatternTimingLink id="JPL_51654e_R_2_33"><From SequenceNumber="34"><StopPointRef>490005544W</StopPointRef><TimingStatus>PTP</TimingStatus></From><To SequenceNumber="35"><StopPointRef>490003099W</StopPointRef><TimingStatus>PTP</TimingStatus></To><RunTime>PT60S</RunTime></JourneyPatternTimingLink><JourneyPatternTimingLink id="JPL_51654e_R_2_34"><From SequenceNumber="35"><StopPointRef>490003099W</StopPointRef><TimingStatus>PTP</TimingStatus></From><To SequenceNumber="36"><StopPointRef>490009032W</StopPointRef><TimingStatus>PTP</TimingStatus></To><RunTime>PT138S</RunTime></JourneyPatternTimingLink><JourneyPatternTimingLink id="JPL_51654e_R_2_35"><From SequenceNumber="36"><StopPointRef>490009032W</StopPointRef><TimingStatus>PTP</TimingStatus></From><To SequenceNumber="37"><StopPointRef>490003095W</StopPointRef><TimingStatus>PTP</TimingStatus></To><RunTime>PT138S</RunTime></JourneyPatternTimingLink><JourneyPatternTimingLink id="JPL_51654e_R_2_36"><From SequenceNumber="37"><StopPointRef>490003095W</StopPointRef><TimingStatus>PTP</TimingStatus></From><To SequenceNumber="38"><StopPointRef>490003101E</StopPointRef><TimingStatus>PTP</TimingStatus></To><RunTime>PT144S</RunTime></JourneyPatternTimingLink></JourneyPatternSection></JourneyPatternSections><Operators><Operator id="OId_ME"><OperatorCode>ME</OperatorCode><OperatorShortName>ME</OperatorShortName><OperatorNameOnLicence>ME</OperatorNameOnLicence><TradingName>ME</TradingName></Operator></Operators><Services><Service><ServiceCode>SId_51654e0</ServiceCode><PrivateCode>51654e0</PrivateCode><Lines><Line id="LId_51654e0"><LineName>654</LineName></Line></Lines><OperatingPeriod><StartDate>2009-12-01</StartDate><EndDate>2010-12-23</EndDate></OperatingPeriod><OperatingProfile><RegularDayType>
					<DaysOfWeek>
						<MondayToFriday/>
					</DaysOfWeek>
				</RegularDayType>
				<BankHolidayOperation><DaysOfNonOperation><AllBankHolidays></AllBankHolidays></DaysOfNonOperation></BankHolidayOperation></OperatingProfile><RegisteredOperatorRef>OId_ME</RegisteredOperatorRef><StopRequirements><NoNewStopsRequired/></StopRequirements><StandardService><Origin>Addington Village Interchange</Origin><Destination>Eldred Drive (BR5)</Destination><JourneyPattern id="JP_51654e_H0_1"><Direction>outbound</Direction><Operational><VehicleType><VehicleTypeCode>02</VehicleTypeCode><Description>Single Decker</Description></VehicleType></Operational><RouteRef>R_51654e_H_1</RouteRef><JourneyPatternSectionRefs>JPS_51654e_H_1</JourneyPatternSectionRefs></JourneyPattern><JourneyPattern id="JP_51654e_R0_2"><Direction>inbound</Direction><Operational><VehicleType><VehicleTypeCode>02</VehicleTypeCode><Description>Single Decker</Description></VehicleType></Operational><RouteRef>R_51654e_R_2</RouteRef><JourneyPatternSectionRefs>JPS_51654e_R_2</JourneyPatternSectionRefs></JourneyPattern></StandardService></Service></Services><VehicleJourneys><VehicleJourney><PrivateCode>51654ee0H6540002</PrivateCode><Operational><VehicleType><VehicleTypeCode>02</VehicleTypeCode><Description>Single Decker</Description></VehicleType></Operational><OperatingProfile><RegularDayType>
					<DaysOfWeek>
						<MondayToFriday/>
					</DaysOfWeek>
				</RegularDayType>
			</OperatingProfile><VehicleJourneyCode>51654ee0H6540002</VehicleJourneyCode><ServiceRef>SId_51654e0</ServiceRef><LineRef>LId_51654e0</LineRef><JourneyPatternRef>JP_51654e_H0_1</JourneyPatternRef><DepartureTime>07:35:00</DepartureTime></VehicleJourney><VehicleJourney><PrivateCode>51654ee0R6540001</PrivateCode><Operational><VehicleType><VehicleTypeCode>02</VehicleTypeCode><Description>Single Decker</Description></VehicleType></Operational><OperatingProfile><RegularDayType>
					<DaysOfWeek>
						<MondayToFriday/>
					</DaysOfWeek>
				</RegularDayType>
			</OperatingProfile><VehicleJourneyCode>51654ee0R6540001</VehicleJourneyCode><ServiceRef>SId_51654e0</ServiceRef><LineRef>LId_51654e0</LineRef><JourneyPatternRef>JP_51654e_R0_2</JourneyPatternRef><DepartureTime>15:20:00</DepartureTime></VehicleJourney></VehicleJourneys></TransXChange>
