<?xml version="1.0" encoding="UTF-8"?>
<TransXChange CreationDateTime="2010-10-28T09:11:06" ModificationDateTime="2010-10-28T09:11:06" Modification="new" FileName="G:\mentzdv\Datastore\output_txc_49613e.xml" RevisionNumber="0" SchemaVersion="2.1" xmlns:xsi="http://www.w3.org/2001/XMLSchema-instance" xsi:schemaLocation="http://www.transxchange.org.uk/ http://www.transxchange.org.uk/schema/2.1/TransXChange_general.xsd" xmlns="http://www.transxchange.org.uk/" xmlns:n1="http://www.transxchange.org.uk/" xmlns:n2="http://www.govtalk.gov.uk/people/AddressAndPersonalDetails" xmlns:n3="http://www.govtalk.gov.uk/core" xmlns:n4="http://www.govtalk.gov.uk/people/bs7666"><StopPoints><AnnotatedStopPointRef><StopPointRef>490001346B</StopPointRef><CommonName>Worcester Park</CommonName><Indicator>stop B</Indicator><LocalityName>Worcester Park (London)</LocalityName><LocalityQualifier>Greater London</LocalityQualifier></AnnotatedStopPointRef><AnnotatedStopPointRef><StopPointRef>490014261E</StopPointRef><CommonName>Longfellow Road (KT4)</CommonName><Indicator>stop E</Indicator><LocalityName>Worcester Park (London)</LocalityName><LocalityQualifier>Greater London</LocalityQualifier></AnnotatedStopPointRef><AnnotatedStopPointRef><StopPointRef>490009181S</StopPointRef><CommonName>Lindsay Road (KT4)</CommonName><Indicator>stop S</Indicator><LocalityName>Worcester Park (London)</LocalityName><LocalityQualifier>Greater London</LocalityQualifier></AnnotatedStopPointRef><AnnotatedStopPointRef><StopPointRef>490014815S</StopPointRef><CommonName>Woodbine Lane</CommonName><Indicator>stop S</Indicator><LocalityName>North Cheam</LocalityName><LocalityQualifier>Greater London</LocalityQualifier></AnnotatedStopPointRef><AnnotatedStopPointRef><StopPointRef>490009283B</StopPointRef><CommonName>North Cheam / Queen Victoria</CommonName><Indicator>stop B</Indicator><LocalityName>North Cheam</LocalityName><LocalityQualifier>Greater London</LocalityQualifier></AnnotatedStopPointRef><AnnotatedStopPointRef><StopPointRef>490010323J</StopPointRef><CommonName>Church Hill Road (SM3)</CommonName><Indicator>stop J</Indicator><LocalityName>North Cheam</LocalityName><LocalityQualifier>Greater London</LocalityQualifier></AnnotatedStopPointRef><AnnotatedStopPointRef><StopPointRef>490005059S</StopPointRef><CommonName>Cheam Leisure Centre</CommonName><Indicator>stop T</Indicator><LocalityName>North Cheam</LocalityName><LocalityQualifier>Greater London</LocalityQualifier></AnnotatedStopPointRef><AnnotatedStopPointRef><StopPointRef>490009524R</StopPointRef><CommonName>Malden Road / Priory Road</CommonName><Indicator>stop R</Indicator><LocalityName>North Cheam</LocalityName><LocalityQualifier>Greater London</LocalityQualifier></AnnotatedStopPointRef><AnnotatedStopPointRef><StopPointRef>490013668S</StopPointRef><CommonName>Tilehurst Road / Malden Road</CommonName><Indicator>stop S</Indicator><LocalityName>Cheam</LocalityName><LocalityQualifier>Greater London</LocalityQualifier></AnnotatedStopPointRef><AnnotatedStopPointRef><StopPointRef>490009451P</StopPointRef><CommonName>Lumley Road (SM3)</CommonName><Indicator>stop P</Indicator><LocalityName>Cheam</LocalityName><LocalityQualifier>Greater London</LocalityQualifier></AnnotatedStopPointRef><AnnotatedStopPointRef><StopPointRef>490005056C</StopPointRef><CommonName>Cheam Broadway (SM3)</CommonName><Indicator>stop C</Indicator><LocalityName>Cheam</LocalityName><LocalityQualifier>Greater London</LocalityQualifier></AnnotatedStopPointRef><AnnotatedStopPointRef><StopPointRef>490012437H</StopPointRef><CommonName>St.Dunstans Hill</CommonName><Indicator>stop H</Indicator><LocalityName>Cheam</LocalityName><LocalityQualifier>Greater London</LocalityQualifier></AnnotatedStopPointRef><AnnotatedStopPointRef><StopPointRef>490007103E</StopPointRef><CommonName>Cheam Road / Gander Green Lane</CommonName><Indicator>stop C</Indicator><LocalityName>Cheam</LocalityName><LocalityQualifier>Greater London</LocalityQualifier></AnnotatedStopPointRef><AnnotatedStopPointRef><StopPointRef>490014453E</StopPointRef><CommonName>Western Road / Cheam Road</CommonName><Indicator>stop D</Indicator><LocalityName>Sutton (London)</LocalityName><LocalityQualifier>Greater London</LocalityQualifier></AnnotatedStopPointRef><AnnotatedStopPointRef><StopPointRef>490011969U</StopPointRef><CommonName>Secombe Centre</CommonName><Indicator>stop U</Indicator><LocalityName>Sutton (London)</LocalityName><LocalityQualifier>Greater London</LocalityQualifier></AnnotatedStopPointRef><AnnotatedStopPointRef><StopPointRef>490013064V</StopPointRef><CommonName>Sutton Civic Centre</CommonName><Indicator>stop V</Indicator><LocalityName>Sutton (London)</LocalityName><LocalityQualifier>Greater London</LocalityQualifier></AnnotatedStopPointRef><AnnotatedStopPointRef><StopPointRef>490011856W</StopPointRef><CommonName>Saint Nicholas Centre</CommonName><Indicator>stop W</Indicator><LocalityName>Sutton (London)</LocalityName><LocalityQualifier>Greater London</LocalityQualifier></AnnotatedStopPointRef><AnnotatedStopPointRef><StopPointRef>490005844Y</StopPointRef><CommonName>Crown Road (SM1)</CommonName><Indicator>stop Y</Indicator><LocalityName>Sutton (London)</LocalityName><LocalityQualifier>Greater London</LocalityQualifier></AnnotatedStopPointRef><AnnotatedStopPointRef><StopPointRef>490013072Z</StopPointRef><CommonName>Sutton Green</CommonName><Indicator>stop Z</Indicator><LocalityName>Benhilton</LocalityName><LocalityQualifier>Greater London</LocalityQualifier></AnnotatedStopPointRef><AnnotatedStopPointRef><StopPointRef>490013063W</StopPointRef><CommonName>Sutton Bus Garage/Bushey Road</CommonName><Indicator>stop H</Indicator><LocalityName>Benhilton</LocalityName><LocalityQualifier>Greater London</LocalityQualifier></AnnotatedStopPointRef><AnnotatedStopPointRef><StopPointRef>490005504N</StopPointRef><CommonName>Collingwood Road / Bushey Road</CommonName><Indicator>stop J</Indicator><LocalityName>Benhilton</LocalityName><LocalityQualifier>Greater London</LocalityQualifier></AnnotatedStopPointRef><AnnotatedStopPointRef><StopPointRef>490003202N2</StopPointRef><CommonName>Alexandra Avenue (SM1)</CommonName><Indicator>stop N</Indicator><LocalityName>Benhilton</LocalityName><LocalityQualifier>Greater London</LocalityQualifier></AnnotatedStopPointRef><AnnotatedStopPointRef><StopPointRef>490005503N</StopPointRef><CommonName>Collingwood Rd/Oldfields Road</CommonName><Indicator>stop N</Indicator><LocalityName>Benhilton</LocalityName><LocalityQualifier>Greater London</LocalityQualifier></AnnotatedStopPointRef><AnnotatedStopPointRef><StopPointRef>490012631N</StopPointRef><CommonName>Stayton Road</CommonName><Indicator>stop SD</Indicator><LocalityName>Benhilton</LocalityName><LocalityQualifier>Greater London</LocalityQualifier></AnnotatedStopPointRef><AnnotatedStopPointRef><StopPointRef>490013065N</StopPointRef><CommonName>Reigate Avenue</CommonName><Indicator>stop SE</Indicator><LocalityName>Benhilton</LocalityName><LocalityQualifier>Greater London</LocalityQualifier></AnnotatedStopPointRef><AnnotatedStopPointRef><StopPointRef>490013065S</StopPointRef><CommonName>Reigate Avenue</CommonName><Indicator>stop SB</Indicator><LocalityName>Benhilton</LocalityName><LocalityQualifier>Greater London</LocalityQualifier></AnnotatedStopPointRef><AnnotatedStopPointRef><StopPointRef>490012631S</StopPointRef><CommonName>Stayton Road</CommonName><Indicator>stop SC</Indicator><LocalityName>Benhilton</LocalityName><LocalityQualifier>Greater London</LocalityQualifier></AnnotatedStopPointRef><AnnotatedStopPointRef><StopPointRef>490005503S</StopPointRef><CommonName>Collingwood Rd/Oldfields Road</CommonName><Indicator>stop S</Indicator><LocalityName>Benhilton</LocalityName><LocalityQualifier>Greater London</LocalityQualifier></AnnotatedStopPointRef><AnnotatedStopPointRef><StopPointRef>490003202N1</StopPointRef><CommonName>Alexandra Avenue (SM1)</CommonName><Indicator>stop S</Indicator><LocalityName>Benhilton</LocalityName><LocalityQualifier>Greater London</LocalityQualifier></AnnotatedStopPointRef><AnnotatedStopPointRef><StopPointRef>490004646S</StopPointRef><CommonName>Bushey Road / Collingwood Road</CommonName><Indicator>stop K</Indicator><LocalityName>Benhilton</LocalityName><LocalityQualifier>Greater London</LocalityQualifier></AnnotatedStopPointRef><AnnotatedStopPointRef><StopPointRef>490013063E2</StopPointRef><CommonName>Sutton Bus Garage/Bushey Road</CommonName><Indicator>stop E</Indicator><LocalityName>Benhilton</LocalityName><LocalityQualifier>Greater London</LocalityQualifier></AnnotatedStopPointRef><AnnotatedStopPointRef><StopPointRef>490013072B</StopPointRef><CommonName>Sutton Green</CommonName><Indicator>stop B</Indicator><LocalityName>Benhilton</LocalityName><LocalityQualifier>Greater London</LocalityQualifier></AnnotatedStopPointRef><AnnotatedStopPointRef><StopPointRef>490013062C</StopPointRef><CommonName>High Street / Marshalls Road</CommonName><Indicator>stop C</Indicator><LocalityName>Benhilton</LocalityName><LocalityQualifier>Greater London</LocalityQualifier></AnnotatedStopPointRef><AnnotatedStopPointRef><StopPointRef>490003892E</StopPointRef><CommonName>Benhill Avenue (SM1)</CommonName><Indicator>stop E</Indicator><LocalityName>Sutton (London)</LocalityName><LocalityQualifier>Greater London</LocalityQualifier></AnnotatedStopPointRef><AnnotatedStopPointRef><StopPointRef>490009575I</StopPointRef><CommonName>Manor Place (SM1)</CommonName><Indicator>stop I</Indicator><LocalityName>Sutton (London)</LocalityName><LocalityQualifier>Greater London</LocalityQualifier></AnnotatedStopPointRef><AnnotatedStopPointRef><StopPointRef>490013679J</StopPointRef><CommonName>Times Square</CommonName><Indicator>stop J</Indicator><LocalityName>Sutton (London)</LocalityName><LocalityQualifier>Greater London</LocalityQualifier></AnnotatedStopPointRef><AnnotatedStopPointRef><StopPointRef>490013081K</StopPointRef><CommonName>Sutton Police Station</CommonName><Indicator>stop K</Indicator><LocalityName>Sutton (London)</LocalityName><LocalityQualifier>Greater London</LocalityQualifier></AnnotatedStopPointRef><AnnotatedStopPointRef><StopPointRef>490013082S</StopPointRef><CommonName>Sutton Head Post Office</CommonName><Indicator>stop S</Indicator><LocalityName>Sutton (London)</LocalityName><LocalityQualifier>Greater London</LocalityQualifier></AnnotatedStopPointRef><AnnotatedStopPointRef><StopPointRef>490013080T</StopPointRef><CommonName>Sutton Park Road</CommonName><Indicator>stop T</Indicator><LocalityName>Sutton (London)</LocalityName><LocalityQualifier>Greater London</LocalityQualifier></AnnotatedStopPointRef><AnnotatedStopPointRef><StopPointRef>490012085W</StopPointRef><CommonName>Sherwood Park Road</CommonName><Indicator>stop F</Indicator><LocalityName>Sutton (London)</LocalityName><LocalityQualifier>Greater London</LocalityQualifier></AnnotatedStopPointRef><AnnotatedStopPointRef><StopPointRef>490005060W</StopPointRef><CommonName>Cheam Road / Gander Green Lane</CommonName><Indicator>stop E</Indicator><LocalityName>Cheam</LocalityName><LocalityQualifier>Greater London</LocalityQualifier></AnnotatedStopPointRef><AnnotatedStopPointRef><StopPointRef>490012437J</StopPointRef><CommonName>St.Dunstans Hill</CommonName><Indicator>stop J</Indicator><LocalityName>Cheam</LocalityName><LocalityQualifier>Greater London</LocalityQualifier></AnnotatedStopPointRef><AnnotatedStopPointRef><StopPointRef>490005056D</StopPointRef><CommonName>Cheam Broadway (SM3)</CommonName><Indicator>stop D</Indicator><LocalityName>Cheam</LocalityName><LocalityQualifier>Greater London</LocalityQualifier></AnnotatedStopPointRef><AnnotatedStopPointRef><StopPointRef>490009451N</StopPointRef><CommonName>Lumley Road (SM3)</CommonName><Indicator>stop N</Indicator><LocalityName>Cheam</LocalityName><LocalityQualifier>Greater London</LocalityQualifier></AnnotatedStopPointRef><AnnotatedStopPointRef><StopPointRef>490013668N</StopPointRef><CommonName>Tilehurst Road / Malden Road</CommonName><Indicator>stop N</Indicator><LocalityName>Cheam</LocalityName><LocalityQualifier>Greater London</LocalityQualifier></AnnotatedStopPointRef><AnnotatedStopPointRef><StopPointRef>490009524S</StopPointRef><CommonName>Malden Road / Priory Road</CommonName><Indicator>stop S</Indicator><LocalityName>North Cheam</LocalityName><LocalityQualifier>Greater London</LocalityQualifier></AnnotatedStopPointRef><AnnotatedStopPointRef><StopPointRef>490010323G</StopPointRef><CommonName>North Cheam / Queen Victoria</CommonName><Indicator>stop G</Indicator><LocalityName>North Cheam</LocalityName><LocalityQualifier>Greater London</LocalityQualifier></AnnotatedStopPointRef><AnnotatedStopPointRef><StopPointRef>490009283A</StopPointRef><CommonName>Wellington Avenue (KT4)</CommonName><Indicator>stop A</Indicator><LocalityName>North Cheam</LocalityName><LocalityQualifier>Greater London</LocalityQualifier></AnnotatedStopPointRef><AnnotatedStopPointRef><StopPointRef>490014815N</StopPointRef><CommonName>Woodbine Lane</CommonName><Indicator>stop N</Indicator><LocalityName>North Cheam</LocalityName><LocalityQualifier>Greater London</LocalityQualifier></AnnotatedStopPointRef><AnnotatedStopPointRef><StopPointRef>490009181N</StopPointRef><CommonName>Lindsay Road (KT4)</CommonName><Indicator>stop N</Indicator><LocalityName>Worcester Park (London)</LocalityName><LocalityQualifier>Greater London</LocalityQualifier></AnnotatedStopPointRef><AnnotatedStopPointRef><StopPointRef>490009304D</StopPointRef><CommonName>Longfellow Road (KT4)</CommonName><Indicator>stop D</Indicator><LocalityName>Worcester Park (London)</LocalityName><LocalityQualifier>Greater London</LocalityQualifier></AnnotatedStopPointRef><AnnotatedStopPointRef><StopPointRef>490001346C</StopPointRef><CommonName>Worcester Park</CommonName><Indicator>stop C</Indicator><LocalityName>Worcester Park (London)</LocalityName><LocalityQualifier>Greater London</LocalityQualifier></AnnotatedStopPointRef></StopPoints><RouteSections><RouteSection id="RS_49613e_H_1"><RouteLink id="RL_RS_49613e_H_1_0"><From><StopPointRef>490001346B</StopPointRef></From><To><StopPointRef>490014261E</StopPointRef></To><Direction>outbound</Direction></RouteLink><RouteLink id="RL_RS_49613e_H_1_1"><From><StopPointRef>490014261E</StopPointRef></From><To><StopPointRef>490009181S</StopPointRef></To><Direction>outbound</Direction></RouteLink><RouteLink id="RL_RS_49613e_H_1_2"><From><StopPointRef>490009181S</StopPointRef></From><To><StopPointRef>490014815S</StopPointRef></To><Direction>outbound</Direction></RouteLink><RouteLink id="RL_RS_49613e_H_1_3"><From><StopPointRef>490014815S</StopPointRef></From><To><StopPointRef>490009283B</StopPointRef></To><Direction>outbound</Direction></RouteLink><RouteLink id="RL_RS_49613e_H_1_4"><From><StopPointRef>490009283B</StopPointRef></From><To><StopPointRef>490010323J</StopPointRef></To><Direction>outbound</Direction></RouteLink><RouteLink id="RL_RS_49613e_H_1_5"><From><StopPointRef>490010323J</StopPointRef></From><To><StopPointRef>490005059S</StopPointRef></To><Direction>outbound</Direction></RouteLink><RouteLink id="RL_RS_49613e_H_1_6"><From><StopPointRef>490005059S</StopPointRef></From><To><StopPointRef>490009524R</StopPointRef></To><Direction>outbound</Direction></RouteLink><RouteLink id="RL_RS_49613e_H_1_7"><From><StopPointRef>490009524R</StopPointRef></From><To><StopPointRef>490013668S</StopPointRef></To><Direction>outbound</Direction></RouteLink><RouteLink id="RL_RS_49613e_H_1_8"><From><StopPointRef>490013668S</StopPointRef></From><To><StopPointRef>490009451P</StopPointRef></To><Direction>outbound</Direction></RouteLink><RouteLink id="RL_RS_49613e_H_1_9"><From><StopPointRef>490009451P</StopPointRef></From><To><StopPointRef>490005056C</StopPointRef></To><Direction>outbound</Direction></RouteLink><RouteLink id="RL_RS_49613e_H_1_10"><From><StopPointRef>490005056C</StopPointRef></From><To><StopPointRef>490012437H</StopPointRef></To><Direction>outbound</Direction></RouteLink><RouteLink id="RL_RS_49613e_H_1_11"><From><StopPointRef>490012437H</StopPointRef></From><To><StopPointRef>490007103E</StopPointRef></To><Direction>outbound</Direction></RouteLink><RouteLink id="RL_RS_49613e_H_1_12"><From><StopPointRef>490007103E</StopPointRef></From><To><StopPointRef>490014453E</StopPointRef></To><Direction>outbound</Direction></RouteLink><RouteLink id="RL_RS_49613e_H_1_13"><From><StopPointRef>490014453E</StopPointRef></From><To><StopPointRef>490011969U</StopPointRef></To><Direction>outbound</Direction></RouteLink><RouteLink id="RL_RS_49613e_H_1_14"><From><StopPointRef>490011969U</StopPointRef></From><To><StopPointRef>490013064V</StopPointRef></To><Direction>outbound</Direction></RouteLink><RouteLink id="RL_RS_49613e_H_1_15"><From><StopPointRef>490013064V</StopPointRef></From><To><StopPointRef>490011856W</StopPointRef></To><Direction>outbound</Direction></RouteLink><RouteLink id="RL_RS_49613e_H_1_16"><From><StopPointRef>490011856W</StopPointRef></From><To><StopPointRef>490005844Y</StopPointRef></To><Direction>outbound</Direction></RouteLink><RouteLink id="RL_RS_49613e_H_1_17"><From><StopPointRef>490005844Y</StopPointRef></From><To><StopPointRef>490013072Z</StopPointRef></To><Direction>outbound</Direction></RouteLink><RouteLink id="RL_RS_49613e_H_1_18"><From><StopPointRef>490013072Z</StopPointRef></From><To><StopPointRef>490013063W</StopPointRef></To><Direction>outbound</Direction></RouteLink><RouteLink id="RL_RS_49613e_H_1_19"><From><StopPointRef>490013063W</StopPointRef></From><To><StopPointRef>490005504N</StopPointRef></To><Direction>outbound</Direction></RouteLink><RouteLink id="RL_RS_49613e_H_1_20"><From><StopPointRef>490005504N</StopPointRef></From><To><StopPointRef>490003202N2</StopPointRef></To><Direction>outbound</Direction></RouteLink><RouteLink id="RL_RS_49613e_H_1_21"><From><StopPointRef>490003202N2</StopPointRef></From><To><StopPointRef>490005503N</StopPointRef></To><Direction>outbound</Direction></RouteLink><RouteLink id="RL_RS_49613e_H_1_22"><From><StopPointRef>490005503N</StopPointRef></From><To><StopPointRef>490012631N</StopPointRef></To><Direction>outbound</Direction></RouteLink><RouteLink id="RL_RS_49613e_H_1_23"><From><StopPointRef>490012631N</StopPointRef></From><To><StopPointRef>490013065N</StopPointRef></To><Direction>outbound</Direction></RouteLink></RouteSection><RouteSection id="RS_49613e_R_2"><RouteLink id="RL_RS_49613e_R_2_0"><From><StopPointRef>490013065S</StopPointRef></From><To><StopPointRef>490012631S</StopPointRef></To><Direction>inbound</Direction></RouteLink><RouteLink id="RL_RS_49613e_R_2_1"><From><StopPointRef>490012631S</StopPointRef></From><To><StopPointRef>490005503S</StopPointRef></To><Direction>inbound</Direction></RouteLink><RouteLink id="RL_RS_49613e_R_2_2"><From><StopPointRef>490005503S</StopPointRef></From><To><StopPointRef>490003202N1</StopPointRef></To><Direction>inbound</Direction></RouteLink><RouteLink id="RL_RS_49613e_R_2_3"><From><StopPointRef>490003202N1</StopPointRef></From><To><StopPointRef>490004646S</StopPointRef></To><Direction>inbound</Direction></RouteLink><RouteLink id="RL_RS_49613e_R_2_4"><From><StopPointRef>490004646S</StopPointRef></From><To><StopPointRef>490013063E2</StopPointRef></To><Direction>inbound</Direction></RouteLink><RouteLink id="RL_RS_49613e_R_2_5"><From><StopPointRef>490013063E2</StopPointRef></From><To><StopPointRef>490013072B</StopPointRef></To><Direction>inbound</Direction></RouteLink><RouteLink id="RL_RS_49613e_R_2_6"><From><StopPointRef>490013072B</StopPointRef></From><To><StopPointRef>490013062C</StopPointRef></To><Direction>inbound</Direction></RouteLink><RouteLink id="RL_RS_49613e_R_2_7"><From><StopPointRef>490013062C</StopPointRef></From><To><StopPointRef>490003892E</StopPointRef></To><Direction>inbound</Direction></RouteLink><RouteLink id="RL_RS_49613e_R_2_8"><From><StopPointRef>490003892E</StopPointRef></From><To><StopPointRef>490009575I</StopPointRef></To><Direction>inbound</Direction></RouteLink><RouteLink id="RL_RS_49613e_R_2_9"><From><StopPointRef>490009575I</StopPointRef></From><To><StopPointRef>490013679J</StopPointRef></To><Direction>inbound</Direction></RouteLink><RouteLink id="RL_RS_49613e_R_2_10"><From><StopPointRef>490013679J</StopPointRef></From><To><StopPointRef>490013081K</StopPointRef></To><Direction>inbound</Direction></RouteLink><RouteLink id="RL_RS_49613e_R_2_11"><From><StopPointRef>490013081K</StopPointRef></From><To><StopPointRef>490013082S</StopPointRef></To><Direction>inbound</Direction></RouteLink><RouteLink id="RL_RS_49613e_R_2_12"><From><StopPointRef>490013082S</StopPointRef></From><To><StopPointRef>490013080T</StopPointRef></To><Direction>inbound</Direction></RouteLink><RouteLink id="RL_RS_49613e_R_2_13"><From><StopPointRef>490013080T</StopPointRef></From><To><StopPointRef>490012085W</StopPointRef></To><Direction>inbound</Direction></RouteLink><RouteLink id="RL_RS_49613e_R_2_14"><From><StopPointRef>490012085W</StopPointRef></From><To><StopPointRef>490005060W</StopPointRef></To><Direction>inbound</Direction></RouteLink><RouteLink id="RL_RS_49613e_R_2_15"><From><StopPointRef>490005060W</StopPointRef></From><To><StopPointRef>490012437J</StopPointRef></To><Direction>inbound</Direction></RouteLink><RouteLink id="RL_RS_49613e_R_2_16"><From><StopPointRef>490012437J</StopPointRef></From><To><StopPointRef>490005056D</StopPointRef></To><Direction>inbound</Direction></RouteLink><RouteLink id="RL_RS_49613e_R_2_17"><From><StopPointRef>490005056D</StopPointRef></From><To><StopPointRef>490009451N</StopPointRef></To><Direction>inbound</Direction></RouteLink><RouteLink id="RL_RS_49613e_R_2_18"><From><StopPointRef>490009451N</StopPointRef></From><To><StopPointRef>490013668N</StopPointRef></To><Direction>inbound</Direction></RouteLink><RouteLink id="RL_RS_49613e_R_2_19"><From><StopPointRef>490013668N</StopPointRef></From><To><StopPointRef>490009524S</StopPointRef></To><Direction>inbound</Direction></RouteLink><RouteLink id="RL_RS_49613e_R_2_20"><From><StopPointRef>490009524S</StopPointRef></From><To><StopPointRef>490010323G</StopPointRef></To><Direction>inbound</Direction></RouteLink><RouteLink id="RL_RS_49613e_R_2_21"><From><StopPointRef>490010323G</StopPointRef></From><To><StopPointRef>490009283A</StopPointRef></To><Direction>inbound</Direction></RouteLink><RouteLink id="RL_RS_49613e_R_2_22"><From><StopPointRef>490009283A</StopPointRef></From><To><StopPointRef>490014815N</StopPointRef></To><Direction>inbound</Direction></RouteLink><RouteLink id="RL_RS_49613e_R_2_23"><From><StopPointRef>490014815N</StopPointRef></From><To><StopPointRef>490009181N</StopPointRef></To><Direction>inbound</Direction></RouteLink><RouteLink id="RL_RS_49613e_R_2_24"><From><StopPointRef>490009181N</StopPointRef></From><To><StopPointRef>490009304D</StopPointRef></To><Direction>inbound</Direction></RouteLink><RouteLink id="RL_RS_49613e_R_2_25"><From><StopPointRef>490009304D</StopPointRef></From><To><StopPointRef>490001346C</StopPointRef></To><Direction>inbound</Direction></RouteLink></RouteSection></RouteSections><Routes><Route id="R_49613e_H_1"><PrivateCode>R_49613e_H_1</PrivateCode><Description>Worcester Park - Reigate Avenue</Description><RouteSectionRef>RS_49613e_H_1</RouteSectionRef></Route><Route id="R_49613e_R_2"><PrivateCode>R_49613e_R_2</PrivateCode><Description>Reigate Avenue - Worcester Park</Description><RouteSectionRef>RS_49613e_R_2</RouteSectionRef></Route></Routes><JourneyPatternSections><JourneyPatternSection id="JPS_49613e_H_1"><JourneyPatternTimingLink id="JPL_49613e_H_1_0"><From SequenceNumber="1"><StopPointRef>490001346B</StopPointRef><TimingStatus>PTP</TimingStatus></From><To SequenceNumber="2"><StopPointRef>490014261E</StopPointRef><TimingStatus>PTP</TimingStatus></To><RunTime>PT90S</RunTime></JourneyPatternTimingLink><JourneyPatternTimingLink id="JPL_49613e_H_1_1"><From SequenceNumber="2"><StopPointRef>490014261E</StopPointRef><TimingStatus>PTP</TimingStatus></From><To SequenceNumber="3"><StopPointRef>490009181S</StopPointRef><TimingStatus>PTP</TimingStatus></To><RunTime>PT90S</RunTime></JourneyPatternTimingLink><JourneyPatternTimingLink id="JPL_49613e_H_1_2"><From SequenceNumber="3"><StopPointRef>490009181S</StopPointRef><TimingStatus>PTP</TimingStatus></From><To SequenceNumber="4"><StopPointRef>490014815S</StopPointRef><TimingStatus>PTP</TimingStatus></To><RunTime>PT90S</RunTime></JourneyPatternTimingLink><JourneyPatternTimingLink id="JPL_49613e_H_1_3"><From SequenceNumber="4"><StopPointRef>490014815S</StopPointRef><TimingStatus>PTP</TimingStatus></From><To SequenceNumber="5"><StopPointRef>490009283B</StopPointRef><TimingStatus>PTP</TimingStatus></To><RunTime>PT90S</RunTime></JourneyPatternTimingLink><JourneyPatternTimingLink id="JPL_49613e_H_1_4"><From SequenceNumber="5"><StopPointRef>490009283B</StopPointRef><TimingStatus>PTP</TimingStatus></From><To SequenceNumber="6"><StopPointRef>490010323J</StopPointRef><TimingStatus>PTP</TimingStatus></To><RunTime>PT48S</RunTime></JourneyPatternTimingLink><JourneyPatternTimingLink id="JPL_49613e_H_1_5"><From SequenceNumber="6"><StopPointRef>490010323J</StopPointRef><TimingStatus>PTP</TimingStatus></From><To SequenceNumber="7"><StopPointRef>490005059S</StopPointRef><TimingStatus>PTP</TimingStatus></To><RunTime>PT48S</RunTime></JourneyPatternTimingLink><JourneyPatternTimingLink id="JPL_49613e_H_1_6"><From SequenceNumber="7"><StopPointRef>490005059S</StopPointRef><TimingStatus>PTP</TimingStatus></From><To SequenceNumber="8"><StopPointRef>490009524R</StopPointRef><TimingStatus>PTP</TimingStatus></To><RunTime>PT48S</RunTime></JourneyPatternTimingLink><JourneyPatternTimingLink id="JPL_49613e_H_1_7"><From SequenceNumber="8"><StopPointRef>490009524R</StopPointRef><TimingStatus>PTP</TimingStatus></From><To SequenceNumber="9"><StopPointRef>490013668S</StopPointRef><TimingStatus>PTP</TimingStatus></To><RunTime>PT48S</RunTime></JourneyPatternTimingLink><JourneyPatternTimingLink id="JPL_49613e_H_1_8"><From SequenceNumber="9"><StopPointRef>490013668S</StopPointRef><TimingStatus>PTP</TimingStatus></From><To SequenceNumber="10"><StopPointRef>490009451P</StopPointRef><TimingStatus>PTP</TimingStatus></To><RunTime>PT48S</RunTime></JourneyPatternTimingLink><JourneyPatternTimingLink id="JPL_49613e_H_1_9"><From SequenceNumber="10"><StopPointRef>490009451P</StopPointRef><TimingStatus>PTP</TimingStatus></From><To SequenceNumber="11"><StopPointRef>490005056C</StopPointRef><TimingStatus>PTP</TimingStatus></To><RunTime>PT60S</RunTime></JourneyPatternTimingLink><JourneyPatternTimingLink id="JPL_49613e_H_1_10"><From SequenceNumber="11"><StopPointRef>490005056C</StopPointRef><TimingStatus>PTP</TimingStatus></From><To SequenceNumber="12"><StopPointRef>490012437H</StopPointRef><TimingStatus>PTP</TimingStatus></To><RunTime>PT84S</RunTime></JourneyPatternTimingLink><JourneyPatternTimingLink id="JPL_49613e_H_1_11"><From SequenceNumber="12"><StopPointRef>490012437H</StopPointRef><TimingStatus>PTP</TimingStatus></From><To SequenceNumber="13"><StopPointRef>490007103E</StopPointRef><TimingStatus>PTP</TimingStatus></To><RunTime>PT84S</RunTime></JourneyPatternTimingLink><JourneyPatternTimingLink id="JPL_49613e_H_1_12"><From SequenceNumber="13"><StopPointRef>490007103E</StopPointRef><TimingStatus>PTP</TimingStatus></From><To SequenceNumber="14"><StopPointRef>490014453E</StopPointRef><TimingStatus>PTP</TimingStatus></To><RunTime>PT84S</RunTime></JourneyPatternTimingLink><JourneyPatternTimingLink id="JPL_49613e_H_1_13"><From SequenceNumber="14"><StopPointRef>490014453E</StopPointRef><TimingStatus>PTP</TimingStatus></From><To SequenceNumber="15"><StopPointRef>490011969U</StopPointRef><TimingStatus>PTP</TimingStatus></To><RunTime>PT84S</RunTime></JourneyPatternTimingLink><JourneyPatternTimingLink id="JPL_49613e_H_1_14"><From SequenceNumber="15"><StopPointRef>490011969U</StopPointRef><TimingStatus>PTP</TimingStatus></From><To SequenceNumber="16"><StopPointRef>490013064V</StopPointRef><TimingStatus>PTP</TimingStatus></To><RunTime>PT84S</RunTime></JourneyPatternTimingLink><JourneyPatternTimingLink id="JPL_49613e_H_1_15"><From SequenceNumber="16"><StopPointRef>490013064V</StopPointRef><TimingStatus>PTP</TimingStatus></From><To SequenceNumber="17"><StopPointRef>490011856W</StopPointRef><TimingStatus>PTP</TimingStatus></To><RunTime>PT90S</RunTime></JourneyPatternTimingLink><JourneyPatternTimingLink id="JPL_49613e_H_1_16"><From SequenceNumber="17"><StopPointRef>490011856W</StopPointRef><TimingStatus>PTP</TimingStatus></From><To SequenceNumber="18"><StopPointRef>490005844Y</StopPointRef><TimingStatus>PTP</TimingStatus></To><RunTime>PT90S</RunTime></JourneyPatternTimingLink><JourneyPatternTimingLink id="JPL_49613e_H_1_17"><From SequenceNumber="18"><StopPointRef>490005844Y</StopPointRef><TimingStatus>PTP</TimingStatus></From><To SequenceNumber="19"><StopPointRef>490013072Z</StopPointRef><TimingStatus>PTP</TimingStatus></To><RunTime>PT120S</RunTime></JourneyPatternTimingLink><JourneyPatternTimingLink id="JPL_49613e_H_1_18"><From SequenceNumber="19"><StopPointRef>490013072Z</StopPointRef><TimingStatus>PTP</TimingStatus></From><To SequenceNumber="20"><StopPointRef>490013063W</StopPointRef><TimingStatus>PTP</TimingStatus></To><RunTime>PT60S</RunTime></JourneyPatternTimingLink><JourneyPatternTimingLink id="JPL_49613e_H_1_19"><From SequenceNumber="20"><StopPointRef>490013063W</StopPointRef><TimingStatus>PTP</TimingStatus></From><To SequenceNumber="21"><StopPointRef>490005504N</StopPointRef><TimingStatus>PTP</TimingStatus></To><RunTime>PT108S</RunTime></JourneyPatternTimingLink><JourneyPatternTimingLink id="JPL_49613e_H_1_20"><From SequenceNumber="21"><StopPointRef>490005504N</StopPointRef><TimingStatus>PTP</TimingStatus></From><To SequenceNumber="22"><StopPointRef>490003202N2</StopPointRef><TimingStatus>PTP</TimingStatus></To><RunTime>PT108S</RunTime></JourneyPatternTimingLink><JourneyPatternTimingLink id="JPL_49613e_H_1_21"><From SequenceNumber="22"><StopPointRef>490003202N2</StopPointRef><TimingStatus>PTP</TimingStatus></From><To SequenceNumber="23"><StopPointRef>490005503N</StopPointRef><TimingStatus>PTP</TimingStatus></To><RunTime>PT108S</RunTime></JourneyPatternTimingLink><JourneyPatternTimingLink id="JPL_49613e_H_1_22"><From SequenceNumber="23"><StopPointRef>490005503N</StopPointRef><TimingStatus>PTP</TimingStatus></From><To SequenceNumber="24"><StopPointRef>490012631N</StopPointRef><TimingStatus>PTP</TimingStatus></To><RunTime>PT108S</RunTime></JourneyPatternTimingLink><JourneyPatternTimingLink id="JPL_49613e_H_1_23"><From SequenceNumber="24"><StopPointRef>490012631N</StopPointRef><TimingStatus>PTP</TimingStatus></From><To SequenceNumber="25"><StopPointRef>490013065N</StopPointRef><TimingStatus>PTP</TimingStatus></To><RunTime>PT108S</RunTime></JourneyPatternTimingLink></JourneyPatternSection><JourneyPatternSection id="JPS_49613e_R_2"><JourneyPatternTimingLink id="JPL_49613e_R_2_0"><From SequenceNumber="1"><StopPointRef>490013065S</StopPointRef><TimingStatus>PTP</TimingStatus></From><To SequenceNumber="2"><StopPointRef>490012631S</StopPointRef><TimingStatus>PTP</TimingStatus></To><RunTime>PT60S</RunTime></JourneyPatternTimingLink><JourneyPatternTimingLink id="JPL_49613e_R_2_1"><From SequenceNumber="2"><StopPointRef>490012631S</StopPointRef><TimingStatus>PTP</TimingStatus></From><To SequenceNumber="3"><StopPointRef>490005503S</StopPointRef><TimingStatus>PTP</TimingStatus></To><RunTime>PT60S</RunTime></JourneyPatternTimingLink><JourneyPatternTimingLink id="JPL_49613e_R_2_2"><From SequenceNumber="3"><StopPointRef>490005503S</StopPointRef><TimingStatus>PTP</TimingStatus></From><To SequenceNumber="4"><StopPointRef>490003202N1</StopPointRef><TimingStatus>PTP</TimingStatus></To><RunTime>PT60S</RunTime></JourneyPatternTimingLink><JourneyPatternTimingLink id="JPL_49613e_R_2_3"><From SequenceNumber="4"><StopPointRef>490003202N1</StopPointRef><TimingStatus>PTP</TimingStatus></From><To SequenceNumber="5"><StopPointRef>490004646S</StopPointRef><TimingStatus>PTP</TimingStatus></To><RunTime>PT60S</RunTime></JourneyPatternTimingLink><JourneyPatternTimingLink id="JPL_49613e_R_2_4"><From SequenceNumber="5"><StopPointRef>490004646S</StopPointRef><TimingStatus>PTP</TimingStatus></From><To SequenceNumber="6"><StopPointRef>490013063E2</StopPointRef><TimingStatus>PTP</TimingStatus></To><RunTime>PT60S</RunTime></JourneyPatternTimingLink><JourneyPatternTimingLink id="JPL_49613e_R_2_5"><From SequenceNumber="6"><StopPointRef>490013063E2</StopPointRef><TimingStatus>PTP</TimingStatus></From><To SequenceNumber="7"><StopPointRef>490013072B</StopPointRef><TimingStatus>PTP</TimingStatus></To><RunTime>PT180S</RunTime></JourneyPatternTimingLink><JourneyPatternTimingLink id="JPL_49613e_R_2_6"><From SequenceNumber="7"><StopPointRef>490013072B</StopPointRef><TimingStatus>PTP</TimingStatus></From><To SequenceNumber="8"><StopPointRef>490013062C</StopPointRef><TimingStatus>PTP</TimingStatus></To><RunTime>PT60S</RunTime></JourneyPatternTimingLink><JourneyPatternTimingLink id="JPL_49613e_R_2_7"><From SequenceNumber="8"><StopPointRef>490013062C</StopPointRef><TimingStatus>PTP</TimingStatus></From><To SequenceNumber="9"><StopPointRef>490003892E</StopPointRef><TimingStatus>PTP</TimingStatus></To><RunTime>PT60S</RunTime></JourneyPatternTimingLink><JourneyPatternTimingLink id="JPL_49613e_R_2_8"><From SequenceNumber="9"><StopPointRef>490003892E</StopPointRef><TimingStatus>PTP</TimingStatus></From><To SequenceNumber="10"><StopPointRef>490009575I</StopPointRef><TimingStatus>PTP</TimingStatus></To><RunTime>PT60S</RunTime></JourneyPatternTimingLink><JourneyPatternTimingLink id="JPL_49613e_R_2_9"><From SequenceNumber="10"><StopPointRef>490009575I</StopPointRef><TimingStatus>PTP</TimingStatus></From><To SequenceNumber="11"><StopPointRef>490013679J</StopPointRef><TimingStatus>PTP</TimingStatus></To><RunTime>PT60S</RunTime></JourneyPatternTimingLink><JourneyPatternTimingLink id="JPL_49613e_R_2_10"><From SequenceNumber="11"><StopPointRef>490013679J</StopPointRef><TimingStatus>PTP</TimingStatus></From><To SequenceNumber="12"><StopPointRef>490013081K</StopPointRef><TimingStatus>PTP</TimingStatus></To><RunTime>PT60S</RunTime></JourneyPatternTimingLink><JourneyPatternTimingLink id="JPL_49613e_R_2_11"><From SequenceNumber="12"><StopPointRef>490013081K</StopPointRef><TimingStatus>PTP</TimingStatus></From><To SequenceNumber="13"><StopPointRef>490013082S</StopPointRef><TimingStatus>PTP</TimingStatus></To><RunTime>PT60S</RunTime></JourneyPatternTimingLink><JourneyPatternTimingLink id="JPL_49613e_R_2_12"><From SequenceNumber="13"><StopPointRef>490013082S</StopPointRef><TimingStatus>PTP</TimingStatus></From><To SequenceNumber="14"><StopPointRef>490013080T</StopPointRef><TimingStatus>PTP</TimingStatus></To><RunTime>PT96S</RunTime></JourneyPatternTimingLink><JourneyPatternTimingLink id="JPL_49613e_R_2_13"><From SequenceNumber="14"><StopPointRef>490013080T</StopPointRef><TimingStatus>PTP</TimingStatus></From><To SequenceNumber="15"><StopPointRef>490012085W</StopPointRef><TimingStatus>PTP</TimingStatus></To><RunTime>PT96S</RunTime></JourneyPatternTimingLink><JourneyPatternTimingLink id="JPL_49613e_R_2_14"><From SequenceNumber="15"><StopPointRef>490012085W</StopPointRef><TimingStatus>PTP</TimingStatus></From><To SequenceNumber="16"><StopPointRef>490005060W</StopPointRef><TimingStatus>PTP</TimingStatus></To><RunTime>PT96S</RunTime></JourneyPatternTimingLink><JourneyPatternTimingLink id="JPL_49613e_R_2_15"><From SequenceNumber="16"><StopPointRef>490005060W</StopPointRef><TimingStatus>PTP</TimingStatus></From><To SequenceNumber="17"><StopPointRef>490012437J</StopPointRef><TimingStatus>PTP</TimingStatus></To><RunTime>PT96S</RunTime></JourneyPatternTimingLink><JourneyPatternTimingLink id="JPL_49613e_R_2_16"><From SequenceNumber="17"><StopPointRef>490012437J</StopPointRef><TimingStatus>PTP</TimingStatus></From><To SequenceNumber="18"><StopPointRef>490005056D</StopPointRef><TimingStatus>PTP</TimingStatus></To><RunTime>PT96S</RunTime></JourneyPatternTimingLink><JourneyPatternTimingLink id="JPL_49613e_R_2_17"><From SequenceNumber="18"><StopPointRef>490005056D</StopPointRef><TimingStatus>PTP</TimingStatus></From><To SequenceNumber="19"><StopPointRef>490009451N</StopPointRef><TimingStatus>PTP</TimingStatus></To><RunTime>PT48S</RunTime></JourneyPatternTimingLink><JourneyPatternTimingLink id="JPL_49613e_R_2_18"><From SequenceNumber="19"><StopPointRef>490009451N</StopPointRef><TimingStatus>PTP</TimingStatus></From><To SequenceNumber="20"><StopPointRef>490013668N</StopPointRef><TimingStatus>PTP</TimingStatus></To><RunTime>PT48S</RunTime></JourneyPatternTimingLink><JourneyPatternTimingLink id="JPL_49613e_R_2_19"><From SequenceNumber="20"><StopPointRef>490013668N</StopPointRef><TimingStatus>PTP</TimingStatus></From><To SequenceNumber="21"><StopPointRef>490009524S</StopPointRef><TimingStatus>PTP</TimingStatus></To><RunTime>PT48S</RunTime></JourneyPatternTimingLink><JourneyPatternTimingLink id="JPL_49613e_R_2_20"><From SequenceNumber="21"><StopPointRef>490009524S</StopPointRef><TimingStatus>PTP</TimingStatus></From><To SequenceNumber="22"><StopPointRef>490010323G</StopPointRef><TimingStatus>PTP</TimingStatus></To><RunTime>PT48S</RunTime></JourneyPatternTimingLink><JourneyPatternTimingLink id="JPL_49613e_R_2_21"><From SequenceNumber="22"><StopPointRef>490010323G</StopPointRef><TimingStatus>PTP</TimingStatus></From><To SequenceNumber="23"><StopPointRef>490009283A</StopPointRef><TimingStatus>PTP</TimingStatus></To><RunTime>PT48S</RunTime></JourneyPatternTimingLink><JourneyPatternTimingLink id="JPL_49613e_R_2_22"><From SequenceNumber="23"><StopPointRef>490009283A</StopPointRef><TimingStatus>PTP</TimingStatus></From><To SequenceNumber="24"><StopPointRef>490014815N</StopPointRef><TimingStatus>PTP</TimingStatus></To><RunTime>PT102S</RunTime></JourneyPatternTimingLink><JourneyPatternTimingLink id="JPL_49613e_R_2_23"><From SequenceNumber="24"><StopPointRef>490014815N</StopPointRef><TimingStatus>PTP</TimingStatus></From><To SequenceNumber="25"><StopPointRef>490009181N</StopPointRef><TimingStatus>PTP</TimingStatus></To><RunTime>PT102S</RunTime></JourneyPatternTimingLink><JourneyPatternTimingLink id="JPL_49613e_R_2_24"><From SequenceNumber="25"><StopPointRef>490009181N</StopPointRef><TimingStatus>PTP</TimingStatus></From><To SequenceNumber="26"><StopPointRef>490009304D</StopPointRef><TimingStatus>PTP</TimingStatus></To><RunTime>PT102S</RunTime></JourneyPatternTimingLink><JourneyPatternTimingLink id="JPL_49613e_R_2_25"><From SequenceNumber="26"><StopPointRef>490009304D</StopPointRef><TimingStatus>PTP</TimingStatus></From><To SequenceNumber="27"><StopPointRef>490001346C</StopPointRef><TimingStatus>PTP</TimingStatus></To><RunTime>PT114S</RunTime></JourneyPatternTimingLink></JourneyPatternSection></JourneyPatternSections><Operators><Operator id="OId_LU"><OperatorCode>LU</OperatorCode><OperatorShortName>LU</OperatorShortName><OperatorNameOnLicence>LU</OperatorNameOnLicence><TradingName>LU</TradingName></Operator></Operators><Services><Service><ServiceCode>SId_49613e0</ServiceCode><PrivateCode>49613e0</PrivateCode><Lines><Line id="LId_49613e0"><LineName>613</LineName></Line></Lines><OperatingPeriod><StartDate>2009-12-01</StartDate><EndDate>2010-12-23</EndDate></OperatingPeriod><OperatingProfile><RegularDayType>
					<DaysOfWeek>
						<MondayToFriday/>
					</DaysOfWeek>
				</RegularDayType>
				<BankHolidayOperation><DaysOfNonOperation><AllBankHolidays></AllBankHolidays></DaysOfNonOperation></BankHolidayOperation></OperatingProfile><RegisteredOperatorRef>OId_LU</RegisteredOperatorRef><StopRequirements><NoNewStopsRequired/></StopRequirements><StandardService><Origin>Worcester Park</Origin><Destination>Reigate Avenue</Destination><JourneyPattern id="JP_49613e_H0_1"><Direction>outbound</Direction><Operational><VehicleType><VehicleTypeCode>08</VehicleTypeCode><Description>Double Decker Low Floor+Wheelchair</Description></VehicleType></Operational><RouteRef>R_49613e_H_1</RouteRef><JourneyPatternSectionRefs>JPS_49613e_H_1</JourneyPatternSectionRefs></JourneyPattern><JourneyPattern id="JP_49613e_R0_2"><Direction>inbound</Direction><Operational><VehicleType><VehicleTypeCode>08</VehicleTypeCode><Description>Double Decker Low Floor+Wheelchair</Description></VehicleType></Operational><RouteRef>R_49613e_R_2</RouteRef><JourneyPatternSectionRefs>JPS_49613e_R_2</JourneyPatternSectionRefs></JourneyPattern></StandardService></Service></Services><VehicleJourneys><VehicleJourney><PrivateCode>49613ee0H6130002</PrivateCode><Operational><VehicleType><VehicleTypeCode>08</VehicleTypeCode><Description>Double Decker Low Floor+Wheelchair</Description></VehicleType></Operational><OperatingProfile><RegularDayType>
					<DaysOfWeek>
						<MondayToFriday/>
					</DaysOfWeek>
				</RegularDayType>
			</OperatingProfile><VehicleJourneyCode>49613ee0H6130002</VehicleJourneyCode><ServiceRef>SId_49613e0</ServiceRef><LineRef>LId_49613e0</LineRef><JourneyPatternRef>JP_49613e_H0_1</JourneyPatternRef><DepartureTime>07:45:00</DepartureTime></VehicleJourney><VehicleJourney><PrivateCode>49613ee0R6130001</PrivateCode><Operational><VehicleType><VehicleTypeCode>08</VehicleTypeCode><Description>Double Decker Low Floor+Wheelchair</Description></VehicleType></Operational><OperatingProfile><RegularDayType>
					<DaysOfWeek>
						<MondayToFriday/>
					</DaysOfWeek>
				</RegularDayType>
			</OperatingProfile><VehicleJourneyCode>49613ee0R6130001</VehicleJourneyCode><ServiceRef>SId_49613e0</ServiceRef><LineRef>LId_49613e0</LineRef><JourneyPatternRef>JP_49613e_R0_2</JourneyPatternRef><DepartureTime>15:20:00</DepartureTime></VehicleJourney></VehicleJourneys></TransXChange>
